swda_filename,ptb_basename,conversation_no,transcript_index,act_tag,caller,utterance_index,subutterance_index,text,pos,trees,ptb_treenumbers
sw13utt/sw_1327_4643.utt,,4643,0,qy,A,1,1,You interested in woodworking? /,,,
sw13utt/sw_1327_4643.utt,,4643,1,ny,B,2,1,Yeah.  /,,,
sw13utt/sw_1327_4643.utt,,4643,2,sd^e,B,2,2,"{D Actually, } [ I, + {F uh, } I ] guess I am <laughter>.  /",,,
sw13utt/sw_1327_4643.utt,,4643,3,sv,B,2,3,"{F Um, } it just seems kind of funny that this is a topic of discussion.   /",,,
sw13utt/sw_1327_4643.utt,,4643,4,sd,B,2,4,"{F Uh, } I do, {F uh, } some, {F uh, } woodworking myself <noise>.   /",,,
sw13utt/sw_1327_4643.utt,,4643,5,sd,B,2,5,"{F Uh, } in fact, I'm in the middle of a project right now making a bed for my son. /",,,
sw13utt/sw_1327_4643.utt,,4643,6,qw,A,3,1,{F Um. }  #What kind of# -- -/,,,
sw13utt/sw_1327_4643.utt,,4643,7,sd,B,4,1,"[[ #It's, + {F uh, } #",,,
sw13utt/sw_1327_4643.utt,,4643,8,qy^2,A,5,1,-- pine? /,,,
sw13utt/sw_1327_4643.utt,,4643,9,+,B,6,1,"It's, ] + {F uh, } it's, ] {F uh, } plywood, {F uh, } face, I guess.   /",,,
sw13utt/sw_1327_4643.utt,,4643,10,sd,B,6,2,{C But } I cut it out in the shape of a crayon box  /,,,
sw13utt/sw_1327_4643.utt,,4643,11,sd,B,6,3,"{C and then } I painted, {F uh, } about eight different, {F uh, } colors, {F uh, } {D you know, }   /",,,
sw13utt/sw_1327_4643.utt,,4643,12,sd,B,6,4,"the crayons that are sticking up, it will be the headboard -- /",,,
sw13utt/sw_1327_4643.utt,,4643,13,b,A,7,1,Uh-huh.  /,,,
sw13utt/sw_1327_4643.utt,,4643,14,qy^d,A,7,2,#I guess he's young.#  /,,,
sw13utt/sw_1327_4643.utt,,4643,15,%,B,8,1,"-- #{C and then, }# - /",,,
sw13utt/sw_1327_4643.utt,,4643,16,ny,B,8,2,yes <laughter>. /,,,
sw13utt/sw_1327_4643.utt,,4643,17,x,A,9,1,<Laughter>.,,,
sw13utt/sw_1327_4643.utt,,4643,18,sd^e,B,10,1,He's about five and a half years old. /,,,
sw13utt/sw_1327_4643.utt,,4643,19,sv,A,11,1,"{F Oh, } he'll be delighted. /",,,
sw13utt/sw_1327_4643.utt,,4643,20,aa,B,12,1,"{F Oh, } yeah.  /",,,
sw13utt/sw_1327_4643.utt,,4643,21,aa,B,12,2,Uh-huh.  /,,,
sw13utt/sw_1327_4643.utt,,4643,22,sd,B,12,3,Now I just have to finish it though.  /,,,
sw13utt/sw_1327_4643.utt,,4643,23,sd,B,12,4,"[ I got, + {F uh, } it got ] delayed for a little bit [ and, + {F uh, } ] because of work  /",,,
sw13utt/sw_1327_4643.utt,,4643,24,sd,B,12,5,"{C and } now, {F uh, } I've got to jump back in and finish the, - /",,,
sw13utt/sw_1327_4643.utt,,4643,25,sd,B,12,6,"{C because } I've got it all cut out,  /",,,
sw13utt/sw_1327_4643.utt,,4643,26,%,B,12,7,"it's all, {F uh, } - /",,,
sw13utt/sw_1327_4643.utt,,4643,27,sd,B,12,8,I've done most of the coloring  /,,,
sw13utt/sw_1327_4643.utt,,4643,28,sd,B,12,9,{C but } I've got to go a second layer with the yellow. /,,,
sw13utt/sw_1327_4643.utt,,4643,29,qr,A,13,1,Did you do it with a jigsaw  /,,,
sw13utt/sw_1327_4643.utt,,4643,30,qr,A,13,2,"{C or } do you have powered, #{D you know, } [ a, + ] # -/",,,
sw13utt/sw_1327_4643.utt,,4643,31,ny,B,14,1,"#{F Uh, } yeah.#  /",,,
sw13utt/sw_1327_4643.utt,,4643,32,sd,B,14,2,"{F Uh, } I did, {F uh, } jigsaw, {F uh, } and the, {F uh, } regular straight saw for some of it. /",,,
sw13utt/sw_1327_4643.utt,,4643,33,b,A,15,1,{F Um. } /,,,
sw13utt/sw_1327_4643.utt,,4643,34,b,B,16,1,{D So } yeah.   /,,,
sw13utt/sw_1327_4643.utt,,4643,35,sd,B,16,2,"(( )) to do [[ the, + {F uh, } th-, ] + the ] turn cut.   /",,,
sw13utt/sw_1327_4643.utt,,4643,36,qo,B,16,3,"{F Uh, } how about yourself? /",,,
sw13utt/sw_1327_4643.utt,,4643,37,sd,A,17,1,"{D Well } [ I'm, + I am ] interested in woodworking.  /",,,
sw13utt/sw_1327_4643.utt,,4643,38,sd,A,17,2,I don't have lots of tools.   /,,,
sw13utt/sw_1327_4643.utt,,4643,39,sd,A,17,3,Our local schools have adult education in the evening -- /,,,
sw13utt/sw_1327_4643.utt,,4643,40,b,B,18,1,Oh. /,,,
sw13utt/sw_1327_4643.utt,,4643,41,sd,A,19,1,"-- {F uh, } {C and } I use their tools [[[ m-, + a-, ] + an-, ] + and, ] some of their guidance.   /",,,
sw13utt/sw_1327_4643.utt,,4643,42,sd,A,19,2,I'm an artist. /,,,
sw13utt/sw_1327_4643.utt,,4643,43,b,B,20,1,"{F Oh, } okay. /",,,
sw13utt/sw_1327_4643.utt,,4643,44,sd,A,21,1,{C And } I'm very handy  /,,,
sw13utt/sw_1327_4643.utt,,4643,45,sd,A,21,2,"{C and, } {D you know, } if I touch it, it turns into something #<laughter> [ us-,# + --",,,
sw13utt/sw_1327_4643.utt,,4643,46,ba,B,22,1,#That's great.# /,,,
sw13utt/sw_1327_4643.utt,,4643,47,+,A,23,1,-- usually. ]  /,,,
sw13utt/sw_1327_4643.utt,,4643,48,o@,A,23,2,"[  #I'm,# +    *[[slash error]]",,,
sw13utt/sw_1327_4643.utt,,4643,49,qw,B,24,1,"[ #What,# + what ] type of art do you focus on?   /",,,
sw13utt/sw_1327_4643.utt,,4643,50,+@,A,25,1,"{F Uh, } {D well } {D actually, } I'm ] very, {D you know, } - /  *[[slash error]]",,,
sw13utt/sw_1327_4643.utt,,4643,51,sd,A,25,2,I have a Master's degree  /,,,
sw13utt/sw_1327_4643.utt,,4643,52,sd,A,25,3,"[ {C and, } + {C and } ] my projects had to do with acrylic painting,  /",,,
sw13utt/sw_1327_4643.utt,,4643,53,sd,A,25,4,{C but } I'm really interested in the crafts. /,,,
sw13utt/sw_1327_4643.utt,,4643,54,b,B,26,1,#{F Huh. }# /,,,
sw13utt/sw_1327_4643.utt,,4643,55,sd,A,27,1,#I# make stain glass.   /,,,
sw13utt/sw_1327_4643.utt,,4643,56,sd,A,27,2,I've done some silver jewelry making  /,,,
sw13utt/sw_1327_4643.utt,,4643,57,sd,A,27,3,"{C and } I kind of, - /",,,
sw13utt/sw_1327_4643.utt,,4643,58,sd,A,27,4,"once I get [ so-, + ] {D you know, } really pretty good at something, I want to try something else <laughter>. /",,,
sw13utt/sw_1327_4643.utt,,4643,59,b,B,28,1,Yeah.   /,,,
sw13utt/sw_1327_4643.utt,,4643,60,bf,B,28,2,"Kind of jack of all trades, master of none. /",,,
sw13utt/sw_1327_4643.utt,,4643,61,aa,A,29,1,"Yeah,  /",,,
sw13utt/sw_1327_4643.utt,,4643,62,ar,A,29,2,"{D well } no,  /",,,
sw13utt/sw_1327_4643.utt,,4643,63,sd(^q),A,29,3,"{D actually, } I get good enough to sell it or have people say {F oh } wow,   /",,,
sw13utt/sw_1327_4643.utt,,4643,64,sd(^q),A,29,4,"you didn't buy it,  /",,,
sw13utt/sw_1327_4643.utt,,4643,65,sd(^q),A,29,5,you made it. /,,,
sw13utt/sw_1327_4643.utt,,4643,66,ba,B,30,1,That's great! /,,,
sw13utt/sw_1327_4643.utt,,4643,67,%,A,31,1,"{C And then } [ I, + it's ] like {D well } the thrill is gone <laughter>   /",,,
sw13utt/sw_1327_4643.utt,,4643,68,sd(^q),A,31,2,{C so } let's do something else. /,,,
sw13utt/sw_1327_4643.utt,,4643,69,aa,B,32,1,Right.  /,,,
sw13utt/sw_1327_4643.utt,,4643,70,bf,B,32,2,"You want <<mispronounced>> to, {F uh, } [ e-, + explore ] a new field   /",,,
sw13utt/sw_1327_4643.utt,,4643,71,%,B,32,3,"[ #{C or, } + {C or, }# ] -/",,,
sw13utt/sw_1327_4643.utt,,4643,72,aa,A,33,1,"#{D Well, } # yeah,  /",,,
sw13utt/sw_1327_4643.utt,,4643,73,sd,A,33,2,"[ I, + I'm ] signed up for a class in pottery making <laughter> because I've never tried that yet -- /",,,
sw13utt/sw_1327_4643.utt,,4643,74,qw,B,34,1,{F Huh. } #{D So } you# --,,,
sw13utt/sw_1327_4643.utt,,4643,75,%,A,35,1,"-- #{C but, }# -/",,,
sw13utt/sw_1327_4643.utt,,4643,76,+,B,36,1,"-- have a M F A [ in, + in ] what #division of art?# /",,,
sw13utt/sw_1327_4643.utt,,4643,77,sd,A,37,1,"#{D Well, } [ I, + I# ] actually have a Masters of art  /",,,
sw13utt/sw_1327_4643.utt,,4643,78,sd,A,37,2,{C and } it's in art education. /,,,
sw13utt/sw_1327_4643.utt,,4643,79,bk,B,38,1,"{F Oh, } okay. /",,,
sw13utt/sw_1327_4643.utt,,4643,80,sd,A,39,1,"{C So, } I'm a licensed teacher  /",,,
sw13utt/sw_1327_4643.utt,,4643,81,sd,A,39,2,"{C but } jobs being what they are, I substitute teach -- /",,,
sw13utt/sw_1327_4643.utt,,4643,82,b,B,40,1,Yeah. /,,,
sw13utt/sw_1327_4643.utt,,4643,83,sd,A,41,1,-- {C and } that way I have time for my kids too.   /,,,
sw13utt/sw_1327_4643.utt,,4643,84,sv,A,41,2,{C And } I've been fortunate that I can afford to work part-time.   /,,,
sw13utt/sw_1327_4643.utt,,4643,85,sd,A,41,3,I don't know how long that's going to last <laughter>. /,,,
sw13utt/sw_1327_4643.utt,,4643,86,b^r,B,42,1,"{F Oh, } yeah. /",,,
sw13utt/sw_1327_4643.utt,,4643,87,sd,A,43,1,"{C And, } {F uh, } they're cutting back,   /",,,
sw13utt/sw_1327_4643.utt,,4643,88,sd,A,43,2,{C so } I don't go in all that often   /,,,
sw13utt/sw_1327_4643.utt,,4643,89,sd,A,43,3,{C but } --,,,
sw13utt/sw_1327_4643.utt,,4643,90,b@,B,44,1,{F Huh. }     *[[slash error]],,,
sw13utt/sw_1327_4643.utt,,4643,91,+,A,45,1,"-- I've been real interested in some of those cute [ country, + country ] kind of things. /",,,
sw13utt/sw_1327_4643.utt,,4643,92,b@,B,46,1,Yeah <noise>. /    *[[slash error]],,,
sw13utt/sw_1327_4643.utt,,4643,93,sd,A,47,1,"{F Uh, } I see stuff in craft galleries for five hundred dollars  /",,,
sw13utt/sw_1327_4643.utt,,4643,94,sd(^q),A,47,2,"{C and } I say, {F oh } no   /",,,
sw13utt/sw_1327_4643.utt,,4643,95,sd,A,47,3,"[ {C and }, + {C and } ] I go   /",,,
sw13utt/sw_1327_4643.utt,,4643,96,sd,A,47,4,{C and } I make it. /,,,
sw13utt/sw_1327_4643.utt,,4643,97,b^r,B,48,1,Yeah. /,,,
sw13utt/sw_1327_4643.utt,,4643,98,sd,A,49,1,That's how I started jewelry making.   /,,,
sw13utt/sw_1327_4643.utt,,4643,99,sd,A,49,2,"[ I, + I ] love to cook. /",,,
sw13utt/sw_1327_4643.utt,,4643,100,ba,B,50,1,"{F Oh, } that's great. /",,,
sw13utt/sw_1327_4643.utt,,4643,101,sd,A,51,1,"{C And } I saw a silver necklace that had these little teeny weeny silver spatulas [[ and, + and, ] + and ] knife [ and, + and ] a fork and all kinds of #stuff# -- /",,,
sw13utt/sw_1327_4643.utt,,4643,102,b@,B,52,1,#{F Huh. }#    *[[slash error]],,,
sw13utt/sw_1327_4643.utt,,4643,103,sd,A,53,1,-- {C and } I went  /,,,
sw13utt/sw_1327_4643.utt,,4643,104,sd,A,53,2,"{C and } I signed up for class because then again, you [ get, + {D you know, } get ] someone to guide you  /",,,
sw13utt/sw_1327_4643.utt,,4643,105,sd,A,53,3,{C and } you get the tools #you don't# --,,,
sw13utt/sw_1327_4643.utt,,4643,106,b@,B,54,1,#Yeah.# /   *[[slash error]],,,
sw13utt/sw_1327_4643.utt,,4643,107,+,A,55,1,-- feel like buying. /,,,
sw13utt/sw_1327_4643.utt,,4643,108,aa,B,56,1,Exactly. /,,,
sw13utt/sw_1327_4643.utt,,4643,109,sd,A,57,1,{C And } I made a necklace that I saw in a gallery for three hundred twenty dollars <noise> <swallowing>.   /,,,
sw13utt/sw_1327_4643.utt,,4643,110,sd,A,57,2,It took me a lot of time  /,,,
sw13utt/sw_1327_4643.utt,,4643,111,sd,A,57,3,#{C but }# --,,,
sw13utt/sw_1327_4643.utt,,4643,112,b,B,58,1,"#{F Oh, }# yeah.  /",,,
sw13utt/sw_1327_4643.utt,,4643,113,+,A,59,1,"-- it didn't, - /",,,
sw13utt/sw_1327_4643.utt,,4643,114,sd,A,59,2,"{C but } if it cost me twenty dollars, {D you know, } - /",,,
sw13utt/sw_1327_4643.utt,,4643,115,%,A,59,3,"#{C and then } I,# -/",,,
sw13utt/sw_1327_4643.utt,,4643,116,^2,B,60,1,"#And your# time,  /",,,
sw13utt/sw_1327_4643.utt,,4643,117,sv,B,60,2,then you're that much farther ahead <noise>.  /,,,
sw13utt/sw_1327_4643.utt,,4643,118,b,A,61,1,Yeah.  /,,,
sw13utt/sw_1327_4643.utt,,4643,119,sd,A,61,2,"Then I saw [ a, + one ] of these country looking wood watermelons.  /",,,
sw13utt/sw_1327_4643.utt,,4643,120,sd,A,61,3,It was a solid watermelon with a wedge cut out of it. /,,,
sw13utt/sw_1327_4643.utt,,4643,121,b,B,62,1,Right.  /,,,
sw13utt/sw_1327_4643.utt,,4643,122,sd,B,62,2,I've seen them  /,,,
sw13utt/sw_1327_4643.utt,,4643,123,sd,B,62,3,"{C and then } the watermelon, the red [ with the, + with the ] #seeds painted in  /",,,
sw13utt/sw_1327_4643.utt,,4643,124,sd,B,62,4,"{C and, }# -/",,,
sw13utt/sw_1327_4643.utt,,4643,125,b,A,63,1,"#{F Oh, } yeah.#  /",,,
sw13utt/sw_1327_4643.utt,,4643,126,b,A,63,2,Uh-huh. /,,,
sw13utt/sw_1327_4643.utt,,4643,127,sv,B,64,1,That's neat. /,,,
sw13utt/sw_1327_4643.utt,,4643,128,sd,A,65,1,"I went there,  /",,,
sw13utt/sw_1327_4643.utt,,4643,129,sd,A,65,2,we have Home Depot out here.   /,,,
sw13utt/sw_1327_4643.utt,,4643,130,qy^d,A,65,3,I don't know #if you've heard of it.  /,,,
sw13utt/sw_1327_4643.utt,,4643,131,sd,A,65,4,I went  /,,,
sw13utt/sw_1327_4643.utt,,4643,132,sd,A,65,5,{C and } I got# --,,,
sw13utt/sw_1327_4643.utt,,4643,133,ny,B,66,1,#Yes.   /,,,
sw13utt/sw_1327_4643.utt,,4643,134,sd^e,B,66,2,We have one.# /,,,
sw13utt/sw_1327_4643.utt,,4643,135,+,A,67,1,-- two six foot inch thick boards turned into a watermelon.   /,,,
sw13utt/sw_1327_4643.utt,,4643,136,sd,A,67,2,I had to cut into slabs and build up this big square and turn it on the lath  /,,,
sw13utt/sw_1327_4643.utt,,4643,137,sd,A,67,3,{C and } --,,,
sw13utt/sw_1327_4643.utt,,4643,138,b,B,68,1,#{F Huh. }# /,,,
sw13utt/sw_1327_4643.utt,,4643,139,+,A,69,1,-- #cutting# that wedge out was no joke <laughter>. /,,,
sw13utt/sw_1327_4643.utt,,4643,140,ba,B,70,1,"{F Oh, } [ I'm, + I'm ] sure. /",,,
sw13utt/sw_1327_4643.utt,,4643,141,sd,A,71,1,"<Laughter> [[ We did it on a, + I had a, ] + {F uh, } #I did it# ] --",,,
sw13utt/sw_1327_4643.utt,,4643,142,qy^d,B,72,1,#A band saw?# /,,,
sw13utt/sw_1327_4643.utt,,4643,143,+,A,73,1,-- through Adult Ed again. /,,,
sw13utt/sw_1327_4643.utt,,4643,144,br,B,74,1,What? /,,,
sw13utt/sw_1327_4643.utt,,4643,145,sd^r,A,75,1,I did it through Adult Ed again. /,,,
sw13utt/sw_1327_4643.utt,,4643,146,b,B,76,1,Uh-huh. /,,,
sw13utt/sw_1327_4643.utt,,4643,147,sd,A,77,1,"{C And } the teacher was one of these negative people,  /",,,
sw13utt/sw_1327_4643.utt,,4643,148,^q,A,77,2,"{F oh } that's dangerous,  /",,,
sw13utt/sw_1327_4643.utt,,4643,149,^q,A,77,3,"we can't do that,  /",,,
sw13utt/sw_1327_4643.utt,,4643,150,^q,A,77,4,we just can't do that.  /,,,
sw13utt/sw_1327_4643.utt,,4643,151,sd(^q),A,77,5,{C And } I'm going {D well } how about this way?   /,,,
sw13utt/sw_1327_4643.utt,,4643,152,^q,A,77,6,"[ I, + I ] want to do that,  /",,,
sw13utt/sw_1327_4643.utt,,4643,153,^q,A,77,7,that was the plan here <laughter>. /,,,
sw13utt/sw_1327_4643.utt,,4643,154,b,B,78,1,Right. /,,,
sw13utt/sw_1327_4643.utt,,4643,155,sd,A,79,1,{D So } we did get the wedge cut out by building some kind of --,,,
sw13utt/sw_1327_4643.utt,,4643,156,^2,B,80,1,A cradle for it. /,,,
sw13utt/sw_1327_4643.utt,,4643,157,+,A,81,1,-- a cradle #for it.# /,,,
sw13utt/sw_1327_4643.utt,,4643,158,b,B,82,1,"#Yeah,#  /",,,
sw13utt/sw_1327_4643.utt,,4643,159,bf,B,82,2,so you can steady it  /,,,
sw13utt/sw_1327_4643.utt,,4643,160,qr^d,B,82,3,"{C and then, } you used a handsaw or a #backsaw?# /",,,
sw13utt/sw_1327_4643.utt,,4643,161,sd,A,83,1,"#{D Well, } [ it,# + the instructions in the book I had ] said use a coping saw  /",,,
sw13utt/sw_1327_4643.utt,,4643,162,sd,A,83,2,"{C but } there's no coping saw big enough [ to, + for ] a fourteen inch wide watermelon #<laughter> that# -- -/",,,
sw13utt/sw_1327_4643.utt,,4643,163,b,B,84,1,"#Right,  /",,,
sw13utt/sw_1327_4643.utt,,4643,164,b^r,B,84,2,right.# /,,,
sw13utt/sw_1327_4643.utt,,4643,165,sd,A,85,1,-- {C and } he wanted me to do it by hand with a regular saw.   /,,,
sw13utt/sw_1327_4643.utt,,4643,166,sd(^q),A,85,2,"I said I'm not that steady,  /",,,
sw13utt/sw_1327_4643.utt,,4643,167,^q,A,85,3,it's not going <<mispronounced>> to happen. /,,,
sw13utt/sw_1327_4643.utt,,4643,168,b,B,86,1,Yeah. /,,,
sw13utt/sw_1327_4643.utt,,4643,169,sd,A,87,1,{D So } we built a cradle for it  /,,,
sw13utt/sw_1327_4643.utt,,4643,170,sd,A,87,2,"{C and } [ we got th-, + {A once it was turned, } we got ] [ one s-, + one ] cut out [ on the table saw, + on the radial saw, ] /",,,
sw13utt/sw_1327_4643.utt,,4643,171,x,B,88,1,<Inhaling>.,,,
sw13utt/sw_1327_4643.utt,,4643,172,sd,A,89,1,{C by }  getting the other one out without the slice now flying in your face was something you had to think about <laughter>. /,,,
sw13utt/sw_1327_4643.utt,,4643,173,b,B,90,1,Right. /,,,
sw13utt/sw_1327_4643.utt,,4643,174,%,A,91,1,"#{D So, }# -/",,,
sw13utt/sw_1327_4643.utt,,4643,175,qy,B,92,1,#{D Now }# did you cut a quarter wedge in this? /,,,
sw13utt/sw_1327_4643.utt,,4643,176,ng,A,93,1,"{F Uh, } I'd say it's about an eighth.   /",,,
sw13utt/sw_1327_4643.utt,,4643,177,%,A,93,2,"#{D You know } # jus-, -/",,,
sw13utt/sw_1327_4643.utt,,4643,178,sd,B,94,1,"#{D Well, } [ I,# + I'm ] envisioning, {F uh, } {F uh, } [ a water-, + a watermelon ] like a log  /",,,
sw13utt/sw_1327_4643.utt,,4643,179,%,B,94,2,"{C and then, } {F uh, } what I've seen of this kind before is you have [[ the, + {F uh, } ] + the, ] {F uh, } - /",,,
sw13utt/sw_1327_4643.utt,,4643,180,sd,B,94,3,"it's, {F uh, } - /",,,
sw13utt/sw_1327_4643.utt,,4643,181,sd,B,94,4,"if you're looking at adding on you have, -/",,,
