swda_filename,ptb_basename,conversation_no,transcript_index,act_tag,caller,utterance_index,subutterance_index,text,pos,trees,ptb_treenumbers
sw08utt/sw_0840_3426.utt,3/sw3426,3426,0,o,A,1,1,All right.  /,All/RB right/JJ ./.,,
sw08utt/sw_0840_3426.utt,3/sw3426,3426,1,sd^t,A,1,2,"[  I, + I ] {D like } keep forgetting to make these calls.  /","I/PRP ,/, I/PRP like/UH keep/VBP forgetting/VBG to/TO make/VB these/DT calls/NNS ./.",,
sw08utt/sw_0840_3426.utt,3/sw3426,3426,2,sd^t,A,1,3,I've been on this list for two months. /,I/PRP 've/VBP been/VBN on/IN this/DT list/NN for/IN two/CD months/NNS ./.,,
sw08utt/sw_0840_3426.utt,3/sw3426,3426,3,b,B,2,1,"{F Oh, } really,  /","Oh/UH ,/, really/UH ,/,",,
sw08utt/sw_0840_3426.utt,3/sw3426,3426,4,sd^t,B,2,2,"[ I just, +","I/PRP just/RB ,/,",,
sw08utt/sw_0840_3426.utt,3/sw3426,3426,5,sd^t,A,3,1,I think I've made four calls <laughter>. /,I/PRP think/VBP I/PRP 've/VBP made/VBN four/CD calls/NNS ./.,,
sw08utt/sw_0840_3426.utt,3/sw3426,3426,6,+,B,4,1,"{F Oh, } I just ] got mine last week,  /","Oh/UH ,/, I/PRP just/RB got/VBD mine/PRP last/JJ week/NN ,/,",,
sw08utt/sw_0840_3426.utt,3/sw3426,3426,7,sd^t,B,4,2,{C and } I haven't started yet because I wanted to get one first --,and/CC I/PRP have/VBP n't/RB started/VBN yet/RB because/IN I/PRP wanted/VBD to/TO get/VB one/CD first/JJ --/:,,
sw08utt/sw_0840_3426.utt,3/sw3426,3426,8,b,A,5,1,Right. /,Right/UH ./.,,
sw08utt/sw_0840_3426.utt,3/sw3426,3426,9,+,B,6,1,-- see how it worked. /,--/: see/VB how/WRB it/PRP worked/VBD ./.,,
sw08utt/sw_0840_3426.utt,3/sw3426,3426,10,sd^t,A,7,1,"{D Well } there are some kind of nice prizes,  /","Well/UH there/EX are/VBP some/DT kind/NN of/IN nice/JJ prizes/NNS ,/,",,
sw08utt/sw_0840_3426.utt,3/sw3426,3426,11,sv^t,A,7,2,{C and } it's worth doing it.  /,and/CC it/PRP 's/BES worth/JJ doing/VBG it/PRP ./.,,
sw08utt/sw_0840_3426.utt,3/sw3426,3426,12,sd^t,A,7,3,I so mad I think I've had this for two months  /,I/PRP so/RB mad/JJ I/PRP think/VBP I/PRP 've/VBP had/VBN this/DT for/IN two/CD months/NNS,,
sw08utt/sw_0840_3426.utt,3/sw3426,3426,13,sd^t,A,7,4,"{C and, } {D like } [ I've said, + I've ] made four calls,  /","and/CC ,/, like/IN I/PRP 've/VBP said/VBN ,/, I/PRP 've/VBP made/VBN four/CD calls/NNS ,/,",,
sw08utt/sw_0840_3426.utt,3/sw3426,3426,14,sd^t,A,7,5,"{C and } lot of times we don't answer the phone, probably when I get mine --","and/CC lot/NN of/IN times/NNS we/PRP do/VBP n't/RB answer/VB the/DT phone/NN ,/, probably/RB when/WRB I/PRP get/VBP mine/PRP --/:",,
sw08utt/sw_0840_3426.utt,3/sw3426,3426,15,b,B,8,1,Really. /,Really/UH ./.,,
sw08utt/sw_0840_3426.utt,3/sw3426,3426,16,+,A,9,1,-- early in the evening <laughter>. /,--/: early/RB in/IN the/DT evening/NN ./.,,
sw08utt/sw_0840_3426.utt,3/sw3426,3426,17,b,B,10,1,Yeah. /,Yeah/UH ./.,,
sw08utt/sw_0840_3426.utt,3/sw3426,3426,18,ad^t,A,11,1,"{D Well, } we're supposed to talk about movies.  /","Well/UH ,/, we/PRP 're/VBP supposed/VBN to/TO talk/VB about/IN movies/NNS ./.",,
sw08utt/sw_0840_3426.utt,3/sw3426,3426,19,qy,A,11,2,Have you been to any lately? /,Have/VBP you/PRP been/VBN to/IN any/DT lately/RB ?/.,,
sw08utt/sw_0840_3426.utt,3/sw3426,3426,20,sd,B,12,1,"[ I have, + I ] was trying to think of the one I went to a couple of weeks ago,  /","I/PRP have/VBP ,/, I/PRP was/VBD trying/VBG to/TO think/VB of/IN the/DT one/CD I/PRP went/VBD to/IN a/DT couple/NN of/IN weeks/NNS ago/RB ,/,",,
sw08utt/sw_0840_3426.utt,3/sw3426,3426,21,sd,B,12,2,{C but } I forgot it already. /,but/CC I/PRP forgot/VBD it/PRP already/RB ./.,,
sw08utt/sw_0840_3426.utt,3/sw3426,3426,22,sd,A,13,1,"{F Uh, } I haven't really seen one since probably August because, {F uh, } every weekend [ in, + in ] the Fall we go to our high school football game on Friday --","Uh/UH ,/, I/PRP have/VBP n't/RB really/RB seen/VBN one/CD since/IN probably/RB August/NNP because/IN ,/, uh/UH ,/, every/DT weekend/NN in/IN ,/, in/IN the/DT Fall/NN we/PRP go/VBP to/IN our/PRP$ high/JJ school/NN football/NN game/NN on/IN Friday/NNP --/:",,
sw08utt/sw_0840_3426.utt,3/sw3426,3426,23,b,B,14,1,Oh. /,Oh/UH ./.,,
sw08utt/sw_0840_3426.utt,3/sw3426,3426,24,+,A,15,1,"-- then we go out with friends after,  /","--/: then/RB we/PRP go/VBP out/RB with/IN friends/NNS after/IN ,/,",,
sw08utt/sw_0840_3426.utt,3/sw3426,3426,25,sd,A,15,2,{C and } that's kind of the --,and/CC that/DT 's/BES kind/RB of/RB the/DT --/:,,
sw08utt/sw_0840_3426.utt,3/sw3426,3426,26,^2,B,16,1,That's your weekend. /,That/DT 's/BES your/PRP$ weekend/NN ./.,,
sw08utt/sw_0840_3426.utt,3/sw3426,3426,27,+,A,17,1,-- our social --,--/: our/PRP$ social/JJ --/:,,
sw08utt/sw_0840_3426.utt,3/sw3426,3426,28,b,B,18,1,Yeah -- /,Yeah/UH --/:,,
sw08utt/sw_0840_3426.utt,3/sw3426,3426,29,+,A,19,1,"-- for the, -/","--/: for/IN the/DT ,/,",,
sw08utt/sw_0840_3426.utt,3/sw3426,3426,30,b,B,20,1,-- really. /,--/: really/UH ./.,,
sw08utt/sw_0840_3426.utt,3/sw3426,3426,31,sd,A,21,1,"{C But, } {F oh, } I saw, {F uh, } ROBIN HOOD, which I didn't care for. /","But/CC ,/, oh/UH ,/, I/PRP saw/VBD ,/, uh/UH ,/, ROBIN/NNP HOOD/NNP ,/, which/WDT I/PRP did/VBD n't/RB care/VB for/IN ./.",,
sw08utt/sw_0840_3426.utt,3/sw3426,3426,32,b,B,22,1,Really.  /,Really/UH ./.,,
sw08utt/sw_0840_3426.utt,3/sw3426,3426,33,sv,B,22,2,"I didn't see that, because I didn't think I would care for it. /","I/PRP did/VBD n't/RB see/VB that/DT ,/, because/IN I/PRP did/VBD n't/RB think/VB I/PRP would/MD care/VB for/IN it/PRP ./.",,
sw08utt/sw_0840_3426.utt,3/sw3426,3426,34,aa,A,23,1,"No,  /","No/UH ,/,",,
sw08utt/sw_0840_3426.utt,3/sw3426,3426,35,sd,A,23,2,{C and } my husband dragged me to it. /,and/CC my/PRP$ husband/NN dragged/VBD me/PRP to/IN it/PRP ./.,,
sw08utt/sw_0840_3426.utt,3/sw3426,3426,36,b,B,24,1,Oh. /,Oh/UH ./.,,
sw08utt/sw_0840_3426.utt,3/sw3426,3426,37,sd,A,25,1,"[ I + {D like, } I ] think Kevin Costner's a nice fellow,  /","I/PRP like/VBP ,/, I/PRP think/VBP Kevin/NNP Costner/NNP 's/BES a/DT nice/JJ fellow/NN ,/,",,
sw08utt/sw_0840_3426.utt,3/sw3426,3426,38,sd,A,25,2,"{C and } he's nice looking,  /","and/CC he/PRP 's/BES nice/JJ looking/NN ,/,",,
sw08utt/sw_0840_3426.utt,3/sw3426,3426,39,sd,A,25,3,"{C but } he just, to me, is not a very dynamic actor. /","but/CC he/PRP just/RB ,/, to/IN me/PRP ,/, is/VBZ not/RB a/DT very/RB dynamic/JJ actor/NN ./.",,
sw08utt/sw_0840_3426.utt,3/sw3426,3426,40,b,B,26,1,"Yeah,  /","Yeah/UH ,/,",,
sw08utt/sw_0840_3426.utt,3/sw3426,3426,41,sv,B,26,2,"I think that's why a lot of people go to see him, though <laughter>. /","I/PRP think/VBP that/DT 's/BES why/WRB a/DT lot/NN of/IN people/NNS go/VBP to/TO see/VB him/PRP ,/, though/RB ./.",,
sw08utt/sw_0840_3426.utt,3/sw3426,3426,42,sv,A,27,1,<Laughter> I guess because he is good looking.  /,I/PRP guess/VBP because/IN he/PRP is/VBZ good/JJ looking/VBG ./.,,
sw08utt/sw_0840_3426.utt,3/sw3426,3426,43,h,A,27,2,I don't know <laughter>. /,I/PRP do/VBP n't/RB know/VB ./.,,
sw08utt/sw_0840_3426.utt,3/sw3426,3426,44,b,B,28,1,Right <laughter>. /,Right/UH ./.,,
sw08utt/sw_0840_3426.utt,3/sw3426,3426,45,h,A,29,1,I don't know <laughter>.  /,I/PRP do/VBP n't/RB know/VB ./.,,
sw08utt/sw_0840_3426.utt,3/sw3426,3426,46,b,A,29,2,Oh.  /,Oh/UH ./.,,
sw08utt/sw_0840_3426.utt,3/sw3426,3426,47,sd,A,29,3,I saw CITY SLICKERS.  /,I/PRP saw/VBD CITY/NN SLICKERS/NNS ./.,,
sw08utt/sw_0840_3426.utt,3/sw3426,3426,48,qy,A,29,4,"Did you see, - /","Did/VBD you/PRP see/VBP ,/,",,
sw08utt/sw_0840_3426.utt,3/sw3426,3426,49,%,A,29,5,"that was a, -/","that/DT was/VBD a/DT ,/,",,
sw08utt/sw_0840_3426.utt,3/sw3426,3426,50,ny,B,30,1,Yes  /,Yes/UH,,
sw08utt/sw_0840_3426.utt,3/sw3426,3426,51,sd^e,B,30,2,I did see that -- /,I/PRP did/VBD see/VB that/DT --/:,,
sw08utt/sw_0840_3426.utt,3/sw3426,3426,52,sd,A,31,1,"That's the last one I saw, I think. /","That/DT 's/BES the/DT last/JJ one/CD I/PRP saw/VBD ,/, I/PRP think/VBP ./.",,
sw08utt/sw_0840_3426.utt,3/sw3426,3426,53,sd,B,32,1,-- {C and } I really enjoyed that. /,--/: and/CC I/PRP really/RB enjoyed/VBD that/DT ./.,,
sw08utt/sw_0840_3426.utt,3/sw3426,3426,54,aa,A,33,1,I did too.  /,I/PRP did/VBD too/RB ./.,,
sw08utt/sw_0840_3426.utt,3/sw3426,3426,55,sd,A,33,2,"I thought that was so cute,  /","I/PRP thought/VBD that/DT was/VBD so/RB cute/JJ ,/,",,
sw08utt/sw_0840_3426.utt,3/sw3426,3426,56,o@,A,33,3,{C and. },and/CC ./.,,
sw08utt/sw_0840_3426.utt,3/sw3426,3426,57,aa,B,34,1,Yeah.  /,Yeah/UH ./.,,
sw08utt/sw_0840_3426.utt,3/sw3426,3426,58,sv,B,34,2,I thought that was appropriate just for everyone. /,I/PRP thought/VBD that/DT was/VBD appropriate/JJ just/RB for/IN everyone/NN ./.,,
sw08utt/sw_0840_3426.utt,3/sw3426,3426,59,+@,A,35,1,"{F Oh, } I do too. /","Oh/UH ,/, I/PRP do/VBP too/RB ./.",,
sw08utt/sw_0840_3426.utt,3/sw3426,3426,60,aa,B,36,1,Yeah.  /,Yeah/UH ./.,,
sw08utt/sw_0840_3426.utt,3/sw3426,3426,61,sd,B,36,2,It was great. /,It/PRP was/VBD great/JJ ./.,,
sw08utt/sw_0840_3426.utt,3/sw3426,3426,62,sd,A,37,1,"{F Oh, } [ I, + I ] really enjoyed that. /","Oh/UH ,/, I/PRP ,/, I/PRP really/RB enjoyed/VBD that/DT ./.",,
sw08utt/sw_0840_3426.utt,3/sw3426,3426,63,b,B,38,1,"Yeah,  /","Yeah/UH ,/,",,
sw08utt/sw_0840_3426.utt,3/sw3426,3426,64,sd,B,38,2,{C and } my daughter went to see that one too.  /,and/CC my/PRP$ daughter/NN went/VBD to/TO see/VB that/DT one/CD too/RB ./.,,
sw08utt/sw_0840_3426.utt,3/sw3426,3426,65,sd,B,38,3,"{C So, } it was fine for her -- /","So/RB ,/, it/PRP was/VBD fine/JJ for/IN her/PRP$ --/:",,
sw08utt/sw_0840_3426.utt,3/sw3426,3426,66,b,A,39,1,Right. /,Right/UH ./.,,
sw08utt/sw_0840_3426.utt,3/sw3426,3426,67,b,B,40,1,"-- {C so, } yeah. /","--/: so/RB ,/, yeah/UH ./.",,
sw08utt/sw_0840_3426.utt,3/sw3426,3426,68,sv,A,41,1,Which most of them probably aren't <laughter>. /,Which/WDT most/RBS of/IN them/PRP probably/RB are/VBP n't/RB ./.,,
sw08utt/sw_0840_3426.utt,3/sw3426,3426,69,aa,B,42,1,"Right,  /","Right/UH ,/,",,
sw08utt/sw_0840_3426.utt,3/sw3426,3426,70,aa,B,42,2,{D well } that's right. /,well/UH that/DT 's/BES right/JJ ./.,,
sw08utt/sw_0840_3426.utt,3/sw3426,3426,71,sd,A,43,1,I don't know what my kids see any more.  /,I/PRP do/VBP n't/RB know/VB what/WP my/PRP$ kids/NNS see/VBP any/DT more/JJR ./.,,
sw08utt/sw_0840_3426.utt,3/sw3426,3426,72,sd,A,43,2,"My kids are twenty and sixteen,  /","My/PRP$ kids/NNS are/VBP twenty/CD and/CC sixteen/CD ,/,",,
sw08utt/sw_0840_3426.utt,3/sw3426,3426,73,sv,A,43,3,{C so } they've probably seen about everything at this point <laughter>. /,so/RB they/PRP 've/VBP probably/RB seen/VBN about/RB everything/NN at/IN this/DT point/NN ./.,,
sw08utt/sw_0840_3426.utt,3/sw3426,3426,74,aa,B,44,1,Probably they have.  /,Probably/RB they/PRP have/VBP ./.,,
sw08utt/sw_0840_3426.utt,3/sw3426,3426,75,sd,B,44,2,"{D Well, } my daughter is twelve -- /","Well/UH ,/, my/PRP$ daughter/NN is/VBZ twelve/CD --/:",,
sw08utt/sw_0840_3426.utt,3/sw3426,3426,76,b,A,45,1,Oh. /,Oh/UH ./.,,
sw08utt/sw_0840_3426.utt,3/sw3426,3426,77,sd,B,46,1,-- {C and } we had a sleep over one night.  /,--/: and/CC we/PRP had/VBD a/DT sleep/NN over/IN one/CD night/NN ./.,,
sw08utt/sw_0840_3426.utt,3/sw3426,3426,78,sd,B,46,2,"They wanted to watch PRETTY WOMAN, which I have -- /","They/PRP wanted/VBD to/TO watch/VB PRETTY/JJ WOMAN/NN ,/, which/WDT I/PRP have/VBP --/:",,
sw08utt/sw_0840_3426.utt,3/sw3426,3426,79,b,A,47,1,Uh-huh. /,Uh-huh/UH ./.,,
sw08utt/sw_0840_3426.utt,3/sw3426,3426,80,sd,B,48,1,"-- {C and } I was hesitant,  /","--/: and/CC I/PRP was/VBD hesitant/JJ ,/,",,
sw08utt/sw_0840_3426.utt,3/sw3426,3426,81,sd,B,48,2,{C and } they all had seen it anyway. /,and/CC they/PRP all/DT had/VBD seen/VBN it/PRP anyway/RB ./.,,
sw08utt/sw_0840_3426.utt,3/sw3426,3426,82,ba,A,49,1,"<Laughter> {F Oh, } I know it. /","Oh/UH ,/, I/PRP know/VBP it/PRP ./.",,
sw08utt/sw_0840_3426.utt,3/sw3426,3426,83,sd,B,50,1,"((   ))  all twelve, - /","MUMBLEx/XX all/DT twelve/CD ,/,",,
sw08utt/sw_0840_3426.utt,3/sw3426,3426,84,%,B,50,2,{C so. } -/,so/RB ./.,,
sw08utt/sw_0840_3426.utt,3/sw3426,3426,85,bd,A,51,1,That's the way it is.  /,That/DT 's/BES the/DT way/NN it/PRP is/VBZ ./.,,
sw08utt/sw_0840_3426.utt,3/sw3426,3426,86,sv@,A,51,2,"We can see some pretty raunchy stuff [ on, + on ] just regular T V without cable or anything.","We/PRP can/MD see/VB some/DT pretty/RB raunchy/JJ stuff/NN on/IN ,/, on/IN just/RB regular/JJ T/NN V/NN without/IN cable/NN or/CC anything/NN ./.",,
sw08utt/sw_0840_3426.utt,3/sw3426,3426,87,aa,B,52,1,"Yes,  /","Yes/UH ,/,",,
sw08utt/sw_0840_3426.utt,3/sw3426,3426,88,sd,B,52,2,they do -- /,they/PRP do/VBP --/:,,
sw08utt/sw_0840_3426.utt,3/sw3426,3426,89,+@,A,53,1,{D You know } -- /,You/PRP know/VBP --/:,,
sw08utt/sw_0840_3426.utt,3/sw3426,3426,90,aa^r,B,54,1,"-- yes,  /","--/: yes/UH ,/,",,
sw08utt/sw_0840_3426.utt,3/sw3426,3426,91,sd^r,B,54,2,they do. /,they/PRP do/VBP ./.,,
sw08utt/sw_0840_3426.utt,3/sw3426,3426,92,sv,A,55,1,-- there's no way to protect them any more. /,--/: there/EX 's/BES no/DT way/NN to/TO protect/VB them/PRP any/DT more/JJR ./.,,
sw08utt/sw_0840_3426.utt,3/sw3426,3426,93,b,B,56,1,"Right,  /","Right/UH ,/,",,
sw08utt/sw_0840_3426.utt,3/sw3426,3426,94,o@,B,56,2,"{C but, }","but/CC ,/,",,
sw08utt/sw_0840_3426.utt,3/sw3426,3426,95,%,A,57,1,{D So. } -/,So/UH ./.,,
sw08utt/sw_0840_3426.utt,3/sw3426,3426,96,+@,B,58,1,"[ I, + I ] love Julia Roberts movies,  /","I/PRP ,/, I/PRP love/VBP Julia/NNP Roberts/NNP movies/NNS ,/,",,
sw08utt/sw_0840_3426.utt,3/sw3426,3426,97,sv,B,58,2,{C but } I didn't think they were great for my daughter <laughter>. /,but/CC I/PRP did/VBD n't/RB think/VB they/PRP were/VBD great/JJ for/IN my/PRP$ daughter/NN ./.,,
sw08utt/sw_0840_3426.utt,3/sw3426,3426,98,aa,A,59,1,"No,  /","No/UH ,/,",,
sw08utt/sw_0840_3426.utt,3/sw3426,3426,99,sv,A,59,2,"<laughter> it'll teach a great lesson, because she ended --","it/PRP 'll/MD teach/VB a/DT great/JJ lesson/NN ,/, because/IN she/PRP ended/VBD --/:",,
sw08utt/sw_0840_3426.utt,3/sw3426,3426,100,aa,B,60,1,No. /,No/UH ./.,,
sw08utt/sw_0840_3426.utt,3/sw3426,3426,101,+,A,61,1,"-- up [ so, + in so ] - /","--/: up/RP so/RB ,/, in/IN so/RB",,
sw08utt/sw_0840_3426.utt,3/sw3426,3426,102,x,A,61,2,((   ))  <laughter>.,MUMBLEx/XX ./.,,
sw08utt/sw_0840_3426.utt,3/sw3426,3426,103,b,B,62,1,"Really,  /","Really/UH ,/,",,
sw08utt/sw_0840_3426.utt,3/sw3426,3426,104,b^r,B,62,2,really. /,really/UH ./.,,
sw08utt/sw_0840_3426.utt,3/sw3426,3426,105,sd,A,63,1,{C But } it was a fun movie to watch. /,But/CC it/PRP was/VBD a/DT fun/JJ movie/NN to/TO watch/VB ./.,,
sw08utt/sw_0840_3426.utt,3/sw3426,3426,106,sd,B,64,1,"{F Oh, } I love PRETTY WOMAN,  /","Oh/UH ,/, I/PRP love/VBP PRETTY/JJ WOMAN/NN ,/,",,
sw08utt/sw_0840_3426.utt,3/sw3426,3426,107,sd,B,64,2,"{C and then } I like that one after that where, {F oh, } - /","and/CC then/RB I/PRP like/VBP that/DT one/CD after/IN that/DT where/WRB ,/, oh/UH ,/,",,
sw08utt/sw_0840_3426.utt,3/sw3426,3426,108,t1,B,64,3,what was it?  /,what/WP was/VBD it/PRP ?/.,,
sw08utt/sw_0840_3426.utt,3/sw3426,3426,109,sd,B,64,4,It was like a FATAL ATTRACTION thing. /,It/PRP was/VBD like/IN a/DT FATAL/JJ ATTRACTION/NN thing/NN ./.,,
sw08utt/sw_0840_3426.utt,3/sw3426,3426,110,qy,A,65,1,"{F Oh, } the scary one? /","Oh/UH ,/, the/DT scary/JJ one/CD ?/.",,
sw08utt/sw_0840_3426.utt,3/sw3426,3426,111,ny,B,66,1,Yeah. /,Yeah/UH ./.,,
sw08utt/sw_0840_3426.utt,3/sw3426,3426,112,sd,A,67,1,"{F Oh, } I didn't see that,  /","Oh/UH ,/, I/PRP did/VBD n't/RB see/VB that/DT ,/,",,
sw08utt/sw_0840_3426.utt,3/sw3426,3426,113,%,A,67,2,"{C but } the, -/","but/CC the/DT ,/,",,
sw08utt/sw_0840_3426.utt,3/sw3426,3426,114,sd,B,68,1,I don't remember the name of it  /,I/PRP do/VBP n't/RB remember/VB the/DT name/NN of/IN it/PRP,,
sw08utt/sw_0840_3426.utt,3/sw3426,3426,115,sd,B,68,2,{C but } that was so good. /,but/CC that/DT was/VBD so/RB good/JJ ./.,,
sw08utt/sw_0840_3426.utt,3/sw3426,3426,116,b,A,69,1,"{F Oh, } really. /","Oh/UH ,/, really/UH ./.",,
sw08utt/sw_0840_3426.utt,3/sw3426,3426,117,sd,B,70,1,That was really excellent. /,That/DT was/VBD really/RB excellent/JJ ./.,,
sw08utt/sw_0840_3426.utt,3/sw3426,3426,118,sd,A,71,1,"{F Oh, } I like scary ones that are realistic. /","Oh/UH ,/, I/PRP like/VBP scary/JJ ones/NNS that/WDT are/VBP realistic/JJ ./.",,
sw08utt/sw_0840_3426.utt,3/sw3426,3426,119,b,B,72,1,"Yeah,  /","Yeah/UH ,/,",,
sw08utt/sw_0840_3426.utt,3/sw3426,3426,120,%,B,72,2,"[ [ that, + that was, ] + <laughter> that was. ] -/","that/DT ,/, that/DT was/VBD ,/, that/DT was/VBD ./.",,
sw08utt/sw_0840_3426.utt,3/sw3426,3426,121,sv,A,73,1,"<Laughter> They say  ((   ))  is really frightening, too. /","They/PRP say/VBP MUMBLEx/XX is/VBZ really/RB frightening/JJ ,/, too/RB ./.",,
sw08utt/sw_0840_3426.utt,3/sw3426,3426,122,br,B,74,1,What was? /,What/WP was/VBD ?/.,,
sw08utt/sw_0840_3426.utt,3/sw3426,3426,123,sd,A,75,1,"((   )) , the new one that came out. /","MUMBLEx/XX ,/, the/DT new/JJ one/CD that/WDT came/VBD out/RB ./.",,
sw08utt/sw_0840_3426.utt,3/sw3426,3426,124,h,B,76,1,"{F Oh, } I don't know. /","Oh/UH ,/, I/PRP do/VBP n't/RB know/VB ./.",,
sw08utt/sw_0840_3426.utt,3/sw3426,3426,125,sv,A,77,1,They say it's really horrifyingly scary -- /,They/PRP say/VBP it/PRP 's/BES really/RB horrifyingly/RB scary/JJ --/:,,
sw08utt/sw_0840_3426.utt,3/sw3426,3426,126,b,B,78,1,Really. /,Really/UH ./.,,
sw08utt/sw_0840_3426.utt,3/sw3426,3426,127,sd,A,79,1,"-- {C but, } {F uh, } I'd never get my husband to that.  /","--/: but/CC ,/, uh/UH ,/, I/PRP 'd/MD never/RB get/VB my/PRP$ husband/NN to/IN that/DT ./.",,
sw08utt/sw_0840_3426.utt,3/sw3426,3426,128,sd,A,79,2,He doesn't like to be scared <laughter>. /,He/PRP does/VBZ n't/RB like/VB to/TO be/VB scared/JJ ./.,,
sw08utt/sw_0840_3426.utt,3/sw3426,3426,129,b,B,80,1,Oh.  /,Oh/UH ./.,,
sw08utt/sw_0840_3426.utt,3/sw3426,3426,130,sd,B,80,2,The last scary thing I saw was MISERY. /,The/DT last/JJ scary/JJ thing/NN I/PRP saw/VBD was/VBD MISERY/NN ./.,,
sw08utt/sw_0840_3426.utt,3/sw3426,3426,131,sd,A,81,1,"{F Oh, } {C and } my kids both saw that.  /","Oh/UH ,/, and/CC my/PRP$ kids/NNS both/DT saw/VBD that/DT ./.",,
sw08utt/sw_0840_3426.utt,3/sw3426,3426,132,sd,A,81,2,They liked it. /,They/PRP liked/VBD it/PRP ./.,,
sw08utt/sw_0840_3426.utt,3/sw3426,3426,133,sd,B,82,1,"That scared me to death,  /","That/DT scared/VBD me/PRP to/IN death/NN ,/,",,
sw08utt/sw_0840_3426.utt,3/sw3426,3426,134,sd,B,82,2,{C and } I watched it at a friend's house on video  /,and/CC I/PRP watched/VBD it/PRP at/IN a/DT friend/NN 's/POS house/NN on/IN video/NN,,
sw08utt/sw_0840_3426.utt,3/sw3426,3426,135,%,B,82,3,{C and } I was just. -/,and/CC I/PRP was/VBD just/RB ./.,,
sw08utt/sw_0840_3426.utt,3/sw3426,3426,136,^2@,A,83,1,{C And } it was still scary?,And/CC it/PRP was/VBD still/RB scary/JJ ?/.,,
sw08utt/sw_0840_3426.utt,3/sw3426,3426,137,aa,B,84,1,"{F Oh, } yes. /","Oh/UH ,/, yes/UH ./.",,
sw08utt/sw_0840_3426.utt,3/sw3426,3426,138,+@,A,85,1,"{F Oh, } no.  /","Oh/UH ,/, no/UH ./.",,
sw08utt/sw_0840_3426.utt,3/sw3426,3426,139,ba,A,85,2,Gosh. /,Gosh/UH ./.,,
sw08utt/sw_0840_3426.utt,3/sw3426,3426,140,sd,B,86,1,It was horrible.  /,It/PRP was/VBD horrible/JJ ./.,,
sw08utt/sw_0840_3426.utt,3/sw3426,3426,141,sd,B,86,2,It was so awful. /,It/PRP was/VBD so/RB awful/JJ ./.,,
sw08utt/sw_0840_3426.utt,3/sw3426,3426,142,ba,A,87,1,"{F Oh, } no,  /","Oh/UH ,/, no/UH ,/,",,
sw08utt/sw_0840_3426.utt,3/sw3426,3426,143,sd,A,87,2,"that one sounded gross,  /","that/DT one/CD sounded/VBD gross/JJ ,/,",,
sw08utt/sw_0840_3426.utt,3/sw3426,3426,144,sd,A,87,3,I know my husband wouldn't have stood for that. /,I/PRP know/VBP my/PRP$ husband/NN would/MD n't/RB have/VB stood/VBN for/IN that/DT ./.,,
sw08utt/sw_0840_3426.utt,3/sw3426,3426,145,b,B,88,1,Really. /,Really/UH ./.,,
sw08utt/sw_0840_3426.utt,3/sw3426,3426,146,sd,A,89,1,"[ He, + he ] likes MARY POPPINS and things <laughter>. /","He/PRP ,/, he/PRP likes/VBZ MARY/NNP POPPINS/NNP and/CC things/NNS ./.",,
sw08utt/sw_0840_3426.utt,3/sw3426,3426,147,aa,B,90,1,"I like that, too. /","I/PRP like/VBP that/DT ,/, too/RB ./.",,
sw08utt/sw_0840_3426.utt,3/sw3426,3426,148,b,A,91,1,Yeah  /,Yeah/UH,,
sw08utt/sw_0840_3426.utt,3/sw3426.pos,3426,149,x,A,91,2,<laughter>.,./.
sw08utt/sw_0840_3426.utt,3/sw3426,3426,150,sd,B,92,1,I like funny movies  /,I/PRP like/VBP funny/JJ movies/NNS,,
sw08utt/sw_0840_3426.utt,3/sw3426,3426,151,sd,B,92,2,{C and } I like scary movies. /,and/CC I/PRP like/VBP scary/JJ movies/NNS ./.,,
sw08utt/sw_0840_3426.utt,3/sw3426,3426,152,aa,A,93,1,"I do too,  /","I/PRP do/VBP too/RB ,/,",,
sw08utt/sw_0840_3426.utt,3/sw3426,3426,153,sd,A,93,2,"[ I, + I ] really like a variety. /","I/PRP ,/, I/PRP really/RB like/VBP a/DT variety/NN ./.",,
sw08utt/sw_0840_3426.utt,3/sw3426,3426,154,b,B,94,1,Yeah. /,Yeah/UH ./.,,
sw08utt/sw_0840_3426.utt,3/sw3426,3426,155,qw,A,95,1,Where are you from? /,Where/WRB are/VBP you/PRP from/RB ?/.,,
sw08utt/sw_0840_3426.utt,3/sw3426,3426,156,sd,B,96,1,I'm from New York. /,I/PRP 'm/VBP from/IN New/NNP York/NNP ./.,,
sw08utt/sw_0840_3426.utt,3/sw3426,3426,157,sd,A,97,1,"{F Oh, } I was going to s-, - /","Oh/UH ,/, I/PRP was/VBD going/VBG to/TO s-/XX ,/,",,
sw08utt/sw_0840_3426.utt,3/sw3426,3426,158,sd,A,97,2,"{D well } my husband's from New Jersey,  /","well/UH my/PRP$ husband/NN 's/BES from/IN New/NNP Jersey/NNP ,/,",,
sw08utt/sw_0840_3426.utt,3/sw3426,3426,159,sd,A,97,3,{C and } --,and/CC --/:,,
sw08utt/sw_0840_3426.utt,3/sw3426,3426,160,b,B,98,1,Is he really. /,Is/VBZ he/PRP really/RB ./.,,
sw08utt/sw_0840_3426.utt,3/sw3426,3426,161,+,A,99,1,-- we lived there for five years when we first got married -- /,--/: we/PRP lived/VBD there/RB for/IN five/CD years/NNS when/WRB we/PRP first/JJ got/VBD married/JJ --/:,,
sw08utt/sw_0840_3426.utt,3/sw3426,3426,162,b,B,100,1,Oh. /,Oh/UH ./.,,
sw08utt/sw_0840_3426.utt,3/sw3426,3426,163,sd,A,101,1,"-- {C and so, } it sound kind of nice,  /","--/: and/CC so/RB ,/, it/PRP sound/VBP kind/RB of/RB nice/JJ ,/,",,
sw08utt/sw_0840_3426.utt,3/sw3426,3426,164,sd,A,101,2,it was familiar <laughter> your accent. /,it/PRP was/VBD familiar/JJ your/PRP$ accent/NN ./.,,
sw08utt/sw_0840_3426.utt,3/sw3426,3426,165,b,B,102,1,"Yeah,  /","Yeah/UH ,/,",,
sw08utt/sw_0840_3426.utt,3/sw3426,3426,166,b,B,102,2,"yes,  /","yes/UH ,/,",,
sw08utt/sw_0840_3426.utt,3/sw3426,3426,167,sd,B,102,3,"it's so close,  /","it/PRP 's/BES so/RB close/RB ,/,",,
sw08utt/sw_0840_3426.utt,3/sw3426,3426,168,sd,B,102,4,I'm from Long Island -- /,I/PRP 'm/VBP from/IN Long/NNP Island/NNP --/:,,
sw08utt/sw_0840_3426.utt,3/sw3426,3426,169,b,A,103,1,Oh. /,Oh/UH ./.,,
sw08utt/sw_0840_3426.utt,3/sw3426,3426,170,sd,B,104,1,"-- {C so } that's close, {D you know, }  /","--/: so/RB that/DT 's/BES close/RB ,/, you/PRP know/VBP ,/,",,
sw08utt/sw_0840_3426.utt,3/sw3426,3426,171,sd,B,104,2,that's --,that/DT 's/BES --/:,,
sw08utt/sw_0840_3426.utt,3/sw3426,3426,172,b,A,105,1,Right. /,Right/UH ./.,,
sw08utt/sw_0840_3426.utt,3/sw3426,3426,173,+,B,106,1,"-- more related to New Jersey than it is to like Rochester, New York, [ those, + that ] kind of thing. /","--/: more/RBR related/JJ to/IN New/NNP Jersey/NNP than/IN it/PRP is/VBZ to/IN like/IN Rochester/NNP ,/, New/NNP York/NNP ,/, those/DT ,/, that/DT kind/NN of/IN thing/NN ./.",,
sw08utt/sw_0840_3426.utt,3/sw3426,3426,174,sd,A,107,1,I don't know  ((   ))  up there. /,I/PRP do/VBP n't/RB know/VB MUMBLEx/XX up/IN there/RB ./.,,
sw08utt/sw_0840_3426.utt,3/sw3426,3426,175,b,B,108,1,"Yeah,  /","Yeah/UH ,/,",,
sw08utt/sw_0840_3426.utt,3/sw3426,3426,176,^2,B,108,2,"different,  /","different/JJ ,/,",,
sw08utt/sw_0840_3426.utt,3/sw3426,3426,177,^2,B,108,3,[ it's + --,it/PRP 's/BES --/:,,
sw08utt/sw_0840_3426.utt,3/sw3426,3426,178,%,A,109,1,"Just, {F uh, } - /","Just/RB ,/, uh/UH ,/,",,
sw08utt/sw_0840_3426.utt,3/sw3426,3426,179,aa^m,A,109,2,"different,  /","different/JJ ,/,",,
sw08utt/sw_0840_3426.utt,3/sw3426,3426,180,aa,A,109,3,uh-huh. /,uh-huh/UH ./.,,
sw08utt/sw_0840_3426.utt,3/sw3426,3426,181,+,B,110,1,"-- it's ] different,  /","--/: it/PRP 's/BES different/JJ ,/,",,
sw08utt/sw_0840_3426.utt,3/sw3426,3426,182,%,B,110,2,"yeah,  /","yeah/UH ,/,",,
sw08utt/sw_0840_3426.utt,3/sw3426,3426,183,h,B,110,3,I guess. /,I/PRP guess/VBP ./.,,
sw08utt/sw_0840_3426.utt,3/sw3426,3426,184,sd,A,111,1,"{D Well, } {D see } the accents up there fascinated me, because even in his family alone, there were several different accents --","Well/UH ,/, see/UH the/DT accents/NNS up/IN there/RB fascinated/VBD me/PRP ,/, because/IN even/RB in/IN his/PRP$ family/NN alone/RB ,/, there/EX were/VBD several/JJ different/JJ accents/NNS --/:",,
sw08utt/sw_0840_3426.utt,3/sw3426,3426,185,b,B,112,1,Oh. /,Oh/UH ./.,,
sw08utt/sw_0840_3426.utt,3/sw3426,3426,186,+,A,113,1,-- the way they would pronounce words differently. /,--/: the/DT way/NN they/PRP would/MD pronounce/VB words/NNS differently/RB ./.,,
sw08utt/sw_0840_3426.utt,3/sw3426,3426,187,b,B,114,1,Really. /,Really/UH ./.,,
sw08utt/sw_0840_3426.utt,3/sw3426,3426,188,sd,A,115,1,"[ {C And, } + {C and } ] his family, they lived in the same house there,  /","And/CC ,/, and/CC his/PRP$ family/NN ,/, they/PRP lived/VBD in/IN the/DT same/JJ house/NN there/RB ,/,",,
sw08utt/sw_0840_3426.utt,3/sw3426,3426,189,sd,A,115,2,most of them were twenty or so <laughter> {D you know. } /,most/RBS of/IN them/PRP were/VBD twenty/CD or/CC so/RB you/PRP know/VBP ./.,,
sw08utt/sw_0840_3426.utt,3/sw3426,3426,190,b,B,116,1,"Really,  /","Really/UH ,/,",,
sw08utt/sw_0840_3426.utt,3/sw3426,3426,191,sd,B,116,2,{C and } they were all from New Jersey. /,and/CC they/PRP were/VBD all/DT from/IN New/NNP Jersey/NNP ./.,,
sw08utt/sw_0840_3426.utt,3/sw3426,3426,192,b,A,117,1,Yeah -- /,Yeah/UH --/:,,
sw08utt/sw_0840_3426.utt,3/sw3426,3426,193,b,B,118,1,{F Um. } /,Um/UH ./.,,
sw08utt/sw_0840_3426.utt,3/sw3426,3426,194,b,A,119,1,"-- uh-huh,  /","--/: uh-huh/UH ,/,",,
sw08utt/sw_0840_3426.utt,3/sw3426,3426,195,sd,A,119,2,"{C and } they lived, {D you know, } - /","and/CC they/PRP lived/VBD ,/, you/PRP know/VBP ,/,",,
sw08utt/sw_0840_3426.utt,3/sw3426,3426,196,sd,A,119,3,"they never moved into apartments when they were young,  /","they/PRP never/RB moved/VBD into/IN apartments/NNS when/WRB they/PRP were/VBD young/JJ ,/,",,
sw08utt/sw_0840_3426.utt,3/sw3426,3426,197,sd,A,119,4,"they always stayed at home until they got married,  /","they/PRP always/RB stayed/VBD at/IN home/NN until/IN they/PRP got/VBD married/JJ ,/,",,
sw08utt/sw_0840_3426.utt,3/sw3426,3426,198,sd,A,119,5,it seemed to be the custom up there.  /,it/PRP seemed/VBD to/TO be/VB the/DT custom/NN up/IN there/RB ./.,,
sw08utt/sw_0840_3426.utt,3/sw3426,3426,199,sd,A,119,6,"{C Or } they went in the service,  /","Or/CC they/PRP went/VBD in/IN the/DT service/NN ,/,",,
sw08utt/sw_0840_3426.utt,3/sw3426,3426,200,sd,A,119,7,{C and so } they were together for all that time <laughter>. /,and/CC so/RB they/PRP were/VBD together/RB for/IN all/PDT that/DT time/NN ./.,,
sw08utt/sw_0840_3426.utt,3/sw3426,3426,201,b,B,120,1,Really. /,Really/RB ./.,,
sw08utt/sw_0840_3426.utt,3/sw3426,3426,202,%,A,121,1,"{C But } they still, - /","But/CC they/PRP still/RB ,/,",,
sw08utt/sw_0840_3426.utt,3/sw3426,3426,203,sd,A,121,2,their accents differed a little in the family -- /,their/PRP$ accents/NNS differed/VBD a/DT little/JJ in/IN the/DT family/NN --/:,,
sw08utt/sw_0840_3426.utt,3/sw3426,3426,204,b,B,122,1,{F Um. } /,Um/UH ./.,,
sw08utt/sw_0840_3426.utt,3/sw3426,3426,205,%,A,123,1,"-- [ {C so, } + {C and } ] it. -/","--/: so/RB ,/, and/CC it/PRP ./.",,
sw08utt/sw_0840_3426.utt,3/sw3426,3426,206,qw,B,124,1,When did you live there? /,When/WRB did/VBD you/PRP live/VBP there/RB ?/.,,
sw08utt/sw_0840_3426.utt,3/sw3426,3426,207,sd,A,125,1,"{F Uh, } in the sixties. /","Uh/UH ,/, in/IN the/DT sixties/NNS ./.",,
sw08utt/sw_0840_3426.utt,3/sw3426,3426,208,b,B,126,1,"{F Oh, } yeah. /","Oh/UH ,/, yeah/UH ./.",,
sw08utt/sw_0840_3426.utt,3/sw3426,3426,209,sd,A,127,1,((   ))  I finally. /,MUMBLEx/XX I/PRP finally/RB ./.,,
sw08utt/sw_0840_3426.utt,3/sw3426,3426,210,sd,B,128,1,I was in New York in the sixties. /,I/PRP was/VBD in/IN New/NNP York/NNP in/IN the/DT sixties/NNS ./.,,
sw08utt/sw_0840_3426.utt,3/sw3426,3426,211,b,A,129,1,"{F Oh, } yeah.  /","Oh/UH ,/, yeah/UH ./.",,
sw08utt/sw_0840_3426.utt,3/sw3426,3426,212,sd,A,129,2,I converted him to being a Texan.  /,I/PRP converted/VBD him/PRP to/IN being/VBG a/DT Texan/NNP ./.,,
sw08utt/sw_0840_3426.utt,3/sw3426,3426,213,sv,A,129,3,"[  I, + I ] just thought life would be,  /","I/PRP ,/, I/PRP just/RB thought/VBD life/NN would/MD be/VB ,/,",,
sw08utt/sw_0840_3426.utt,3/sw3426,3426,214,sd,A,129,4,I knew it was easier back here. /,I/PRP knew/VBD it/PRP was/VBD easier/RBR back/RB here/RB ./.,,
sw08utt/sw_0840_3426.utt,3/sw3426,3426,215,qy,B,130,1,Are you from Texas? /,Are/VBP you/PRP from/IN Texas/NNP ?/.,,
sw08utt/sw_0840_3426.utt,3/sw3426,3426,216,na,A,131,1,"{D Well, } sort of.  /","Well/UH ,/, sort/RB of/RB ./.",,
sw08utt/sw_0840_3426.utt,3/sw3426,3426,217,sd,A,131,2,"I'm an Air Force brat,  /","I/PRP 'm/VBP an/DT Air/NNP Force/NNP brat/NN ,/,",,
sw08utt/sw_0840_3426.utt,3/sw3426,3426,218,sd,A,131,3,{C but } --,but/CC --/:,,
sw08utt/sw_0840_3426.utt,3/sw3426,3426,219,bk,B,132,1,"{F Oh, } yeah, /","Oh/UH ,/, yeah/UH ,/,",,
sw08utt/sw_0840_3426.utt,3/sw3426,3426,220,+,A,133,1,-- I was real familiar with Texas.  /,--/: I/PRP was/VBD real/RB familiar/NN with/IN Texas/NNP ./.,,
sw08utt/sw_0840_3426.utt,3/sw3426,3426,221,sd,A,133,2,I went to college here  and everything. /,I/PRP went/VBD to/IN college/NN here/RB and/CC everything/NN ./.,,
sw08utt/sw_0840_3426.utt,3/sw3426,3426,222,b,B,134,1,"{F Oh, } yeah. /","Oh/UH ,/, yeah/UH ./.",,
sw08utt/sw_0840_3426.utt,3/sw3426,3426,223,sd,A,135,1,"{C And } I just thought, {D you know, } we could probably get a better house,  /","And/CC I/PRP just/RB thought/VBD ,/, you/PRP know/VBP ,/, we/PRP could/MD probably/RB get/VB a/DT better/JJR house/NN ,/,",,
sw08utt/sw_0840_3426.utt,3/sw3426,3426,224,sv,A,135,2,"{C and } life is a little slower, a little easier. /","and/CC life/NN is/VBZ a/DT little/RB slower/JJR ,/, a/DT little/RB easier/JJR ./.",,
sw08utt/sw_0840_3426.utt,3/sw3426,3426,225,aa,B,136,1,"[ It is, + it is, ]  /","It/PRP is/VBZ ,/, it/PRP is/VBZ ,/,",,
sw08utt/sw_0840_3426.utt,3/sw3426,3426,226,aa,B,136,2,yeah. /,yeah/UH ./.,,
sw08utt/sw_0840_3426.utt,3/sw3426,3426,227,sd,A,137,1,He loves it.  /,He/PRP loves/VBZ it/PRP ./.,,
sw08utt/sw_0840_3426.utt,3/sw3426,3426,228,sd,A,137,2,"[  He, + he ] really, would never want to leave,  /","He/PRP ,/, he/PRP really/RB ,/, would/MD never/RB want/VB to/TO leave/VB ,/,",,
sw08utt/sw_0840_3426.utt,3/sw3426,3426,229,sd,A,137,3,{C so } it worked out. /,so/RB it/PRP worked/VBD out/RP ./.,,
sw08utt/sw_0840_3426.utt,3/sw3426,3426,230,sd,B,138,1,I'm used to it now.  /,I/PRP 'm/VBP used/VBN to/IN it/PRP now/RB ./.,,
sw08utt/sw_0840_3426.utt,3/sw3426,3426,231,%,B,138,2,"{C So, } I like. -/","So/RB ,/, I/PRP like/VBP ./.",,
sw08utt/sw_0840_3426.utt,3/sw3426,3426,232,qy^d,A,139,1,Not hard when you first came. /,Not/RB hard/JJ when/WRB you/PRP first/JJ came/VBD ./.,,
sw08utt/sw_0840_3426.utt,3/sw3426,3426,233,br,B,140,1,{F Um? } /,Um/UH ?/.,,
sw08utt/sw_0840_3426.utt,3/sw3426,3426,234,qy^r,A,141,1,Was it hard when you first came? /,Was/VBD it/PRP hard/JJ when/WRB you/PRP first/JJ came/VBD ?/.,,
sw08utt/sw_0840_3426.utt,3/sw3426,3426,235,ny,B,142,1,"{F Oh, } yes  /","Oh/UH ,/, yes/UH",,
sw08utt/sw_0840_3426.utt,3/sw3426,3426,236,sd^e,B,142,2,it was.  Because we're here eighteen years -- /,it/PRP was/VBD ./. Because/IN we/PRP 're/VBP here/RB eighteen/CD years/NNS --/:,,
sw08utt/sw_0840_3426.utt,3/sw3426,3426,237,ba,A,143,1,"{F Oh, } my. /","Oh/UH ,/, my/PRP$ ./UH",,
sw08utt/sw_0840_3426.utt,3/sw3426,3426,238,sd,B,144,1,-- {C and } you can imagine what Plano was like eighteen years ago. /,--/: and/CC you/PRP can/MD imagine/VB what/WP Plano/NNP was/VBD like/IN eighteen/CD years/NNS ago/RB ./.,,
sw08utt/sw_0840_3426.utt,3/sw3426,3426,239,ba,A,145,1,"{F Oh, } I know, /","Oh/UH ,/, I/PRP know/VBP ,/,",,
sw08utt/sw_0840_3426.utt,3/sw3426,3426,240,sd,B,146,1,It was very difficult. /,It/PRP was/VBD very/RB difficult/JJ ./.,,
sw08utt/sw_0840_3426.utt,3/sw3426,3426,241,^2,A,147,1,"{F Oh, } compared to New York, {F oh, }  /","Oh/UH ,/, compared/VBN to/IN New/NNP York/NNP ,/, oh/UH ,/,",,
sw08utt/sw_0840_3426.utt,3/sw3426,3426,242,aa,A,147,2,yes. /,yes/UH ./.,,
sw08utt/sw_0840_3426.utt,3/sw3426,3426,243,b,B,148,1,"Yeah,  /","Yeah/UH ,/,",,
sw08utt/sw_0840_3426.utt,3/sw3426,3426,244,sd^r,B,148,2,"it was very, very difficult.  /","it/PRP was/VBD very/RB ,/, very/RB difficult/JJ ./.",,
sw08utt/sw_0840_3426.utt,3/sw3426,3426,245,sd,B,148,3,I didn't even want to talk. /,I/PRP did/VBD n't/RB even/RB want/VB to/TO talk/VB ./.,,
sw08utt/sw_0840_3426.utt,3/sw3426,3426,246,qy,A,149,1,Were you all transferred? /,Were/VBD you/PRP all/DT transferred/VBN ?/.,,
sw08utt/sw_0840_3426.utt,3/sw3426,3426,247,ny,B,150,1,Yeah -- /,Yeah/UH --/:,,
sw08utt/sw_0840_3426.utt,3/sw3426,3426,248,b,A,151,1,{F Um. } /,Um/UH ./.,,
sw08utt/sw_0840_3426.utt,3/sw3426,3426,249,b,B,152,1,-- yeah. /,--/: yeah/UH ./.,,
sw08utt/sw_0840_3426.utt,3/sw3426,3426,250,sd,A,153,1,I have a friend down the street's from New Jersey  /,I/PRP have/VBP a/DT friend/NN down/IN the/DT street/NN 's/BES from/IN New/NNP Jersey/NNP,,
sw08utt/sw_0840_3426.utt,3/sw3426,3426,251,sd,A,153,2,"{C and } they were, - /","and/CC they/PRP were/VBD ,/,",,
sw08utt/sw_0840_3426.utt,3/sw3426,3426,252,sd,A,153,3,"he got a, -/","he/PRP got/VBD a/DT ,/,",,
