swda_filename,ptb_basename,conversation_no,transcript_index,act_tag,caller,utterance_index,subutterance_index,text,pos,trees,ptb_treenumbers
sw08utt/sw_0821_2711.utt,2/sw2711,2711,0,qy,A,1,1,"{D So, } the topic is vacations? /","So/UH ,/, the/DT topic/NN is/VBZ vacations/NNS ?/.",,
sw08utt/sw_0821_2711.utt,2/sw2711,2711,1,na,B,2,1,"Alright,  /","Alright/UH ,/,",,
sw08utt/sw_0821_2711.utt,2/sw2711,2711,2,qy,B,2,2,"[ that's a good, + that's a good ] topic, {F huh? } <laughter>. /","that/DT 's/BES a/DT good/NN ,/, that/DT 's/BES a/DT good/JJ topic/NN ,/, huh/UH ?/. ./.",,
sw08utt/sw_0821_2711.utt,2/sw2711,2711,3,na,A,3,1,I think so.  /,I/PRP think/VBP so/RB ./.,,
sw08utt/sw_0821_2711.utt,2/sw2711,2711,4,sd,A,3,2,I enjoy them. /,I/PRP enjoy/VBP them/PRP ./.,,
sw08utt/sw_0821_2711.utt,2/sw2711,2711,5,qw,B,4,1,Where did you go on your last vacation? /,Where/WRB did/VBD you/PRP go/VBP on/IN your/PRP$ last/JJ vacation/NN ?/.,,
sw08utt/sw_0821_2711.utt,2/sw2711,2711,6,sd,A,5,1,"{F Uh, } the last was back down to Lubbock to visit parents.  /","Uh/UH ,/, the/DT last/NN was/VBD back/RB down/IN to/IN Lubbock/NNP to/TO visit/VB parents/NNS ./.",,
sw08utt/sw_0821_2711.utt,2/sw2711,2711,7,%,A,5,2,"It was, -/","It/PRP was/VBD ,/,",,
sw08utt/sw_0821_2711.utt,2/sw2711,2711,8,br,B,6,1,What? /,What/WP ?/.,,
sw08utt/sw_0821_2711.utt,2/sw2711,2711,9,sd,A,7,1,"The last one was back down to Lubbock, Texas,","The/DT last/JJ one/CD was/VBD back/RB down/IN to/IN Lubbock/NNP ,/, Texas/NNP ,/,",,
sw08utt/sw_0821_2711.utt,2/sw2711,2711,10,b,B,8,1,"# Uh-huh,  /","Uh-huh/UH ,/,",,
sw08utt/sw_0821_2711.utt,2/sw2711,2711,11,b,B,8,2,yeah. # /,yeah/UH ./.,,
sw08utt/sw_0821_2711.utt,2/sw2711,2711,12,+,A,9,1,# to visit # family. /,to/TO visit/VB family/NN ./.,,
sw08utt/sw_0821_2711.utt,2/sw2711,2711,13,b,B,10,1,{F Uh. } /,Uh/UH ./.,,
sw08utt/sw_0821_2711.utt,2/sw2711,2711,14,sd,A,11,1,{C But } that's not the tradition for us. /,But/CC that/DT 's/BES not/RB the/DT tradition/NN for/IN us/PRP ./.,,
sw08utt/sw_0821_2711.utt,2/sw2711,2711,15,b,B,12,1,"{F Oh, } yeah.  /","Oh/UH ,/, yeah/UH ./.",,
sw08utt/sw_0821_2711.utt,2/sw2711,2711,16,qw,B,12,2,"What's your [ out of the, + out of the ] state type, - /","What/WP 's/BES your/PRP$ out/IN of/IN the/DT ,/, out/IN of/IN the/DT state/NN type/NN ,/,",,
sw08utt/sw_0821_2711.utt,2/sw2711,2711,17,qw,B,12,3,where do you like  to go? /,where/WRB do/VBP you/PRP like/VB to/TO go/VB ?/.,,
sw08utt/sw_0821_2711.utt,2/sw2711,2711,18,sd,A,13,1,"{F Uh, } we enjoyed Yellow Stone real well last year. /","Uh/UH ,/, we/PRP enjoyed/VBD Yellow/NNP Stone/NNP real/RB well/RB last/JJ year/NN ./.",,
sw08utt/sw_0821_2711.utt,2/sw2711,2711,19,bh,B,14,1,Really? /,Really/UH ?/.,,
sw08utt/sw_0821_2711.utt,2/sw2711,2711,20,b,A,15,1,Yeah. /,Yeah/UH ./.,,
sw08utt/sw_0821_2711.utt,2/sw2711,2711,21,qw,B,16,1,"What kind of, {F uh, } vacation spots are there in Colorado? /","What/WDT kind/NN of/IN ,/, uh/UH ,/, vacation/NN spots/NNS are/VBP there/RB in/IN Colorado/NNP ?/.",,
sw08utt/sw_0821_2711.utt,2/sw2711,2711,22,sd,A,17,1,"{F Oh, } Rocky Mountain National Park. /","Oh/UH ,/, Rocky/NNP Mountain/NNP National/NNP Park/NNP ./.",,
sw08utt/sw_0821_2711.utt,2/sw2711,2711,23,b,B,18,1,Uh-huh. /,Uh-huh/UH ./.,,
sw08utt/sw_0821_2711.utt,2/sw2711,2711,24,sd,A,19,1,"[ It's, + it's ] just like any of the other national parks.  /","It/PRP 's/BES ,/, it/PRP 's/BES just/RB like/IN any/DT of/IN the/DT other/JJ national/JJ parks/NNS ./.",,
sw08utt/sw_0821_2711.utt,2/sw2711,2711,25,%,A,19,2,"It, - /","It/PRP ,/,",,
sw08utt/sw_0821_2711.utt,2/sw2711,2711,26,sd,A,19,3,"{D you know, } there's camping and fishing and hiking and wildlife watching  /","you/PRP know/VBP ,/, there/EX 's/BES camping/NN and/CC fishing/NN and/CC hiking/NN and/CC wildlife/NN watching/NN",,
sw08utt/sw_0821_2711.utt,2/sw2711,2711,27,%,A,19,4,"{C and, } -/","and/CC ,/,",,
sw08utt/sw_0821_2711.utt,2/sw2711,2711,28,sd,B,20,1,I think my parents took me there when I was real young.  /,I/PRP think/VBP my/PRP$ parents/NNS took/VBD me/PRP there/RB when/WRB I/PRP was/VBD real/RB young/NN ./.,,
sw08utt/sw_0821_2711.utt,2/sw2711,2711,29,sd,B,20,2,"We went to Colorado Springs and, {F uh, } Rocky Mountain National Park.  /","We/PRP went/VBD to/IN Colorado/NNP Springs/NNPS and/CC ,/, uh/UH ,/, Rocky/NNP Mountain/NNP National/NNP Park/NNP ./.",,
sw08utt/sw_0821_2711.utt,2/sw2711,2711,30,sd,B,20,3,It was real pretty. /,It/PRP was/VBD real/RB pretty/RB ./.,,
sw08utt/sw_0821_2711.utt,2/sw2711,2711,31,%,A,21,1,"{F Oh, } it's, -/","Oh/UH ,/, it/PRP 's/BES ,/,",,
sw08utt/sw_0821_2711.utt,2/sw2711,2711,32,ad,B,22,1,Got to see Pike's Peak. /,Got/VBD to/TO see/VB Pike/NNP 's/POS Peak/NNP ./.,,
sw08utt/sw_0821_2711.utt,2/sw2711,2711,33,b,A,23,1,"Yeah,  /","Yeah/UH ,/,",,
sw08utt/sw_0821_2711.utt,2/sw2711,2711,34,sd,A,23,2,"we usually try and drive up there, {F oh, } once every year or two. /","we/PRP usually/RB try/VBP and/CC drive/VB up/IN there/RB ,/, oh/UH ,/, once/RB every/DT year/NN or/CC two/CD ./.",,
sw08utt/sw_0821_2711.utt,2/sw2711,2711,35,qy,B,24,1,You drive by yourself up there? /,You/PRP drive/VBP by/IN yourself/PRP up/IN there/RB ?/.,,
sw08utt/sw_0821_2711.utt,2/sw2711,2711,36,na,A,25,1,Sure. /,Sure/UH ./.,,
sw08utt/sw_0821_2711.utt,2/sw2711,2711,37,ba,B,26,1,"{F Oh, } wow. /","Oh/UH ,/, wow/UH ./.",,
sw08utt/sw_0821_2711.utt,2/sw2711,2711,38,sd,A,27,1,"To the top the of the peak,  /","To/IN the/DT top/NN the/DT of/IN the/DT peak/NN ,/,",,
sw08utt/sw_0821_2711.utt,2/sw2711,2711,39,na^r,A,27,2,sure. /,sure/UH ./.,,
sw08utt/sw_0821_2711.utt,2/sw2711,2711,40,sv,B,28,1,"{F Oh, } that's tough.  /","Oh/UH ,/, that/DT 's/BES tough/JJ ./.",,
sw08utt/sw_0821_2711.utt,2/sw2711,2711,41,sd,B,28,2,"[ I don't, + I don't ] think I could do that <laughter>. /","I/PRP do/VBP n't/RB ,/, I/PRP do/VBP n't/RB think/VB I/PRP could/MD do/VB that/DT ./.",,
sw08utt/sw_0821_2711.utt,2/sw2711,2711,42,bd,A,29,1,"{F Oh, } it's not bad at all.  /","Oh/UH ,/, it/PRP 's/BES not/RB bad/JJ at/IN all/DT ./.",,
sw08utt/sw_0821_2711.utt,2/sw2711,2711,43,sd,A,29,2,"[  It's, + it's ] a beautiful drive. /","It/PRP 's/BES ,/, it/PRP 's/BES a/DT beautiful/JJ drive/NN ./.",,
sw08utt/sw_0821_2711.utt,2/sw2711,2711,44,b,B,30,1,Oh. /,Oh/UH ./.,,
sw08utt/sw_0821_2711.utt,2/sw2711,2711,45,sv,A,31,1,"{D Now } I admit up there, the altitude is kind of <<pause>> interesting, /","Now/UH I/PRP admit/VBP up/IN there/RB ,/, the/DT altitude/NN is/VBZ kind/RB of/RB interesting/JJ ,/,",,
sw08utt/sw_0821_2711.utt,2/sw2711,2711,46,b,B,32,1,"Yeah,  /","Yeah/UH ,/,",,
sw08utt/sw_0821_2711.utt,2/sw2711,2711,47,b^r,B,32,2,yeah. /,yeah/UH ./.,,
sw08utt/sw_0821_2711.utt,2/sw2711,2711,48,sd,A,33,1,"{D You know } you get a little lightheaded and giddy,  /","You/PRP know/VBP you/PRP get/VBP a/DT little/JJ lightheaded/JJ and/CC giddy/JJ ,/,",,
sw08utt/sw_0821_2711.utt,2/sw2711,2711,49,sd,A,33,2,"{C but } it's fun.  {D You know, } take along a picnic lunch  /","but/CC it/PRP 's/BES fun/NN ./. You/PRP know/VBP ,/, take/VB along/IN a/DT picnic/NN lunch/NN",,
sw08utt/sw_0821_2711.utt,2/sw2711,2711,50,%,A,33,3,"{C and, } -/","and/CC ,/,",,
sw08utt/sw_0821_2711.utt,2/sw2711,2711,51,sd,B,34,1,Sure is pretty up there. /,Sure/RB is/VBZ pretty/RB up/IN there/RB ./.,,
sw08utt/sw_0821_2711.utt,2/sw2711,2711,52,sd,A,35,1,"{F Oh, } we love it. /","Oh/UH ,/, we/PRP love/VBP it/PRP ./.",,
sw08utt/sw_0821_2711.utt,2/sw2711,2711,53,qy,B,36,1,You have mountains all around you? /,You/PRP have/VBP mountains/NNS all/RB around/IN you/PRP ?/.,,
sw08utt/sw_0821_2711.utt,2/sw2711,2711,54,nn,A,37,1,"{F Uh, } no,  /","Uh/UH ,/, no/UH ,/,",,
sw08utt/sw_0821_2711.utt,2/sw2711,2711,55,sd^e@,A,37,2,"they're only [ to the east, + {F uh, } {E I mean } to the west ] of us.","they/PRP 're/VBP only/RB to/IN the/DT east/NN ,/, uh/UH ,/, I/PRP mean/VBP to/IN the/DT west/NN of/IN us/PRP ./.",,
sw08utt/sw_0821_2711.utt,2/sw2711,2711,56,b,B,38,1,Uh-huh. /,Uh-huh/UH ./.,,
sw08utt/sw_0821_2711.utt,2/sw2711,2711,57,+@,A,39,1,"Here in the Springs,  /","Here/RB in/IN the/DT Springs/NNPS ,/,",,
sw08utt/sw_0821_2711.utt,2/sw2711,2711,58,sd,A,39,2,"{D you know, } it's right there at the very foot of the Rockies.  /","you/PRP know/VBP ,/, it/PRP 's/BES right/RB there/RB at/IN the/DT very/JJ foot/NN of/IN the/DT Rockies/NNPS ./.",,
sw08utt/sw_0821_2711.utt,2/sw2711,2711,59,sd,A,39,3,"{D You know, } {C and } once a week we drive up into the mountains, [  usually, + {D you know, } usually ] once a week, once every other week. /","You/PRP know/VBP ,/, and/CC once/RB a/DT week/NN we/PRP drive/VBP up/RB into/IN the/DT mountains/NNS ,/, usually/UH ,/, you/PRP know/VBP ,/, usually/RB once/RB a/DT week/NN ,/, once/RB every/DT other/JJ week/NN ./.",,
sw08utt/sw_0821_2711.utt,2/sw2711,2711,60,ba,B,40,1,"Wow,  /","Wow/UH ,/,",,
sw08utt/sw_0821_2711.utt,2/sw2711,2711,61,ba,B,40,2,that's neat.  /,that/DT 's/BES neat/JJ ./.,,
sw08utt/sw_0821_2711.utt,2/sw2711,2711,62,sd,B,40,3,I'm jealous <laughter>.  /,I/PRP 'm/VBP jealous/JJ ./.,,
sw08utt/sw_0821_2711.utt,2/sw2711,2711,63,sd,B,40,4,There's hills in Texas. /,There/EX 's/BES hills/NNS in/IN Texas/NNP ./.,,
sw08utt/sw_0821_2711.utt,2/sw2711,2711,64,b,A,41,1,"Yeah,  /","Yeah/UH ,/,",,
sw08utt/sw_0821_2711.utt,2/sw2711,2711,65,sd,A,41,2,"{D well, } I enjoy hills, in Texas too.  /","well/UH ,/, I/PRP enjoy/VBP hills/NNS ,/, in/IN Texas/NNP too/RB ./.",,
sw08utt/sw_0821_2711.utt,2/sw2711,2711,66,sd,A,41,3,I've been in Sherman. /,I/PRP 've/VBP been/VBN in/IN Sherman/NNP ./.,,
sw08utt/sw_0821_2711.utt,2/sw2711,2711,67,qy@,B,42,1,"Have you ever been out of the United States for, {F uh, } vacation?","Have/VBP you/PRP ever/RB been/VBN out/IN of/IN the/DT United/NNP States/NNPS for/IN ,/, uh/UH ,/, vacation/NN ?/.",,
sw08utt/sw_0821_2711.utt,2/sw2711,2711,68,nn,A,43,1,"No,  /","No/UH ,/,",,
sw08utt/sw_0821_2711.utt,2/sw2711,2711,69,sd^e,A,43,2,"I haven't,  /","I/PRP have/VBP n't/RB ,/,",,
sw08utt/sw_0821_2711.utt,2/sw2711,2711,70,^g,A,43,3,you? /,you/PRP ?/.,,
sw08utt/sw_0821_2711.utt,2/sw2711,2711,71,+@,B,44,1,Or business? /,Or/CC business/NN ?/.,,
sw08utt/sw_0821_2711.utt,2/sw2711,2711,72,na,A,45,1,"{F Uh, } once to Mexico City,  /","Uh/UH ,/, once/RB to/TO Mexico/NNP City/NNP ,/,",,
sw08utt/sw_0821_2711.utt,2/sw2711,2711,73,sd^e,A,45,2,{C but } just a little day thing on business. /,but/CC just/RB a/DT little/JJ day/NN thing/NN on/IN business/NN ./.,,
sw08utt/sw_0821_2711.utt,2/sw2711,2711,74,b,B,46,1,Uh-huh.  /,Uh-huh/UH ./.,,
sw08utt/sw_0821_2711.utt,2/sw2711,2711,75,sd,B,46,2,"I went to, {F uh, } the Bahamas last year, on a cruise for my honeymoon. /","I/PRP went/VBD to/IN ,/, uh/UH ,/, the/DT Bahamas/NNPS last/JJ year/NN ,/, on/IN a/DT cruise/NN for/IN my/PRP$ honeymoon/NN ./.",,
sw08utt/sw_0821_2711.utt,2/sw2711,2711,76,ba,A,47,1,"{F Uh, } that's nice. /","Uh/UH ,/, that/DT 's/BES nice/JJ ./.",,
sw08utt/sw_0821_2711.utt,2/sw2711,2711,77,sd,B,48,1,"It was really neat,  /","It/PRP was/VBD really/RB neat/JJ ,/,",,
sw08utt/sw_0821_2711.utt,2/sw2711,2711,78,sd,B,48,2,"I had never been [ out of, + {D really, } out of ] Texas or out of Indiana much, out of the United States.  /","I/PRP had/VBD never/RB been/VBN out/IN of/IN ,/, really/UH ,/, out/IN of/IN Texas/NNP or/CC out/IN of/IN Indiana/NNP much/JJ ,/, out/IN of/IN the/DT United/NNP States/NNPS ./.",,
sw08utt/sw_0821_2711.utt,2/sw2711,2711,79,sd,B,48,3,I'm from Indiana  /,I/PRP 'm/VBP from/IN Indiana/NNP,,
sw08utt/sw_0821_2711.utt,2/sw2711,2711,80,%,B,48,4,"{C so, } -/","so/RB ,/,",,
sw08utt/sw_0821_2711.utt,2/sw2711,2711,81,qy,A,49,1,Did you enjoy it? /,Did/VBD you/PRP enjoy/VBP it/PRP ?/.,,
sw08utt/sw_0821_2711.utt,2/sw2711,2711,82,br,B,50,1,What? /,What/WP ?/.,,
sw08utt/sw_0821_2711.utt,2/sw2711,2711,83,qy^r,A,51,1,Did you enjoy it? /,Did/VBD you/PRP enjoy/VBP it/PRP ?/.,,
sw08utt/sw_0821_2711.utt,2/sw2711,2711,84,ny,B,52,1,"Yeah,  /","Yeah/UH ,/,",,
sw08utt/sw_0821_2711.utt,2/sw2711,2711,85,sd^e,B,52,2,it was great. /,it/PRP was/VBD great/JJ ./.,,
sw08utt/sw_0821_2711.utt,2/sw2711,2711,86,b,A,53,1,Uh-huh. /,Uh-huh/UH ./.,,
sw08utt/sw_0821_2711.utt,2/sw2711,2711,87,sd,B,54,1,It was really pretty down there. /,It/PRP was/VBD really/RB pretty/RB down/IN there/RB ./.,,
sw08utt/sw_0821_2711.utt,2/sw2711,2711,88,bf,A,55,1,"{F Uh, } got to eat some different kinds of foods and meet people from a different culture  /","Uh/UH ,/, got/VBD to/TO eat/VB some/DT different/JJ kinds/NNS of/IN foods/NNS and/CC meet/VB people/NNS from/IN a/DT different/JJ culture/NN",,
sw08utt/sw_0821_2711.utt,2/sw2711,2711,89,%,A,55,2,"{C and, } -/","and/CC ,/,",,
sw08utt/sw_0821_2711.utt,2/sw2711,2711,90,b,B,56,1,Uh-huh.  /,Uh-huh/UH ./.,,
sw08utt/sw_0821_2711.utt,2/sw2711,2711,91,b,B,56,2,"Yeah,  /","Yeah/UH ,/,",,
sw08utt/sw_0821_2711.utt,2/sw2711,2711,92,sd,B,56,3,really did.  /,really/RB did/VBD ./.,,
sw08utt/sw_0821_2711.utt,2/sw2711,2711,93,%,B,56,4,"There, - /","There/EX ,/,",,
sw08utt/sw_0821_2711.utt,2/sw2711,2711,94,sd,B,56,5,"in fact, one, {F uh, } family that <<pause>> sat at our table every meal was from London, /","in/IN fact/NN ,/, one/CD ,/, uh/UH ,/, family/NN that/WDT sat/VBD at/IN our/PRP$ table/NN every/DT meal/NN was/VBD from/IN London/NNP ,/,",,
sw08utt/sw_0821_2711.utt,2/sw2711,2711,95,b,A,57,1,# Oh.  # /,Oh/UH ./.,,
sw08utt/sw_0821_2711.utt,2/sw2711,2711,96,sd,B,58,1,"# {C and } # they had never been to the United States,  /","and/CC they/PRP had/VBD never/RB been/VBN to/IN the/DT United/NNP States/NNPS ,/,",,
sw08utt/sw_0821_2711.utt,2/sw2711,2711,97,sd,B,58,2,{C so } they were really enjoying it  /,so/RB they/PRP were/VBD really/RB enjoying/VBG it/PRP,,
sw08utt/sw_0821_2711.utt,2/sw2711,2711,98,sd,B,58,3,{C and } they were telling us about all their trips. /,and/CC they/PRP were/VBD telling/VBG us/PRP about/IN all/DT their/PRP$ trips/NNS ./.,,
sw08utt/sw_0821_2711.utt,2/sw2711,2711,99,b,A,59,1,Huh. /,Huh/UH ./.,,
sw08utt/sw_0821_2711.utt,2/sw2711,2711,100,sd,B,60,1,"They had been to Disneyland,  /","They/PRP had/VBD been/VBN to/IN Disneyland/NNP ,/,",,
sw08utt/sw_0821_2711.utt,2/sw2711,2711,101,sd,B,60,2,{C and } it was neat to meet different people. /,and/CC it/PRP was/VBD neat/JJ to/TO meet/VB different/JJ people/NNS ./.,,
sw08utt/sw_0821_2711.utt,2/sw2711,2711,102,sd,A,61,1,"{C So } the place [ that I went, + that we've ] gone on vacation that I think I enjoyed the most,","So/RB the/DT place/NN that/WDT I/PRP went/VBD ,/, that/WDT we/PRP 've/VBP gone/VBN on/IN vacation/NN that/WDT I/PRP think/VBP I/PRP enjoyed/VBD the/DT most/RBS ,/,",,
sw08utt/sw_0821_2711.utt,2/sw2711,2711,103,b,B,62,1,# Uh-huh. # /,Uh-huh/UH ./.,,
sw08utt/sw_0821_2711.utt,2/sw2711,2711,104,+,A,63,1,# was # Seattle. /,was/VBD Seattle/NNP ./.,,
sw08utt/sw_0821_2711.utt,2/sw2711,2711,105,bh,B,64,1,"{F Oh, } really?  /","Oh/UH ,/, really/UH ?/.",,
sw08utt/sw_0821_2711.utt,2/sw2711,2711,106,sd,B,64,2,I've heard it's really pretty up there. /,I/PRP 've/VBP heard/VBN it/PRP 's/BES really/RB pretty/RB up/IN there/RB ./.,,
sw08utt/sw_0821_2711.utt,2/sw2711,2711,107,%,A,65,1,"{D Well, } we, {F uh, } - /","Well/UH ,/, we/PRP ,/, uh/UH ,/,",,
sw08utt/sw_0821_2711.utt,2/sw2711,2711,108,sd,A,65,2,"was, two years ago,","was/VBD ,/, two/CD years/NNS ago/RB ,/,",,
sw08utt/sw_0821_2711.utt,2/sw2711,2711,109,b,B,66,1,# Uh-huh. # /,Uh-huh/UH ./.,,
sw08utt/sw_0821_2711.utt,2/sw2711,2711,110,+,A,67,1,# we # went during the drought. /,we/PRP went/VBD during/IN the/DT drought/NN ./.,,
sw08utt/sw_0821_2711.utt,2/sw2711,2711,111,b,B,68,1,Oh. /,Oh/UH ./.,,
sw08utt/sw_0821_2711.utt,2/sw2711,2711,112,sd,A,69,1,"I'm sorry, three years ago.  /","I/PRP 'm/VBP sorry/JJ ,/, three/CD years/NNS ago/RB ./.",,
sw08utt/sw_0821_2711.utt,2/sw2711,2711,113,sd,A,69,2,It had been dry for a whole week. /,It/PRP had/VBD been/VBN dry/JJ for/IN a/DT whole/JJ week/NN ./.,,
sw08utt/sw_0821_2711.utt,2/sw2711,2711,114,ba,B,70,1,"{F Oh, } wow. /","Oh/UH ,/, wow/UH ./.",,
sw08utt/sw_0821_2711.utt,2/sw2711,2711,115,sd,A,71,1,It didn't rain for a whole week. /,It/PRP did/VBD n't/RB rain/VB for/IN a/DT whole/JJ week/NN ./.,,
sw08utt/sw_0821_2711.utt,2/sw2711,2711,116,b,B,72,1,Yeah  /,Yeah/UH,,
sw08utt/sw_0821_2711.utt,2/sw2711,2711,117,sd,B,72,2,"<laughter>, that would have been nice.  /",",/, that/DT would/MD have/VB been/VBN nice/JJ ./.",,
sw08utt/sw_0821_2711.utt,2/sw2711,2711,118,sv,B,72,3,That would have been best time to go. /,That/DT would/MD have/VB been/VBN best/JJS time/NN to/TO go/VB ./.,,
sw08utt/sw_0821_2711.utt,2/sw2711,2711,119,b,A,73,1,"Yeah,  /","Yeah/UH ,/,",,
sw08utt/sw_0821_2711.utt,2/sw2711,2711,120,sd,A,73,2,"somehow we picked the right time and, {F uh, } walked down on the wharf,  /","somehow/RB we/PRP picked/VBD the/DT right/JJ time/NN and/CC ,/, uh/UH ,/, walked/VBD down/IN on/IN the/DT wharf/NN ,/,",,
sw08utt/sw_0821_2711.utt,2/sw2711,2711,121,sd,A,73,3,"{C and } I think we ate seafood every meal for, {D well, } not quite every meal,  but most meals for a week. /","and/CC I/PRP think/VBP we/PRP ate/VBD seafood/NN every/DT meal/NN for/IN ,/, well/UH ,/, not/RB quite/RB every/DT meal/NN ,/, but/CC most/RBS meals/NNS for/IN a/DT week/NN ./.",,
sw08utt/sw_0821_2711.utt,2/sw2711,2711,122,b,B,74,1,Uh-huh. /,Uh-huh/UH ./.,,
sw08utt/sw_0821_2711.utt,2/sw2711,2711,123,sd,A,75,1,"{F Uh, } it was wonderful.  /","Uh/UH ,/, it/PRP was/VBD wonderful/JJ ./.",,
sw08utt/sw_0821_2711.utt,2/sw2711,2711,124,sd,A,75,2,"{F Uh, } the Pacific Science Museum, the little girl really enjoyed.  /","Uh/UH ,/, the/DT Pacific/NNP Science/NNP Museum/NNP ,/, the/DT little/JJ girl/NN really/RB enjoyed/VBD ./.",,
sw08utt/sw_0821_2711.utt,2/sw2711,2711,125,sd,A,75,3,It's <<pause>> very interesting. /,It/PRP 's/BES very/RB interesting/JJ ./.,,
sw08utt/sw_0821_2711.utt,2/sw2711,2711,126,br^m,B,76,1,Pacific Science? /,Pacific/NNP Science/NNP ?/.,,
sw08utt/sw_0821_2711.utt,2/sw2711,2711,127,ny,A,77,1,Yeah. /,Yeah/UH ./.,,
sw08utt/sw_0821_2711.utt,2/sw2711,2711,128,bh,B,78,1,Really? /,Really/UH ?/.,,
sw08utt/sw_0821_2711.utt,2/sw2711,2711,129,ny,A,79,1,Yes.  /,Yes/UH ./.,,
sw08utt/sw_0821_2711.utt,2/sw2711,2711,130,sd,A,79,2,"[  It was, + it was ] super,  /","It/PRP was/VBD ,/, it/PRP was/VBD super/JJ ,/,",,
sw08utt/sw_0821_2711.utt,2/sw2711,2711,131,sd,A,79,3,"{C and, } {F uh, } went to the Seattle Aquarium. /","and/CC ,/, uh/UH ,/, went/VBD to/IN the/DT Seattle/NNP Aquarium/NNP ./.",,
sw08utt/sw_0821_2711.utt,2/sw2711,2711,132,b,B,80,1,Uh-huh. /,Uh-huh/UH ./.,,
sw08utt/sw_0821_2711.utt,2/sw2711,2711,133,sd,A,81,1,"{C And } it's [ right down there, on the, + right there on the ] ocean, and <<pause>> down there on the wharf by the piers and all,  /","And/CC it/PRP 's/BES right/RB down/IN there/RB ,/, on/IN the/DT ,/, right/RB there/RB on/IN the/DT ocean/NN ,/, and/CC down/IN there/RB on/IN the/DT wharf/NN by/IN the/DT piers/NNS and/CC all/DT ,/,",,
sw08utt/sw_0821_2711.utt,2/sw2711,2711,134,sd,A,81,2,"{C and } you walk down in a dome, a glass dome, /","and/CC you/PRP walk/VBP down/IN in/IN a/DT dome/NN ,/, a/DT glass/NN dome/NN ,/,",,
sw08utt/sw_0821_2711.utt,2/sw2711,2711,135,b,B,82,1,# Uh-huh. # /,Uh-huh/UH ./.,,
sw08utt/sw_0821_2711.utt,2/sw2711,2711,136,sd,A,83,1,"# {C and } # the bay is circulating over your head,  /","and/CC the/DT bay/NN is/VBZ circulating/VBG over/IN your/PRP$ head/NN ,/,",,
sw08utt/sw_0821_2711.utt,2/sw2711,2711,137,sd,A,83,2,"[ {C and } you, +","and/CC you/PRP ,/,",,
sw08utt/sw_0821_2711.utt,2/sw2711,2711,138,ba,B,84,1,"# {F Oh, } wow.  # /","Oh/UH ,/, wow/UH ./.",,
sw08utt/sw_0821_2711.utt,2/sw2711,2711,139,+,A,85,1,# {C and } you ] # can watch the fish swim by and sharks  /,and/CC you/PRP can/MD watch/VB the/DT fish/NN swim/VB by/IN and/CC sharks/NNS,,
sw08utt/sw_0821_2711.utt,2/sw2711,2711,140,%,A,85,2,"{C and } {F oh } it's, -/","and/CC oh/UH it/PRP 's/BES ,/,",,
sw08utt/sw_0821_2711.utt,2/sw2711,2711,141,ba,B,86,1,"{F Oh, } neat. /","Oh/UH ,/, neat/UH ./.",,
sw08utt/sw_0821_2711.utt,2/sw2711,2711,142,b,A,87,1,"Yeah,  /","Yeah/UH ,/,",,
sw08utt/sw_0821_2711.utt,2/sw2711,2711,143,sd,A,87,2,"{C and then } there's walrus and sea lion and porpoises, {C and } {F oh, } [ it's, +","and/CC then/RB there/EX 's/BES walrus/NN and/CC sea/NN lion/NN and/CC porpoises/NNS ,/, and/CC oh/UH ,/, it/PRP 's/BES ,/,",,
sw08utt/sw_0821_2711.utt,2/sw2711,2711,144,x,B,88,1,# <Laughter>.  #,,,
sw08utt/sw_0821_2711.utt,2/sw2711,2711,145,+,A,89,1,# it's ] # amazing. /,it/PRP 's/BES amazing/JJ ./.,,
sw08utt/sw_0821_2711.utt,2/sw2711,2711,146,qy^g,B,90,1,"That's the vacation you recommend, {F huh? } /","That/DT 's/BES the/DT vacation/NN you/PRP recommend/VBP ,/, huh/UH ?/.",,
sw08utt/sw_0821_2711.utt,2/sw2711,2711,147,na,A,91,1,"{F Oh, } absolutely. /","Oh/UH ,/, absolutely/UH ./.",,
sw08utt/sw_0821_2711.utt,2/sw2711,2711,148,b,B,92,1,Yeah. /,Yeah/UH ./.,,
sw08utt/sw_0821_2711.utt,2/sw2711,2711,149,sv,A,93,1,Without a doubt.  /,Without/IN a/DT doubt/NN ./.,,
sw08utt/sw_0821_2711.utt,2/sw2711,2711,150,sd,A,93,2,"Seattle is beautiful,  /","Seattle/NNP is/VBZ beautiful/JJ ,/,",,
sw08utt/sw_0821_2711.utt,2/sw2711,2711,151,sv,A,93,3,"{C and }  [ the  mountains, +","and/CC the/DT mountains/NNS ,/,",,
sw08utt/sw_0821_2711.utt,2/sw2711,2711,152,b,B,94,1,"# Yeah,  /","Yeah/UH ,/,",,
sw08utt/sw_0821_2711.utt,2/sw2711,2711,153,sd,B,94,2,I've heard it is.  #,I/PRP 've/VBP heard/VBN it/PRP is/VBZ ./.,,
sw08utt/sw_0821_2711.utt,2/sw2711,2711,154,+,A,95,1,"# the mountains ] to the east # of Seattle,","the/DT mountains/NNS to/IN the/DT east/NN of/IN Seattle/NNP ,/,",,
sw08utt/sw_0821_2711.utt,2/sw2711,2711,155,+,B,96,1,# Uh-huh. # /,Uh-huh/UH ./.,,
sw08utt/sw_0821_2711.utt,2/sw2711,2711,156,+,A,97,1,# are # just incredible. /,are/VBP just/RB incredible/JJ ./.,,
sw08utt/sw_0821_2711.utt,2/sw2711,2711,157,bh,B,98,1,Really? /,Really/UH ?/.,,
sw08utt/sw_0821_2711.utt,2/sw2711,2711,158,sd,A,99,1,I rode a ferry for the first time in my life. /,I/PRP rode/VBD a/DT ferry/NN for/IN the/DT first/JJ time/NN in/IN my/PRP$ life/NN ./.,,
sw08utt/sw_0821_2711.utt,2/sw2711,2711,159,ba,B,100,1,"{F Oh, } wow. /","Oh/UH ,/, wow/UH ./.",,
sw08utt/sw_0821_2711.utt,2/sw2711,2711,160,sd,A,101,1,"{D You know, } up there, <<pause>> you go from the mainland to a whole bunch of islands around there by ferry,","You/PRP know/VBP ,/, up/IN there/RB ,/, you/PRP go/VBP from/IN the/DT mainland/NN to/IN a/DT whole/JJ bunch/NN of/IN islands/NNS around/IN there/RB by/IN ferry/NN ,/,",,
sw08utt/sw_0821_2711.utt,2/sw2711,2711,161,b,B,102,1,# Uh-huh. # /,Uh-huh/UH ./.,,
sw08utt/sw_0821_2711.utt,2/sw2711,2711,162,+,A,103,1,# Instead # of by bridge.  /,Instead/RB of/IN by/IN bridge/NN ./.,,
sw08utt/sw_0821_2711.utt,2/sw2711,2711,163,sd,A,103,2,{C And } you drive your car on.  /,And/CC you/PRP drive/VBP your/PRP$ car/NN on/RB ./.,,
sw08utt/sw_0821_2711.utt,2/sw2711,2711,164,sd,A,103,3,"You park your car,  /","You/PRP park/VBP your/PRP$ car/NN ,/,",,
sw08utt/sw_0821_2711.utt,2/sw2711,2711,165,sd,A,103,4,you set your brake.  /,you/PRP set/VBD your/PRP$ brake/NN ./.,,
sw08utt/sw_0821_2711.utt,2/sw2711,2711,166,sd,A,103,5,You walk upstairs  /,You/PRP walk/VBP upstairs/RB,,
sw08utt/sw_0821_2711.utt,2/sw2711,2711,167,sd,A,103,6,"{C and } you have a beer,","and/CC you/PRP have/VBP a/DT beer/NN ,/,",,
sw08utt/sw_0821_2711.utt,2/sw2711,2711,168,b@,B,104,1,# Oh.  #,Oh/UH ./.,,
sw08utt/sw_0821_2711.utt,2/sw2711,2711,169,+,A,105,1,"# or # coffee, or whatever, depending on the time of day. /","or/CC coffee/NN ,/, or/CC whatever/WDT ,/, depending/VBG on/IN the/DT time/NN of/IN day/NN ./.",,
sw08utt/sw_0821_2711.utt,2/sw2711,2711,170,+@,B,106,1,Uh-huh. /,Uh-huh/UH ./.,,
sw08utt/sw_0821_2711.utt,2/sw2711,2711,171,sd,A,107,1,It's amazing. /,It/PRP 's/BES amazing/JJ ./.,,
sw08utt/sw_0821_2711.utt,2/sw2711,2711,172,qy,B,108,1,{C And } your car is on a ferry? /,And/CC your/PRP$ car/NN is/VBZ on/IN a/DT ferry/NN ?/.,,
sw08utt/sw_0821_2711.utt,2/sw2711,2711,173,ny,A,109,1,Yes. /,Yes/UH ./.,,
sw08utt/sw_0821_2711.utt,2/sw2711,2711,174,qy,B,110,1,{C And } it goes across with you? /,And/CC it/PRP goes/VBZ across/RB with/IN you/PRP ?/.,,
sw08utt/sw_0821_2711.utt,2/sw2711,2711,175,ny,A,111,1,Yes. /,Yes/UH ./.,,
sw08utt/sw_0821_2711.utt,2/sw2711,2711,176,ba,B,112,1,That's really neat. /,That/DT 's/BES really/RB neat/JJ ./.,,
sw08utt/sw_0821_2711.utt,2/sw2711,2711,177,b,A,113,1,"Yeah,  /","Yeah/UH ,/,",,
sw08utt/sw_0821_2711.utt,2/sw2711,2711,178,b^r,A,113,2,yeah.  /,yeah/UH ./.,,
sw08utt/sw_0821_2711.utt,2/sw2711,2711,179,sd,A,113,3,"{C And } there are people, literally that everyday, take the ferry, {D you know, } and drive,","And/CC there/EX are/VBP people/NNS ,/, literally/RB that/WDT everyday/JJ ,/, take/VBP the/DT ferry/NN ,/, you/PRP know/VBP ,/, and/CC drive/VBP ,/,",,
sw08utt/sw_0821_2711.utt,2/sw2711,2711,180,^2,B,114,1,To work? /,To/IN work/NN ?/.,,
sw08utt/sw_0821_2711.utt,2/sw2711,2711,181,+,A,115,1,"on to it,  /","on/IN to/IN it/PRP ,/,",,
sw08utt/sw_0821_2711.utt,2/sw2711,2711,182,aa,A,115,2,"yeah,  /","yeah/UH ,/,",,
sw08utt/sw_0821_2711.utt,2/sw2711,2711,183,sd,A,115,3,"live on an island [ off, + off ] shore from Seattle. /","live/VBP on/IN an/DT island/NN off/IN ,/, off/GW shore/^RB from/IN Seattle/NNP ./.",,
sw08utt/sw_0821_2711.utt,2/sw2711,2711,184,ba,B,116,1,That's really wild. /,That/DT 's/BES really/RB wild/JJ ./.,,
sw08utt/sw_0821_2711.utt,2/sw2711,2711,185,%,A,117,1,"{C And, } you, {F uh, } - /","And/CC ,/, you/PRP ,/, uh/UH ,/,",,
sw08utt/sw_0821_2711.utt,2/sw2711,2711,186,sd,A,117,2,everyday they drive on the ferry.  /,everyday/JJ they/PRP drive/VBP on/IN the/DT ferry/NN ./.,,
sw08utt/sw_0821_2711.utt,2/sw2711,2711,187,sd,A,117,3,They go upstairs and have their morning coffee. /,They/PRP go/VBP upstairs/RB and/CC have/VBP their/PRP$ morning/NN coffee/NN ./.,,
sw08utt/sw_0821_2711.utt,2/sw2711,2711,188,b,B,118,1,Huh. /,Huh/UH ./.,,
sw08utt/sw_0821_2711.utt,2/sw2711,2711,189,sd,A,119,1,"Take, for the twenty to, hour and ten minutes that it takes to get across  and, {D you know, } depending on where it is. /","Take/VB ,/, for/IN the/DT twenty/CD to/IN ,/, hour/NN and/CC ten/CD minutes/NNS that/WDT it/PRP takes/VBZ to/TO get/VB across/RB and/CC ,/, you/PRP know/VBP ,/, depending/VBG on/IN where/WRB it/PRP is/VBZ ./.",,
sw08utt/sw_0821_2711.utt,2/sw2711,2711,190,br^m,B,120,1,<Laughter>  Hour and ten minutes? /,Hour/NN and/CC ten/CD minutes/NNS ?/.,,
sw08utt/sw_0821_2711.utt,2/sw2711,2711,191,sd,A,121,1,"{D Well, } [ in some places, + {D you know, }","Well/UH ,/, in/IN some/DT places/NNS ,/, you/PRP know/VBP ,/,",,
sw08utt/sw_0821_2711.utt,2/sw2711,2711,192,b,B,122,1,# Yeah. # /,Yeah/UH ./.,,
sw08utt/sw_0821_2711.utt,2/sw2711,2711,193,+,A,123,1,"# in # some areas, ] {D you know, } depends on how far they are commuting. /","in/IN some/DT areas/NNS ,/, you/PRP know/VBP ,/, depends/VBZ on/IN how/WRB far/RB they/PRP are/VBP commuting/VBG ./.",,
sw08utt/sw_0821_2711.utt,2/sw2711,2711,194,ba,B,124,1,That's really interesting. /,That/DT 's/BES really/RB interesting/JJ ./.,,
sw08utt/sw_0821_2711.utt,2/sw2711,2711,195,%,A,125,1,"{F Oh, } [ it, + it's ] strict, - /","Oh/UH ,/, it/PRP ,/, it/PRP 's/BES strict/JJ ,/,",,
sw08utt/sw_0821_2711.utt,2/sw2711,2711,196,sd,A,125,2,"[ I'm, + I'm ] a West Texan. /","I/PRP 'm/VBP ,/, I/PRP 'm/VBP a/DT West/NNP Texan/NNP ./.",,
sw08utt/sw_0821_2711.utt,2/sw2711,2711,197,b,B,126,1,Uh-huh. /,Uh-huh/UH ./.,,
sw08utt/sw_0821_2711.utt,2/sw2711,2711,198,sv@,A,127,1,Out there in the land of no water.,Out/IN there/RB in/IN the/DT land/NN of/IN no/DT water/NN ./.,,
sw08utt/sw_0821_2711.utt,2/sw2711,2711,199,b,B,128,1,Yeah. /,Yeah/UH ./.,,
sw08utt/sw_0821_2711.utt,2/sw2711,2711,200,+@,A,129,1,"{C And, } to think that people live on the water daily, is kind of odd to me.  /","And/CC ,/, to/TO think/VB that/IN people/NNS live/VBP on/IN the/DT water/NN daily/JJ ,/, is/VBZ kind/RB of/RB odd/JJ to/IN me/PRP ./.",,
sw08utt/sw_0821_2711.utt,2/sw2711,2711,201,sd,A,129,2,"{D You know, } [ it's, + it's ] a different life style than we are used to. /","You/PRP know/VBP ,/, it/PRP 's/BES ,/, it/PRP 's/BES a/DT different/JJ life/NN style/NN than/IN we/PRP are/VBP used/VBN to/TO ./.",,
sw08utt/sw_0821_2711.utt,2/sw2711,2711,202,b,B,130,1,"Yeah,  /","Yeah/UH ,/,",,
sw08utt/sw_0821_2711.utt,2/sw2711,2711,203,sd,B,130,2,it is.  /,it/PRP is/VBZ ./.,,
sw08utt/sw_0821_2711.utt,2/sw2711,2711,204,sd,B,130,3,"I've been wanting to go to the West Texas, and see different parts of Texas, because I haven't lived here very long,  /","I/PRP 've/VBP been/VBN wanting/VBG to/TO go/VB to/IN the/DT West/NNP Texas/NNP ,/, and/CC see/VB different/JJ parts/NNS of/IN Texas/NNP ,/, because/IN I/PRP have/VBP n't/RB lived/VBN here/RB very/RB long/JJ ,/,",,
sw08utt/sw_0821_2711.utt,2/sw2711,2711,205,sd,B,130,4,{C and } I haven't really seen much.  /,and/CC I/PRP have/VBP n't/RB really/RB seen/VBN much/JJ ./.,,
sw08utt/sw_0821_2711.utt,2/sw2711,2711,206,qw,B,130,5,{C So } what are some good things in Texas to go visit? /,So/RB what/WP are/VBP some/DT good/JJ things/NNS in/IN Texas/NNP to/TO go/VB visit/VB ?/.,,
sw08utt/sw_0821_2711.utt,2/sw2711,2711,207,sd,A,131,1,"{F Oh, } Galveston. /","Oh/UH ,/, Galveston/NNP ./.",,
sw08utt/sw_0821_2711.utt,2/sw2711,2711,208,br^m,B,132,1,Galveston? /,Galveston/NNP ?/.,,
sw08utt/sw_0821_2711.utt,2/sw2711,2711,209,ny,A,133,1,"Yes,  /","Yes/UH ,/,",,
sw08utt/sw_0821_2711.utt,2/sw2711,2711,210,sd^e,A,133,2,"I liked Galveston real well,  /","I/PRP liked/VBD Galveston/NNP real/RB well/RB ,/,",,
sw08utt/sw_0821_2711.utt,2/sw2711,2711,211,%,A,133,3,"{F uh, } <<pause>> there's, {F uh, } - /","uh/UH ,/, there/EX 's/BES ,/, uh/UH ,/,",,
sw08utt/sw_0821_2711.utt,2/sw2711,2711,212,sd,A,133,4,"one of the areas down there close to Galveston is, - /","one/CD of/IN the/DT areas/NNS down/IN there/RB close/RB to/IN Galveston/NNP is/VBZ ,/,",,
sw08utt/sw_0821_2711.utt,2/sw2711,2711,213,sd,A,133,5,"I forget the name of the island, /","I/PRP forget/VBP the/DT name/NN of/IN the/DT island/NN ,/,",,
sw08utt/sw_0821_2711.utt,2/sw2711,2711,214,b,B,134,1,# Uh-huh. # /,Uh-huh/UH ./.,,
sw08utt/sw_0821_2711.utt,2/sw2711,2711,215,sd,A,135,1,"# {C but } # it's a bird sanctuary,","but/CC it/PRP 's/BES a/DT bird/NN sanctuary/NN ,/,",,
sw08utt/sw_0821_2711.utt,2/sw2711,2711,216,b,B,136,1,# Uh-huh. # /,Uh-huh/UH ./.,,
sw08utt/sw_0821_2711.utt,2/sw2711,2711,217,+,A,137,1,"# with # all kinds of wild birds.  Whooping and sand hill cranes, and ducks and pelicans  /","with/IN all/DT kinds/NNS of/IN wild/JJ birds/NNS ./. Whooping/NNP and/CC sand/NNP hill/NNP cranes/NNS ,/, and/CC ducks/NNS and/CC pelicans/NNS",,
sw08utt/sw_0821_2711.utt,2/sw2711,2711,218,sd,A,137,2,{C and } it's very pretty.  /,and/CC it/PRP 's/BES very/RB pretty/RB ./.,,
sw08utt/sw_0821_2711.utt,2/sw2711,2711,219,sd@,A,137,3,"{F Uh, } I like the Rio Grande Valley.","Uh/UH ,/, I/PRP like/VBP the/DT Rio/NNP Grande/NNP Valley/NNP ./.",,
sw08utt/sw_0821_2711.utt,2/sw2711,2711,220,b,B,138,1,Uh-huh. /,Uh-huh/UH ./.,,
sw08utt/sw_0821_2711.utt,2/sw2711,2711,221,+@,A,139,1,Real well.  /,Real/RB well/RB ./.,,
sw08utt/sw_0821_2711.utt,2/sw2711,2711,222,sv,A,139,2,"Of course, you haven't lived until you have been to San Antone, [ to the, +","Of/IN course/NN ,/, you/PRP have/VBP n't/RB lived/VBN until/IN you/PRP have/VBP been/VBN to/IN San/NNP Antone/NNP ,/, to/IN the/DT ,/,",,
sw08utt/sw_0821_2711.utt,2/sw2711,2711,223,b,B,140,1,# Yeah. # /,Yeah/UH ./.,,
sw08utt/sw_0821_2711.utt,2/sw2711,2711,224,+,A,141,1,# to # the ] Alamo. /,to/IN the/DT Alamo/NNP ./.,,
sw08utt/sw_0821_2711.utt,2/sw2711,2711,225,sd,B,142,1,Boardwalk and all that. /,Boardwalk/NNP and/CC all/DT that/DT ./.,,
sw08utt/sw_0821_2711.utt,2/sw2711,2711,226,b,A,143,1,"Yeah,  /","Yeah/UH ,/,",,
sw08utt/sw_0821_2711.utt,2/sw2711,2711,227,sd,A,143,2,the river walk.  /,the/DT river/NN walk/NN ./.,,
sw08utt/sw_0821_2711.utt,2/sw2711,2711,228,%,A,143,3,"{F Oh, } it's, -/","Oh/UH ,/, it/PRP 's/BES ,/,",,
sw08utt/sw_0821_2711.utt,2/sw2711,2711,229,b,B,144,1,Yeah. /,Yeah/UH ./.,,
sw08utt/sw_0821_2711.utt,2/sw2711,2711,230,ad,A,145,1,{C And } you need to go in the Spring when all the flowers are in bloom all up and down through there.  /,And/CC you/PRP need/VBP to/TO go/VB in/IN the/DT Spring/NNP when/WRB all/PDT the/DT flowers/NNS are/VBP in/IN bloom/NN all/DT up/RP and/CC down/RP through/IN there/RB ./.,,
sw08utt/sw_0821_2711.utt,2/sw2711,2711,231,sd,A,145,2,"{F Oh, } it's just simply beautiful. /","Oh/UH ,/, it/PRP 's/BES just/RB simply/RB beautiful/JJ ./.",,
sw08utt/sw_0821_2711.utt,2/sw2711,2711,232,sd,B,146,1,I've heard it's really pretty. /,I/PRP 've/VBP heard/VBN it/PRP 's/BES really/RB pretty/RB ./.,,
sw08utt/sw_0821_2711.utt,2/sw2711,2711,233,sd,A,147,1,"{C And, } of course, always when I lived in West Texas, had to annually go down to San Antone just, -/","And/CC ,/, of/IN course/NN ,/, always/RB when/WRB I/PRP lived/VBD in/IN West/NNP Texas/NNP ,/, had/VBD to/TO annually/RB go/VB down/IN to/IN San/NNP Antone/NNP just/RB ,/,",,
sw08utt/sw_0821_2711.utt,2/sw2711,2711,234,bh,B,148,1,Really? /,Really/UH ?/.,,
sw08utt/sw_0821_2711.utt,2/sw2711,2711,235,b,A,149,1,"Yeah,  /","Yeah/UH ,/,",,
sw08utt/sw_0821_2711.utt,2/sw2711,2711,236,ad,A,149,2,"{C and } go to, {F uh, } Lone Star,  /","and/CC go/VB to/TO ,/, uh/UH ,/, Lone/NNP Star/NNP ,/,",,
sw08utt/sw_0821_2711.utt,2/sw2711,2711,237,ad,A,149,3,"{C and } {F uh, } {D you know } make my annual pilgrimage to the Lone Star Brewery,  /","and/CC uh/UH ,/, you/PRP know/VBP make/VB my/PRP$ annual/JJ pilgrimage/NN to/IN the/DT Lone/NNP Star/NNP Brewery/NNP ,/,",,
sw08utt/sw_0821_2711.utt,2/sw2711,2711,238,o@,A,149,4,{C and. } *[[should be slash unit]],and/CC ./.,,
sw08utt/sw_0821_2711.utt,2/sw2711,2711,239,b,B,150,1,Yeah  /,Yeah/UH,,
sw08utt/sw_0821_2711.utt,2/sw2711.pos,2711,240,x,B,150,2,<laughter>.,./.
sw08utt/sw_0821_2711.utt,2/sw2711,2711,241,+@,A,151,1,"{F Uh, } El Paso is kind of neat in kind of a funny way.  / *[[should be slash unit]]","Uh/UH ,/, El/NNP Paso/NNP is/VBZ kind/RB of/RB neat/JJ in/IN kind/RB of/RB a/DT funny/JJ way/NN ./.",,
sw08utt/sw_0821_2711.utt,2/sw2711,2711,242,sd,A,151,2,"{D You know, } go across the border and all.  /","You/PRP know/VBP ,/, go/VB across/IN the/DT border/NN and/CC all/DT ./.",,
sw08utt/sw_0821_2711.utt,2/sw2711,2711,243,sd,A,151,3,"{F Uh, } the Davis Mountains are interesting,","Uh/UH ,/, the/DT Davis/NNP Mountains/NNPS are/VBP interesting/JJ ,/,",,
sw08utt/sw_0821_2711.utt,2/sw2711,2711,244,b,B,152,1,# Uh-huh. # /,Uh-huh/UH ./.,,
sw08utt/sw_0821_2711.utt,2/sw2711,2711,245,+,A,153,1,# out # there in West Texas. /,out/IN there/RB in/IN West/NNP Texas/NNP ./.,,
sw08utt/sw_0821_2711.utt,2/sw2711,2711,246,^g,B,154,1,Down by Big Bend? /,Down/IN by/IN Big/NNP Bend/NNP ?/.,,
sw08utt/sw_0821_2711.utt,2/sw2711,2711,247,ny,A,155,1,"Yeah,  /","Yeah/UH ,/,",,
sw08utt/sw_0821_2711.utt,2/sw2711,2711,248,ny^r,A,155,2,yeah.  /,yeah/UH ./.,,
sw08utt/sw_0821_2711.utt,2/sw2711,2711,249,sv,A,155,3,"{F Uh, } {D now } the right time of year to go there is in the middle of winter,","Uh/UH ,/, now/UH the/DT right/JJ time/NN of/IN year/NN to/TO go/VB there/RB is/VBZ in/IN the/DT middle/NN of/IN winter/NN ,/,",,
sw08utt/sw_0821_2711.utt,2/sw2711,2711,250,b,B,156,1,# Uh-huh. # /,Uh-huh/UH ./.,,
sw08utt/sw_0821_2711.utt,2/sw2711,2711,251,+,A,157,1,"# because, # <<pause>> there's a beauty to the desert that [ it can most be, + it can best be ] appreciated when you are not burning up. /","because/IN ,/, there/EX 's/BES a/DT beauty/NN to/IN the/DT desert/NN that/WDT it/PRP can/MD most/RBS be/VB ,/, it/PRP can/MD best/JJS be/VB appreciated/VBN when/WRB you/PRP are/VBP not/RB burning/VBG up/RP ./.",,
sw08utt/sw_0821_2711.utt,2/sw2711,2711,252,b,B,158,1,Yeah. /,Yeah/UH ./.,,
sw08utt/sw_0821_2711.utt,2/sw2711,2711,253,sv,A,159,1,"{D You know, } whenever you've been kind of cold where you are at.  It's most enjoyable,","You/PRP know/VBP ,/, whenever/WRB you/PRP 've/VBP been/VBN kind/RB of/RB cold/JJ where/WRB you/PRP are/VBP at/RB ./. It/PRP 's/BES most/RBS enjoyable/JJ ,/,",,
sw08utt/sw_0821_2711.utt,2/sw2711,2711,254,b,B,160,1,# {F Um. }  # /,Um/UH ./.,,
sw08utt/sw_0821_2711.utt,2/sw2711,2711,255,+,A,161,1,"# [ to # get, + {D you know, } to get ] warm. /","to/TO get/VB ,/, you/PRP know/VBP ,/, to/TO get/VB warm/JJ ./.",,
sw08utt/sw_0821_2711.utt,2/sw2711,2711,256,b,B,162,1,Uh-huh. /,Uh-huh/UH ./.,,
sw08utt/sw_0821_2711.utt,2/sw2711,2711,257,sv,A,163,1,"That's nice,  /","That/DT 's/BES nice/JJ ,/,",,
sw08utt/sw_0821_2711.utt,2/sw2711,2711,258,sv,A,163,2,"{F uh, } down there, in the lower Rio Grande Valley closer to where the Rio Grande empties into the Gulf, that's interesting.  /","uh/UH ,/, down/IN there/RB ,/, in/IN the/DT lower/JJR Rio/NNP Grande/NNP Valley/NNP closer/RBR to/IN where/WRB the/DT Rio/NNP Grande/NNP empties/VBZ into/IN the/DT Gulf/NNP ,/, that/DT 's/BES interesting/JJ ./.",,
sw08utt/sw_0821_2711.utt,2/sw2711,2711,259,sd,A,163,3,I love the Texas Hill Country. /,I/PRP love/VBP the/DT Texas/NNP Hill/NNP Country/NNP ./.,,
sw08utt/sw_0821_2711.utt,2/sw2711,2711,260,b,B,164,1,Yeah. /,Yeah/UH ./.,,
sw08utt/sw_0821_2711.utt,2/sw2711,2711,261,sv,A,165,1,"{C And, } {F uh, } Austin is neat [ for, + for ] an occasional visit. /","And/CC ,/, uh/UH ,/, Austin/NNP is/VBZ neat/JJ for/IN ,/, for/IN an/DT occasional/JJ visit/NN ./.",,
sw08utt/sw_0821_2711.utt,2/sw2711,2711,262,sd,B,166,1,I've heard to go to Austin too.  /,I/PRP 've/VBP heard/VBN to/TO go/VB to/IN Austin/NNP too/RB ./.,,
sw08utt/sw_0821_2711.utt,2/sw2711,2711,263,sd,B,166,2,A lot people say to go down there. /,A/DT lot/NN people/NNS say/VBP to/TO go/VB down/IN there/RB ./.,,
sw08utt/sw_0821_2711.utt,2/sw2711,2711,264,b,A,167,1,"Yeah,  /","Yeah/UH ,/,",,
sw08utt/sw_0821_2711.utt,2/sw2711,2711,265,b^r,A,167,2,yeah  /,yeah/UH,,
sw08utt/sw_0821_2711.utt,2/sw2711,2711,266,sd,A,167,3,"it's a fun few days.  {F Uh, } /","it/PRP 's/BES a/DT fun/NN few/JJ days/NNS ./. Uh/UH ,/,",,
sw08utt/sw_0821_2711.utt,2/sw2711,2711,267,qw,B,168,1,What's there to see in Austin? /,What/WP 's/BES there/RB to/TO see/VB in/IN Austin/NNP ?/.,,
sw08utt/sw_0821_2711.utt,2/sw2711,2711,268,sd,A,169,1,"{F Oh, } U T is real pretty. /","Oh/UH ,/, U/NNP T/NNP is/VBZ real/RB pretty/RB ./.",,
sw08utt/sw_0821_2711.utt,2/sw2711,2711,269,b,B,170,1,Uh-huh. /,Uh-huh/UH ./.,,
sw08utt/sw_0821_2711.utt,2/sw2711,2711,270,sd,A,171,1,"{F Uh, } there's a lot of little limestone lakes and caverns around that area,  Marble Falls and all.  /","Uh/UH ,/, there/EX 's/BES a/DT lot/NN of/IN little/JJ limestone/NN lakes/NNS and/CC caverns/NNS around/IN that/DT area/NN ,/, Marble/NNP Falls/NNP and/CC all/DT ./.",,
sw08utt/sw_0821_2711.utt,2/sw2711,2711,271,sv,A,171,2,That's real pretty.  /,That/DT 's/BES real/JJ pretty/RB ./.,,
sw08utt/sw_0821_2711.utt,2/sw2711,2711,272,ad,A,171,3,"{F Uh, } <ringing> I would say definitely go see that part  /","Uh/UH ,/, I/PRP would/MD say/VB definitely/RB go/VB see/VB that/DT part/NN",,
sw08utt/sw_0821_2711.utt,2/sw2711,2711,273,ad,A,171,4,"{C and, } {F uh, } I'd say go to, {F uh, } Midland once, just for the heck of it. /","and/CC ,/, uh/UH ,/, I/PRP 'd/MD say/VB go/NN to/IN ,/, uh/UH ,/, Midland/NNP once/RB ,/, just/RB for/IN the/DT heck/NN of/IN it/PRP ./.",,
sw08utt/sw_0821_2711.utt,2/sw2711,2711,274,x,B,172,1,<Laughter>.,,,
sw08utt/sw_0821_2711.utt,2/sw2711,2711,275,h,A,173,1,"I don't know why, {D exactly. } /","I/PRP do/VBP n't/RB know/VB why/WRB ,/, exactly/UH ./.",,
sw08utt/sw_0821_2711.utt,2/sw2711,2711,276,x,B,174,1,<Laughter>.,,,
sw08utt/sw_0821_2711.utt,2/sw2711,2711,277,ad,A,175,1,"{C But, } {F uh, } {D you know, } find out when they are holding <<pause>> the petroleum fair, {F uh, } /","But/CC ,/, uh/UH ,/, you/PRP know/VBP ,/, find/VB out/RP when/WRB they/PRP are/VBP holding/VBG the/DT petroleum/NN fair/NN ,/, uh/UH ,/,",,
