swda_filename,ptb_basename,conversation_no,transcript_index,act_tag,caller,utterance_index,subutterance_index,text,pos,trees,ptb_treenumbers
sw08utt/sw_0898_2303.utt,2/sw2303,2303,0,o,A,1,1,"All right,  /","All/RB right/JJ ,/,",,
sw08utt/sw_0898_2303.utt,2/sw2303,2303,1,ad@,A,1,2,we need to discuss the voters.,we/PRP need/VBP to/TO discuss/VB the/DT voters/NNS ./.,,
sw08utt/sw_0898_2303.utt,2/sw2303,2303,2,aa,B,2,1,Yes. /,Yes/UH ./.,,
sw08utt/sw_0898_2303.utt,2/sw2303,2303,3,+@,A,3,1,On a national and a local level. /,On/IN a/DT national/JJ and/CC a/DT local/JJ level/NN ./.,,
sw08utt/sw_0898_2303.utt,2/sw2303,2303,4,%,B,4,1,"[ I, + I, ] -/","I/PRP ,/, I/PRP ,/,",,
sw08utt/sw_0898_2303.utt,2/sw2303,2303,5,qw,A,5,1,Why do you think the apathy exists?  /,Why/WRB do/VBP you/PRP think/VB the/DT apathy/NN exists/VBZ ?/.,,
sw08utt/sw_0898_2303.utt,2/sw2303,2303,6,sv,A,5,2,I blame it to apathy. /,I/PRP blame/VBP it/PRP to/IN apathy/NN ./.,,
sw08utt/sw_0898_2303.utt,2/sw2303,2303,7,b,B,6,1,"Yeah,  /","Yeah/UH ,/,",,
sw08utt/sw_0898_2303.utt,2/sw2303,2303,8,sv,B,6,2,"{F um, } [ I, + I ] suspect the apathy is due to something like people just feeling [ that, + that ] their vote doesn't count anyway.  /","um/UH ,/, I/PRP ,/, I/PRP suspect/VBP the/DT apathy/NN is/VBZ due/IN to/IN something/NN like/IN people/NNS just/RB feeling/VBG that/IN ,/, that/IN their/PRP$ vote/NN does/VBZ n't/RB count/VB anyway/RB ./.",,
sw08utt/sw_0898_2303.utt,2/sw2303,2303,9,qh,B,6,3,"{E I mean, } [ why, + why ] bother voting [ if, + {F um, } if ] your vote won't make a difference.  /","I/PRP mean/VBP ,/, why/WRB ,/, why/WRB bother/VB voting/VBG if/IN ,/, um/UH ,/, if/IN your/PRP$ vote/NN wo/MD n't/RB make/VB a/DT difference/NN ./.",,
sw08utt/sw_0898_2303.utt,2/sw2303,2303,10,sd,B,6,4,"{C So } for instance, in, {F um, } the last presidential election, I'm sure a lot of people thought, {F Oh, } Bush is going to win either way,  /","So/RB for/IN instance/NN ,/, in/IN ,/, um/UH ,/, the/DT last/JJ presidential/JJ election/NN ,/, I/PRP 'm/VBP sure/JJ a/DT lot/NN of/IN people/NNS thought/VBD ,/, Oh/UH ,/, Bush/NNP is/VBZ going/VBG to/TO win/VB either/DT way/NN ,/,",,
sw08utt/sw_0898_2303.utt,2/sw2303,2303,11,qh,B,6,5,why bother voting. /,why/WRB bother/VB voting/VBG ./.,,
sw08utt/sw_0898_2303.utt,2/sw2303,2303,12,qh,A,7,1,Why should I go out of my way when it doesn't matter. /,Why/WRB should/MD I/PRP go/VBP out/IN of/IN my/PRP$ way/NN when/WRB it/PRP does/VBZ n't/RB matter/VB ./.,,
sw08utt/sw_0898_2303.utt,2/sw2303,2303,13,b,B,8,1,That's right.  /,That/DT 's/BES right/JJ ./.,,
sw08utt/sw_0898_2303.utt,2/sw2303,2303,14,%,B,8,2,"I think that's, - /","I/PRP think/VBP that/DT 's/BES ,/,",,
sw08utt/sw_0898_2303.utt,2/sw2303,2303,15,sd(^q),B,8,3,"[ {C and, } + {C and } ] the other side of the coin is, {F um, } people saying, {D well, } if I really like the underdog candidate, I still think they're not going to win,  /","and/CC ,/, and/CC the/DT other/JJ side/NN of/IN the/DT coin/NN is/VBZ ,/, um/UH ,/, people/NNS saying/VBG ,/, well/UH ,/, if/IN I/PRP really/RB like/IN the/DT underdog/NN candidate/NN ,/, I/PRP still/RB think/VBP they/PRP 're/VBP not/RB going/VBG to/TO win/VB ,/,",,
sw08utt/sw_0898_2303.utt,2/sw2303,2303,16,qh,B,8,4,"{C so } are only the same two caucuses, certainly not going to win, why bother voting for him.  /","so/RB are/VBP only/RB the/DT same/JJ two/CD caucuses/NNS ,/, certainly/RB not/RB going/VBG to/TO win/VB ,/, why/WRB bother/VB voting/VBG for/IN him/PRP ./.",,
sw08utt/sw_0898_2303.utt,2/sw2303,2303,17,sv,B,8,5,"{C So. } [ I thi-, + I think ] that's [ [ a big, + {F uh, } a big, ] + a big ] reason for it.  /","So/RB ./. I/PRP thi-/XX ,/, I/PRP think/VBP that/DT 's/BES a/DT big/JJ ,/, uh/UH ,/, a/DT big/JJ ,/, a/DT big/JJ reason/NN for/IN it/PRP ./.",,
sw08utt/sw_0898_2303.utt,2/sw2303,2303,18,qo,B,8,6,"How abou-, -/","How/WRB abou-/XX ,/,",,
sw08utt/sw_0898_2303.utt,2/sw2303,2303,19,aa,A,9,1,"{F Oh, } I think so, too.  /","Oh/UH ,/, I/PRP think/VBP so/RB ,/, too/RB ./.",,
sw08utt/sw_0898_2303.utt,2/sw2303,2303,20,sv,A,9,2,"{C And } I think the other thing is the news [ me-, + media ] puts such a blitz on it that they [ we-, + ] had it predetermined with a half of one percent voting, {D you know. } /","And/CC I/PRP think/VBP the/DT other/JJ thing/NN is/VBZ the/DT news/NN me-/NN ,/, media/NN puts/VBZ such/PDT a/DT blitz/NN on/IN it/PRP that/IN they/PRP we-/XX ,/, had/VBD it/PRP predetermined/VBN with/IN a/DT half/NN of/IN one/CD percent/NN voting/VBG ,/, you/PRP know/VBP ./.",,
sw08utt/sw_0898_2303.utt,2/sw2303,2303,21,aa,B,10,1,"{F Um, } that's true.  /","Um/UH ,/, that/DT 's/BES true/JJ ./.",,
sw08utt/sw_0898_2303.utt,2/sw2303,2303,22,sd,B,10,2,"{D Actually } I never thought about that,  /","Actually/UH I/PRP never/RB thought/VBD about/IN that/DT ,/,",,
sw08utt/sw_0898_2303.utt,2/sw2303,2303,23,aa,B,10,3,"[ that, + that's ] a good rea-, -/","that/IN ,/, that/DT 's/BES a/DT good/JJ rea-/XX ,/,",,
sw08utt/sw_0898_2303.utt,2/sw2303,2303,24,sv,A,11,1,"{C And } [ I, + I ] think [ the, + ] [ you hear the news, + {D you know, } you start out in the morning, and all day you hear the  news, ]  /","And/CC I/PRP ,/, I/PRP think/VBP the/DT ,/, you/PRP hear/VBP the/DT news/NN ,/, you/PRP know/VBP ,/, you/PRP start/VBP out/RP in/IN the/DT morning/NN ,/, and/CC all/DT day/NN you/PRP hear/VBP the/DT news/NN ,/,",,
sw08utt/sw_0898_2303.utt,2/sw2303,2303,25,sv@,A,11,2,"{C and } by time, {D say } you get off work and  go to vote.  You feel like it doesn't make any difference.","and/CC by/IN time/NN ,/, say/VB you/PRP get/VBP off/RP work/NN and/CC go/VBP to/TO vote/VB ./. You/PRP feel/VBP like/IN it/PRP does/VBZ n't/RB make/VB any/DT difference/NN ./.",,
sw08utt/sw_0898_2303.utt,2/sw2303,2303,26,aa,B,12,1,"That's true,  /","That/DT 's/BES true/JJ ,/,",,
sw08utt/sw_0898_2303.utt,2/sw2303,2303,27,aa^r,B,12,2,that's true. /,that/DT 's/BES true/JJ ./.,,
sw08utt/sw_0898_2303.utt,2/sw2303,2303,28,+@,A,13,1,Due to the overabundance of news we have available to us. /,Due/JJ to/IN the/DT overabundance/NN of/IN news/NN we/PRP have/VBP available/JJ to/IN us/PRP ./.,,
sw08utt/sw_0898_2303.utt,2/sw2303,2303,29,b,B,14,1,Uh-huh. /,Uh-huh/UH ./.,,
sw08utt/sw_0898_2303.utt,2/sw2303,2303,30,qw,A,15,1,What do you think on the local elections though? /,What/WP do/VBP you/PRP think/VB on/IN the/DT local/JJ elections/NNS though/RB ?/.,,
sw08utt/sw_0898_2303.utt,2/sw2303,2303,31,sv,B,16,1,"I think on the local elections it's actually, {F um, } - /","I/PRP think/VBP on/IN the/DT local/JJ elections/NNS it/PRP 's/BES actually/RB ,/, um/UH ,/,",,
sw08utt/sw_0898_2303.utt,2/sw2303,2303,32,sv,B,16,2,"[ I think, + {F um, } I think ] people vote in the larger elections because they feel like, {D well, } {D you know, } the country's real important,  /","I/PRP think/VBP ,/, um/UH ,/, I/PRP think/VBP people/NNS vote/VBP in/IN the/DT larger/JJR elections/NNS because/IN they/PRP feel/VBP like/IN ,/, well/UH ,/, you/PRP know/VBP ,/, the/DT country/NN 's/BES real/RB important/JJ ,/,",,
sw08utt/sw_0898_2303.utt,2/sw2303,2303,33,sv,B,16,3,"{C and, } {D you know, } [ if I, + if ] we help elect a president who's going to save us, [ then, + then ] the whole country will be saved.  /","and/CC ,/, you/PRP know/VBP ,/, if/IN I/PRP ,/, if/IN we/PRP help/VBP elect/VB a/DT president/NN who/WP 's/BES going/VBG to/TO save/VB us/PRP ,/, then/RB ,/, then/RB the/DT whole/JJ country/NN will/MD be/VB saved/VBN ./.",,
sw08utt/sw_0898_2303.utt,2/sw2303,2303,34,sv,B,16,4,"{C But } they figure local elections don't mean that much, I suspect.  /","But/CC they/PRP figure/VBP local/JJ elections/NNS do/VBP n't/RB mean/VB that/RB much/JJ ,/, I/PRP suspect/VBP ./.",,
sw08utt/sw_0898_2303.utt,2/sw2303,2303,35,sv,B,16,5,"{C So } people don't really worry about their local mayor or something, [ figuring that, + {D you know, } {A and I think wrongly, } figuring [ that, +  that, ] ] {D well, } what good is another mayor going to do anyway because our federal taxes are more important right now, [ and + {D you know, } and ] stuff like that.  /","So/RB people/NNS do/VBP n't/RB really/RB worry/VB about/IN their/PRP$ local/JJ mayor/NN or/CC something/NN ,/, figuring/VBG that/IN ,/, you/PRP know/VBP ,/, and/CC I/PRP think/VBP wrongly/RB ,/, figuring/VBG that/IN ,/, that/IN ,/, well/UH ,/, what/WP good/JJ is/VBZ another/DT mayor/NN going/VBG to/TO do/VB anyway/RB because/IN our/PRP$ federal/JJ taxes/NNS are/VBP more/RBR important/JJ right/RB now/RB ,/, and/CC you/PRP know/VBP ,/, and/CC stuff/NN like/IN that/DT ./.",,
sw08utt/sw_0898_2303.utt,2/sw2303,2303,36,sv,B,16,6,"{C So } people think [ [ [ that, + that, ] + that ] they don't have, + {F um, } [ that, + that ] ] it doesn't matter as much, whereas I think it's probably just the opposite is true.  /","So/RB people/NNS think/VBP that/IN ,/, that/IN ,/, that/IN they/PRP do/VBP n't/RB have/VB ,/, um/UH ,/, that/IN ,/, that/IN it/PRP does/VBZ n't/RB matter/VB as/RB much/JJ ,/, whereas/IN I/PRP think/VBP it/PRP 's/BES probably/RB just/RB the/DT opposite/NN is/VBZ true/JJ ./.",,
sw08utt/sw_0898_2303.utt,2/sw2303,2303,37,sv,B,16,7,I think it's probably the case that people could have more effect on a local level. /,I/PRP think/VBP it/PRP 's/BES probably/RB the/DT case/NN that/IN people/NNS could/MD have/VB more/JJR effect/NN on/IN a/DT local/JJ level/NN ./.,,
sw08utt/sw_0898_2303.utt,2/sw2303,2303,38,aa,A,17,1,"{F Oh, } I think so, too.  /","Oh/UH ,/, I/PRP think/VBP so/RB ,/, too/RB ./.",,
sw08utt/sw_0898_2303.utt,2/sw2303,2303,39,aa,A,17,2,Absolutely.  /,Absolutely/UH ./.,,
sw08utt/sw_0898_2303.utt,2/sw2303,2303,40,sv,A,17,3,"{F Uh, } I think another thing, - /","Uh/UH ,/, I/PRP think/VBP another/DT thing/NN ,/,",,
sw08utt/sw_0898_2303.utt,2/sw2303,2303,41,sd,A,17,4,"{C and } {F uh, } I'm making a judgment here that may or may, - /","and/CC uh/UH ,/, I/PRP 'm/VBP making/VBG a/DT judgment/NN here/RB that/WDT may/MD or/CC may/MD ,/,",,
sw08utt/sw_0898_2303.utt,2/sw2303,2303,42,sv,A,17,5,"I think it is totally wrong,  /","I/PRP think/VB it/PRP is/VBZ totally/RB wrong/JJ ,/,",,
sw08utt/sw_0898_2303.utt,2/sw2303,2303,43,%,A,17,6,{D well. } -/,well/UH ./.,,
sw08utt/sw_0898_2303.utt,2/sw2303,2303,44,b,B,18,1,<Laughter> {F Uh. } /,Uh/UH ./.,,
sw08utt/sw_0898_2303.utt,2/sw2303,2303,45,sv,A,19,1,"I think that the people that [ are, + ] have, {F um, } a lower income, which you automatically equate with lower education --","I/PRP think/VBP that/IN the/DT people/NNS that/WDT are/VBP ,/, have/VBP ,/, um/UH ,/, a/DT lower/JJR income/NN ,/, which/WDT you/PRP automatically/RB equate/VBP with/IN lower/JJR education/NN --/:",,
sw08utt/sw_0898_2303.utt,2/sw2303,2303,46,b,B,20,1,Right. /,Right/UH ./.,,
sw08utt/sw_0898_2303.utt,2/sw2303,2303,47,+,A,21,1,-- <Cough> tend not to be registered. /,--/: tend/VBP not/RB to/TO be/VB registered/VBN ./.,,
sw08utt/sw_0898_2303.utt,2/sw2303,2303,48,b,B,22,1,{F Um. } /,Um/UH ./.,,
sw08utt/sw_0898_2303.utt,2/sw2303,2303,49,sv,A,23,1,"{C And } they don't register,  /","And/CC they/PRP do/VBP n't/RB register/VB ,/,",,
sw08utt/sw_0898_2303.utt,2/sw2303,2303,50,sv,A,23,2,"{C and } they don't understand that you can't go and  vote and register all at the same time,  /","and/CC they/PRP do/VBP n't/RB understand/VB that/IN you/PRP ca/MD n't/RB go/VB and/CC vote/VB and/CC register/VB all/DT at/IN the/DT same/JJ time/NN ,/,",,
sw08utt/sw_0898_2303.utt,2/sw2303,2303,51,sv(^q),A,23,3,"{C or } when it gets down to the point of someone saying are you going to vote today, they say, {D Well, } I would -- /","or/CC when/WRB it/PRP gets/VBZ down/IN to/IN the/DT point/NN of/IN someone/NN saying/VBG are/VBP you/PRP going/VBG to/TO vote/VB today/NN ,/, they/PRP say/VBP ,/, Well/UH ,/, I/PRP would/MD --/:",,
sw08utt/sw_0898_2303.utt,2/sw2303,2303,52,b,B,24,1,"Right,  /","Right/UH ,/,",,
sw08utt/sw_0898_2303.utt,2/sw2303,2303,53,%,B,24,2,"{C but, } -/","but/CC ,/,",,
sw08utt/sw_0898_2303.utt,2/sw2303,2303,54,sd,A,25,1,"-- {C and } I believe in this,  /","--/: and/CC I/PRP believe/VBP in/IN this/DT ,/,",,
sw08utt/sw_0898_2303.utt,2/sw2303,2303,55,%,A,25,2,{C but. } -/,but/CC ./.,,
sw08utt/sw_0898_2303.utt,2/sw2303,2303,56,b,B,26,1,"Yeah,  /","Yeah/UH ,/,",,
sw08utt/sw_0898_2303.utt,2/sw2303,2303,57,sd,B,26,2,"[ that's, + that's ] possible.  /","that/DT 's/BES ,/, that/DT 's/BES possible/JJ ./.",,
sw08utt/sw_0898_2303.utt,2/sw2303,2303,58,sv,B,26,3,"I still think that a lot of those people are the ones who really think that their votes don't make a difference, though, as well.  /","I/PRP still/RB think/VBP that/IN a/DT lot/NN of/IN those/DT people/NNS are/VBP the/DT ones/NNS who/WP really/RB think/VBP that/IN their/PRP$ votes/NNS do/VBP n't/RB make/VB a/DT difference/NN ,/, though/RB ,/, as/IN well/RB ./.",,
sw08utt/sw_0898_2303.utt,2/sw2303,2303,59,sv(^q),B,26,4,"I think it's those same people who don't know any better about how we vote, [ [ are, + are, ] + are ] a lot of the people who think that {D well, } look at me, I'm just a little nobody.  /","I/PRP think/VBP it/PRP 's/BES those/DT same/JJ people/NNS who/WP do/VBP n't/RB know/VB any/DT better/JJR about/IN how/WRB we/PRP vote/VBP ,/, are/VBP ,/, are/VBP ,/, are/VBP a/DT lot/NN of/IN the/DT people/NNS who/WP think/VBP that/IN well/UH ,/, look/VB at/IN me/PRP ,/, I/PRP 'm/VBP just/RB a/DT little/JJ nobody/NN ./.",,
sw08utt/sw_0898_2303.utt,2/sw2303,2303,60,^q,B,26,5,My vote's not going to count anyway.  /,My/PRP$ vote/NN 's/BES not/RB going/VBG to/TO count/VB anyway/RB ./.,,
sw08utt/sw_0898_2303.utt,2/sw2303,2303,61,sv,B,26,6,"{D You know, } {C and } I think that's probably a portion of the population that massively under represent-, - /","You/PRP know/VBP ,/, and/CC I/PRP think/VBP that/DT 's/BES probably/RB a/DT portion/NN of/IN the/DT population/NN that/IN massively/RB under/IN represent-/XX ,/,",,
sw08utt/sw_0898_2303.utt,2/sw2303,2303,62,sv,B,26,7,"[ [ I, + I, ] + I ] would guess that that portion of the population is massively under represented. /","I/PRP ,/, I/PRP ,/, I/PRP would/MD guess/VB that/IN that/DT portion/NN of/IN the/DT population/NN is/VBZ massively/RB under/RB represented/JJ ./.",,
sw08utt/sw_0898_2303.utt,2/sw2303,2303,63,sd,A,27,1,"I had an interesting comment one time, a thought that would never have crossed my mind.  /","I/PRP had/VBD an/DT interesting/JJ comment/NN one/CD time/NN ,/, a/DT thought/VBD that/WDT would/MD never/RB have/VB crossed/VBN my/PRP$ mind/NN ./.",,
sw08utt/sw_0898_2303.utt,2/sw2303,2303,64,sd(^q),A,27,2,"I had someone tell me that, I will never register to vote because I don't want to serve on a jury <laughter>. /","I/PRP had/VBD someone/NN tell/VB me/PRP that/IN ,/, I/PRP will/MD never/RB register/VB to/TO vote/VB because/IN I/PRP do/VBP n't/RB want/VB to/TO serve/VB on/IN a/DT jury/NN ./.",,
sw08utt/sw_0898_2303.utt,2/sw2303,2303,65,br,B,28,1,{F Um? }  /,Um/UH ?/.,,
sw08utt/sw_0898_2303.utt,2/sw2303,2303,66,qw,B,28,2,What do they have to do with one another? /,What/WP do/VBP they/PRP have/VB to/TO do/VB with/IN one/CD another/DT ?/.,,
sw08utt/sw_0898_2303.utt,2/sw2303,2303,67,sd,A,29,1,"<Laughter> [ I just, + [ I, + ]  [ they, + ] I just ] wandered off from that one.  /","I/PRP just/RB ,/, I/PRP ,/, they/PRP ,/, I/PRP just/RB wandered/VBD off/RP from/IN that/DT one/CD ./.",,
sw08utt/sw_0898_2303.utt,2/sw2303,2303,68,sd,A,29,2,I was just so surprised and amazed with the statement that they say only registered voters can be picked for jury selection. /,I/PRP was/VBD just/RB so/RB surprised/JJ and/CC amazed/JJ with/IN the/DT statement/NN that/IN they/PRP say/VBP only/RB registered/JJ voters/NNS can/MD be/VB picked/VBN for/IN jury/NN selection/NN ./.,,
sw08utt/sw_0898_2303.utt,2/sw2303,2303,69,bf,B,30,1,"{F Oh, } {C so } they didn't want to wind up being a juror ever. /","Oh/UH ,/, so/RB they/PRP did/VBD n't/RB want/VB to/TO wind/VB up/RP being/VBG a/DT juror/NN ever/RB ./.",,
sw08utt/sw_0898_2303.utt,2/sw2303,2303,70,%,A,31,1,"{C So } they wor-, - /","So/RB they/PRP wor-/XX ,/,",,
sw08utt/sw_0898_2303.utt,2/sw2303,2303,71,sd,A,31,2,"if they don't vote, they don't have to be on a jury. /","if/IN they/PRP do/VBP n't/RB vote/VB ,/, they/PRP do/VBP n't/RB have/VB to/TO be/VB on/IN a/DT jury/NN ./.",,
sw08utt/sw_0898_2303.utt,2/sw2303,2303,72,sd,B,32,1,"{F Oh, } I didn't realize that actually.  /","Oh/UH ,/, I/PRP did/VBD n't/RB realize/VB that/DT actually/UH ./.",,
sw08utt/sw_0898_2303.utt,2/sw2303,2303,73,%,B,32,2,"That, -/","That/DT ,/,",,
sw08utt/sw_0898_2303.utt,2/sw2303,2303,74,sv,A,33,1,There is convoluted logic for you. /,There/EX is/VBZ convoluted/JJ logic/NN for/IN you/PRP ./.,,
sw08utt/sw_0898_2303.utt,2/sw2303,2303,75,aa,B,34,1,"Yeah,  /","Yeah/UH ,/,",,
sw08utt/sw_0898_2303.utt,2/sw2303,2303,76,aa,B,34,2,there is.  /,there/EX is/VBZ ./.,,
sw08utt/sw_0898_2303.utt,2/sw2303,2303,77,sv,B,34,3,There are much easier ways to get out of jury duty. /,There/EX are/VBP much/RB easier/JJR ways/NNS to/TO get/VB out/IN of/IN jury/NN duty/NN ./.,,
sw08utt/sw_0898_2303.utt,2/sw2303,2303,78,aa,A,35,1,<Laughter>  Yes. /,Yes/UH ./.,,
sw08utt/sw_0898_2303.utt,2/sw2303,2303,79,sd(^q),B,36,1,"Just go in and say, {F Oh, } I want to be a juror,  /","Just/RB go/VB in/RB and/CC say/VB ,/, Oh/UH ,/, I/PRP want/VBP to/TO be/VB a/DT juror/NN ,/,",,
sw08utt/sw_0898_2303.utt,2/sw2303,2303,80,^q,B,36,2,I can spot a guilty person a mile away. /,I/PRP can/MD spot/VB a/DT guilty/JJ person/NN a/DT mile/NN away/RB ./.,,
sw08utt/sw_0898_2303.utt,2/sw2303,2303,81,%,A,37,1,"{F Oh, } I just, - /","Oh/UH ,/, I/PRP just/RB ,/,",,
sw08utt/sw_0898_2303.utt,2/sw2303,2303,82,b,A,37,2,"right,  /","right/UH ,/,",,
sw08utt/sw_0898_2303.utt,2/sw2303,2303,83,b^r,A,37,3,right.  /,right/UH ./.,,
sw08utt/sw_0898_2303.utt,2/sw2303,2303,84,sv,A,37,4,There are so many other ways.  /,There/EX are/VBP so/RB many/JJ other/JJ ways/NNS ./.,,
sw08utt/sw_0898_2303.utt,2/sw2303,2303,85,sd,A,37,5,"{C But } that one, it just defeated me.  /","But/CC that/DT one/CD ,/, it/PRP just/RB defeated/VBD me/PRP ./.",,
sw08utt/sw_0898_2303.utt,2/sw2303,2303,86,sd,A,37,6,I didn't have any answer for that one.  /,I/PRP did/VBD n't/RB have/VB any/DT answer/NN for/IN that/DT one/CD ./.,,
sw08utt/sw_0898_2303.utt,2/sw2303,2303,87,sd,A,37,7,That one was just beyond my imagination. /,That/DT one/CD was/VBD just/RB beyond/IN my/PRP$ imagination/NN ./.,,
sw08utt/sw_0898_2303.utt,2/sw2303,2303,88,sv,B,38,1,"{D Well, } [ that, + that ] just seems to be a person who just [ [ doesn't care about much of anything around, [ sort of, + {D you know, } doesn't, + doesn't, ] + ] sort of, ] likes rights probably, but doesn't like [ respon-, + responsibilities. ] /","Well/UH ,/, that/DT ,/, that/DT just/RB seems/VBZ to/TO be/VB a/DT person/NN who/WP just/RB does/VBZ n't/RB care/VB about/IN much/JJ of/IN anything/NN around/IN ,/, sort/RB of/RB ,/, you/PRP know/VBP ,/, does/VBZ n't/RB ,/, does/VBZ n't/RB ,/, sort/RB of/RB ,/, likes/VBZ rights/NNS probably/RB ,/, but/CC does/VBZ n't/RB like/VB respon-/NN ,/, responsibilities/NNS ./.",,
sw08utt/sw_0898_2303.utt,2/sw2303,2303,89,aa,A,39,1,"That's a good point,  /","That/DT 's/BES a/DT good/JJ point/NN ,/,",,
sw08utt/sw_0898_2303.utt,2/sw2303,2303,90,sv,A,39,2,you're probably right. /,you/PRP 're/VBP probably/RB right/JJ ./.,,
sw08utt/sw_0898_2303.utt,2/sw2303,2303,91,sd(^q),B,40,1,"{E I mean, } that's what it boils down to, is [ people like to, + people say, ] {F Oh, } I don't want to be on jury, {D you know, }  /","I/PRP mean/VBP ,/, that/DT 's/BES what/WP it/PRP boils/VBZ down/RP to/IN ,/, is/VBZ people/NNS like/VBP to/TO ,/, people/NNS say/VBP ,/, Oh/UH ,/, I/PRP do/VBP n't/RB want/VB to/TO be/VB on/IN jury/NN ,/, you/PRP know/VBP ,/,",,
sw08utt/sw_0898_2303.utt,2/sw2303,2303,92,^q,B,40,2,"I don't want to serve on jury duty,  /","I/PRP do/VBP n't/RB want/VB to/TO serve/VB on/IN jury/NN duty/NN ,/,",,
sw08utt/sw_0898_2303.utt,2/sw2303,2303,93,^q,B,40,3,"I don't want to vote,  /","I/PRP do/VBP n't/RB want/VB to/TO vote/VB ,/,",,
sw08utt/sw_0898_2303.utt,2/sw2303,2303,94,^q,B,40,4,I don't want to do this and that.  /,I/PRP do/VBP n't/RB want/VB to/TO do/VB this/DT and/CC that/DT ./.,,
sw08utt/sw_0898_2303.utt,2/sw2303,2303,95,sd,B,40,5,"{D Well, } then they could, {D you know, } put them in the reverse situation, in the place where they don't have the right to be on jury duty  /","Well/UH ,/, then/RB they/PRP could/MD ,/, you/PRP know/VBP ,/, put/VB them/PRP in/IN the/DT reverse/NN situation/NN ,/, in/IN the/DT place/NN where/WRB they/PRP do/VBP n't/RB have/VB the/DT right/NN to/TO be/VB on/IN jury/NN duty/NN",,
sw08utt/sw_0898_2303.utt,2/sw2303,2303,96,sd,B,40,6,{C and } they don't have the right to vote -- /,and/CC they/PRP do/VBP n't/RB have/VB the/DT right/NN to/TO vote/VB --/:,,
sw08utt/sw_0898_2303.utt,2/sw2303,2303,97,%,A,41,1,"Which, -/","Which/WDT ,/,",,
sw08utt/sw_0898_2303.utt,2/sw2303,2303,98,sv,B,42,1,-- I suspect their opinions would change very quickly. /,--/: I/PRP suspect/VBP their/PRP$ opinions/NNS would/MD change/VB very/RB quickly/RB ./.,,
sw08utt/sw_0898_2303.utt,2/sw2303,2303,99,sd,A,43,1,"{C And } that was what I was thinking exactly about because in the Soviet Union they had an election,  /","And/CC that/DT was/VBD what/WP I/PRP was/VBD thinking/VBG exactly/RB about/IN because/IN in/IN the/DT Soviet/NNP Union/NNP they/PRP had/VBD an/DT election/NN ,/,",,
sw08utt/sw_0898_2303.utt,2/sw2303,2303,100,sd,A,43,2,"{C and } they had, [ what, + ] like a ninety-eight percent turnout. /","and/CC they/PRP had/VBD ,/, what/WP ,/, like/IN a/DT ninety-eight/CD percent/NN turnout/NN ./.",,
sw08utt/sw_0898_2303.utt,2/sw2303,2303,101,b,B,44,1,Yes. /,Yes/UH ./.,,
sw08utt/sw_0898_2303.utt,2/sw2303,2303,102,sd,A,45,1,A massive turnout.  /,A/DT massive/JJ turnout/NN ./.,,
sw08utt/sw_0898_2303.utt,2/sw2303,2303,103,sd,A,45,2,"At last, someone wants us to vote.  /","At/IN last/JJ ,/, someone/NN wants/VBZ us/PRP to/TO vote/VB ./.",,
sw08utt/sw_0898_2303.utt,2/sw2303,2303,104,sd,A,45,3,They were standing in lines to vote. /,They/PRP were/VBD standing/VBG in/IN lines/NNS to/TO vote/VB ./.,,
sw08utt/sw_0898_2303.utt,2/sw2303,2303,105,b,B,46,1,"Yes,  /","Yes/UH ,/,",,
sw08utt/sw_0898_2303.utt,2/sw2303,2303,106,sd,B,46,2,"[ they were, + they were ] doing that.  /","they/PRP were/VBD ,/, they/PRP were/VBD doing/VBG that/DT ./.",,
sw08utt/sw_0898_2303.utt,2/sw2303,2303,107,sv,B,46,3,"Unfortunately, [ [ what, + what, ] + ] [ they, + they ] had no idea what they were voting on <laughter> it turns out. /","Unfortunately/RB ,/, what/WP ,/, what/WP ,/, they/PRP ,/, they/PRP had/VBD no/DT idea/NN what/WP they/PRP were/VBD voting/VBG on/IN it/PRP turns/VBZ out/RP ./.",,
sw08utt/sw_0898_2303.utt,2/sw2303,2303,108,sv,A,47,1,{C And } their vote didn't count <laughter>. /,And/CC their/PRP$ vote/NN did/VBD n't/RB count/VB ./.,,
sw08utt/sw_0898_2303.utt,2/sw2303,2303,109,aa,B,48,1,That's right.  /,That/DT 's/BES right/JJ ./.,,
sw08utt/sw_0898_2303.utt,2/sw2303,2303,110,sd,B,48,2,"[ {C But, } + {C but } ] it's the thought, they all got out <rattling>.  /","But/CC ,/, but/CC it/PRP 's/BES the/DT thought/NN ,/, they/PRP all/DT got/VBD out/RB ./.",,
sw08utt/sw_0898_2303.utt,2/sw2303,2303,111,sd,B,48,3,"{C But } you wonder, [ [ if, + {D you know, } if, ] + if ] now the next election they have, if only half of them are going to show up.  /","But/CC you/PRP wonder/VBP ,/, if/IN ,/, you/PRP know/VBP ,/, if/IN ,/, if/IN now/RB the/DT next/JJ election/NN they/PRP have/VBP ,/, if/IN only/RB half/JJ of/IN them/PRP are/VBP going/VBG to/TO show/VB up/RP ./.",,
sw08utt/sw_0898_2303.utt,2/sw2303,2303,112,qh,B,48,4,{C Or } how many generations it will take until only half of the voters show up in Russia. /,Or/CC how/WRB many/JJ generations/NNS it/PRP will/MD take/VB until/IN only/RB half/JJ of/IN the/DT voters/NNS show/VBP up/RP in/IN Russia/NNP ./.,,
sw08utt/sw_0898_2303.utt,2/sw2303,2303,113,^2,A,49,1,{C Or } any one shows up. /,Or/CC any/DT one/CD shows/VBZ up/RP ./.,,
sw08utt/sw_0898_2303.utt,2/sw2303,2303,114,aa,B,50,1,Right.  /,Right/UH ./.,,
sw08utt/sw_0898_2303.utt,2/sw2303,2303,115,aa,B,50,2,"[ That's, + that's ] true. /","That/DT 's/BES ,/, that/DT 's/BES true/JJ ./.",,
sw08utt/sw_0898_2303.utt,2/sw2303,2303,116,sv,A,51,1,"Total indifference, {D you know, }  /","Total/JJ indifference/NN ,/, you/PRP know/VBP ,/,",,
sw08utt/sw_0898_2303.utt,2/sw2303,2303,117,qh,A,51,2,what difference does it make.  /,what/WP difference/NN does/VBZ it/PRP make/VBP ./.,,
sw08utt/sw_0898_2303.utt,2/sw2303,2303,118,sd,A,51,3,Back --,Back/RB --/:,,
sw08utt/sw_0898_2303.utt,2/sw2303,2303,119,b,B,52,1,Right. /,Right/UH ./.,,
sw08utt/sw_0898_2303.utt,2/sw2303,2303,120,+,A,53,1,-- gone the full circle. /,--/: gone/VBN the/DT full/JJ circle/NN ./.,,
sw08utt/sw_0898_2303.utt,2/sw2303,2303,121,sv,B,54,1,"{D Now } if things go the way [ [ that, + that, ] + that ] they are there, I think that they'll keep voting,  /","Now/UH if/IN things/NNS go/VBP the/DT way/NN that/IN ,/, that/IN ,/, that/IN they/PRP are/VBP there/RB ,/, I/PRP think/VBP that/IN they/PRP 'll/MD keep/VB voting/VBG ,/,",,
sw08utt/sw_0898_2303.utt,2/sw2303,2303,122,sv,B,54,2,"{C but } I think they'll wind up like us at some point, where [ people sort of, + ] only half of them will end up voting, and sort of caring enough to really make a statement,  /","but/CC I/PRP think/VBP they/PRP 'll/MD wind/VB up/RP like/IN us/PRP at/IN some/DT point/NN ,/, where/WRB people/NNS sort/RB of/RB ,/, only/RB half/JJ of/IN them/PRP will/MD end/VB up/RP voting/VBG ,/, and/CC sort/RB of/RB caring/VBG enough/RB to/TO really/RB make/VB a/DT statement/NN ,/,",,
sw08utt/sw_0898_2303.utt,2/sw2303,2303,123,sv,B,54,3,"{C so. }  {D You know, } [ I think, + I think ] [ that, + that ] the people who most need to vote sometimes [ are the, + are the ] ones [ who, + who ] are really out to make a statement, because, {D you know, } [ [ when, + when, ] + when ] you've got an underdog candidate who represents something, and even if he doesn't win, a large number of people voting for that particular candidate does, I think, make a statement --","so/RB ./. You/PRP know/VBP ,/, I/PRP think/VBP ,/, I/PRP think/VBP that/IN ,/, that/IN the/DT people/NNS who/WP most/RBS need/VBP to/TO vote/VB sometimes/RB are/VBP the/DT ,/, are/VBP the/DT ones/NNS who/WP ,/, who/WP are/VBP really/RB out/RB to/TO make/VB a/DT statement/NN ,/, because/IN ,/, you/PRP know/VBP ,/, when/WRB ,/, when/WRB ,/, when/WRB you/PRP 've/VBP got/VBN an/DT underdog/NN candidate/NN who/WP represents/VBZ something/NN ,/, and/CC even/RB if/IN he/PRP does/VBZ n't/RB win/VB ,/, a/DT large/JJ number/NN of/IN people/NNS voting/VBG for/IN that/DT particular/JJ candidate/NN does/VBZ ,/, I/PRP think/VBP ,/, make/VB a/DT statement/NN --/:",,
sw08utt/sw_0898_2303.utt,2/sw2303,2303,124,aa@,A,55,1,"{F Oh, }  certainly, there's a message there.","Oh/UH ,/, certainly/UH ,/, there/EX 's/BES a/DT message/NN there/RB ./.",,
sw08utt/sw_0898_2303.utt,2/sw2303,2303,125,+,B,56,1,-- to everyone else. /,--/: to/IN everyone/NN else/RB ./.,,
sw08utt/sw_0898_2303.utt,2/sw2303,2303,126,+@,A,57,1,Even if they lose. /,Even/RB if/IN they/PRP lose/VBP ./.,,
sw08utt/sw_0898_2303.utt,2/sw2303,2303,127,b,B,58,1,"Yeah,  /","Yeah/UH ,/,",,
sw08utt/sw_0898_2303.utt,2/sw2303,2303,128,%,B,58,2,I think  /,I/PRP think/VBP,,
sw08utt/sw_0898_2303.utt,2/sw2303,2303,129,sv,B,58,3,{C and } I think that's real important. /,and/CC I/PRP think/VBP that/DT 's/BES real/RB important/JJ ./.,,
sw08utt/sw_0898_2303.utt,2/sw2303,2303,130,sv,A,59,1,"{F Oh } {C and } I think women turn out to vote for women, too. /","Oh/UH and/CC I/PRP think/VBP women/NNS turn/VBP out/RP to/TO vote/VB for/IN women/NNS ,/, too/RB ./.",,
sw08utt/sw_0898_2303.utt,2/sw2303,2303,131,aa,B,60,1,That's probably true. /,That/DT 's/BES probably/RB true/JJ ./.,,
sw08utt/sw_0898_2303.utt,2/sw2303,2303,132,b,A,61,1,"Yeah,  /","Yeah/UH ,/,",,
sw08utt/sw_0898_2303.utt,2/sw2303,2303,133,%,A,61,2,"I thin-, - /","I/PRP thin/VBP ,/,",,
sw08utt/sw_0898_2303.utt,2/sw2303,2303,134,sd,A,61,3,"{D well, } I know it's true.  /","well/UH ,/, I/PRP know/VBP it/PRP 's/BES true/JJ ./.",,
sw08utt/sw_0898_2303.utt,2/sw2303,2303,135,sd,A,61,4,"You see a lot of that.  {D You know, } rally behind the female.  /","You/PRP see/VBP a/DT lot/NN of/IN that/DT ./. You/PRP know/VBP ,/, rally/VB behind/IN the/DT female/NN ./.",,
sw08utt/sw_0898_2303.utt,2/sw2303,2303,136,sd,A,61,5,"She may lose,  /","She/PRP may/MD lose/VB ,/,",,
sw08utt/sw_0898_2303.utt,2/sw2303,2303,137,sd,A,61,6,{C but } by golly we're going to make a statement here --,but/CC by/UH golly/UH we/PRP 're/VBP going/VBG to/TO make/VB a/DT statement/NN here/RB --/:,,
sw08utt/sw_0898_2303.utt,2/sw2303,2303,138,b,B,62,1,{F Um. } /,Um/UH ./.,,
sw08utt/sw_0898_2303.utt,2/sw2303,2303,139,+,A,63,1,-- {D you know. } /,--/: you/PRP know/VBP ./.,,
sw08utt/sw_0898_2303.utt,2/sw2303,2303,140,ba,B,64,1,"That's good,  /","That/DT 's/BES good/JJ ,/,",,
sw08utt/sw_0898_2303.utt,2/sw2303,2303,141,ba,B,64,2,that's actually really good.  /,that/DT 's/BES actually/RB really/RB good/JJ ./.,,
sw08utt/sw_0898_2303.utt,2/sw2303,2303,142,%,B,64,3,"{D Well, } [ act-, + act-, ] - /","Well/UH ,/, act-/UH ,/, act-/UH ,/,",,
sw08utt/sw_0898_2303.utt,2/sw2303,2303,143,sd,B,64,4,"{D actually } the female who I would most rally behind right now, [ right, + ] {A I don't know much about her politics, by [ the way, + the way ] she makes speeches } is a local person for you, is Ann Richards. /","actually/UH the/DT female/JJ who/WP I/PRP would/MD most/RBS rally/VB behind/IN right/RB now/RB ,/, right/UH ,/, I/PRP do/VBP n't/RB know/VB much/RB about/IN her/PRP$ politics/NNS ,/, by/IN the/DT way/NN ,/, the/DT way/NN she/PRP makes/VBZ speeches/NNS is/VBZ a/DT local/JJ person/NN for/IN you/PRP ,/, is/VBZ Ann/NNP Richards/NNP ./.",,
sw08utt/sw_0898_2303.utt,2/sw2303,2303,144,b,A,65,1,"{F Oh, } okay. /","Oh/UH ,/, okay/UH ./.",,
sw08utt/sw_0898_2303.utt,2/sw2303,2303,145,sd,B,66,1,I don't know her politics.  /,I/PRP do/VBP n't/RB know/VB her/PRP$ politics/NNS ./.,,
sw08utt/sw_0898_2303.utt,2/sw2303,2303,146,sd,B,66,2,"I just know that, {F uh, } I saw her speak in the eighty-four Democratic convention.  /","I/PRP just/RB know/VBP that/IN ,/, uh/UH ,/, I/PRP saw/VBD her/PRP$ speak/VB in/IN the/DT eighty-four/CD Democratic/JJ convention/NN ./.",,
sw08utt/sw_0898_2303.utt,2/sw2303,2303,147,sd,B,66,3,"{C And } right then and there, if they said to me vote for someone for president, I would have slapped down my vote for Ann Richards. /","And/CC right/RB then/RB and/CC there/RB ,/, if/IN they/PRP said/VBD to/IN me/PRP vote/VB for/IN someone/NN for/IN president/NN ,/, I/PRP would/MD have/VB slapped/VBN down/RP my/PRP$ vote/NN for/IN Ann/NNP Richards/NNP ./.",,
sw08utt/sw_0898_2303.utt,2/sw2303,2303,148,qy,A,67,1,"<Laughter> [ Was, + was ] that the time, - /","Was/VBD ,/, was/VBD that/DT the/DT time/NN ,/,",,
sw08utt/sw_0898_2303.utt,2/sw2303,2303,149,nn,A,67,2,no  /,no/UH,,
sw08utt/sw_0898_2303.utt,2/sw2303,2303,150,sd,A,67,3,"that was  eighty-four,  /","that/DT was/VBD eighty-four/CD ,/,",,
sw08utt/sw_0898_2303.utt,2/sw2303,2303,151,sd,A,67,4,that's too soon.  /,that/DT 's/BES too/RB soon/RB ./.,,
sw08utt/sw_0898_2303.utt,2/sw2303,2303,152,sd(^q),A,67,5,"She said something about, {F uh, } Ginger Rogers did everything Fred Astaire did,  /","She/PRP said/VBD something/NN about/IN ,/, uh/UH ,/, Ginger/NNP Rogers/NNP did/VBD everything/NN Fred/NNP Astaire/NNP did/VBD ,/,",,
sw08utt/sw_0898_2303.utt,2/sw2303,2303,153,^q,A,67,6,{C and } she did it backwards in high heels. /,and/CC she/PRP did/VBD it/PRP backwards/RB in/IN high/JJ heels/NNS ./.,,
sw08utt/sw_0898_2303.utt,2/sw2303,2303,154,ba,B,68,1,<Laughter> That's very good. /,That/DT 's/BES very/RB good/JJ ./.,,
sw08utt/sw_0898_2303.utt,2/sw2303,2303,155,sd,A,69,1,"She said that,  /","She/PRP said/VBD that/IN ,/,",,
sw08utt/sw_0898_2303.utt,2/sw2303,2303,156,sd,A,69,2,I didn't.  /,I/PRP did/VBD n't/RB ./.,,
sw08utt/sw_0898_2303.utt,2/sw2303,2303,157,%,A,69,3,"Said, {D you know, } - /","Said/VB ,/, you/PRP know/VBP ,/,",,
sw08utt/sw_0898_2303.utt,2/sw2303,2303,158,^q,A,69,4,don't tell me what women can do. /,do/VBP n't/RB tell/VB me/PRP what/WP women/NNS can/MD do/VB ./.,,
sw08utt/sw_0898_2303.utt,2/sw2303,2303,159,ba,B,70,1,"[ [ [ That's, + that's, ] + that's, ] + <dishes> that's ] very good.  /","That/DT 's/BES ,/, that/DT 's/BES ,/, that/DT 's/BES ,/, that/DT 's/BES very/RB good/JJ ./.",,
sw08utt/sw_0898_2303.utt,2/sw2303,2303,160,%,B,70,2,"That's, - /","That/DT 's/BES ,/,",,
sw08utt/sw_0898_2303.utt,2/sw2303,2303,161,sd,B,70,3,"[ I, + I ] like that.  /","I/PRP ,/, I/PRP like/VBP that/DT ./.",,
sw08utt/sw_0898_2303.utt,2/sw2303,2303,162,sd,B,70,4,"{C So } [ I would, + {F uh, } I would ] <dishes> vote for her,  /","So/RB I/PRP would/MD ,/, uh/UH ,/, I/PRP would/MD vote/VB for/IN her/PRP$ ,/,",,
sw08utt/sw_0898_2303.utt,2/sw2303,2303,163,sv,B,70,5,{C and } I suspect she could get a large voter turnout. /,and/CC I/PRP suspect/VBP she/PRP could/MD get/VB a/DT large/JJ voter/NN turnout/NN ./.,,
sw08utt/sw_0898_2303.utt,2/sw2303,2303,164,sd,A,71,1,"I think I did vote for her, as a matter of fact.  /","I/PRP think/VBP I/PRP did/VBD vote/VB for/IN her/PRP$ ,/, as/IN a/DT matter/NN of/IN fact/NN ./.",,
sw08utt/sw_0898_2303.utt,2/sw2303,2303,165,sd,A,71,2,I'm pretty sure I did. /,I/PRP 'm/VBP pretty/RB sure/JJ I/PRP did/VBD ./.,,
sw08utt/sw_0898_2303.utt,2/sw2303,2303,166,sd,B,72,1,"{D Say, } [ [ I, + I, ] + I ] would think [ [ that, + {F um, } that, ] + that ] people like that,  /","Say/UH ,/, I/PRP ,/, I/PRP ,/, I/PRP would/MD think/VB that/IN ,/, um/UH ,/, that/IN ,/, that/IN people/NNS like/IN that/DT ,/,",,
sw08utt/sw_0898_2303.utt,2/sw2303,2303,167,sv,B,72,2,"I think [ in-, + inflammatory ] politicians are, {F um, } - /","I/PRP think/VBP in-/XX ,/, inflammatory/JJ politicians/NNS are/VBP ,/, um/UH ,/,",,
sw08utt/sw_0898_2303.utt,2/sw2303,2303,168,sv,B,72,3,"{C or, } {C or } emotional politicians, certain very vibrant politicians tend to bring crowds out, I think.  /","or/CC ,/, or/CC emotional/JJ politicians/NNS ,/, certain/JJ very/RB vibrant/JJ politicians/NNS tend/VBP to/TO bring/VB crowds/NNS out/RB ,/, I/PRP think/VBP ./.",,
sw08utt/sw_0898_2303.utt,2/sw2303,2303,169,sd,B,72,4,I would hope. /,I/PRP would/MD hope/VB ./.,,
sw08utt/sw_0898_2303.utt,2/sw2303,2303,170,sv,A,73,1,"{D Well, } {C and } some of the issues are so emotional. /","Well/UH ,/, and/CC some/DT of/IN the/DT issues/NNS are/VBP so/RB emotional/JJ ./.",,
sw08utt/sw_0898_2303.utt,2/sw2303,2303,171,b,B,74,1,Uh-huh. /,Uh-huh/UH ./.,,
sw08utt/sw_0898_2303.utt,2/sw2303,2303,172,sd,A,75,1,"{D You know, } some of [ the really, + the really ] emotional ones. - /","You/PRP know/VBP ,/, some/DT of/IN the/DT really/RB ,/, the/DT really/RB emotional/JJ ones/NNS ./.",,
sw08utt/sw_0898_2303.utt,2/sw2303,2303,173,qy,A,75,2,Have you followed the Dallas elections on zoning? /,Have/VBP you/PRP followed/VBN the/DT Dallas/NNP elections/NNS on/IN zoning/NN ?/.,,
sw08utt/sw_0898_2303.utt,2/sw2303,2303,174,nn,B,76,1,"No,  /","No/UH ,/,",,
sw08utt/sw_0898_2303.utt,2/sw2303,2303,175,sd^e,B,76,2,"I've heard of it,  /","I/PRP 've/VBP heard/VBN of/IN it/PRP ,/,",,
sw08utt/sw_0898_2303.utt,2/sw2303,2303,176,sd,B,76,3,"{C but } not necessarily the, - /","but/CC not/RB necessarily/RB the/DT ,/,",,
sw08utt/sw_0898_2303.utt,2/sw2303,2303,177,sd,B,76,4,I've heard it's very controversial though. /,I/PRP 've/VBP heard/VBN it/PRP 's/BES very/RB controversial/JJ though/RB ./.,,
sw08utt/sw_0898_2303.utt,2/sw2303,2303,178,%,A,77,1,"I, - /","I/PRP ,/,",,
sw08utt/sw_0898_2303.utt,2/sw2303,2303,179,sd,A,77,2,everyone has made so many statements.  /,everyone/NN has/VBZ made/VBN so/RB many/JJ statements/NNS ./.,,
sw08utt/sw_0898_2303.utt,2/sw2303,2303,180,sd,A,77,3,I don't live in Dallas county. /,I/PRP do/VBP n't/RB live/VB in/IN Dallas/NNP county/NN ./.,,
sw08utt/sw_0898_2303.utt,2/sw2303,2303,181,b,B,78,1,Uh-huh. /,Uh-huh/UH ./.,,
sw08utt/sw_0898_2303.utt,2/sw2303,2303,182,sd,A,79,1,"{C But, } I've heard so many statements that I've lost track. /","But/CC ,/, I/PRP 've/VBP heard/VBN so/RB many/JJ statements/NNS that/IN I/PRP 've/VBP lost/VBN track/NN ./.",,
sw08utt/sw_0898_2303.utt,2/sw2303,2303,183,b,B,80,1,{F Um. } /,Um/UH ./.,,
sw08utt/sw_0898_2303.utt,2/sw2303,2303,184,sd,A,81,1,"I honestly at this point, - /","I/PRP honestly/RB at/IN this/DT point/NN ,/,",,
sw08utt/sw_0898_2303.utt,2/sw2303,2303,185,sd,A,81,2,"[ it's, + it's ] just too blown out of proportion for everyone.  /","it/PRP 's/BES ,/, it/PRP 's/BES just/RB too/RB blown/VBN out/IN of/IN proportion/NN for/IN everyone/NN ./.",,
sw08utt/sw_0898_2303.utt,2/sw2303,2303,186,%,A,81,3,"You really, - /","You/PRP really/RB ,/,",,
sw08utt/sw_0898_2303.utt,2/sw2303,2303,187,sd,A,81,4,even the news.  You cannot follow --,even/RB the/DT news/NN ./. You/PRP can/MD not/RB follow/VB --/:,,
sw08utt/sw_0898_2303.utt,2/sw2303,2303,188,b@,B,82,1,Yes.,Yes/UH ./.,,
sw08utt/sw_0898_2303.utt,2/sw2303,2303,189,+,A,83,1,"-- what [ the sto-, + the ] actual facts are at this point. /","--/: what/WP the/DT sto-/NN ,/, the/DT actual/JJ facts/NNS are/VBP at/IN this/DT point/NN ./.",,
sw08utt/sw_0898_2303.utt,2/sw2303,2303,190,+@,B,84,1,"That's what, -/","That/DT 's/BES what/WP ,/,",,
sw08utt/sw_0898_2303.utt,2/sw2303,2303,191,sd,A,85,1,"[ I don't, + I don't ] really know if some of the poor judges that are trying to decide how it should be divided. /","I/PRP do/VBP n't/RB ,/, I/PRP do/VBP n't/RB really/RB know/VB if/IN some/DT of/IN the/DT poor/JJ judges/NNS that/WDT are/VBP trying/VBG to/TO decide/VB how/WRB it/PRP should/MD be/VB divided/VBN ./.",,
sw08utt/sw_0898_2303.utt,2/sw2303,2303,192,b,B,86,1,Uh-huh. /,Uh-huh/UH ./.,,
sw08utt/sw_0898_2303.utt,2/sw2303,2303,193,sd,A,87,1,I wonder about them at some point. /,I/PRP wonder/VBP about/IN them/PRP at/IN some/DT point/NN ./.,,
sw08utt/sw_0898_2303.utt,2/sw2303,2303,194,b,B,88,1,"{F Um, } uh-huh.  /","Um/UH ,/, uh-huh/UH ./.",,
sw08utt/sw_0898_2303.utt,2/sw2303,2303,195,sd,B,88,2,"{D Well, } they were elected as well,  /","Well/UH ,/, they/PRP were/VBD elected/VBN as/IN well/RB ,/,",,
sw08utt/sw_0898_2303.utt,2/sw2303,2303,196,sd,B,88,3,[ {C so. } +,so/RB ./.,,
sw08utt/sw_0898_2303.utt,2/sw2303,2303,197,ba,A,89,1,That's correct. /,That/DT 's/BES correct/JJ ./.,,
sw08utt/sw_0898_2303.utt,2/sw2303,2303,198,+,B,90,1,"[ {C So. } + {C So } ] ] they're going to be, -/","So/RB ./. So/RB they/PRP 're/VBP going/VBG to/TO be/VB ,/,",,
sw08utt/sw_0898_2303.utt,2/sw2303,2303,199,sd,A,91,1,"[ {C And } that's, + {C and } that's ] another interesting question.  /","And/CC that/DT 's/BES ,/, and/CC that/DT 's/BES another/DT interesting/JJ question/NN ./.",,
sw08utt/sw_0898_2303.utt,2/sw2303,2303,200,qh,A,91,2,Should judges be elected or appointed. /,Should/MD judges/NNS be/VB elected/VBN or/CC appointed/VBN ./.,,
sw08utt/sw_0898_2303.utt,2/sw2303,2303,201,aa,B,92,1,"That's true,  /","That/DT 's/BES true/JJ ,/,",,
sw08utt/sw_0898_2303.utt,2/sw2303,2303,202,aa,B,92,2,that's true.  /,that/DT 's/BES true/JJ ./.,,
sw08utt/sw_0898_2303.utt,2/sw2303,2303,203,o@,B,92,3,"{D Well, }","Well/UH ,/,",,
sw08utt/sw_0898_2303.utt,2/sw2303,2303,204,qy,A,93,1,"Are they politicians, -/","Are/VBP they/PRP politicians/NNS ,/,",,
sw08utt/sw_0898_2303.utt,2/sw2303,2303,205,+@,B,94,1,"{D Well } in some sense they should be politicians in that, {D you know, } you want them to respect the people  /","Well/UH in/IN some/DT sense/NN they/PRP should/MD be/VB politicians/NNS in/IN that/DT ,/, you/PRP know/VBP ,/, you/PRP want/VBP them/PRP to/TO respect/VB the/DT people/NNS",,
sw08utt/sw_0898_2303.utt,2/sw2303,2303,206,sv,B,94,2,"{C and } [ you don't want them to have, + you don't want ] a judge to be appointed because you don't want someone's friend to be a judge. /","and/CC you/PRP do/VBP n't/RB want/VB them/PRP to/TO have/VB ,/, you/PRP do/VBP n't/RB want/VB a/DT judge/NN to/TO be/VB appointed/VBN because/IN you/PRP do/VBP n't/RB want/VB someone/NN 's/POS friend/NN to/TO be/VB a/DT judge/NN ./.",,
sw08utt/sw_0898_2303.utt,2/sw2303,2303,207,b,A,95,1,Sure. /,Sure/UH ./.,,
sw08utt/sw_0898_2303.utt,2/sw2303,2303,208,sd,B,96,1,"{C But } on the other hand, -/","But/CC on/IN the/DT other/JJ hand/NN ,/,",,
sw08utt/sw_0898_2303.utt,2/sw2303,2303,209,^2,A,97,1,"{C Or } you want to take the other side of it, you can argue, - /","Or/CC you/PRP want/VBP to/TO take/VB the/DT other/JJ side/NN of/IN it/PRP ,/, you/PRP can/MD argue/VB ,/,",,
sw08utt/sw_0898_2303.utt,2/sw2303,2303,210,sv,A,97,2,that's one of those you can pick either side -- /,that/DT 's/BES one/CD of/IN those/DT you/PRP can/MD pick/VB either/DT side/NN --/:,,
sw08utt/sw_0898_2303.utt,2/sw2303,2303,211,aa,B,98,1,Right. /,Right/UH ./.,,
sw08utt/sw_0898_2303.utt,2/sw2303,2303,212,sv,A,99,1,-- {C and } we could spend a lot of time on it --,--/: and/CC we/PRP could/MD spend/VB a/DT lot/NN of/IN time/NN on/IN it/PRP --/:,,
sw08utt/sw_0898_2303.utt,2/sw2303,2303,213,aa,B,100,1,That's right. /,That/DT 's/BES right/JJ ./.,,
sw08utt/sw_0898_2303.utt,2/sw2303,2303,214,+,A,101,1,"-- because [ it's, + it's ] difficult. /","--/: because/IN it/PRP 's/BES ,/, it/PRP 's/BES difficult/JJ ./.",,
sw08utt/sw_0898_2303.utt,2/sw2303,2303,215,b,B,102,1,Uh-huh. /,Uh-huh/UH ./.,,
sw08utt/sw_0898_2303.utt,2/sw2303,2303,216,sv,A,103,1,"It's situational, really. /","It/PRP 's/BES situational/JJ ,/, really/UH ./.",,
sw08utt/sw_0898_2303.utt,2/sw2303,2303,217,qw,B,104,1,"{C So, } how do you think we can get people to vote?  /","So/UH ,/, how/WRB do/VBP you/PRP think/VB we/PRP can/MD get/VB people/NNS to/TO vote/VB ?/.",,
sw08utt/sw_0898_2303.utt,2/sw2303.pos,2303,218,x,B,104,2,<laughter>.,./.
sw08utt/sw_0898_2303.utt,2/sw2303,2303,219,%,A,105,1,"{F Uh, } {F uh, } /","Uh/UH ,/, uh/UH ,/,",,
sw08utt/sw_0898_2303.utt,2/sw2303,2303,220,sv,B,106,1,"I've had one idea that I think [ [ is, + is, ] + is ] completely undoable,  /","I/PRP 've/VBP had/VBN one/CD idea/NN that/IN I/PRP think/VBP is/VBZ ,/, is/VBZ ,/, is/VBZ completely/RB undoable/JJ ,/,",,
sw08utt/sw_0898_2303.utt,2/sw2303,2303,221,%,B,106,2,"[ {C but, } + {C but } ] I think, - /","but/CC ,/, but/CC I/PRP think/VBP ,/,",,
sw08utt/sw_0898_2303.utt,2/sw2303,2303,222,sv,B,106,3,{C but } I suspect it would work.  /,but/CC I/PRP suspect/VBP it/PRP would/MD work/VB ./.,,
sw08utt/sw_0898_2303.utt,2/sw2303,2303,223,sv,B,106,4,"{C And } the way to do it is to get an absolutely atrocious candidate, who you never expect to win, to go out and  make inflammatory and ridiculous and stupid statements, so that a large population [ of, + of ] voters will go out and vote against that person for someone else. /","And/CC the/DT way/NN to/TO do/VB it/PRP is/VBZ to/TO get/VB an/DT absolutely/RB atrocious/JJ candidate/NN ,/, who/WP you/PRP never/RB expect/VBP to/TO win/VB ,/, to/TO go/VB out/RB and/CC make/VB inflammatory/JJ and/CC ridiculous/JJ and/CC stupid/JJ statements/NNS ,/, so/IN that/IN a/DT large/JJ population/NN of/IN ,/, of/IN voters/NNS will/MD go/VB out/RB and/CC vote/VB against/IN that/DT person/NN for/IN someone/NN else/RB ./.",,
sw08utt/sw_0898_2303.utt,2/sw2303,2303,224,b,A,107,1,Oh. /,Oh/UH ./.,,
sw08utt/sw_0898_2303.utt,2/sw2303,2303,225,sd,B,108,1,"{C So } given a choice between, {D you know, } - /","So/RB given/VBN a/DT choice/NN between/IN ,/, you/PRP know/VBP ,/,",,
sw08utt/sw_0898_2303.utt,2/sw2303,2303,226,%,B,108,2,"so that, - /","so/IN that/IN ,/,",,
sw08utt/sw_0898_2303.utt,2/sw2303,2303,227,%,B,108,3,"{C so } if you have, - /","so/RB if/IN you/PRP have/VBP ,/,",,
sw08utt/sw_0898_2303.utt,2/sw2303,2303,228,%,B,108,4,"{C so } [ if, + if, ] - /","so/RB if/IN ,/, if/IN ,/,",,
sw08utt/sw_0898_2303.utt,2/sw2303,2303,229,sv,B,108,5,"imagine a world where you have two real candidates and one idiot who goes out and makes, {D you know, } [ anti, + {D you know, } sort of, {F um, } anti ] women statements, anti semitic statements, anti black statements, et cetera, et cetera,  /","imagine/VB a/DT world/NN where/WRB you/PRP have/VBP two/CD real/JJ candidates/NNS and/CC one/CD idiot/JJ who/WP goes/VBZ out/RB and/CC makes/VBZ ,/, you/PRP know/VBP ,/, anti/JJ ,/, you/PRP know/VBP ,/, sort/RB of/RB ,/, um/UH ,/, anti/JJ women/NNS statements/NNS ,/, anti/JJ semitic/JJ statements/NNS ,/, anti/IN black/NN statements/NNS ,/, et/FW cetera/FW ,/, et/FW cetera/FW ,/,",,
sw08utt/sw_0898_2303.utt,2/sw2303,2303,230,sv,B,108,6,"{D well } then I suspect a lot of people would go out and choose a candidate to vote [ for + ] [ just, + just ] to spite that person.  /","well/UH then/RB I/PRP suspect/VBP a/DT lot/NN of/IN people/NNS would/MD go/VB out/RB and/CC choose/VB a/DT candidate/NN to/TO vote/VB for/IN just/RB ,/, just/RB to/TO spite/VB that/DT person/NN ./.",,
sw08utt/sw_0898_2303.utt,2/sw2303,2303,231,sv,B,108,7,{C But } I don't think --,But/CC I/PRP do/VBP n't/RB think/VB --/:,,
sw08utt/sw_0898_2303.utt,2/sw2303,2303,232,b,A,109,1,{F Um. } /,Um/UH ./.,,
sw08utt/sw_0898_2303.utt,2/sw2303,2303,233,+,B,110,1,"-- [ that, + that ] would actually ever work. /","--/: that/DT ,/, that/DT would/MD actually/RB ever/RB work/VB ./.",,
sw08utt/sw_0898_2303.utt,2/sw2303,2303,234,aa,A,111,1,"{D Well, } this is true,  /","Well/UH ,/, this/DT is/VBZ true/JJ ,/,",,
sw08utt/sw_0898_2303.utt,2/sw2303,2303,235,aa^r,A,111,2,this is true.  /,this/DT is/VBZ true/JJ ./.,,
sw08utt/sw_0898_2303.utt,2/sw2303,2303,236,sd,A,111,3,I was worrying along the lines of you get every time someone puts in a ballot in a ballot box --,I/PRP was/VBD worrying/VBG along/IN the/DT lines/NNS of/IN you/PRP get/VBP every/DT time/NN someone/NN puts/VBZ in/IN a/DT ballot/NN in/IN a/DT ballot/NN box/NN --/:,,
sw08utt/sw_0898_2303.utt,2/sw2303,2303,237,b,B,112,1,Uh-huh. /,Uh-huh/UH ./.,,
sw08utt/sw_0898_2303.utt,2/sw2303,2303,238,+,A,113,1,-- a dollar bill comes out the bottom. /,--/: a/DT dollar/NN bill/NN comes/VBZ out/RB the/DT bottom/NN ./.,,
sw08utt/sw_0898_2303.utt,2/sw2303,2303,239,ba,B,114,1,<Laughter>  That's an interesting notion. /,That/DT 's/BES an/DT interesting/JJ notion/NN ./.,,
sw08utt/sw_0898_2303.utt,2/sw2303,2303,240,sv,A,115,1,That might work in some places. /,That/DT might/MD work/VB in/IN some/DT places/NNS ./.,,
sw08utt/sw_0898_2303.utt,2/sw2303,2303,241,sd,B,116,1,"[ [ [ That, + that, ] + that, ] + that ] would be interesting,  /","That/DT ,/, that/DT ,/, that/DT ,/, that/DT would/MD be/VB interesting/JJ ,/,",,
sw08utt/sw_0898_2303.utt,2/sw2303,2303,242,ny,B,116,2,"yes,  /","yes/UH ,/,",,
sw08utt/sw_0898_2303.utt,2/sw2303,2303,243,sv^e,B,116,3,"I think that would work in some places,  /","I/PRP think/VBP that/DT would/MD work/VB in/IN some/DT places/NNS ,/,",,
sw08utt/sw_0898_2303.utt,2/sw2303,2303,244,%,B,116,4,yeah ... /,yeah/UH .../:,,
