swda_filename,ptb_basename,conversation_no,transcript_index,act_tag,caller,utterance_index,subutterance_index,text,pos,trees,ptb_treenumbers
sw08utt/sw_0811_2278.utt,2/sw2278,2278,0,o,B,1,1,"Okay,  /","Okay/UH ,/,",,
sw08utt/sw_0811_2278.utt,2/sw2278,2278,1,qy,B,1,2,"{F um, } {D so, } {F um, } do you have any favorite teams? /","um/UH ,/, so/UH ,/, um/UH ,/, do/VBP you/PRP have/VB any/DT favorite/JJ teams/NNS ?/.",,
sw08utt/sw_0811_2278.utt,2/sw2278,2278,2,na,A,2,1,"{D Well, } I kind of like them all.  /","Well/UH ,/, I/PRP kind/RB of/RB like/VBP them/PRP all/DT ./.",,
sw08utt/sw_0811_2278.utt,2/sw2278,2278,3,sd,A,2,2,"I played for about eighteen years, all the way through college, and then, {F uh, } kind of hung them up after college, /","I/PRP played/VBD for/IN about/IN eighteen/CD years/NNS ,/, all/PDT the/DT way/NN through/IN college/NN ,/, and/CC then/RB ,/, uh/UH ,/, kind/RB of/RB hung/VBD them/PRP up/RP after/IN college/NN ,/,",,
sw08utt/sw_0811_2278.utt,2/sw2278,2278,4,%,A,2,3,"{C but, } <laughter>. -/","but/CC ,/, ./.",,
sw08utt/sw_0811_2278.utt,2/sw2278,2278,5,sd,B,3,1,"{F Oh, } I was going to say, you played pro ball, /","Oh/UH ,/, I/PRP was/VBD going/VBG to/TO say/VB ,/, you/PRP played/VBD pro/JJ ball/NN ,/,",,
sw08utt/sw_0811_2278.utt,2/sw2278,2278,6,^g,B,3,2,right? /,right/UH ?/.,,
sw08utt/sw_0811_2278.utt,2/sw2278,2278,7,nn,A,4,1,"No,  /","No/UH ,/,",,
sw08utt/sw_0811_2278.utt,2/sw2278,2278,8,sd^e,A,4,2,not quite. /,not/RB quite/RB ./.,,
sw08utt/sw_0811_2278.utt,2/sw2278,2278,9,b^m,B,5,1,"Not quite, {F huh. } /","Not/RB quite/RB ,/, huh/UH ./.",,
sw08utt/sw_0811_2278.utt,2/sw2278,2278,10,%,A,6,1,"Made it, - /","Made/VBD it/PRP ,/,",,
sw08utt/sw_0811_2278.utt,2/sw2278,2278,11,%,A,6,2,"yeah,  /","yeah/UH ,/,",,
sw08utt/sw_0811_2278.utt,2/sw2278,2278,12,sd,A,6,3,"made it all the way through four years of college playing ball,  /","made/VBD it/PRP all/PDT the/DT way/NN through/IN four/CD years/NNS of/IN college/NN playing/VBG ball/NN ,/,",,
sw08utt/sw_0811_2278.utt,2/sw2278,2278,13,o@,A,6,4,"{C but, }","but/CC ,/,",,
sw08utt/sw_0811_2278.utt,2/sw2278,2278,14,b,B,7,1,Oh. /,Oh/UH ./.,,
sw08utt/sw_0811_2278.utt,2/sw2278,2278,15,+@,A,8,1,"{D Anyway. }  {F Uh, } being in Rochester, you probably like the Mets. /","Anyway/RB ./. Uh/UH ,/, being/VBG in/IN Rochester/NNP ,/, you/PRP probably/RB like/VBP the/DT Mets/NNPS ./.",,
sw08utt/sw_0811_2278.utt,2/sw2278,2278,16,ny,B,9,1,"Yes,  /","Yes/UH ,/,",,
sw08utt/sw_0811_2278.utt,2/sw2278,2278,17,sd^e,B,9,2,"I'm {D actually } a Met, - /","I/PRP 'm/VBP actually/RB a/DT Met/NNP ,/,",,
sw08utt/sw_0811_2278.utt,2/sw2278,2278,18,sd,B,9,3,"[ I'm, + I'm ] one of these people who's actually a die hard Mets fan,","I/PRP 'm/VBP ,/, I/PRP 'm/VBP one/CD of/IN these/DT people/NNS who/WP 's/BES actually/RB a/DT die/VB hard/JJ Mets/NNPS fan/NN ,/,",,
sw08utt/sw_0811_2278.utt,2/sw2278,2278,19,x,A,10,1,<Laughter>.,,,
sw08utt/sw_0811_2278.utt,2/sw2278,2278,20,+,B,11,1,and an avid Yankee hater. /,and/CC an/DT avid/JJ Yankee/NNP hater/NN ./.,,
sw08utt/sw_0811_2278.utt,2/sw2278,2278,21,qy^g,A,12,1,"{F Oh, } {D boy, } [ it, + I think it's ] {D like } one or the other, isn't it.  {E I mean, } /","Oh/UH ,/, boy/UH ,/, it/PRP ,/, I/PRP think/VBP it/PRP 's/BES like/IN one/CD or/CC the/DT other/NN ,/, is/VBZ n't/RB it/PRP ./. I/PRP mean/VBP ,/,",,
sw08utt/sw_0811_2278.utt,2/sw2278,2278,22,ny,B,13,1,"Yeah,  /","Yeah/UH ,/,",,
sw08utt/sw_0811_2278.utt,2/sw2278,2278,23,%,B,13,2,"[ it's, + it's, ] - /","it/PRP 's/BES ,/, it/PRP 's/BES ,/,",,
sw08utt/sw_0811_2278.utt,2/sw2278,2278,24,sd^e,B,13,3,"[ [ I, + I, ] + I ] find it very strange.  /","I/PRP ,/, I/PRP ,/, I/PRP find/VBP it/PRP very/RB strange/JJ ./.",,
sw08utt/sw_0811_2278.utt,2/sw2278,2278,25,%,B,13,4,"{F Um, } more people, - /","Um/UH ,/, more/JJR people/NNS ,/,",,
sw08utt/sw_0811_2278.utt,2/sw2278,2278,26,sv,B,13,5,"{D you know, } real Met fans don't like the Yankees /","you/PRP know/VBP ,/, real/JJ Met/NNP fans/NNS do/VBP n't/RB like/VB the/DT Yankees/NNPS",,
sw08utt/sw_0811_2278.utt,2/sw2278,2278,27,sv,B,13,6,{C and } real Yankee fans don't like the Mets for some reason. /,and/CC real/JJ Yankee/NNP fans/NNS do/VBP n't/RB like/VB the/DT Mets/NNPS for/IN some/DT reason/NN ./.,,
sw08utt/sw_0811_2278.utt,2/sw2278,2278,28,b,A,14,1,Yeah. /,Yeah/UH ./.,,
sw08utt/sw_0811_2278.utt,2/sw2278,2278,29,sd,B,15,1,"[ I never fou-, + I never  quite found ] a New York fan. /","I/PRP never/RB fou-/XX ,/, I/PRP never/RB quite/RB found/VBD a/DT New/NNP York/NNP fan/NN ./.",,
sw08utt/sw_0811_2278.utt,2/sw2278,2278,30,x,A,16,1,<Laughter>.,,,
sw08utt/sw_0811_2278.utt,2/sw2278,2278,31,sd,B,17,1,"I always found a fan, {D you know, } of {C either } one {C or } the other,  /","I/PRP always/RB found/VBD a/DT fan/NN ,/, you/PRP know/VBP ,/, of/IN either/DT one/CD or/CC the/DT other/NN ,/,",,
sw08utt/sw_0811_2278.utt,2/sw2278,2278,32,sd,B,17,2,"{C and so, } that of course means that when it comes to the American League my favorite team is the Red Sox --","and/CC so/RB ,/, that/DT of/IN course/NN means/VBZ that/IN when/WRB it/PRP comes/VBZ to/IN the/DT American/NNP League/NNP my/PRP$ favorite/JJ team/NN is/VBZ the/DT Red/NNP Sox/NNPS --/:",,
sw08utt/sw_0811_2278.utt,2/sw2278,2278,33,b,A,18,1,"{F Oh, } okay, /","Oh/UH ,/, okay/UH ,/,",,
sw08utt/sw_0811_2278.utt,2/sw2278,2278,34,+,B,19,1,"-- by default, because I went to college also in Boston. /","--/: by/IN default/NN ,/, because/IN I/PRP went/VBD to/IN college/NN also/RB in/IN Boston/NNP ./.",,
sw08utt/sw_0811_2278.utt,2/sw2278,2278,35,ba,A,20,1,"I see,  /","I/PRP see/VBP ,/,",,
sw08utt/sw_0811_2278.utt,2/sw2278,2278,36,%,A,20,2,"yeah,  /","yeah/UH ,/,",,
sw08utt/sw_0811_2278.utt,2/sw2278,2278,37,sd,A,20,3,"I like the, {F uh, } - /","I/PRP like/VBP the/DT ,/, uh/UH ,/,",,
sw08utt/sw_0811_2278.utt,2/sw2278,2278,38,sd,A,20,4,"{F huh, } I guess if I had to pick a favorite team, any more, as well as, - /","huh/UH ,/, I/PRP guess/VBP if/IN I/PRP had/VBD to/TO pick/VB a/DT favorite/JJ team/NN ,/, any/DT more/JJR ,/, as/RB well/RB as/IN ,/,",,
sw08utt/sw_0811_2278.utt,2/sw2278,2278,39,sd,A,20,5,I kind of grew up rooting for Philadelphia. /,I/PRP kind/RB of/RB grew/VBP up/RP rooting/VBG for/IN Philadelphia/NNP ./.,,
sw08utt/sw_0811_2278.utt,2/sw2278,2278,40,b,B,21,1,Oh. /,Oh/UH ./.,,
sw08utt/sw_0811_2278.utt,2/sw2278,2278,41,sd,A,22,1,I'm from New Jersey originally. /,I/PRP 'm/VBP from/IN New/NNP Jersey/NNP originally/RB ./.,,
sw08utt/sw_0811_2278.utt,2/sw2278,2278,42,b,B,23,1,"Yeah,  /","Yeah/UH ,/,",,
sw08utt/sw_0811_2278.utt,2/sw2278,2278,43,sd,B,23,2,"[ {C so } that, + {C so } that's ] sort of close enough. /","so/RB that/DT ,/, so/RB that/DT 's/BES sort/RB of/RB close/RB enough/RB ./.",,
sw08utt/sw_0811_2278.utt,2/sw2278,2278,44,b,A,24,1,"Yeah,  /","Yeah/UH ,/,",,
sw08utt/sw_0811_2278.utt,2/sw2278,2278,45,sd,A,24,2,"{D well, } we were thirty miles south of them,  /","well/UH ,/, we/PRP were/VBD thirty/CD miles/NNS south/RB of/IN them/PRP ,/,",,
sw08utt/sw_0811_2278.utt,2/sw2278,2278,46,o@,A,24,3,{C so. },so/RB ./.,,
sw08utt/sw_0811_2278.utt,2/sw2278,2278,47,qy^d,B,25,1,"{F Oh, } {C so } you were pretty close.  /","Oh/UH ,/, so/RB you/PRP were/VBD pretty/RB close/RB ./.",,
sw08utt/sw_0811_2278.utt,2/sw2278,2278,48,+@,A,26,1,"Yeah,  /","Yeah/UH ,/,",,
sw08utt/sw_0811_2278.utt,2/sw2278,2278,49,sd^e,A,26,2,"right down the river,  /","right/RB down/RP the/DT river/NN ,/,",,
sw08utt/sw_0811_2278.utt,2/sw2278,2278,50,qw,A,26,3,"{C but, } {F uh, } {C so } what are the Mets going to do this year without Strawberry? /","but/CC ,/, uh/UH ,/, so/RB what/WP are/VBP the/DT Mets/NNPS going/VBG to/TO do/VB this/DT year/NN without/IN Strawberry/NNP ?/.",,
sw08utt/sw_0811_2278.utt,2/sw2278,2278,51,h,B,27,1,"{D Well, } I don't know. {F Um, } [ there's, + there's ] a part of me that says that, {D you know, } {F um, } I'm sort of glad Strawberry went away. /","Well/UH ,/, I/PRP do/VBP n't/RB know/VB ./. Um/UH ,/, there/EX 's/BES ,/, there/EX 's/BES a/DT part/NN of/IN me/PRP that/WDT says/VBZ that/IN ,/, you/PRP know/VBP ,/, um/UH ,/, I/PRP 'm/VBP sort/RB of/RB glad/JJ Strawberry/NNP went/VBD away/RB ./.",,
sw08utt/sw_0811_2278.utt,2/sw2278,2278,52,x,A,28,1,<Laughter>.,,,
sw08utt/sw_0811_2278.utt,2/sw2278,2278,53,sd,B,29,1,"{D You know, } [ when, + when ] he sort of went away, I started thinking, {D yeah, }  {D well, } he was performing fairly well,  /","You/PRP know/VBP ,/, when/WRB ,/, when/WRB he/PRP sort/RB of/RB went/VBD away/RB ,/, I/PRP started/VBD thinking/VBG ,/, yeah/UH ,/, well/UH ,/, he/PRP was/VBD performing/VBG fairly/RB well/RB ,/,",,
sw08utt/sw_0811_2278.utt,2/sw2278,2278,54,sv,B,29,2,"{C but } he really wasn't worth the baggage, {D you know. } /","but/CC he/PRP really/RB was/VBD n't/RB worth/JJ the/DT baggage/NN ,/, you/PRP know/VBP ./.",,
sw08utt/sw_0811_2278.utt,2/sw2278,2278,55,b,A,30,1,Yeah. /,Yeah/UH ./.,,
sw08utt/sw_0811_2278.utt,2/sw2278,2278,56,sd,B,31,1,"{F Um, } I think they're okay,  /","Um/UH ,/, I/PRP think/VBP they/PRP 're/VBP okay/JJ ,/,",,
sw08utt/sw_0811_2278.utt,2/sw2278,2278,57,sd,B,31,2,"I think they're, - /","I/PRP think/VBP they/PRP 're/VBP ,/,",,
sw08utt/sw_0811_2278.utt,2/sw2278,2278,58,sd,B,31,3,"{D you know, } I think they have enough people [ [ who are, + who are, ] + who are ] still in their prime, {D you know. } /","you/PRP know/VBP ,/, I/PRP think/VBP they/PRP have/VBP enough/JJ people/NNS who/WP are/VBP ,/, who/WP are/VBP ,/, who/WP are/VBP still/RB in/IN their/PRP$ prime/JJ ,/, you/PRP know/VBP ./.",,
sw08utt/sw_0811_2278.utt,2/sw2278,2278,59,b,A,32,1,Uh-huh. /,Uh-huh/UH ./.,,
sw08utt/sw_0811_2278.utt,2/sw2278,2278,60,sv,B,33,1,"{F Um, } {E I mean, } certainly if you look at them compared to, let's say, {D you know, } {F um, } eight years ago or something, [ [ [ [ they're + --","Um/UH ,/, I/PRP mean/VBP ,/, certainly/RB if/IN you/PRP look/VBP at/IN them/PRP compared/VBD to/IN ,/, let/VB 's/PRP say/VB ,/, you/PRP know/VBP ,/, um/UH ,/, eight/CD years/NNS ago/RB or/CC something/NN ,/, they/PRP 're/VBP --/:",,
sw08utt/sw_0811_2278.utt,2/sw2278,2278,61,b,A,34,1,Yeah. /,Yeah/UH ./.,,
sw08utt/sw_0811_2278.utt,2/sw2278,2278,62,+,B,35,1,"-- they're, ] + they're, ] + they're, ] + {D you know, } they're ] sort of  [ in, +  in ] good standing, whereas, {D you know, } {F um, } <noise> <<knocking sound>> [ I think, + I certainly don't think ] they're the eighty-six team  any more. /","--/: they/PRP 're/VBP ,/, they/PRP 're/VBP ,/, they/PRP 're/VBP ,/, you/PRP know/VBP ,/, they/PRP 're/VBP sort/RB of/RB in/IN ,/, in/IN good/JJ standing/NN ,/, whereas/IN ,/, you/PRP know/VBP ,/, um/UH ,/, I/PRP think/VBP ,/, I/PRP certainly/RB do/VBP n't/RB think/VB they/PRP 're/VBP the/DT eighty-six/CD team/NN any/DT more/JJR ./.",,
sw08utt/sw_0811_2278.utt,2/sw2278,2278,63,sd,A,36,1,"{D Well, } I was going to talk to you about that eighty-six team <laughter>. /","Well/UH ,/, I/PRP was/VBD going/VBG to/TO talk/VB to/IN you/PRP about/IN that/DT eighty-six/CD team/NN ./.",,
sw08utt/sw_0811_2278.utt,2/sw2278,2278,64,b,B,37,1,"Yeah,  /","Yeah/UH ,/,",,
sw08utt/sw_0811_2278.utt,2/sw2278,2278,65,%,B,37,2,"I, -/","I/PRP ,/,",,
sw08utt/sw_0811_2278.utt,2/sw2278,2278,66,sd,A,38,1,"[ That was, + that was ] the year they beat Houston in extra innings,  /","That/DT was/VBD ,/, that/DT was/VBD the/DT year/NN they/PRP beat/VBP Houston/NNP in/IN extra/JJ innings/NNS ,/,",,
sw08utt/sw_0811_2278.utt,2/sw2278,2278,67,^g,A,38,2,right. /,right/UH ./.,,
sw08utt/sw_0811_2278.utt,2/sw2278,2278,68,na^m,B,39,1,"Right,  /","Right/UH ,/,",,
sw08utt/sw_0811_2278.utt,2/sw2278,2278,69,sd^m,B,39,2,"they  ((   ))  beat Houston in extra innings,  /","they/PRP MUMBLEx/XX beat/VBP Houston/NNP in/IN extra/JJ innings/NNS ,/,",,
sw08utt/sw_0811_2278.utt,2/sw2278,2278,70,sv,B,39,3,"{C and then } they {D actually } won the series bye-bye sort of a sneaky route, {F um, } against Boston --","and/CC then/RB they/PRP actually/RB won/VBD the/DT series/NN bye-bye/JJ  sort/RB of/RB a/DT sneaky/JJ route/NN ,/, um/UH ,/, against/IN Boston/NNP --/:",,
sw08utt/sw_0811_2278.utt,2/sw2278,2278,71,%,A,40,1,Yeah. /,Yeah/UH ./.,,
sw08utt/sw_0811_2278.utt,2/sw2278,2278,72,+,B,41,1,-- when there was the ball that was sort of hit to Buckner  ((   )) . /,--/: when/WRB there/EX was/VBD the/DT ball/NN that/WDT was/VBD sort/RB of/RB hit/VBN to/IN Buckner/NNP MUMBLEx/XX ./.,,
sw08utt/sw_0811_2278.utt,2/sw2278,2278,73,x,A,42,1,<Laughter>.,,,
sw08utt/sw_0811_2278.utt,2/sw2278,2278,74,sd,B,43,1,"I felt real bad about that,  /","I/PRP felt/VBD real/RB bad/JJ about/IN that/DT ,/,",,
sw08utt/sw_0811_2278.utt,2/sw2278,2278,75,qh,B,43,2,"{C but } {D hey, } what can you do. /","but/CC hey/UH ,/, what/WP can/MD you/PRP do/VB ./.",,
sw08utt/sw_0811_2278.utt,2/sw2278,2278,76,sd,A,44,1,"{D Hey, } the guy's making millions,  /","Hey/UH ,/, the/DT guy/NN 's/BES making/VBG millions/NNS ,/,",,
sw08utt/sw_0811_2278.utt,2/sw2278,2278,77,sv,A,44,2,"he ought to be able to perform,  /","he/PRP ought/MD to/TO be/VB able/JJ to/TO perform/VB ,/,",,
sw08utt/sw_0811_2278.utt,2/sw2278,2278,78,^g,A,44,3,right. /,right/UH ./.,,
sw08utt/sw_0811_2278.utt,2/sw2278,2278,79,na,B,45,1,"That's right,  /","That/DT 's/BES right/JJ ,/,",,
sw08utt/sw_0811_2278.utt,2/sw2278,2278,80,aap,B,45,2,"{D well, } {D actually, } [ [ he, + he, ] + he ] was supposedly, {F um, } - /","well/UH ,/, actually/UH ,/, he/PRP ,/, he/PRP ,/, he/PRP was/VBD supposedly/RB ,/, um/UH ,/,",,
sw08utt/sw_0811_2278.utt,2/sw2278,2278,81,sd,B,45,3,"[ there was, + there was ] something wrong with him at the time,  /","there/EX was/VBD ,/, there/EX was/VBD something/NN wrong/JJ with/IN him/PRP at/IN the/DT time/NN ,/,",,
sw08utt/sw_0811_2278.utt,2/sw2278,2278,82,%,B,45,4,"{C and } I, -/","and/CC I/PRP ,/,",,
sw08utt/sw_0811_2278.utt,2/sw2278,2278,83,^2,A,46,1,"{D Well, } his knees were bothering him,  /","Well/UH ,/, his/PRP$ knees/NNS were/VBD bothering/VBG him/PRP ,/,",,
sw08utt/sw_0811_2278.utt,2/sw2278,2278,84,%,A,46,2,yeah. /,yeah/UH ./.,,
sw08utt/sw_0811_2278.utt,2/sw2278,2278,85,b,B,47,1,"Right,  /","Right/UH ,/,",,
sw08utt/sw_0811_2278.utt,2/sw2278,2278,86,ba,B,47,2,"[ {C and } I, + {C and } I ] understand that,  /","and/CC I/PRP ,/, and/CC I/PRP understand/VBP that/IN ,/,",,
sw08utt/sw_0811_2278.utt,2/sw2278,2278,87,sv,B,47,3,"{C and } I say, {D Hey } if the guy can't play, you don't blame that,  /","and/CC I/PRP say/VBP ,/, Hey/UH if/IN the/DT guy/NN ca/MD n't/RB play/VB ,/, you/PRP do/VBP n't/RB blame/VB that/DT ,/,",,
sw08utt/sw_0811_2278.utt,2/sw2278,2278,88,sv,B,47,4,"{F uh, } hit it to him,  /","uh/UH ,/, hit/VB it/PRP to/IN him/PRP ,/,",,
sw08utt/sw_0811_2278.utt,2/sw2278,2278,89,sv,B,47,5,"you blame the team, {D you know, } for putting him in, /","you/PRP blame/VBP the/DT team/NN ,/, you/PRP know/VBP ,/, for/IN putting/VBG him/PRP in/IN ,/,",,
sw08utt/sw_0811_2278.utt,2/sw2278,2278,90,b,A,48,1,"Yeah,  /","Yeah/UH ,/,",,
sw08utt/sw_0811_2278.utt,2/sw2278,2278,91,^2,A,48,2,for having him out there. /,for/IN having/VBG him/PRP out/IN there/RB ./.,,
sw08utt/sw_0811_2278.utt,2/sw2278,2278,92,aa,B,49,1,"That's right,  /","That/DT 's/BES right/JJ ,/,",,
sw08utt/sw_0811_2278.utt,2/sw2278,2278,93,%,B,49,2,{C so. } -/,so/RB ./.,,
sw08utt/sw_0811_2278.utt,2/sw2278,2278,94,b,A,50,1,Sure. /,Sure/UH ./.,,
sw08utt/sw_0811_2278.utt,2/sw2278,2278,95,sd,B,51,1,"{C So, } [ [ [ [ I, + I, ] + I was, ] + {F uh, } I was also, ] + I was ] in school at Boston at the time. /","So/RB ,/, I/PRP ,/, I/PRP ,/, I/PRP was/VBD ,/, uh/UH ,/, I/PRP was/VBD also/RB ,/, I/PRP was/VBD in/IN school/NN at/IN Boston/NNP at/IN the/DT time/NN ./.",,
sw08utt/sw_0811_2278.utt,2/sw2278,2278,96,ba,A,52,1,"{F Oh, } boy. /","Oh/UH ,/, boy/UH ./.",,
sw08utt/sw_0811_2278.utt,2/sw2278,2278,97,%,B,53,1,"{C So, } I, - /","So/RB ,/, I/PRP ,/,",,
sw08utt/sw_0811_2278.utt,2/sw2278,2278,98,sd,B,53,2,"it was actually wonderful because where I was they were half Met fans and, {F um, } half Sox fans. /","it/PRP was/VBD actually/UH wonderful/JJ because/IN where/WRB I/PRP was/VBD they/PRP were/VBD half/DT Met/NNP fans/NNS and/CC ,/, um/UH ,/, half/DT Sox/NNP fans/NNS ./.",,
sw08utt/sw_0811_2278.utt,2/sw2278,2278,99,b,A,54,1,"Yeah,  /","Yeah/UH ,/,",,
sw08utt/sw_0811_2278.utt,2/sw2278,2278,100,sv,A,54,2,"I think we were all pretty much, {F uh, } Astros fans, in the National League Championship Series -- /","I/PRP think/VBP we/PRP were/VBD all/DT pretty/RB much/JJ ,/, uh/UH ,/, Astros/NNPS fans/NNS ,/, in/IN the/DT National/NNP League/NNP Championship/NNP Series/NNP --/:",,
sw08utt/sw_0811_2278.utt,2/sw2278,2278,101,b,B,55,1,Oh. /,Oh/UH ./.,,
sw08utt/sw_0811_2278.utt,2/sw2278,2278,102,sd,A,56,1,"-- {C but } there's {D like } two fellows from, {F uh, } Brooklyn, /","--/: but/CC there/RB 's/BES like/UH two/CD fellows/NNS from/IN ,/, uh/UH ,/, Brooklyn/NNP ,/,",,
sw08utt/sw_0811_2278.utt,2/sw2278,2278,103,x,B,57,1,<Laughter>.,,,
sw08utt/sw_0811_2278.utt,2/sw2278,2278,104,sd,A,58,1,"{C and } [ [ they, + they were, ] + {D you know, } they were ] pretty much without having to say, they were pretty much Mets fans <laughter>. /","and/CC they/PRP ,/, they/PRP were/VBD ,/, you/PRP know/VBP ,/, they/PRP were/VBD pretty/RB much/JJ without/IN having/VBG to/TO say/VB ,/, they/PRP were/VBD pretty/RB much/JJ Mets/NNPS fans/NNS ./.",,
sw08utt/sw_0811_2278.utt,2/sw2278,2278,105,b,B,59,1,"Yeah,  /","Yeah/UH ,/,",,
sw08utt/sw_0811_2278.utt,2/sw2278,2278,106,b^r,B,59,2,"yeah,  /","yeah/UH ,/,",,
sw08utt/sw_0811_2278.utt,2/sw2278,2278,107,qy^d,B,59,3,"{D well } [ I guess they were, + {F uh, } I guess they must ] have been scared <laughter> after the, {F uh, } -/","well/UH I/PRP guess/VBP they/PRP were/VBD ,/, uh/UH ,/, I/PRP guess/VBP they/PRP must/MD have/VB been/VBN scared/JJ after/IN the/DT ,/, uh/UH ,/,",,
sw08utt/sw_0811_2278.utt,2/sw2278,2278,108,nn,A,60,1,"No,  /","No/UH ,/,",,
sw08utt/sw_0811_2278.utt,2/sw2278,2278,109,sd^e,A,60,2,"not really,  /","not/RB really/RB ,/,",,
sw08utt/sw_0811_2278.utt,2/sw2278,2278,110,sv,A,60,3,"they were pretty much thugs,  /","they/PRP were/VBD pretty/RB much/JJ thugs/NNS ,/,",,
sw08utt/sw_0811_2278.utt,2/sw2278,2278,111,sv,A,60,4,"they weren't scared very much, {D you know } <laughter>. /","they/PRP were/VBD n't/RB scared/JJ very/RB much/RB ,/, you/PRP know/VBP ./.",,
sw08utt/sw_0811_2278.utt,2/sw2278,2278,112,ba,B,61,1,"{D Well, } that's good,  /","Well/UH ,/, that/DT 's/BES good/JJ ,/,",,
sw08utt/sw_0811_2278.utt,2/sw2278,2278,113,qy^d,B,61,2,"{D well, } they're Brooklyn boys, I guess. /","well/UH ,/, they/PRP 're/VBP Brooklyn/NNP boys/NNS ,/, I/PRP guess/VBP ./.",,
sw08utt/sw_0811_2278.utt,2/sw2278,2278,114,b,A,62,1,Yeah  /,Yeah/UH,,
sw08utt/sw_0811_2278.utt,2/sw2278.pos,2278,115,x,A,62,2,<laughter>.,./.
sw08utt/sw_0811_2278.utt,2/sw2278,2278,116,sv,B,63,1,"You don't expect them to be, {F uh, } much of anything but thugs.  /","You/PRP do/VBP n't/RB expect/VB them/PRP to/TO be/VB ,/, uh/UH ,/, much/JJ of/IN anything/NN but/CC thugs/NNS ./.",,
sw08utt/sw_0811_2278.utt,2/sw2278,2278,117,o@,B,63,2,I know.  I was born there.  {F Um. } /,I/PRP know/VBP ./. I/PRP was/VBD born/VBN there/RB ./. Um/UH ./.,,
sw08utt/sw_0811_2278.utt,2/sw2278,2278,118,b,A,64,1,Really. /,Really/UH ./.,,
sw08utt/sw_0811_2278.utt,2/sw2278,2278,119,b,B,65,1,"Yeah,  /","Yeah/UH ,/,",,
sw08utt/sw_0811_2278.utt,2/sw2278,2278,120,sd,B,65,2,"[ [  I, + I was, ] + I was ] also born in Brooklyn, /","I/PRP ,/, I/PRP was/VBD ,/, I/PRP was/VBD also/RB born/VBN in/IN Brooklyn/NNP ,/,",,
sw08utt/sw_0811_2278.utt,2/sw2278,2278,121,sd,B,65,3,"{C so } I can call myself a Brooklyn thug, although I'm really not. /","so/RB I/PRP can/MD call/VB myself/PRP a/DT Brooklyn/NNP thug/NN ,/, although/IN I/PRP 'm/VBP really/RB not/RB ./.",,
sw08utt/sw_0811_2278.utt,2/sw2278,2278,122,b,A,66,1,"Okay,  /","Okay/UH ,/,",,
sw08utt/sw_0811_2278.utt,2/sw2278,2278,123,b^r,A,66,2,okay.  /,okay/UH ./.,,
sw08utt/sw_0811_2278.utt,2/sw2278,2278,124,sd,A,66,3,"{D Well, } I'm not to say that all folks from Brooklyn are thugs,  /","Well/UH ,/, I/PRP 'm/VBP not/RB to/TO say/VB that/IN all/DT folks/NNS from/IN Brooklyn/NNP are/VBP thugs/NNS ,/,",,
sw08utt/sw_0811_2278.utt,2/sw2278,2278,125,%,A,66,4,{C but }  /,but/CC,,
sw08utt/sw_0811_2278.utt,2/sw2278,2278,126,sv,A,66,5,"these two were definitely thugs,  /","these/DT two/CD were/VBD definitely/RB thugs/NNS ,/,",,
sw08utt/sw_0811_2278.utt,2/sw2278,2278,127,sd,A,66,6,{C and } they were from Brooklyn <laughter>. /,and/CC they/PRP were/VBD from/IN Brooklyn/NNP ./.,,
sw08utt/sw_0811_2278.utt,2/sw2278,2278,128,x,B,67,1,<Laughter>.,,,
sw08utt/sw_0811_2278.utt,2/sw2278,2278,129,sd,A,68,1,"{C So } I'm kind of hoping, - /","So/RB I/PRP 'm/VBP kind/RB of/RB hoping/VBG ,/,",,
sw08utt/sw_0811_2278.utt,2/sw2278,2278,130,sd,A,68,2,"[ [ I, + I, ] + I ] guess, {F uh, } any more - /","I/PRP ,/, I/PRP ,/, I/PRP guess/VBP ,/, uh/UH ,/, any/DT more/JJR",,
sw08utt/sw_0811_2278.utt,2/sw2278,2278,131,sd,A,68,3,I pretty much pull for the Rangers though.  /,I/PRP pretty/RB much/JJ pull/VBP for/IN the/DT Rangers/NNPS though/RB ./.,,
sw08utt/sw_0811_2278.utt,2/sw2278,2278,132,sd,A,68,4,"[ [ [ [ [   They're, + {F uh, } they're, ] + they're ] they, ] + they have, ] + I think they have ] the best facilities in the major leagues. /","They/PRP 're/VBP ,/, uh/UH ,/, they/PRP 're/VBP ,/, they/PRP 're/VBP they/PRP ,/, they/PRP have/VBP ,/, I/PRP think/VBP they/PRP have/VBP the/DT best/JJS facilities/NNS in/IN the/DT major/JJ leagues/NNS ./.",,
sw08utt/sw_0811_2278.utt,2/sw2278,2278,133,b,B,69,1,Yeah. /,Yeah/UH ./.,,
sw08utt/sw_0811_2278.utt,2/sw2278,2278,134,sd,A,70,1,I love going to watch a game in Arlington stadium.  /,I/PRP love/VBP going/VBG to/TO watch/VB a/DT game/NN in/IN Arlington/NNP stadium/NN ./.,,
sw08utt/sw_0811_2278.utt,2/sw2278,2278,135,sd,A,70,2,It's great. /,It/PRP 's/BES great/JJ ./.,,
sw08utt/sw_0811_2278.utt,2/sw2278,2278,136,%,B,71,1,"<Laughter> {D Well, } [ that, + that's ] - /","Well/UH ,/, that/DT ,/, that/DT 's/BES",,
sw08utt/sw_0811_2278.utt,2/sw2278,2278,137,sd,B,71,2,"{D actually, } I think I make something, because I think, - /","actually/UH ,/, I/PRP think/VBP I/PRP make/VBP something/NN ,/, because/IN I/PRP think/VBP ,/,",,
sw08utt/sw_0811_2278.utt,2/sw2278,2278,138,sd,B,71,3,"[ [ {C and, } + {C and, } ] + {C and } ] in as much as sort of fan support helps. /","and/CC ,/, and/CC ,/, and/CC in/IN as/RB much/JJ as/IN sort/NN of/IN fan/NN support/NN helps/VBZ ./.",,
sw08utt/sw_0811_2278.utt,2/sw2278,2278,139,b,A,72,1,Yeah. /,Yeah/UH ./.,,
sw08utt/sw_0811_2278.utt,2/sw2278,2278,140,sv,B,73,1,"{D You know, } it's good to have, {F um, } -/","You/PRP know/VBP ,/, it/PRP 's/BES good/JJ to/TO have/VB ,/, um/UH ,/,",,
sw08utt/sw_0811_2278.utt,2/sw2278,2278,141,sv,A,74,1,The only problem is it's not large enough.  /,The/DT only/JJ problem/NN is/VBZ it/PRP 's/BES not/RB large/JJ enough/RB ./.,,
sw08utt/sw_0811_2278.utt,2/sw2278,2278,142,sd,A,74,2,"It only holds about, - /","It/PRP only/RB holds/VBZ about/RB ,/,",,
sw08utt/sw_0811_2278.utt,2/sw2278,2278,143,sd,A,74,3,"I think they, when Ryan struck out his five thousandth player, they squeezed about forty thousand people in there. /","I/PRP think/VBP they/PRP ,/, when/WRB Ryan/NNP struck/VBD out/RP his/PRP$ five/CD thousandth/JJ player/NN ,/, they/PRP squeezed/VBD about/RB forty/CD thousand/CD people/NNS in/IN there/RB ./.",,
sw08utt/sw_0811_2278.utt,2/sw2278,2278,144,aa,B,75,1,"Yes,  /","Yes/UH ,/,",,
sw08utt/sw_0811_2278.utt,2/sw2278,2278,145,aa,B,75,2,it is kind of small. /,it/PRP is/VBZ kind/RB of/RB small/JJ ./.,,
sw08utt/sw_0811_2278.utt,2/sw2278,2278,146,b,A,76,1,"Yeah,  /","Yeah/UH ,/,",,
sw08utt/sw_0811_2278.utt,2/sw2278,2278,147,sd,A,76,2,"{C so } [ [ they're, + they, ] + they ] have plans, - /","so/RB they/PRP 're/VBP ,/, they/PRP ,/, they/PRP have/VBP plans/NNS ,/,",,
sw08utt/sw_0811_2278.utt,2/sw2278,2278,148,sd,A,76,3,"{E I mean, } the owner tried to move them to Florida -- /","I/PRP mean/VBP ,/, the/DT owner/NN tried/VBD to/TO move/VB them/PRP to/IN Florida/NNP --/:",,
sw08utt/sw_0811_2278.utt,2/sw2278,2278,149,b,B,77,1,Right. /,Right/UH ./.,,
sw08utt/sw_0811_2278.utt,2/sw2278,2278,150,sd,A,78,1,"-- {C but, } {F uh, } they ended up sticking around in Arlington,  /","--/: but/CC ,/, uh/UH ,/, they/PRP ended/VBD up/RP sticking/VBG around/IN in/IN Arlington/NNP ,/,",,
sw08utt/sw_0811_2278.utt,2/sw2278,2278,151,sd,A,78,2,"{C and } they're going to build a new stadium in Arlington, as a matter of fact, not even in Dallas, /","and/CC they/PRP 're/VBP going/VBG to/TO build/VB a/DT new/JJ stadium/NN in/IN Arlington/NNP ,/, as/IN a/DT matter/NN of/IN fact/NN ,/, not/RB even/RB in/IN Dallas/NNP ,/,",,
sw08utt/sw_0811_2278.utt,2/sw2278,2278,152,ba,B,79,1,"{F Oh, } that's great.  /","Oh/UH ,/, that/DT 's/BES great/JJ ./.",,
sw08utt/sw_0811_2278.utt,2/sw2278,2278,153,%,B,79,2,"{C So, } -/","So/RB ,/,",,
sw08utt/sw_0811_2278.utt,2/sw2278,2278,154,sd,A,80,1,"{C So } [ that's, + that's ] something that we're looking forward to. /","So/RB that/DT 's/BES ,/, that/DT 's/BES something/NN that/WDT we/PRP 're/VBP looking/VBG forward/RB to/TO ./.",,
sw08utt/sw_0811_2278.utt,2/sw2278,2278,155,b,B,81,1,"Yeah,  /","Yeah/UH ,/,",,
sw08utt/sw_0811_2278.utt,2/sw2278,2278,156,sd,B,81,2,"that'll be nice,  /","that/DT 'll/MD be/VB nice/JJ ,/,",,
sw08utt/sw_0811_2278.utt,2/sw2278,2278,157,sd,B,81,3,"{E I mean, } [ that, + that, ] I think, tends to keep, - /","I/PRP mean/VBP ,/, that/IN ,/, that/IN ,/, I/PRP think/VBP ,/, tends/VBZ to/TO keep/VB ,/,",,
sw08utt/sw_0811_2278.utt,2/sw2278,2278,158,sv,B,81,4,I think stadiums  ((   ))  work tend to keep people happy. /,I/PRP think/VBP stadiums/NNS MUMBLEx/XX work/NN tend/VBP to/TO keep/VB people/NNS happy/JJ ./.,,
sw08utt/sw_0811_2278.utt,2/sw2278,2278,159,aa,A,82,1,"{F Oh, } case in point, Toronto. /","Oh/UH ,/, case/NN in/IN point/NN ,/, Toronto/NNP ./.",,
sw08utt/sw_0811_2278.utt,2/sw2278,2278,160,aa,B,83,1,"Yeah,  /","Yeah/UH ,/,",,
sw08utt/sw_0811_2278.utt,2/sw2278,2278,161,aa,B,83,2,exactly. /,exactly/UH ./.,,
sw08utt/sw_0811_2278.utt,2/sw2278,2278,162,b,A,84,1,"Yeah,  /","Yeah/UH ,/,",,
sw08utt/sw_0811_2278.utt,2/sw2278,2278,163,qy,A,84,2,have you seen a game up there? /,have/VBP you/PRP seen/VBN a/DT game/NN up/IN there/RB ?/.,,
sw08utt/sw_0811_2278.utt,2/sw2278,2278,164,ng,B,85,1,"{F Uh, } I haven't been to any Toronto games yet.  /","Uh/UH ,/, I/PRP have/VBP n't/RB been/VBN to/IN any/DT Toronto/NNP games/NNS yet/RB ./.",,
sw08utt/sw_0811_2278.utt,2/sw2278,2278,165,%,B,85,2,"{C But, } {F um, } -/","But/CC ,/, um/UH ,/,",,
sw08utt/sw_0811_2278.utt,2/sw2278,2278,166,sd,A,86,1,"{F Oh, } boy, I saw it, I was up there on business, {F uh, } last June and watched a game in the sky dome. /","Oh/UH ,/, boy/NN ,/, I/PRP saw/VBD it/PRP ,/, I/PRP was/VBD up/IN there/RB on/IN business/NN ,/, uh/UH ,/, last/JJ June/NNP and/CC watched/VBD a/DT game/NN in/IN the/DT sky/NNP dome/NNP ./.",,
sw08utt/sw_0811_2278.utt,2/sw2278,2278,167,sd,A,86,2,It was just phenomenal.  /,It/PRP was/VBD just/RB phenomenal/JJ ./.,,
sw08utt/sw_0811_2278.utt,2/sw2278,2278,168,sv,A,86,3,"[  That's, + that's ] probably the pattern for the future of stadiums, I think. /","That/DT 's/BES ,/, that/DT 's/BES probably/RB the/DT pattern/NN for/IN the/DT future/NN of/IN stadiums/NNS ,/, I/PRP think/VBP ./.",,
sw08utt/sw_0811_2278.utt,2/sw2278,2278,169,aa^m,B,87,1,"Of stadiums, yeah,  /","Of/IN stadiums/NNS ,/, yeah/UH ,/,",,
sw08utt/sw_0811_2278.utt,2/sw2278,2278,170,sd,B,87,2,"{D well, } {E [ I, +  I ] mean } to get up there. - /","well/UH ,/, I/PRP ,/, I/PRP mean/VBP to/TO get/VB up/IN there/RB ./.",,
sw08utt/sw_0811_2278.utt,2/sw2278,2278,171,sd,B,87,3,"{E I mean, } [ the, + the ] best   I've been up here so far, {D you know, } [ up, + in up ] state New York --","I/PRP mean/VBP ,/, the/DT ,/, the/DT best/JJS I/PRP 've/VBP been/VBN up/IN here/RB so/RB far/RB ,/, you/PRP know/VBP ,/, up/IN ,/, in/IN up/GW state/^JJ New/NNP York/NNP --/:",,
sw08utt/sw_0811_2278.utt,2/sw2278,2278,172,b,A,88,1,Uh-huh. /,Uh-huh/UH ./.,,
sw08utt/sw_0811_2278.utt,2/sw2278,2278,173,+,B,89,1,"-- is, {F uh, } is, {F um, } Rochester Red Wings game. /","--/: is/VBZ ,/, uh/UH ,/, is/VBZ ,/, um/UH ,/, Rochester/NNP Red/NNP Wings/NNPS game/NN ./.",,
sw08utt/sw_0811_2278.utt,2/sw2278,2278,174,qy,A,90,1,"{D Now } is Rochester, - /","Now/RB is/VBZ Rochester/NNP ,/,",,
sw08utt/sw_0811_2278.utt,2/sw2278,2278,175,qw,A,90,2,"[ where, + where ] is Cornell University. /","where/WRB ,/, where/WRB is/VBZ Cornell/NNP University/NNP ./.",,
sw08utt/sw_0811_2278.utt,2/sw2278,2278,176,sd,B,91,1,"{F Oh, } Cornell is in Ithaca. /","Oh/UH ,/, Cornell/NNP is/VBZ in/IN Ithaca/NNP ./.",,
sw08utt/sw_0811_2278.utt,2/sw2278,2278,177,b^m,A,92,1,Ithaca. /,Ithaca/NNP ./.,,
sw08utt/sw_0811_2278.utt,2/sw2278,2278,178,b,B,93,1,"{F Uh, } yeah,  /","Uh/UH ,/, yeah/UH ,/,",,
sw08utt/sw_0811_2278.utt,2/sw2278,2278,179,sd,B,93,2,"{C so } Cornell is about, {F um, } somewhere, {F uh, } about two and a half hours [ south of, + south ] and east of us. /","so/RB Cornell/NNP is/VBZ about/RB ,/, um/UH ,/, somewhere/RB ,/, uh/UH ,/, about/RB two/CD and/CC a/DT half/NN hours/NNS south/RB of/IN ,/, south/RB and/CC east/RB of/IN us/PRP ./.",,
sw08utt/sw_0811_2278.utt,2/sw2278,2278,180,b,A,94,1,Okay. /,Okay/UH ./.,,
sw08utt/sw_0811_2278.utt,2/sw2278,2278,181,sd,B,95,1,{C So } if you know where Lake Ontario is sort of.  -/,So/RB if/IN you/PRP know/VBP where/WRB Lake/NNP Ontario/NNP is/VBZ sort/RB of/RB ./.,,
sw08utt/sw_0811_2278.utt,2/sw2278,2278,182,b,A,96,1,"Yeah,  /","Yeah/UH ,/,",,
sw08utt/sw_0811_2278.utt,2/sw2278,2278,183,qy^g,A,96,2,"{D well } Rochester is {D like } right on the shores, isn't it? /","well/UH Rochester/NNP is/VBZ like/UH right/RB on/IN the/DT shores/NNS ,/, is/VBZ n't/RB it/PRP ?/.",,
sw08utt/sw_0811_2278.utt,2/sw2278,2278,184,ny,B,97,1,"Yeah,  /","Yeah/UH ,/,",,
sw08utt/sw_0811_2278.utt,2/sw2278,2278,185,sd^e,B,97,2,we're about ten miles south of Lake Ontario. /,we/PRP 're/VBP about/RB ten/CD miles/NNS south/RB of/IN Lake/NNP Ontario/NNP ./.,,
sw08utt/sw_0811_2278.utt,2/sw2278,2278,186,b,A,98,1,"Yeah,  /","Yeah/UH ,/,",,
sw08utt/sw_0811_2278.utt,2/sw2278,2278,187,b,A,98,2,okay. /,okay/UH ./.,,
sw08utt/sw_0811_2278.utt,2/sw2278,2278,188,sv,B,99,1,"{D Actually } whoever built the city was an idiot, in my opinion,","Actually/UH whoever/WP built/VBD the/DT city/NN was/VBD an/DT idiot/NN ,/, in/IN my/PRP$ opinion/NN ,/,",,
sw08utt/sw_0811_2278.utt,2/sw2278,2278,189,x,A,100,1,<Laughter>.,,,
sw08utt/sw_0811_2278.utt,2/sw2278,2278,190,+,B,101,1,"because [ they built it, + they built it ] far enough from the city that it actually couldn't be a port city. /","because/IN they/PRP built/VBD it/PRP ,/, they/PRP built/VBD it/PRP far/RB enough/RB from/IN the/DT city/NN that/IN it/PRP actually/UH could/MD n't/RB be/VB a/DT port/NN city/NN ./.",,
sw08utt/sw_0811_2278.utt,2/sw2278,2278,191,b,A,102,1,"{F Oh, } /","Oh/UH ,/,",,
sw08utt/sw_0811_2278.utt,2/sw2278,2278,192,%,B,103,1,"{F Um, } {C but } they, -/","Um/UH ,/, but/CC they/PRP ,/,",,
sw08utt/sw_0811_2278.utt,2/sw2278,2278,193,sv(^q),A,104,1,"{D Well, } they say that from that space needle up in Toronto you can see the lights of Rochester on a clear night. /","Well/UH ,/, they/PRP say/VBP that/IN from/IN that/DT space/NN needle/NN up/IN in/IN Toronto/NNP you/PRP can/MD see/VB the/DT lights/NNS of/IN Rochester/NNP on/IN a/DT clear/JJ night/NN ./.",,
sw08utt/sw_0811_2278.utt,2/sw2278,2278,194,sd,B,105,1,"{F Oh, } {D really, } [ I ne-, + I ] hadn't actually known that. /","Oh/UH ,/, really/UH ,/, I/PRP ne-/RB ,/, I/PRP had/VBD n't/RB actually/UH known/VBN that/DT ./.",,
sw08utt/sw_0811_2278.utt,2/sw2278,2278,195,b,A,106,1,Yeah. /,Yeah/UH ./.,,
sw08utt/sw_0811_2278.utt,2/sw2278,2278,196,sd,B,107,1,"{D Well, } {F um, } {C but } we have [ our own, + {F um, } our own ] triple A team here -- /","Well/UH ,/, um/UH ,/, but/CC we/PRP have/VBP our/PRP$ own/JJ ,/, um/UH ,/, our/PRP$ own/JJ triple/JJ A/SYM team/NN here/RB --/:",,
sw08utt/sw_0811_2278.utt,2/sw2278,2278,197,b,A,108,1,Yeah. /,Yeah/UH ./.,,
sw08utt/sw_0811_2278.utt,2/sw2278,2278,198,sd,B,109,1,"-- the Redwings, [ which are + --","--/: the/DT Redwings/NNPS ,/, which/WDT are/VBP --/:",,
sw08utt/sw_0811_2278.utt,2/sw2278,2278,199,b,A,110,1,"Yeah,  /","Yeah/UH ,/,",,
sw08utt/sw_0811_2278.utt,2/sw2278,2278,200,b,A,110,2,okay. /,okay/UH ./.,,
sw08utt/sw_0811_2278.utt,2/sw2278,2278,201,+,B,111,1,-- they're ] a farm team for the Orioles. /,--/: they/PRP 're/VBP a/DT farm/NN team/NN for/IN the/DT Orioles/NNPS ./.,,
sw08utt/sw_0811_2278.utt,2/sw2278,2278,202,b,A,112,1,Yeah. /,Yeah/UH ./.,,
sw08utt/sw_0811_2278.utt,2/sw2278,2278,203,sd,B,113,1,"{C So } everybody hopes that, {F uh, } they go all the way around here.  /","So/RB everybody/NN hopes/VBZ that/IN ,/, uh/UH ,/, they/PRP go/VBP all/PDT the/DT way/NN around/IN here/RB ./.",,
sw08utt/sw_0811_2278.utt,2/sw2278,2278,204,%,B,113,2,"There's the, - /","There/EX 's/BES the/DT ,/,",,
sw08utt/sw_0811_2278.utt,2/sw2278,2278,205,sd,B,113,3,they're the big team in Rochester. /,they/PRP 're/VBP the/DT big/JJ team/NN in/IN Rochester/NNP ./.,,
sw08utt/sw_0811_2278.utt,2/sw2278,2278,206,sv,A,114,1,Those games are fun to watch.  /,Those/DT games/NNS are/VBP fun/JJ to/TO watch/VB ./.,,
sw08utt/sw_0811_2278.utt,2/sw2278,2278,207,qy,A,114,2,"[ [  You, + you, ] + you ] watch those games? /","You/PRP ,/, you/PRP ,/, you/PRP watch/VBP those/DT games/NNS ?/.",,
sw08utt/sw_0811_2278.utt,2/sw2278,2278,208,ny,B,115,1,"{F Oh, } yeah,  /","Oh/UH ,/, yeah/UH ,/,",,
sw08utt/sw_0811_2278.utt,2/sw2278,2278,209,%,B,115,2,I - /,I/PRP,,
sw08utt/sw_0811_2278.utt,2/sw2278,2278,210,sd,B,115,3,"{D actually, } [ [ we, + we, ] + we ] make a point of going to a bunch of them every year because they're fun. /","actually/UH ,/, we/PRP ,/, we/PRP ,/, we/PRP make/VBP a/DT point/NN of/IN going/VBG to/IN a/DT bunch/NN of/IN them/PRP every/DT year/NN because/IN they/PRP 're/VBP fun/NN ./.",,
sw08utt/sw_0811_2278.utt,2/sw2278,2278,211,b,A,116,1,Yeah. /,Yeah/UH ./.,,
sw08utt/sw_0811_2278.utt,2/sw2278,2278,212,sd,B,117,1,"Lots of really big, - /","Lots/NNS of/IN really/RB big/JJ ,/,",,
sw08utt/sw_0811_2278.utt,2/sw2278,2278,213,sd,B,117,2,"{D you know, } lots of local fans, {D you know, } small stadium, {D you know, } {F um, }  /","you/PRP know/VBP ,/, lots/NNS of/IN local/JJ fans/NNS ,/, you/PRP know/VBP ,/, small/JJ stadium/NN ,/, you/PRP know/VBP ,/, um/UH ,/,",,
sw08utt/sw_0811_2278.utt,2/sw2278,2278,214,sd,B,117,3,"{C and } they'll get a crowd of less than ten thousand sometimes, {D you know } -- /","and/CC they/PRP 'll/MD get/VB a/DT crowd/NN of/IN less/JJR than/IN ten/CD thousand/CD sometimes/RB ,/, you/PRP know/VBP --/:",,
sw08utt/sw_0811_2278.utt,2/sw2278,2278,215,b,A,118,1,"Uh-huh,  /","Uh-huh/UH ,/,",,
sw08utt/sw_0811_2278.utt,2/sw2278,2278,216,b^r,A,118,2,uh-huh. /,uh-huh/UH ./.,,
sw08utt/sw_0811_2278.utt,2/sw2278,2278,217,o,B,119,1,"-- {F um, } especially, - /","--/: um/UH ,/, especially/RB ,/,",,
sw08utt/sw_0811_2278.utt,2/sw2278,2278,218,sd,B,119,2,"{D you know, } I'll make a day game or something.  /","you/PRP know/VBP ,/, I/PRP 'll/MD make/VB a/DT day/NN game/NN or/CC something/NN ./.",,
sw08utt/sw_0811_2278.utt,2/sw2278,2278,219,b,A,120,1,Yeah. /,Yeah/UH ./.,,
sw08utt/sw_0811_2278.utt,2/sw2278,2278,220,sd,B,121,1,"{C But } they really seem to, {F uh, } - /","But/CC they/PRP really/RB seem/VBP to/TO ,/, uh/UH ,/,",,
sw08utt/sw_0811_2278.utt,2/sw2278,2278,221,sd,B,121,2,people really get into it.  /,people/NNS really/RB get/VBP into/RP it/PRP ./.,,
sw08utt/sw_0811_2278.utt,2/sw2278,2278,222,sd,B,121,3,"{E I mean, } [ [ I can't, + [ I, + I, ] + again, I can't ] make any predictions about them,  /","I/PRP mean/VBP ,/, I/PRP ca/MD n't/RB ,/, I/PRP ,/, I/PRP ,/, again/RB ,/, I/PRP ca/MD n't/RB make/VB any/DT predictions/NNS about/IN them/PRP ,/,",,
sw08utt/sw_0811_2278.utt,2/sw2278,2278,223,sv@,B,121,4,"{C but } I suspect they'll go, {F uh, } they'll go fly.","but/CC I/PRP suspect/VBP they/PRP 'll/MD go/VB ,/, uh/UH ,/, they/PRP 'll/MD go/VB fly/VB ./.",,
sw08utt/sw_0811_2278.utt,2/sw2278,2278,224,b,A,122,1,"<Laughter> Yeah,  /","Yeah/UH ,/,",,
sw08utt/sw_0811_2278.utt,2/sw2278,2278,225,sd,A,122,2,"we used to like watching, - /","we/PRP used/VBD to/TO like/VB watching/VBG ,/,",,
sw08utt/sw_0811_2278.utt,2/sw2278,2278,226,sd,A,122,3,"[ my, + my ] folks lived down in Beaumont,  /","my/PRP$ ,/, my/PRP$ folks/NNS lived/VBD down/IN in/IN Beaumont/NNP ,/,",,
sw08utt/sw_0811_2278.utt,2/sw2278,2278,227,sd,A,122,4,"{C and, } {F uh, } on the campus of Lamar University they used to house the Beaumont Golden Gators who were a double A team for the Padres, I think,  /","and/CC ,/, uh/UH ,/, on/IN the/DT campus/NN of/IN Lamar/NNP University/NNP they/PRP used/VBD to/TO house/VB the/DT Beaumont/NNP Golden/NNP Gators/NNPS who/WP were/VBD a/DT double/JJ A/SYM team/NN for/IN the/DT Padres/NNPS ,/, I/PRP think/VBP ,/,",,
sw08utt/sw_0811_2278.utt,2/sw2278,2278,228,sd,A,122,5,"{C but, } {F uh, } [ they, + they ] were fun games to watch. /","but/CC ,/, uh/UH ,/, they/PRP ,/, they/PRP were/VBD fun/JJ games/NNS to/TO watch/VB ./.",,
sw08utt/sw_0811_2278.utt,2/sw2278,2278,229,+@,B,123,1,Yeah.  /,Yeah/UH ./.,,
sw08utt/sw_0811_2278.utt,2/sw2278,2278,230,sv,B,123,2,"[ [ Those are, + those are, ] + {F uh, } I think those are ] more fun than major league games sometimes. /","Those/DT are/VBP ,/, those/DT are/VBP ,/, uh/UH ,/, I/PRP think/VBP those/DT are/VBP more/JJR fun/NN than/IN major/JJ league/NN games/NNS sometimes/RB ./.",,
sw08utt/sw_0811_2278.utt,2/sw2278,2278,231,aap,A,124,1,"Someti-, - /","Someti-/XX ,/,",,
sw08utt/sw_0811_2278.utt,2/sw2278,2278,232,sv,A,124,2,"{D well, } there's definitely a lot more hitting <laughter>. /","well/UH ,/, there/EX 's/BES definitely/RB a/DT lot/NN more/JJR hitting/VBG ./.",,
sw08utt/sw_0811_2278.utt,2/sw2278,2278,233,aa,B,125,1,"Yes,  /","Yes/UH ,/,",,
sw08utt/sw_0811_2278.utt,2/sw2278,2278,234,aa,B,125,2,it's true. /,it/PRP 's/BES true/JJ ./.,,
sw08utt/sw_0811_2278.utt,2/sw2278,2278,235,x,A,126,1,<Laughter>.,,,
sw08utt/sw_0811_2278.utt,2/sw2278,2278,236,sv,B,127,1,One of the advantages of not having pitchers who are -- -/,One/CD of/IN the/DT advantages/NNS of/IN not/RB having/VBG pitchers/NNS who/WP are/VBP --/:,,
sw08utt/sw_0811_2278.utt,2/sw2278,2278,237,b,A,128,1,Yeah. /,Yeah/UH ./.,,
sw08utt/sw_0811_2278.utt,2/sw2278,2278,238,sv,B,129,1,"-- {F uh, } {F uh, } {D you know, } [ I guess, + I guess ] when you start pitching real well, {D well, } move them up. {D Bam }  ((   )) . /","--/: uh/UH ,/, uh/UH ,/, you/PRP know/VBP ,/, I/PRP guess/VBP ,/, I/PRP guess/VBP when/WRB you/PRP start/VBP pitching/VBG real/RB well/RB ,/, well/UH ,/, move/VB them/PRP up/RP ./. Bam/UH MUMBLEx/XX ./.",,
sw08utt/sw_0811_2278.utt,2/sw2278,2278,239,b,A,130,1,Yeah. /,Yeah/UH ./.,,
sw08utt/sw_0811_2278.utt,2/sw2278,2278,240,b,B,131,1,"Yeah,  /","Yeah/UH ,/,",,
sw08utt/sw_0811_2278.utt,2/sw2278,2278,241,%,B,131,2,{C but } {F um. } -/,but/CC um/UH ./.,,
sw08utt/sw_0811_2278.utt,2/sw2278,2278,242,sd,A,132,1,"{C So } as far as the major league teams, <barking> I don't know, the Rangers have been, - /","So/RB as/RB far/RB as/IN the/DT major/JJ league/NN teams/NNS ,/, I/PRP do/VBP n't/RB know/VB ,/, the/DT Rangers/NNPS have/VBP been/VBN ,/,",,
sw08utt/sw_0811_2278.utt,2/sw2278,2278,243,sd,A,132,2,"{D you know, } every year they always knock on the door early, and then just go into their skid about, {D you know, } the end of June. /","you/PRP know/VBP ,/, every/DT year/NN they/PRP always/RB knock/VBP on/IN the/DT door/NN early/JJ ,/, and/CC then/RB just/RB go/VBP into/IN their/PRP$ skid/NN about/RB ,/, you/PRP know/VBP ,/, the/DT end/NN of/IN June/NNP ./.",,
sw08utt/sw_0811_2278.utt,2/sw2278,2278,244,x,B,133,1,<Laughter>.,,,
sw08utt/sw_0811_2278.utt,2/sw2278,2278,245,sd,A,134,1,"{C But } [ they, + they've ] got so much young, raw talent,  /","But/CC they/PRP ,/, they/PRP 've/VBP got/VBN so/RB much/JJ young/JJ ,/, raw/JJ talent/NN ,/,",,
sw08utt/sw_0811_2278.utt,2/sw2278,2278,246,sd,A,134,2,"it's just amazing,  /","it/PRP 's/BES just/RB amazing/JJ ,/,",,
sw08utt/sw_0811_2278.utt,2/sw2278,2278,247,sd,A,134,3,{C and  then } they just haven't been able to put anything together. /,and/CC then/RB they/PRP just/RB have/VBP n't/RB been/VBN able/JJ to/TO put/VB anything/NN together/RB ./.,,
sw08utt/sw_0811_2278.utt,2/sw2278,2278,248,sv,B,135,1,"{D Well, } [ the way I, + the way I ] see it, is, - /","Well/UH ,/, the/DT way/NN I/PRP ,/, the/DT way/NN I/PRP see/VBP it/PRP ,/, is/VBZ ,/,",,
sw08utt/sw_0811_2278.utt,2/sw2278,2278,249,sd,B,135,2,"{E I mean, } {F um, } {D you know, } I can use a Met analogy here. /","I/PRP mean/VBP ,/, um/UH ,/, you/PRP know/VBP ,/, I/PRP can/MD use/VB a/DT Met/NNP analogy/NN here/RB ./.",,
sw08utt/sw_0811_2278.utt,2/sw2278,2278,250,b,A,136,1,Uh-huh. /,Uh-huh/UH ./.,,
sw08utt/sw_0811_2278.utt,2/sw2278,2278,251,sd,B,137,1,"If you'll think back a few years to when the Mets were just all this sort of young bunch of guys who really were raw talent but weren't very sort of, well trained --/","If/IN you/PRP 'll/MD think/VB back/RB a/DT few/JJ years/NNS to/IN when/WRB the/DT Mets/NNPS were/VBD just/RB all/PDT this/DT sort/RB of/RB young/JJ bunch/NN of/IN guys/NNS who/WP really/RB were/VBD raw/JJ talent/NN but/CC were/VBD n't/RB very/JJ sort/RB of/RB ,/, well/RB trained/JJ --/:",,
sw08utt/sw_0811_2278.utt,2/sw2278,2278,252,b,A,138,1,Yeah. /,Yeah/UH ./.,,
sw08utt/sw_0811_2278.utt,2/sw2278,2278,253,sd,B,139,1,"-- {D you know, } back to, {D you know, } maybe eighty, eighty-four or  eighty-three --","--/: you/PRP know/VBP ,/, back/RB to/IN ,/, you/PRP know/VBP ,/, maybe/RB eighty/CD ,/, eighty-four/CD or/CC eighty-three/CD --/:",,
sw08utt/sw_0811_2278.utt,2/sw2278,2278,254,b,A,140,1,Uh-huh. /,Uh-huh/UH ./.,,
sw08utt/sw_0811_2278.utt,2/sw2278,2278,255,+,B,141,1,"-- or eighty-five, {D you know, } [ when they were first, + when they weren't ] quite the eighty-six team [ [ that, + that, ] + that ] they were. /","--/: or/CC eighty-five/CD ,/, you/PRP know/VBP ,/, when/WRB they/PRP were/VBD first/JJ ,/, when/WRB they/PRP were/VBD n't/RB quite/RB the/DT eighty-six/CD team/NN that/IN ,/, that/IN ,/, that/IN they/PRP were/VBD ./.",,
sw08utt/sw_0811_2278.utt,2/sw2278,2278,256,b,A,142,1,Right. /,Right/UH ./.,,
sw08utt/sw_0811_2278.utt,2/sw2278,2278,257,%,B,143,1,"[  I, + I, ] - /","I/PRP ,/, I/PRP ,/,",,
sw08utt/sw_0811_2278.utt,2/sw2278,2278,258,sv,B,143,2,"that probably gives the readers a good shot for you this year or next year, [ I think, + if, I think, + the young talent really just has to build itself up. /","that/DT probably/RB gives/VBZ the/DT readers/NNS a/DT good/JJ shot/NN for/IN you/PRP this/DT year/NN or/CC next/JJ year/NN ,/, I/PRP think/VBP ,/, if/IN ,/, I/PRP think/VBP ,/, the/DT young/JJ talent/NN really/RB just/RB has/VBZ to/TO build/VB itself/PRP up/RP ./.",,
sw08utt/sw_0811_2278.utt,2/sw2278,2278,259,b,A,144,1,"Yeah,  /","Yeah/UH ,/,",,
sw08utt/sw_0811_2278.utt,2/sw2278,2278,260,sd,A,144,2,"{E I mean, } [ they've been, + they've been ] young for a while,  /","I/PRP mean/VBP ,/, they/PRP 've/VBP been/VBN ,/, they/PRP 've/VBP been/VBN young/JJ for/IN a/DT while/NN ,/,",,
sw08utt/sw_0811_2278.utt,2/sw2278,2278,261,sd,A,144,3,"{C and } they're [ almo-, + almost ] starting to age a little bit here,  /","and/CC they/PRP 're/VBP almo-/RB ,/, almost/RB starting/VBG to/TO age/VB a/DT little/JJ bit/NN here/RB ,/,",,
sw08utt/sw_0811_2278.utt,2/sw2278,2278,262,%,A,144,4,"I just, {F um. } -/","I/PRP just/RB ,/, um/UH ./.",,
sw08utt/sw_0811_2278.utt,2/sw2278,2278,263,x,B,145,1,<Laughter>.,,,
sw08utt/sw_0811_2278.utt,2/sw2278,2278,264,b,A,146,1,"Yeah,  /","Yeah/UH ,/,",,
sw08utt/sw_0811_2278.utt,2/sw2278,2278,265,b^r,A,146,2,"yeah,  /","yeah/UH ,/,",,
sw08utt/sw_0811_2278.utt,2/sw2278,2278,266,sd,A,146,3,"[ they, + they ] really hurting pitching wise.  /","they/PRP ,/, they/PRP really/RB hurting/VBG pitching/NN wise/JJ ./.",,
sw08utt/sw_0811_2278.utt,2/sw2278,2278,267,sd,A,146,4,"{E I mean, } they've got Ryan,  /","I/PRP mean/VBP ,/, they/PRP 've/VBP got/VBN Ryan/NNP ,/,",,
sw08utt/sw_0811_2278.utt,2/sw2278,2278,268,qh,A,146,5,"{C but, } {D you know, } who knows what he'll be able to do.  /","but/CC ,/, you/PRP know/VBP ,/, who/WP knows/VBZ what/WP he/PRP 'll/MD be/VB able/JJ to/TO do/VB ./.",,
sw08utt/sw_0811_2278.utt,2/sw2278,2278,269,sd,A,146,6,"He's been, - /","He/PRP 's/HVS been/VBN ,/,",,
sw08utt/sw_0811_2278.utt,2/sw2278,2278,270,sd,A,146,7,"last year he started having some nagging injuries, /","last/JJ year/NN he/PRP started/VBD having/VBG some/DT nagging/JJ injuries/NNS ,/,",,
sw08utt/sw_0811_2278.utt,2/sw2278,2278,271,sd,A,146,8,[ {C and } -- +,and/CC --/:,,
sw08utt/sw_0811_2278.utt,2/sw2278,2278,272,aa,B,147,1,"Right,  /","Right/UH ,/,",,
sw08utt/sw_0811_2278.utt,2/sw2278,2278,273,%,B,147,2,{C but. } -/,but/CC ./.,,
sw08utt/sw_0811_2278.utt,2/sw2278,2278,274,+,A,148,1,"-- {C but, } ] [ it'll, + it'll ] be interesting to watch.  /","--/: but/CC ,/, it/PRP 'll/MD ,/, it/PRP 'll/MD be/VB interesting/JJ to/TO watch/VB ./.",,
sw08utt/sw_0811_2278.utt,2/sw2278,2278,275,sd,A,148,2,I hope to get up there.  /,I/PRP hope/VBP to/TO get/VB up/IN there/RB ./.,,
sw08utt/sw_0811_2278.utt,2/sw2278,2278,276,sd,A,148,3,"[  We, + we ]  usually try to get to opening day game.  /","We/PRP ,/, we/PRP usually/RB try/VBP to/TO get/VB to/IN opening/NN day/NN game/NN ./.",,
sw08utt/sw_0811_2278.utt,2/sw2278,2278,277,sd,A,148,4,There's several guys from our church try to go up there. /,There/EX 's/BES several/JJ guys/NNS from/IN our/PRP$ church/NN try/VBP to/TO go/VB up/IN there/RB ./.,,
sw08utt/sw_0811_2278.utt,2/sw2278,2278,278,ba,B,149,1,"{F Oh, } that must be nice. /","Oh/UH ,/, that/DT must/MD be/VB nice/JJ ./.",,
sw08utt/sw_0811_2278.utt,2/sw2278,2278,279,b,A,150,1,"Yeah,  /","Yeah/UH ,/,",,
sw08utt/sw_0811_2278.utt,2/sw2278,2278,280,sd,A,150,2,"{D well, } [ I, + I ] guess we're [ probably, + {F oh, } maybe ] a hundred fifty miles south of Dallas. /","well/UH ,/, I/PRP ,/, I/PRP guess/VBP we/PRP 're/VBP probably/RB ,/, oh/UH ,/, maybe/RB a/DT hundred/CD fifty/CD miles/NNS south/RB of/IN Dallas/NNP ./.",,
sw08utt/sw_0811_2278.utt,2/sw2278,2278,281,o@,B,151,1,"{D Well, } that isn't too bad.  Just a couple of hours. /","Well/UH ,/, that/DT is/VBZ n't/RB too/RB bad/JJ ./. Just/RB a/DT couple/NN of/IN hours/NNS ./.",,
sw08utt/sw_0811_2278.utt,2/sw2278,2278,282,aa,A,152,1,"No,  /","No/UH ,/,",,
sw08utt/sw_0811_2278.utt,2/sw2278,2278,283,aa^m,A,152,2,"not too bad,  /","not/RB too/RB bad/JJ ,/,",,
sw08utt/sw_0811_2278.utt,2/sw2278,2278,284,sd,A,152,3,"{C but } it takes about two hours, two and a half hours to get there. /","but/CC it/PRP takes/VBZ about/RB two/CD hours/NNS ,/, two/CD and/CC a/DT half/NN hours/NNS to/TO get/VB there/RB ./.",,
sw08utt/sw_0811_2278.utt,2/sw2278,2278,285,b,B,153,1,"Yeah,  /","Yeah/UH ,/,",,
sw08utt/sw_0811_2278.utt,2/sw2278,2278,286,sd,B,153,2,{D well } it takes me a good seven hours to get to Shay Stadium. /,well/UH it/PRP takes/VBZ me/PRP a/DT good/JJ seven/CD hours/NNS to/TO get/VB to/IN Shay/NNP Stadium/NNP ./.,,
sw08utt/sw_0811_2278.utt,2/sw2278,2278,287,x,A,154,1,<Laughter>.,,,
sw08utt/sw_0811_2278.utt,2/sw2278,2278,288,h,B,155,1,"{C So, } I don't know. /","So/RB ,/, I/PRP do/VBP n't/RB know/VB ./.",,
sw08utt/sw_0811_2278.utt,2/sw2278,2278,289,sv,A,156,1,That's probably because of the roads.  /,That/DT 's/BES probably/RB because/IN of/IN the/DT roads/NNS ./.,,
sw08utt/sw_0811_2278.utt,2/sw2278,2278,290,sd,A,156,2,"You just don't have, - /","You/PRP just/RB do/VBP n't/RB have/VB ,/,",,
sw08utt/sw_0811_2278.utt,2/sw2278,2278,291,sd,A,156,3,"[ we, + we've ] just got a freeway.  /","we/PRP ,/, we/PRP 've/VBP just/RB got/VBN a/DT freeway/NN ./.",,
sw08utt/sw_0811_2278.utt,2/sw2278,2278,292,sd,A,156,4,We just get right on the freeway and just go north. /,We/PRP just/RB get/VBP right/RB on/IN the/DT freeway/NN and/CC just/RB go/VBP north/RB ./.,,
sw08utt/sw_0811_2278.utt,2/sw2278,2278,293,b,B,157,1,"Yeah,  /","Yeah/UH ,/,",,
sw08utt/sw_0811_2278.utt,2/sw2278,2278,294,aap,B,157,2,"{D well, } {D actually, } [ [ we can, + we can, ] + I can ] take a highway the whole way down,  /","well/UH ,/, actually/UH ,/, we/PRP can/MD ,/, we/PRP can/MD ,/, I/PRP can/MD take/VB a/DT highway/NN the/DT whole/JJ way/NN down/RB ,/,",,
sw08utt/sw_0811_2278.utt,2/sw2278,2278,295,sd,B,157,3,"{C but } [ [ [ it's still, + it's some -- ] +","but/CC it/PRP 's/BES still/RB ,/, it/PRP 's/BES some/DT --/:",,
sw08utt/sw_0811_2278.utt,2/sw2278,2278,296,sv,A,158,1,"{D Well, } it's so crowded up there. /","Well/UH ,/, it/PRP 's/BES so/RB crowded/JJ up/IN there/RB ./.",,
sw08utt/sw_0811_2278.utt,2/sw2278,2278,297,+,B,159,1,"-- it's, ] + it's ] almost four hundred hou-, - /","--/: it/PRP 's/BES ,/, it/PRP 's/BES almost/RB four/CD hundred/CD hou-/XX ,/,",,
sw08utt/sw_0811_2278.utt,2/sw2278,2278,298,sv,B,159,2,"{E I mean, } {E I mean, } it's almost four hundred, - /","I/PRP mean/VBP ,/, I/PRP mean/VBP ,/, it/PRP 's/BES almost/RB four/CD hundred/CD ,/,",,
sw08utt/sw_0811_2278.utt,2/sw2278,2278,299,sd,B,159,3,"{D you know, } barring traffic, it's four hundred hours,  /","you/PRP know/VBP ,/, barring/VBG traffic/NN ,/, it/PRP 's/BES four/CD hundred/CD hours/NNS ,/,",,
sw08utt/sw_0811_2278.utt,2/sw2278,2278,300,sd,B,159,4,"{E I mean, } four hundred mil-, - /","I/PRP mean/VBP ,/, four/CD hundred/CD mil-/XX ,/,",,
sw08utt/sw_0811_2278.utt,2/sw2278,2278,301,sd,B,159,5,"four hundred hours,  /","four/CD hundred/CD hours/NNS ,/,",,
sw08utt/sw_0811_2278.utt,2/sw2278,2278,302,t1,B,159,6,"right,  /","right/UH ,/,",,
sw08utt/sw_0811_2278.utt,2/sw2278,2278,303,sd,B,159,7,<laughter> four hundred miles --,four/CD hundred/CD miles/NNS --/:,,
sw08utt/sw_0811_2278.utt,2/sw2278,2278,304,ba,A,160,1,Golly. /,Golly/UH ./.,,
sw08utt/sw_0811_2278.utt,2/sw2278,2278,305,+,B,161,1,"-- barring traffic,  /","--/: barring/VBG traffic/NN ,/,",,
sw08utt/sw_0811_2278.utt,2/sw2278,2278,306,sv,B,161,2,"{C so, } [ [ [ it's, + {F um, } it's, ] + it's, ] + {D you know, } it's ] a heck of a drive.  /","so/RB ,/, it/PRP 's/BES ,/, um/UH ,/, it/PRP 's/BES ,/, it/PRP 's/BES ,/, you/PRP know/VBP ,/, it/PRP 's/BES a/DT heck/NN of/IN a/DT drive/NN ./.",,
sw08utt/sw_0811_2278.utt,2/sw2278,2278,307,sv,B,161,3,"We are substantially north of New York enough that, {F uh } --","We/PRP are/VBP substantially/RB north/RB of/IN New/NNP York/NNP enough/RB that/IN ,/, uh/UH --/:",,
sw08utt/sw_0811_2278.utt,2/sw2278,2278,308,b,A,162,1,Yeah. /,Yeah/UH ./.,,
sw08utt/sw_0811_2278.utt,2/sw2278,2278,309,+,B,163,1,-- we don't get to go play --,--/: we/PRP do/VBP n't/RB get/VB to/TO go/VB play/VB --/:,,
sw08utt/sw_0811_2278.utt,2/sw2278,2278,310,o@,A,164,1,{F Um. },Um/UH ./.,,
sw08utt/sw_0811_2278.utt,2/sw2278,2278,311,+,B,165,1,-- too often. /,--/: too/RB often/RB ./.,,
sw08utt/sw_0811_2278.utt,2/sw2278,2278,312,+@,A,166,1,"{D Well, } yeah,  /","Well/UH ,/, yeah/UH ,/,",,
sw08utt/sw_0811_2278.utt,2/sw2278,2278,313,sd,A,166,2,"[ you're, + you're ] like a boat ride from, - /","you/PRP 're/VBP ,/, you/PRP 're/VBP like/IN a/DT boat/NN ride/NN from/IN ,/,",,
sw08utt/sw_0811_2278.utt,2/sw2278,2278,314,qw,A,166,3,how far is it across the lake to Canada? /,how/WRB far/RB is/VBZ it/PRP across/IN the/DT lake/NN to/IN Canada/NNP ?/.,,
sw08utt/sw_0811_2278.utt,2/sw2278,2278,315,bc,B,167,1,Toronto. /,Toronto/NNP ./.,,
sw08utt/sw_0811_2278.utt,2/sw2278,2278,316,br^m,A,168,1,Toronto? /,Toronto/NNP ?/.,,
sw08utt/sw_0811_2278.utt,2/sw2278,2278,317,sd,B,169,1,"{F Oh } Toronto's only about two hours,  /","Oh/UH Toronto/NNP 's/BES only/RB about/RB two/CD hours/NNS ,/,",,
sw08utt/sw_0811_2278.utt,2/sw2278,2278,318,%,B,169,2,yeah. /,yeah/UH ./.,,
sw08utt/sw_0811_2278.utt,2/sw2278,2278,319,b,A,170,1,Yeah. /,Yeah/UH ./.,,
sw08utt/sw_0811_2278.utt,2/sw2278,2278,320,sd,B,171,1,"Toronto, {E I mean, } I want to go see. /","Toronto/NNP ,/, I/PRP mean/VBP ,/, I/PRP want/VBP to/TO go/VB see/VB ./.",,
sw08utt/sw_0811_2278.utt,2/sw2278,2278,321,qy,A,172,1,"[ Do, + do ] you drive there,  /","Do/VBP ,/, do/VBP you/PRP drive/VB there/RB ,/,",,
sw08utt/sw_0811_2278.utt,2/sw2278,2278,322,qrr,A,172,2,"{C or } do you take the ferry, or what? /","or/CC do/VBP you/PRP take/VB the/DT ferry/NN ,/, or/CC what/WP ?/.",,
sw08utt/sw_0811_2278.utt,2/sw2278,2278,323,na,B,173,1,"{F Um, } I can, - /","Um/UH ,/, I/PRP can/MD ,/,",,
sw08utt/sw_0811_2278.utt,2/sw2278,2278,324,sd,B,173,2,"[ I've + {D actually } I've ] driven,  /","I/PRP 've/VB actually/UH I/PRP 've/VBP driven/VBN ,/,",,
sw08utt/sw_0811_2278.utt,2/sw2278,2278,325,sd,B,173,3,{C but } I've heard about the ferry as well. /,but/CC I/PRP 've/VBP heard/VBN about/IN the/DT ferry/NN as/IN well/RB ./.,,
sw08utt/sw_0811_2278.utt,2/sw2278,2278,326,b,A,174,1,Yeah. /,Yeah/UH ./.,,
sw08utt/sw_0811_2278.utt,2/sw2278,2278,327,sd,B,175,1,"Haven't taken it yet, though.  /","Have/VBP n't/RB taken/VBN it/PRP yet/RB ,/, though/RB ./.",,
sw08utt/sw_0811_2278.utt,2/sw2278,2278,328,qy,B,175,2,Have you taken it? /,Have/VBP you/PRP taken/VBN it/PRP ?/.,,
sw08utt/sw_0811_2278.utt,2/sw2278,2278,329,ny,A,176,1,"Yeah,  /","Yeah/UH ,/,",,
sw08utt/sw_0811_2278.utt,2/sw2278,2278,330,sd^e,A,176,2,"[ it's a, + it's a ] beautiful city. /","it/PRP 's/BES a/DT ,/, it/PRP 's/BES a/DT beautiful/JJ city/NN ./.",,
sw08utt/sw_0811_2278.utt,2/sw2278,2278,331,b,B,177,1,"Yeah,  /","Yeah/UH ,/,",,
sw08utt/sw_0811_2278.utt,2/sw2278,2278,332,sv,B,177,2,"{F um, } [ I, + I ] really love, - /","um/UH ,/, I/PRP ,/, I/PRP really/RB love/VBP ,/,",,
sw08utt/sw_0811_2278.utt,2/sw2278,2278,333,sv,B,177,3,"I think that's one of the most, {F uh, } enjoyable things about being up here.  /","I/PRP think/VBP that/DT 's/BES one/CD of/IN the/DT most/RBS ,/, uh/UH ,/, enjoyable/JJ things/NNS about/IN being/VBG up/IN here/RB ./.",,
sw08utt/sw_0811_2278.utt,2/sw2278,2278,334,sd,B,177,4,I'm only up here for school. /,I/PRP 'm/VBP only/RB up/IN here/RB for/IN school/NN ./.,,
sw08utt/sw_0811_2278.utt,2/sw2278,2278,335,b,A,178,1,Uh-huh.  /,Uh-huh/UH ./.,,
sw08utt/sw_0811_2278.utt,2/sw2278,2278,336,qy,A,178,2,"[ {C So, } + {C and then, } ] {E I mean, } you go back to New York after school? /","So/RB ,/, and/CC then/RB ,/, I/PRP mean/VBP ,/, you/PRP go/VBP back/RB to/IN New/NNP York/NNP after/IN school/NN ?/.",,
sw08utt/sw_0811_2278.utt,2/sw2278,2278,337,nn,B,179,1,"{F Uh, } no,  /","Uh/UH ,/, no/UH ,/,",,
sw08utt/sw_0811_2278.utt,2/sw2278,2278,338,sd^e,B,179,2,"probably south, maybe Texas <laughter>. /","probably/RB south/RB ,/, maybe/RB Texas/NNP ./.",,
sw08utt/sw_0811_2278.utt,2/sw2278,2278,339,b,A,180,1,"{F Oh, } really. /","Oh/UH ,/, really/UH ./.",,
sw08utt/sw_0811_2278.utt,2/sw2278,2278,340,sd,B,181,1,"Some place south, and warm,  /","Some/DT place/NN south/RB ,/, and/CC warm/JJ ,/,",,
sw08utt/sw_0811_2278.utt,2/sw2278,2278,341,sd,B,181,2,"I don't, - /","I/PRP do/VBP n't/RB ,/,",,
sw08utt/sw_0811_2278.utt,2/sw2278,2278,342,sd,B,181,3,"[ I'm not a big, + {F uh, } I'm not a big, ] {F uh, } cold fan. /","I/PRP 'm/VBP not/RB a/DT big/JJ ,/, uh/UH ,/, I/PRP 'm/VBP not/RB a/DT big/JJ ,/, uh/UH ,/, cold/NN fan/NN ./.",,
sw08utt/sw_0811_2278.utt,2/sw2278,2278,343,qw,A,182,1,"{D Well, } what kind of weather are you having right now? /","Well/UH ,/, what/WDT kind/NN of/IN weather/NN are/VBP you/PRP having/VBG right/RB now/RB ?/.",,
sw08utt/sw_0811_2278.utt,2/sw2278,2278,344,sd,B,183,1,"{F Uh, } right now we're actually having, {F uh, } - /","Uh/UH ,/, right/RB now/RB we/PRP 're/VBP actually/RB having/VBG ,/, uh/UH ,/,",,
sw08utt/sw_0811_2278.utt,2/sw2278,2278,345,sd,B,183,2,it's getting nice.  /,it/PRP 's/BES getting/VBG nice/JJ ./.,,
sw08utt/sw_0811_2278.utt,2/sw2278,2278,346,sd,B,183,3,"{E I mean, } it was in the high fifties today,  /","I/PRP mean/VBP ,/, it/PRP was/VBD in/IN the/DT high/JJ fifties/NNS today/NN ,/,",,
sw08utt/sw_0811_2278.utt,2/sw2278,2278,347,sd,B,183,4,"{C but } three and a half weeks ago, we had an ice storm <laughter>. /","but/CC three/CD and/CC a/DT half/NN weeks/NNS ago/RB ,/, we/PRP had/VBD an/DT ice/NN storm/NN ./.",,
sw08utt/sw_0811_2278.utt,2/sw2278,2278,348,ba,A,184,1,"{F Oh, } boy,  /","Oh/UH ,/, boy/UH ,/,",,
sw08utt/sw_0811_2278.utt,2/sw2278,2278,349,b,A,184,2,"yeah,  /","yeah/UH ,/,",,
sw08utt/sw_0811_2278.utt,2/sw2278,2278,350,sd,A,184,3,"we've been up in the, {F oh, } seventies, eighties, even up in the nineties a couple of weeks ago. /","we/PRP 've/VBP been/VBN up/IN in/IN the/DT ,/, oh/UH ,/, seventies/NNS ,/, eighties/NNS ,/, even/RB up/IN in/IN the/DT nineties/NNS a/DT couple/NN of/IN weeks/NNS ago/RB ./.",,
sw08utt/sw_0811_2278.utt,2/sw2278,2278,351,ba,B,185,1,"{F Oh, } that's great.  /","Oh/UH ,/, that/DT 's/BES great/JJ ./.",,
sw08utt/sw_0811_2278.utt,2/sw2278,2278,352,sd,B,185,2,"{D You know, } about that same time branches were falling off everywhere,  /","You/PRP know/VBP ,/, about/IN that/DT same/JJ time/NN branches/NNS were/VBD falling/VBG off/RB everywhere/RB ,/,",,
sw08utt/sw_0811_2278.utt,2/sw2278,2278,353,sd,B,185,3,{C and } we were actually in a state of emergency for two weeks. /,and/CC we/PRP were/VBD actually/RB in/IN a/DT state/NN of/IN emergency/NN for/IN two/CD weeks/NNS ./.,,
sw08utt/sw_0811_2278.utt,2/sw2278,2278,354,ba,A,186,1,Golly.  /,Golly/UH ./.,,
sw08utt/sw_0811_2278.utt,2/sw2278,2278,355,qy,A,186,2,Because of the ice? /,Because/IN of/IN the/DT ice/NN ?/.,,
sw08utt/sw_0811_2278.utt,2/sw2278,2278,356,^h,B,187,1,"{C Because } it, didn't make the [ nat-, + national ] news too much, which I find really weird -- /","Because/IN it/PRP ,/, did/VBD n't/RB make/VB the/DT nat-/XX ,/, national/JJ news/NN too/RB much/JJ ,/, which/WDT I/PRP find/VBP really/RB weird/JJ --/:",,
sw08utt/sw_0811_2278.utt,2/sw2278,2278,357,b,A,188,1,{F Um. } /,Um/UH ./.,,
sw08utt/sw_0811_2278.utt,2/sw2278,2278,358,%,B,189,1,"-- {C but, } {F um, } we were, {E I mean, } {F um, } - /","--/: but/CC ,/, um/UH ,/, we/PRP were/VBD ,/, I/PRP mean/VBP ,/, um/UH ,/,",,
sw08utt/sw_0811_2278.utt,2/sw2278,2278,359,sd,B,189,2,"{D you know, } all schools were closed [ [ for almost, + for over, ] + for ] a week. /","you/PRP know/VBP ,/, all/DT schools/NNS were/VBD closed/VBN for/IN almost/RB ,/, for/IN over/IN ,/, for/IN a/DT week/NN ./.",,
sw08utt/sw_0811_2278.utt,2/sw2278,2278,360,ba,A,190,1,Golly. /,Golly/UH ./.,,
sw08utt/sw_0811_2278.utt,2/sw2278,2278,361,sd,B,191,1,There were certain parts of town where it was illegal to drive. /,There/EX were/VBD certain/JJ parts/NNS of/IN town/NN where/WRB it/PRP was/VBD illegal/JJ to/TO drive/VB ./.,,
sw08utt/sw_0811_2278.utt,2/sw2278,2278,362,b^m,A,192,1,"{F Huh, } illegal, /","Huh/UH ,/, illegal/JJ ,/,",,
sw08utt/sw_0811_2278.utt,2/sw2278,2278,363,b,B,193,1,"Yeah,  /","Yeah/UH ,/,",,
sw08utt/sw_0811_2278.utt,2/sw2278,2278,364,sd,B,193,2,{C because } they had so many power lines down -- /,because/IN they/PRP had/VBD so/RB many/JJ power/NN lines/NNS down/RB --/:,,
sw08utt/sw_0811_2278.utt,2/sw2278,2278,365,ba,A,194,1,"{F Oh, } yeah. /","Oh/UH ,/, yeah/UH ./.",,
sw08utt/sw_0811_2278.utt,2/sw2278,2278,366,sd,B,195,1,"-- {C and so } many, {F uh, } things like that, - /","--/: and/CC so/RB many/JJ ,/, uh/UH ,/, things/NNS like/IN that/DT ,/,",,
sw08utt/sw_0811_2278.utt,2/sw2278,2278,367,sd,B,195,2,{C so } they were ... -/,so/RB they/PRP were/VBD .../:,,
