swda_filename,ptb_basename,conversation_no,transcript_index,act_tag,caller,utterance_index,subutterance_index,text,pos,trees,ptb_treenumbers
sw08utt/sw_0816_2368.utt,2/sw2368,2368,0,qw,A,1,1,"{F Uh, } what kind of house do you live in? /","Uh/UH ,/, what/WDT kind/NN of/IN house/NN do/VBP you/PRP live/VB in/IN ?/.",,
sw08utt/sw_0816_2368.utt,2/sw2368,2368,1,sd,B,2,1,"{F Uh, } we live in a one story, just like a style home, {D you know, } the standard Texas, {F uh, } Fox and Jacobs. /","Uh/UH ,/, we/PRP live/VBP in/IN a/DT one/CD story/NN ,/, just/RB like/IN a/DT style/NN home/NN ,/, you/PRP know/VBP ,/, the/DT standard/JJ Texas/NNP ,/, uh/UH ,/, Fox/NNP and/CC Jacobs/NNP ./.",,
sw08utt/sw_0816_2368.utt,2/sw2368,2368,2,b,A,3,1,"{F Oh, } yeah.  /","Oh/UH ,/, yeah/UH ./.",,
sw08utt/sw_0816_2368.utt,2/sw2368,2368,3,qy^d,A,3,2,"[ With, +","With/IN ,/,",,
sw08utt/sw_0816_2368.utt,2/sw2368,2368,4,qo,B,4,1,How about you guys? /,How/WRB about/IN you/PRP guys/NNS ?/.,,
sw08utt/sw_0816_2368.utt,2/sw2368,2368,5,+,A,5,1,with ] a yard and fence. /,with/IN a/DT yard/NN and/CC fence/NN ./.,,
sw08utt/sw_0816_2368.utt,2/sw2368,2368,6,qr,B,6,1,"Are you in a [ ho-, + ] apartment or a home? /","Are/VBP you/PRP in/IN a/DT ho-/NN ,/, apartment/NN or/CC a/DT home/NN ?/.",,
sw08utt/sw_0816_2368.utt,2/sw2368,2368,7,sd,A,7,1,"I'm in an apartment in, {F uh, } Plano. /","I/PRP 'm/VBP in/IN an/DT apartment/NN in/IN ,/, uh/UH ,/, Plano/NNP ./.",,
sw08utt/sw_0816_2368.utt,2/sw2368,2368,8,sv,B,8,1,"{D Well, } they say those are [ easy to fi-, + {E or } difficult to find. ] /","Well/UH ,/, they/PRP say/VBP those/DT are/VBP easy/JJ to/TO fi/VB ,/, or/CC difficult/JJ to/TO find/VB ./.",,
sw08utt/sw_0816_2368.utt,2/sw2368,2368,9,aa,A,9,1,"Yeah,  /","Yeah/UH ,/,",,
sw08utt/sw_0816_2368.utt,2/sw2368,2368,10,aa,A,9,2,"they are, if, {F uh, } - /","they/PRP are/VBP ,/, if/IN ,/, uh/UH ,/,",,
sw08utt/sw_0816_2368.utt,2/sw2368,2368,11,sv,A,9,3,kind of depends on what you're looking for.  /,kind/RB of/RB depends/VBZ on/IN what/WP you/PRP 're/VBP looking/VBG for/RB ./.,,
sw08utt/sw_0816_2368.utt,2/sw2368,2368,12,sd,A,9,4,"Mine's just a one bedroom place,  /","Mine/PRP 's/BES just/RB a/DT one/CD bedroom/NN place/NN ,/,",,
sw08utt/sw_0816_2368.utt,2/sw2368,2368,13,%,A,9,5,"that's, {F uh, } -/","that/WDT 's/BES ,/, uh/UH ,/,",,
sw08utt/sw_0816_2368.utt,2/sw2368,2368,14,qw,B,10,1,How are rents doing?  /,How/WRB are/VBP rents/NNS doing/VBG ?/.,,
sw08utt/sw_0816_2368.utt,2/sw2368,2368,15,sd,B,10,2,I haven't looked at rents in a long time. /,I/PRP have/VBP n't/RB looked/VBN at/IN rents/NNS in/IN a/DT long/JJ time/NN ./.,,
sw08utt/sw_0816_2368.utt,2/sw2368,2368,16,sd,A,11,1,"{F Uh, } it's hard for me to tell, because I haven't rented in, {F uh, } probably twenty, twenty-five years -- /","Uh/UH ,/, it/PRP 's/BES hard/JJ for/IN me/PRP to/TO tell/VB ,/, because/IN I/PRP have/VBP n't/RB rented/VBN in/IN ,/, uh/UH ,/, probably/RB twenty/CD ,/, twenty-five/CD years/NNS --/:",,
sw08utt/sw_0816_2368.utt,2/sw2368,2368,17,b,B,12,1,Uh-huh. /,Uh-huh/UH ./.,,
sw08utt/sw_0816_2368.utt,2/sw2368,2368,18,%,A,13,1,"-- {C and, } {F uh, } just, - /","--/: and/CC ,/, uh/UH ,/, just/RB ,/,",,
sw08utt/sw_0816_2368.utt,2/sw2368,2368,19,sd,A,13,2,"I'm getting back into apartment life,  /","I/PRP 'm/VBP getting/VBG back/RB into/IN apartment/NN life/NN ,/,",,
sw08utt/sw_0816_2368.utt,2/sw2368,2368,20,%,A,13,3,"{C and } it's, -/","and/CC it/PRP 's/BES ,/,",,
sw08utt/sw_0816_2368.utt,2/sw2368,2368,21,qw,B,14,1,"[ What's a, + what's a ] one bedroom, - /","What/WP 's/BES a/DT ,/, what/WP 's/BES a/DT one/CD bedroom/NN ,/,",,
sw08utt/sw_0816_2368.utt,2/sw2368,2368,22,qy,B,14,2,"are you in a, {F um } -- -/","are/VBP you/PRP in/IN a/DT ,/, um/UH --/:",,
sw08utt/sw_0816_2368.utt,2/sw2368,2368,23,ny,A,15,1,"Yeah, /","Yeah/UH ,/,",,
sw08utt/sw_0816_2368.utt,2/sw2368,2368,24,sd,B,16,1,"-- {D well, } Plano, - /","--/: well/UH ,/, Plano/NNP ,/,",,
sw08utt/sw_0816_2368.utt,2/sw2368,2368,25,sd,B,16,2,"[ most, + most ] complexes in Plano are pretty nice, /","most/RBS ,/, most/RBS complexes/NNS in/IN Plano/NNP are/VBP pretty/RB nice/JJ ,/,",,
sw08utt/sw_0816_2368.utt,2/sw2368,2368,26,sd,B,16,3,"{C so } you're probably in a, {D you know, } -/","so/RB you/PRP 're/VBP probably/RB in/IN a/DT ,/, you/PRP know/VBP ,/,",,
sw08utt/sw_0816_2368.utt,2/sw2368,2368,27,sd,A,17,1,"{D Well, } they vary, from place to place,  /","Well/UH ,/, they/PRP vary/VBP ,/, from/IN place/NN to/TO place/VB ,/,",,
sw08utt/sw_0816_2368.utt,2/sw2368,2368,28,sd,A,17,2,"it's hard to tell, {D you know, } how well they've been kept up --","it/PRP 's/BES hard/JJ to/TO tell/VB ,/, you/PRP know/VBP ,/, how/WRB well/RB they/PRP 've/VBP been/VBN kept/VBN up/RP --/:",,
sw08utt/sw_0816_2368.utt,2/sw2368,2368,29,b,B,18,1,Uh-huh. /,Uh-huh/UH ./.,,
sw08utt/sw_0816_2368.utt,2/sw2368,2368,30,+,A,19,1,"-- how old they are,  /","--/: how/WRB old/JJ they/PRP are/VBP ,/,",,
sw08utt/sw_0816_2368.utt,2/sw2368,2368,31,sv,A,19,2,"{C and } these are probably, {F oh, } one of the nicest that I found,  /","and/CC these/DT are/VBP probably/RB ,/, oh/UH ,/, one/CD of/IN the/DT nicest/JJS that/WDT I/PRP found/VBD ,/,",,
sw08utt/sw_0816_2368.utt,2/sw2368,2368,32,sd,A,19,3,"{C and, } {F uh, } they're almost five hundred a month for --","and/CC ,/, uh/UH ,/, they/PRP 're/VBP almost/RB five/CD hundred/CD a/DT month/NN for/IN --/:",,
sw08utt/sw_0816_2368.utt,2/sw2368,2368,33,ba,B,20,1,{F Ooh } --,Ooh/NNP --/:,,
sw08utt/sw_0816_2368.utt,2/sw2368,2368,34,+,A,21,1,-- a one bedroom place. /,--/: a/DT one/CD bedroom/NN place/NN ./.,,
sw08utt/sw_0816_2368.utt,2/sw2368,2368,35,+,B,22,1,"-- that does get high,  /","--/: that/WDT does/VBZ get/VB high/JJ ,/,",,
sw08utt/sw_0816_2368.utt,2/sw2368,2368,36,%,B,22,2,"yeah,  /","yeah/UH ,/,",,
sw08utt/sw_0816_2368.utt,2/sw2368,2368,37,%,B,22,3,"{E I mean, } /","I/PRP mean/VBP ,/,",,
sw08utt/sw_0816_2368.utt,2/sw2368,2368,38,b,A,23,1,"Yeah,  /","Yeah/UH ,/,",,
sw08utt/sw_0816_2368.utt,2/sw2368,2368,39,sd,A,23,2,"it does, considering that, {D you know, } [ you-, + ] {F uh, } house payments are,","it/PRP does/VBZ ,/, considering/VBG that/IN ,/, you/PRP know/VBP ,/, you-/XX ,/, uh/UH ,/, house/NN payments/NNS are/VBP ,/,",,
sw08utt/sw_0816_2368.utt,2/sw2368,2368,40,b,B,24,1,"Yeah,  /","Yeah/UH ,/,",,
sw08utt/sw_0816_2368.utt,2/sw2368,2368,41,sd,B,24,2,"I was going to say,","I/PRP was/VBD going/VBG to/TO say/VB ,/,",,
sw08utt/sw_0816_2368.utt,2/sw2368,2368,42,+,A,25,1,"not a whole lot more than that, /","not/RB a/DT whole/JJ lot/NN more/JJR than/IN that/DT ,/,",,
sw08utt/sw_0816_2368.utt,2/sw2368,2368,43,+,B,26,1,"our mortgage [ is, + is ] between, depending on, - /","our/PRP$ mortgage/NN is/VBZ ,/, is/VBZ between/IN ,/, depending/VBG on/IN ,/,",,
sw08utt/sw_0816_2368.utt,2/sw2368,2368,44,sd,B,26,2,"{D you know, } it drops, {F um, } - /","you/PRP know/VBP ,/, it/PRP drops/VBZ ,/, um/UH ,/,",,
sw08utt/sw_0816_2368.utt,2/sw2368,2368,45,sd,B,26,3,"seems like in the last six months we, {F um, } got lucky  /","seems/VBZ like/IN in/IN the/DT last/JJ six/CD months/NNS we/PRP ,/, um/UH ,/, got/VBD lucky/JJ",,
sw08utt/sw_0816_2368.utt,2/sw2368,2368,46,sd,B,26,4,"{C and } we refinanced,  /","and/CC we/PRP refinanced/VBD ,/,",,
sw08utt/sw_0816_2368.utt,2/sw2368,2368,47,%,B,26,5,"{C and } it, - /","and/CC it/PRP ,/,",,
sw08utt/sw_0816_2368.utt,2/sw2368,2368,48,sd,B,26,6,"{C but } it was like eight hundred and  something, /","but/CC it/PRP was/VBD like/IN eight/CD hundred/CD and/CC something/NN ,/,",,
sw08utt/sw_0816_2368.utt,2/sw2368,2368,49,sd,B,26,7,{C but } it went down to like seven hundred and twenty -- /,but/CC it/PRP went/VBD down/IN to/IN like/IN seven/CD hundred/CD and/CC twenty/CD --/:,,
sw08utt/sw_0816_2368.utt,2/sw2368,2368,50,b,A,27,1,Yeah. /,Yeah/UH ./.,,
sw08utt/sw_0816_2368.utt,2/sw2368,2368,51,sd,B,28,1,"-- {C so } that's really not, - /","--/: so/RB that/DT 's/BES really/RB not/RB ,/,",,
sw08utt/sw_0816_2368.utt,2/sw2368,2368,52,sd,B,28,2,I have friends that pay about nine hundred dollars for a town house --,I/PRP have/VBP friends/NNS that/WDT pay/VBP about/RB nine/CD hundred/CD dollars/NNS for/IN a/DT town/NN house/NN --/:,,
sw08utt/sw_0816_2368.utt,2/sw2368,2368,53,ba,A,29,1,"{D Wow, } that's a lot for a townhouse. /","Wow/UH ,/, that/DT 's/BES a/DT lot/NN for/IN a/DT townhouse/NN ./.",,
sw08utt/sw_0816_2368.utt,2/sw2368,2368,54,+,B,30,1,"-- in, - /","--/: in/IN ,/,",,
sw08utt/sw_0816_2368.utt,2/sw2368,2368,55,%,B,30,2,"yeah,  /","yeah/UH ,/,",,
sw08utt/sw_0816_2368.utt,2/sw2368,2368,56,%,B,30,3,"in, - /","in/IN ,/,",,
sw08utt/sw_0816_2368.utt,2/sw2368,2368,57,sd,B,30,4,"{D actually } they're near Plano in North Dallas too,  /","actually/UH they/PRP 're/VBP near/RB Plano/NNP in/IN North/NNP Dallas/NNP too/RB ,/,",,
sw08utt/sw_0816_2368.utt,2/sw2368,2368,58,sd,B,30,5,"{C but } I couldn't believe it,  /","but/CC I/PRP could/MD n't/RB believe/VB it/PRP ,/,",,
sw08utt/sw_0816_2368.utt,2/sw2368,2368,59,%,B,30,6,"{C but, } {D you know, } -/","but/CC ,/, you/PRP know/VBP ,/,",,
sw08utt/sw_0816_2368.utt,2/sw2368,2368,60,sv,A,31,1,"{C But } that's what happens when you get up in this area, {D you know, } you got all these companies are up here, /","But/CC that/DT 's/BES what/WP happens/VBZ when/WRB you/PRP get/VBP up/IN in/IN this/DT area/NN ,/, you/PRP know/VBP ,/, you/PRP got/VBD all/PDT these/DT companies/NNS are/VBP up/IN here/RB ,/,",,
sw08utt/sw_0816_2368.utt,2/sw2368,2368,61,%,A,31,2,{C and } these -- -/,and/CC these/DT --/:,,
sw08utt/sw_0816_2368.utt,2/sw2368,2368,62,b,B,32,1,Yeah. /,Yeah/UH ./.,,
sw08utt/sw_0816_2368.utt,2/sw2368,2368,63,sv,A,33,1,"-- {C and, } I guess they know they're going to get it, /","--/: and/CC ,/, I/PRP guess/VBP they/PRP know/VBP they/PRP 're/VBP going/VBG to/TO get/VB it/PRP ,/,",,
sw08utt/sw_0816_2368.utt,2/sw2368,2368,64,sv,B,34,1,"{C And then } I think that, {F um, } nobody was really buying houses there for a long time there because of just, - /","And/CC then/RB I/PRP think/VBP that/IN ,/, um/UH ,/, nobody/NN was/VBD really/RB buying/VBG houses/NNS there/RB for/IN a/DT long/JJ time/NN there/RB because/IN of/IN just/RB ,/,",,
sw08utt/sw_0816_2368.utt,2/sw2368,2368,65,sd,B,34,2,"{E I mean, } we've been in ours for about ten years, /","I/PRP mean/VBP ,/, we/PRP 've/VBP been/VBN in/IN ours/PRP for/IN about/RB ten/CD years/NNS ,/,",,
sw08utt/sw_0816_2368.utt,2/sw2368,2368,66,sd,B,34,3,"{C but, } {F uh } there's no investment in it,  /","but/CC ,/, uh/UH there/EX 's/BES no/DT investment/NN in/IN it/PRP ,/,",,
sw08utt/sw_0816_2368.utt,2/sw2368,2368,67,sv,B,34,4,{D you know } --,you/PRP know/VBP --/:,,
sw08utt/sw_0816_2368.utt,2/sw2368,2368,68,b,A,35,1,Yeah. /,Yeah/UH ./.,,
sw08utt/sw_0816_2368.utt,2/sw2368,2368,69,+,B,36,1,"-- all it allows you to do is itemize,","--/: all/DT it/PRP allows/VBZ you/PRP to/TO do/VB is/VBZ itemize/VB ,/,",,
sw08utt/sw_0816_2368.utt,2/sw2368,2368,70,aa,A,37,1,"Yeah,  /","Yeah/UH ,/,",,
sw08utt/sw_0816_2368.utt,2/sw2368,2368,71,aa,A,37,2,"that's true,  /","that/DT 's/BES true/JJ ,/,",,
sw08utt/sw_0816_2368.utt,2/sw2368,2368,72,sv,A,37,3,you just --,you/PRP just/RB --/:,,
sw08utt/sw_0816_2368.utt,2/sw2368,2368,73,+,B,38,1,[ on your -- +,on/IN your/PRP$ --/:,,
sw08utt/sw_0816_2368.utt,2/sw2368,2368,74,+,A,39,1,-- take off your mortgage interest -- /,--/: take/VBP off/RP your/PRP$ mortgage/NN interest/NN --/:,,
sw08utt/sw_0816_2368.utt,2/sw2368,2368,75,+,B,40,1,-- on your ] taxes --,--/: on/IN your/PRP$ taxes/NNS --/:,,
sw08utt/sw_0816_2368.utt,2/sw2368,2368,76,sd,A,41,1,"-- {C and } that's about it, /","--/: and/CC that/DT 's/BES about/RB it/PRP ,/,",,
sw08utt/sw_0816_2368.utt,2/sw2368,2368,77,+,B,42,1,"-- yeah,  /","--/: yeah/UH ,/,",,
sw08utt/sw_0816_2368.utt,2/sw2368,2368,78,aa^m,B,42,2,"that's really about it,  /","that/DT 's/BES really/RB about/RB it/PRP ,/,",,
sw08utt/sw_0816_2368.utt,2/sw2368,2368,79,%,B,42,3,"it's, {F uh, } - /","it/PRP 's/BES ,/, uh/UH ,/,",,
sw08utt/sw_0816_2368.utt,2/sw2368,2368,80,qy,B,42,4,"have you ever owned your own home, /","have/VBP you/PRP ever/RB owned/VBN your/PRP$ own/JJ home/NN ,/,",,
sw08utt/sw_0816_2368.utt,2/sw2368,2368,81,ny,A,43,1,"Yeah,  /","Yeah/UH ,/,",,
sw08utt/sw_0816_2368.utt,2/sw2368,2368,82,sd^e,A,43,2,"I've owned, {F uh, } several, built several, /","I/PRP 've/VBP owned/VBN ,/, uh/UH ,/, several/JJ ,/, built/VBN several/JJ ,/,",,
sw08utt/sw_0816_2368.utt,2/sw2368,2368,83,qw^d,B,44,1,"{C So } you know what it's like,  /","So/RB you/PRP know/VBP what/WP it/PRP 's/BES like/IN ,/,",,
sw08utt/sw_0816_2368.utt,2/sw2368,2368,84,%,B,44,2,"yeah,  /","yeah/UH ,/,",,
sw08utt/sw_0816_2368.utt,2/sw2368,2368,85,sd,B,44,3,"it's like, when you first, - /","it/PRP 's/BES like/IN ,/, when/WRB you/PRP first/JJ ,/,",,
sw08utt/sw_0816_2368.utt,2/sw2368,2368,86,sd,B,44,4,"this is our third one,  /","this/DT is/VBZ our/PRP$ third/JJ one/CD ,/,",,
sw08utt/sw_0816_2368.utt,2/sw2368,2368,87,%,B,44,5,"it's not, {F um, } - /","it/PRP 's/BES not/RB ,/, um/UH ,/,",,
sw08utt/sw_0816_2368.utt,2/sw2368,2368,88,sd,B,44,6,{C and } it's not that exciting after a while <laughter>. /,and/CC it/PRP 's/BES not/RB that/RB exciting/JJ after/IN a/DT while/NN ./.,,
sw08utt/sw_0816_2368.utt,2/sw2368,2368,89,sv,A,45,1,"{D Well } <laughter> {C and } especially around North Dallas, or at least in Plano area, [ they, + they ] basically all look alike because Fox and Jacobs, -/","Well/UH and/CC especially/RB around/IN North/NNP Dallas/NNP ,/, or/CC at/IN least/JJS in/IN Plano/NNP area/NN ,/, they/PRP ,/, they/PRP basically/RB all/DT look/VBP alike/RB because/IN Fox/NNP and/CC Jacobs/NNP ,/,",,
sw08utt/sw_0816_2368.utt,2/sw2368,2368,90,b,B,46,1,"Yeah,  /","Yeah/UH ,/,",,
sw08utt/sw_0816_2368.utt,2/sw2368,2368,91,bf,B,46,2,"suburban tract,  /","suburban/JJ tract/NN ,/,",,
sw08utt/sw_0816_2368.utt,2/sw2368,2368,92,%,B,46,3,"yeah,  /","yeah/UH ,/,",,
sw08utt/sw_0816_2368.utt,2/sw2368,2368,93,sd,B,46,4,"[ we, + {F uh, } we ] lived out of state for a while and came back  /","we/PRP ,/, uh/UH ,/, we/PRP lived/VBD out/IN of/IN state/NN for/IN a/DT while/NN and/CC came/VBD back/RB",,
sw08utt/sw_0816_2368.utt,2/sw2368,2368,94,sd,B,46,5,"{C and, } {F uh, } we lived in a smaller city,  /","and/CC ,/, uh/UH ,/, we/PRP lived/VBD in/IN a/DT smaller/JJR city/NN ,/,",,
sw08utt/sw_0816_2368.utt,2/sw2368,2368,95,sv,B,46,6,"{C and } now we say, {D Gee, } Dallas really is big and polluted <laughter>. /","and/CC now/RB we/PRP say/VBP ,/, Gee/UH ,/, Dallas/NNP really/RB is/VBZ big/JJ and/CC polluted/JJ ./.",,
sw08utt/sw_0816_2368.utt,2/sw2368,2368,96,aa,A,47,1,Isn't it.  /,Is/VBZ n't/RB it/PRP ./.,,
sw08utt/sw_0816_2368.utt,2/sw2368,2368,97,sd,A,47,2,"I can remember, - /","I/PRP can/MD remember/VB ,/,",,
sw08utt/sw_0816_2368.utt,2/sw2368,2368,98,sd,A,47,3,"I've only been here eight years,  /","I/PRP 've/VBP only/RB been/VBN here/RB eight/CD years/NNS ,/,",,
sw08utt/sw_0816_2368.utt,2/sw2368,2368,99,sd,A,47,4,"{C but } I can remember coming to work from, - /","but/CC I/PRP can/MD remember/VB coming/VBG to/IN work/NN from/IN ,/,",,
sw08utt/sw_0816_2368.utt,2/sw2368,2368,100,sd,A,47,5,I used to live in Wylie -- /,I/PRP used/VBD to/TO live/VB in/IN Wylie/NNP --/:,,
sw08utt/sw_0816_2368.utt,2/sw2368,2368,101,b,B,48,1,Uh-huh. /,Uh-huh/UH ./.,,
sw08utt/sw_0816_2368.utt,2/sw2368,2368,102,sd,A,49,1,"-- {C and } I could see downtown Dallas,  /","--/: and/CC I/PRP could/MD see/VB downtown/NN Dallas/NNP ,/,",,
sw08utt/sw_0816_2368.utt,2/sw2368,2368,103,sd,A,49,2,"{C and } now there's this brown haze over it,  /","and/CC now/RB there/EX 's/BES this/DT brown/JJ haze/NN over/IN it/PRP ,/,",,
sw08utt/sw_0816_2368.utt,2/sw2368,2368,104,sd,A,49,3,{C and } --,and/CC --/:,,
sw08utt/sw_0816_2368.utt,2/sw2368,2368,105,b,B,50,1,"Yeah,  /","Yeah/UH ,/,",,
sw08utt/sw_0816_2368.utt,2/sw2368,2368,106,sv,B,50,2,[ it's really -- +,it/PRP 's/BES really/RB --/:,,
sw08utt/sw_0816_2368.utt,2/sw2368,2368,107,+,A,51,1,-- it's moving north. /,--/: it/PRP 's/BES moving/VBG north/RB ./.,,
sw08utt/sw_0816_2368.utt,2/sw2368,2368,108,+,B,52,1,"-- it's really ] sad because they're not doing anything,  /","--/: it/PRP 's/BES really/RB sad/JJ because/IN they/PRP 're/VBP not/RB doing/VBG anything/NN ,/,",,
sw08utt/sw_0816_2368.utt,2/sw2368,2368,109,sv^t,B,52,2,"{D well } we're getting off the subject, I guess,/","well/UH we/PRP 're/VBP getting/VBG off/RB the/DT subject/NN ,/, I/PRP guess/VBP ,/,",,
sw08utt/sw_0816_2368.utt,2/sw2368,2368,110,sv,B,52,3,"{C but } just like with housing, {E I mean, } they're not doing anything about pollution,  /","but/CC just/RB like/IN with/IN housing/NN ,/, I/PRP mean/VBP ,/, they/PRP 're/VBP not/RB doing/VBG anything/NN about/IN pollution/NN ,/,",,
sw08utt/sw_0816_2368.utt,2/sw2368,2368,111,sv^r,B,52,4,"they're not doing anything about, - /","they/PRP 're/VBP not/RB doing/VBG anything/NN about/IN ,/,",,
sw08utt/sw_0816_2368.utt,2/sw2368,2368,112,sv,B,52,5,"it's going to look like, - /","it/PRP 's/BES going/VBG to/TO look/VB like/IN ,/,",,
sw08utt/sw_0816_2368.utt,2/sw2368,2368,113,qy,B,52,6,have you ever been to Houston? /,have/VBP you/PRP ever/RB been/VBN to/IN Houston/NNP ?/.,,
sw08utt/sw_0816_2368.utt,2/sw2368,2368,114,ny,A,53,1,"{F Oh, } yeah. /","Oh/UH ,/, yeah/UH ./.",,
sw08utt/sw_0816_2368.utt,2/sw2368,2368,115,sv,B,54,1,"{D You know, } {F um, } I used to think that Dallas was better than Houston because their zoning --","You/PRP know/VBP ,/, um/UH ,/, I/PRP used/VBD to/TO think/VB that/IN Dallas/NNP was/VBD better/JJR than/IN Houston/NNP because/IN their/PRP$ zoning/NN --/:",,
sw08utt/sw_0816_2368.utt,2/sw2368,2368,116,b,A,55,1,"Yeah, /","Yeah/UH ,/,",,
sw08utt/sw_0816_2368.utt,2/sw2368,2368,117,+,B,56,1,"-- for where you can put a house next to a, - /","--/: for/IN where/WRB you/PRP can/MD put/VB a/DT house/NN next/RB to/IN a/DT ,/,",,
sw08utt/sw_0816_2368.utt,2/sw2368,2368,118,sv,B,56,2,now it looks just like Houston to me. /,now/RB it/PRP looks/VBZ just/RB like/IN Houston/NNP to/IN me/PRP ./.,,
sw08utt/sw_0816_2368.utt,2/sw2368,2368,119,aa,A,57,1,"Yeah,  /","Yeah/UH ,/,",,
sw08utt/sw_0816_2368.utt,2/sw2368,2368,120,aa,A,57,2,it does.  /,it/PRP does/VBZ ./.,,
sw08utt/sw_0816_2368.utt,2/sw2368,2368,121,qw,A,57,3,How long have you been in this house? /,How/WRB long/JJ have/NN you/PRP been/VBN in/IN this/DT house/NN ?/.,,
sw08utt/sw_0816_2368.utt,2/sw2368,2368,122,sd,B,58,1,We've been in here ten years. /,We/PRP 've/VBP been/VBN in/IN here/RB ten/CD years/NNS ./.,,
sw08utt/sw_0816_2368.utt,2/sw2368,2368,123,b^m,A,59,1,Ten years. /,Ten/CD years/NNS ./.,,
sw08utt/sw_0816_2368.utt,2/sw2368,2368,124,b,B,60,1,"Yeah,  /","Yeah/UH ,/,",,
sw08utt/sw_0816_2368.utt,2/sw2368,2368,125,sd,B,60,2,"{C so } we've [ got, + {D you know, } got ] some investment in it,  /","so/RB we/PRP 've/VBP got/VBN ,/, you/PRP know/VBP ,/, got/VBN some/DT investment/NN in/IN it/PRP ,/,",,
sw08utt/sw_0816_2368.utt,2/sw2368,2368,126,sv,B,60,3,"{C but, } you really don't get anything out of it.  /","but/CC ,/, you/PRP really/RB do/VBP n't/RB get/VB anything/NN out/RP of/IN it/PRP ./.",,
sw08utt/sw_0816_2368.utt,2/sw2368,2368,127,aa,A,61,1,"No,  /","No/UH ,/,",,
sw08utt/sw_0816_2368.utt,2/sw2368,2368,128,aa^m,A,61,2,you really don't.  /,you/PRP really/RB do/VBP n't/RB ./.,,
sw08utt/sw_0816_2368.utt,2/sw2368,2368,129,qy,A,61,3,"[  Were, + you said you were ] out of state for a while, was that a smaller town than Dallas area. /","Were/VBD ,/, you/PRP said/VBD you/PRP were/VBD out/IN of/IN state/NN for/IN a/DT while/NN ,/, was/VBD that/DT a/DT smaller/JJR town/NN than/IN Dallas/NNP area/NN ./.",,
sw08utt/sw_0816_2368.utt,2/sw2368,2368,130,ny,B,62,1,"Yeah,  /","Yeah/UH ,/,",,
sw08utt/sw_0816_2368.utt,2/sw2368,2368,131,sd^e^m,B,62,2,"smaller,  /","smaller/JJR ,/,",,
sw08utt/sw_0816_2368.utt,2/sw2368,2368,132,sd,B,62,3,"we were up in Pittsburgh, Pennsylvania. /","we/PRP were/VBD up/IN in/IN Pittsburgh/NNP ,/, Pennsylvania/NNP ./.",,
sw08utt/sw_0816_2368.utt,2/sw2368,2368,133,qw,A,63,1,How was it -- -/,How/WRB was/VBD it/PRP --/:,,
sw08utt/sw_0816_2368.utt,2/sw2368,2368,134,sd,B,64,1,My home town. /,My/PRP$ home/NN town/NN ./.,,
sw08utt/sw_0816_2368.utt,2/sw2368,2368,135,qw,A,65,1,-- how were the house prices up there? /,--/: how/WRB were/VBD the/DT house/NN prices/NNS up/IN there/RB ?/.,,
sw08utt/sw_0816_2368.utt,2/sw2368,2368,136,sd,B,66,1,"The prices, {D actually, } a lot better, because Pittsburgh is about the size, {A I've been trying to think, } like a Louisville, or  Minneapolis, that type of size. /","The/DT prices/NNS ,/, actually/UH ,/, a/DT lot/NN better/JJR ,/, because/IN Pittsburgh/NNP is/VBZ about/RB the/DT size/NN ,/, I/PRP 've/VBP been/VBN trying/VBG to/TO think/VB ,/, like/IN a/DT Louisville/NNP ,/, or/CC Minneapolis/NNP ,/, that/DT type/NN of/IN size/NN ./.",,
sw08utt/sw_0816_2368.utt,2/sw2368,2368,137,b,A,67,1,Yeah. /,Yeah/UH ./.,,
sw08utt/sw_0816_2368.utt,2/sw2368,2368,138,sd,B,68,1,"{C And } the prices, what you get here for about a hundred thousand you could get there for about seventy-five, eighty.  /","And/CC the/DT prices/NNS ,/, what/WP you/PRP get/VBP here/RB for/IN about/RB a/DT hundred/CD thousand/CD you/PRP could/MD get/VB there/RB for/IN about/RB seventy-five/CD ,/, eighty/CD ./.",,
sw08utt/sw_0816_2368.utt,2/sw2368,2368,139,ba,A,69,1,Wow. /,Wow/UH ./.,,
sw08utt/sw_0816_2368.utt,2/sw2368,2368,140,b,B,70,1,"Yeah,  /","Yeah/UH ,/,",,
sw08utt/sw_0816_2368.utt,2/sw2368,2368,141,sd,B,70,2,"it's really, - /","it/PRP 's/BES really/RB ,/,",,
sw08utt/sw_0816_2368.utt,2/sw2368,2368,142,sd,B,70,3,"{C and } we didn't think it was that clean,  /","and/CC we/PRP did/VBD n't/RB think/VB it/PRP was/VBD that/RB clean/JJ ,/,",,
sw08utt/sw_0816_2368.utt,2/sw2368,2368,143,sv,B,70,4,"{C but  then } after you're gone for a while, <laughter> it looks cleaner, {D you know } -- /","but/CC then/RB after/IN you/PRP 're/VBP gone/VBN for/IN a/DT while/NN ,/, it/PRP looks/VBZ cleaner/JJR ,/, you/PRP know/VBP --/:",,
sw08utt/sw_0816_2368.utt,2/sw2368,2368,144,b,A,71,1,"{F Oh, } yeah -- /","Oh/UH ,/, yeah/UH --/:",,
sw08utt/sw_0816_2368.utt,2/sw2368,2368,145,%,B,72,1,"-- {F uh, } /","--/: uh/UH ,/,",,
sw08utt/sw_0816_2368.utt,2/sw2368,2368,146,sd,A,73,1,"-- {D well, } {D you know, } a lot of these people that I've talked to that are coming down from, {F uh, } {D like } what I call, the back East --","--/: well/UH ,/, you/PRP know/VBP ,/, a/DT lot/NN of/IN these/DT people/NNS that/WDT I/PRP 've/VBP talked/VBN to/IN that/WDT are/VBP coming/VBG down/RB from/IN ,/, uh/UH ,/, like/IN what/WP I/PRP call/VBP ,/, the/DT back/RB East/NNP --/:",,
sw08utt/sw_0816_2368.utt,2/sw2368,2368,147,b,B,74,1,"Yeah,  /","Yeah/UH ,/,",,
sw08utt/sw_0816_2368.utt,2/sw2368,2368,148,^2@,B,74,2,"Saint Louis, whatever,","Saint/NNP Louis/NNP ,/, whatever/WDT ,/,",,
sw08utt/sw_0816_2368.utt,2/sw2368,2368,149,+,A,75,1,"-- especially from J C Penney, {F uh, } are selling two and three hundred thousand dollar houses up there and buying a hundred and  fifty, hundred and seventy-five thousand dollar houses down here,  /","--/: especially/RB from/IN J/NNP C/NNP Penney/NNP ,/, uh/UH ,/, are/VBP selling/VBG two/CD and/CC three/CD hundred/CD thousand/CD dollar/NN houses/NNS up/IN there/RB and/CC buying/VBG a/DT hundred/CD and/CC fifty/CD ,/, hundred/CD and/CC seventy-five/CD thousand/CD dollar/NN houses/NNS down/IN here/RB ,/,",,
sw08utt/sw_0816_2368.utt,2/sw2368,2368,150,sv,A,75,2,{C and } they've wound up getting better houses here than they had there -- /,and/CC they/PRP 've/VBP wound/VBN up/RP getting/VBG better/JJR houses/NNS here/RB than/IN they/PRP had/VBD there/RB --/:,,
sw08utt/sw_0816_2368.utt,2/sw2368,2368,151,+@,B,76,1,Really. /,Really/UH ./.,,
sw08utt/sw_0816_2368.utt,2/sw2368,2368,152,sv,A,77,1,"-- {C so } in a way, I guess it works both ways. /","--/: so/RB in/IN a/DT way/NN ,/, I/PRP guess/VBP it/PRP works/VBZ both/DT ways/NNS ./.",,
sw08utt/sw_0816_2368.utt,2/sw2368,2368,153,%,B,78,1,"I guess it's, - /","I/PRP guess/VBP it/PRP 's/BES ,/,",,
sw08utt/sw_0816_2368.utt,2/sw2368,2368,154,%,B,78,2,"yeah,  /","yeah/UH ,/,",,
sw08utt/sw_0816_2368.utt,2/sw2368,2368,155,sv,B,78,3,"[ {C but, } + {C and } ] here I guess it depends on what you want,  /","but/CC ,/, and/CC here/RB I/PRP guess/VBP it/PRP depends/VBZ on/IN what/WP you/PRP want/VBP ,/,",,
sw08utt/sw_0816_2368.utt,2/sw2368,2368,156,sd,B,78,4,"{D you know, } here,  ((   ))  I got a lot of people that work for J C Penney in marketing -- /","you/PRP know/VBP ,/, here/RB ,/, MUMBLEx/XX I/PRP got/VBD a/DT lot/NN of/IN people/NNS that/WDT work/VBP for/IN J/NNP C/NNP Penney/NNP in/IN marketing/NN --/:",,
sw08utt/sw_0816_2368.utt,2/sw2368,2368,157,b,A,79,1,Yeah. /,Yeah/UH ./.,,
sw08utt/sw_0816_2368.utt,2/sw2368,2368,158,sv,B,80,1,"-- {C and } a lot of the people that came from that area, probably like what you're talking about, [ they had no, + {F um, } they had ] a lot of property but not a lot of house, /","--/: and/CC a/DT lot/NN of/IN the/DT people/NNS that/WDT came/VBD from/IN that/DT area/NN ,/, probably/RB like/IN what/WP you/PRP 're/VBP talking/VBG about/IN ,/, they/PRP had/VBD no/DT ,/, um/UH ,/, they/PRP had/VBD a/DT lot/NN of/IN property/NN but/CC not/RB a/DT lot/NN of/IN house/NN ,/,",,
sw08utt/sw_0816_2368.utt,2/sw2368,2368,159,sv,B,80,2,{C and } now they have a lot of house and hardly any yardage around it -- /,and/CC now/RB they/PRP have/VBP a/DT lot/NN of/IN house/NN and/CC hardly/RB any/DT yardage/NN around/IN it/PRP --/:,,
sw08utt/sw_0816_2368.utt,2/sw2368,2368,160,aa,A,81,1,"That's a fact, /","That/DT 's/BES a/DT fact/NN ,/,",,
sw08utt/sw_0816_2368.utt,2/sw2368,2368,161,sv,B,82,1,"-- [ {C but, } + {C but } ] they love it.  /","--/: but/CC ,/, but/CC they/PRP love/VBP it/PRP ./.",,
sw08utt/sw_0816_2368.utt,2/sw2368,2368,162,sv,B,82,2,"{E I mean, } [ [ they, + they, ] + they ] think they're getting, - /","I/PRP mean/VBP ,/, they/PRP ,/, they/PRP ,/, they/PRP think/VBP they/PRP 're/VBP getting/VBG ,/,",,
sw08utt/sw_0816_2368.utt,2/sw2368,2368,163,sv,B,82,3,"{D you know, } you say, sun room to them, and you enclose  and you can sell it <laughter>. /","you/PRP know/VBP ,/, you/PRP say/VBP ,/, sun/NN room/NN to/IN them/PRP ,/, and/CC you/PRP enclose/VBP and/CC you/PRP can/MD sell/VB it/PRP ./.",,
sw08utt/sw_0816_2368.utt,2/sw2368,2368,164,aa,A,83,1,<Laughter> I guess that's true. /,I/PRP guess/VBP that/DT 's/BES true/JJ ./.,,
sw08utt/sw_0816_2368.utt,2/sw2368,2368,165,b,B,84,1,Yeah. /,Yeah/UH ./.,,
sw08utt/sw_0816_2368.utt,2/sw2368,2368,166,sv,A,85,1,{C And } they don't have to worry about yard upkeep if they don't hardly have any. /,And/CC they/PRP do/VBP n't/RB have/VB to/TO worry/VB about/IN yard/NN upkeep/NN if/IN they/PRP do/VBP n't/RB hardly/RB have/VB any/DT ./.,,
sw08utt/sw_0816_2368.utt,2/sw2368,2368,167,b,B,86,1,"Yeah,  /","Yeah/UH ,/,",,
sw08utt/sw_0816_2368.utt,2/sw2368,2368,168,sd,B,86,2,"{C and } a lot of them I know, a couple women that work there, - /","and/CC a/DT lot/NN of/IN them/PRP I/PRP know/VBP ,/, a/DT couple/NN women/NNS that/WDT work/VBP there/RB ,/,",,
sw08utt/sw_0816_2368.utt,2/sw2368,2368,169,sv,B,86,3,"{C and } they don't miss, in Public Relations, - /","and/CC they/PRP do/VBP n't/RB miss/VB ,/, in/IN Public/NNP Relations/NNPS ,/,",,
sw08utt/sw_0816_2368.utt,2/sw2368,2368,170,sv,B,86,4,"{C and } they don't miss having a basement to run up and down to, {D you know, } /","and/CC they/PRP do/VBP n't/RB miss/VB having/VBG a/DT basement/NN to/TO run/VB up/RB and/CC down/RB to/IN ,/, you/PRP know/VBP ,/,",,
sw08utt/sw_0816_2368.utt,2/sw2368,2368,171,aa,A,87,1,"That's true,  /","That/DT 's/BES true/JJ ,/,",,
sw08utt/sw_0816_2368.utt,2/sw2368,2368,172,sd,A,87,2,[ there's + ] not too many basements in Texas. /,there/EX 's/BES not/RB too/RB many/JJ basements/NNS in/IN Texas/NNP ./.,,
sw08utt/sw_0816_2368.utt,2/sw2368,2368,173,sd,B,88,1,"{C And } I said, You haven't heard about tornados <laughter>. /","And/CC I/PRP said/VBD ,/, You/PRP have/VBP n't/RB heard/VBN about/IN tornados/NNS ./.",,
sw08utt/sw_0816_2368.utt,2/sw2368,2368,174,x,A,89,1,<Laughter>.,,,
sw08utt/sw_0816_2368.utt,2/sw2368,2368,175,qh,B,90,1,"How about those, {D you know, } /","How/WRB about/IN those/DT ,/, you/PRP know/VBP ,/,",,
sw08utt/sw_0816_2368.utt,2/sw2368,2368,176,b,A,91,1,"Yeah,  /","Yeah/UH ,/,",,
sw08utt/sw_0816_2368.utt,2/sw2368,2368,177,sd,A,91,2,"{D gosh } I remember when I was little, {F uh, } we didn't have a, - /","gosh/UH I/PRP remember/VBP when/WRB I/PRP was/VBD little/JJ ,/, uh/UH ,/, we/PRP did/VBD n't/RB have/VB a/DT ,/,",,
sw08utt/sw_0816_2368.utt,2/sw2368,2368,178,sd,A,91,3,"I [  lived, + grew ] up in southern Oklahoma -- /","I/PRP lived/VBD ,/, grew/VBD up/RP in/IN southern/JJ Oklahoma/NNP --/:",,
sw08utt/sw_0816_2368.utt,2/sw2368,2368,179,b,B,92,1,Uh-huh. /,Uh-huh/UH ./.,,
sw08utt/sw_0816_2368.utt,2/sw2368,2368,180,sd,A,93,1,"-- {C and, } {F uh, } people across the street had a cellar,  /","--/: and/CC ,/, uh/UH ,/, people/NNS across/IN the/DT street/NN had/VBD a/DT cellar/NN ,/,",,
sw08utt/sw_0816_2368.utt,2/sw2368,2368,181,sd,A,93,2,"{C and } we never did,  /","and/CC we/PRP never/RB did/VBD ,/,",,
sw08utt/sw_0816_2368.utt,2/sw2368,2368,182,sd,A,93,3,"{C and } it's just like Dallas area, it was tornado alley up there,  /","and/CC it/PRP 's/BES just/RB like/IN Dallas/NNP area/NN ,/, it/PRP was/VBD tornado/NN alley/NN up/IN there/RB ,/,",,
sw08utt/sw_0816_2368.utt,2/sw2368,2368,183,sd,A,93,4,"{C and } every spring mom would drag me up at three o'clock, four o'clock in the morning and pajamas and teddy bear across the street,  /","and/CC every/DT spring/NN mom/NN would/MD drag/VB me/PRP up/RP at/IN three/CD o'clock/RB ,/, four/CD o'clock/RB in/IN the/DT morning/NN and/CC pajamas/NNS and/CC teddy/NN bear/NN across/IN the/DT street/NN ,/,",,
sw08utt/sw_0816_2368.utt,2/sw2368,2368,184,sd,A,93,5,"{C and } we'd go into the cellar,  /","and/CC we/PRP 'd/MD go/VB into/IN the/DT cellar/NN ,/,",,
sw08utt/sw_0816_2368.utt,2/sw2368,2368,185,sd,A,93,6,{C and } I --,and/CC I/PRP --/:,,
sw08utt/sw_0816_2368.utt,2/sw2368,2368,186,b,B,94,1,Yep. /,Yep/NNP ./.,,
sw08utt/sw_0816_2368.utt,2/sw2368,2368,187,+,A,95,1,"-- to this day, I don't care if I go or not,  /","--/: to/IN this/DT day/NN ,/, I/PRP do/VBP n't/RB care/VB if/IN I/PRP go/VBP or/CC not/RB ,/,",,
sw08utt/sw_0816_2368.utt,2/sw2368,2368,188,sv,A,95,2,"{D you know, } if it's going to get me, it's get me. /","you/PRP know/VBP ,/, if/IN it/PRP 's/BES going/VBG to/TO get/VB me/PRP ,/, it/PRP 's/BES get/VB me/PRP ./.",,
sw08utt/sw_0816_2368.utt,2/sw2368,2368,189,aa,B,96,1,"That's exactly, {F uh, } - /","That/DT 's/BES exactly/RB ,/, uh/UH ,/,",,
sw08utt/sw_0816_2368.utt,2/sw2368,2368,190,%,B,96,2,"growing, - /","growing/VBG ,/,",,
sw08utt/sw_0816_2368.utt,2/sw2368,2368,191,sd,B,96,3,"I grew up in western Pennsylvania, near Pittsburgh, /","I/PRP grew/VBD up/RP in/IN western/JJ Pennsylvania/NNP ,/, near/RB Pittsburgh/NNP ,/,",,
sw08utt/sw_0816_2368.utt,2/sw2368,2368,192,sd,B,96,4,"{C and, } {F uh, } we used to call the basements actual cellars,  /","and/CC ,/, uh/UH ,/, we/PRP used/VBD to/TO call/VB the/DT basements/NNS actual/JJ cellars/NNS ,/,",,
sw08utt/sw_0816_2368.utt,2/sw2368,2368,193,sd,B,96,5,"{C so } it's funny to hear that word, because I never hear it,  /","so/RB it/PRP 's/BES funny/JJ to/TO hear/VB that/DT word/NN ,/, because/IN I/PRP never/RB hear/VBP it/PRP ,/,",,
sw08utt/sw_0816_2368.utt,2/sw2368,2368,194,sd,B,96,6,"{D you know, } it's like the back porch used to be a stoop, {D you know } -- /","you/PRP know/VBP ,/, it/PRP 's/BES like/IN the/DT back/JJ porch/NN used/VBD to/TO be/VB a/DT stoop/NN ,/, you/PRP know/VBP --/:",,
sw08utt/sw_0816_2368.utt,2/sw2368,2368,195,b,A,97,1,Yeah. /,Yeah/UH ./.,,
sw08utt/sw_0816_2368.utt,2/sw2368,2368,196,sv,B,98,1,"-- {C but, } {F uh, } {F um, } the housing is just, - /","--/: but/CC ,/, uh/UH ,/, um/UH ,/, the/DT housing/NN is/VBZ just/RB ,/,",,
sw08utt/sw_0816_2368.utt,2/sw2368,2368,197,sd,B,98,2,"we like the older houses,  /","we/PRP like/VBP the/DT older/JJR houses/NNS ,/,",,
sw08utt/sw_0816_2368.utt,2/sw2368,2368,198,sd,B,98,3,"{C and } I don't know if we're going to stay here or not, depends,  /","and/CC I/PRP do/VBP n't/RB know/VB if/IN we/PRP 're/VBP going/VBG to/TO stay/VB here/RB or/CC not/RB ,/, depends/VBZ ,/,",,
sw08utt/sw_0816_2368.utt,2/sw2368,2368,199,qy,B,98,4,"{D you know, } {E I mean, } -/","you/PRP know/VBP ,/, I/PRP mean/VBP ,/,",,
sw08utt/sw_0816_2368.utt,2/sw2368,2368,200,qy,A,99,1,You ever thought about building a house? /,You/PRP ever/RB thought/VBD about/IN building/VBG a/DT house/NN ?/.,,
sw08utt/sw_0816_2368.utt,2/sw2368,2368,201,br,B,100,1,Pardon me? /,Pardon/VB me/PRP ?/.,,
sw08utt/sw_0816_2368.utt,2/sw2368,2368,202,qy^r,A,101,1,Have you ever thought about building a house? /,Have/VBP you/PRP ever/RB thought/VBD about/IN building/VBG a/DT house/NN ?/.,,
sw08utt/sw_0816_2368.utt,2/sw2368,2368,203,ny,B,102,1,"Yeah,  /","Yeah/UH ,/,",,
sw08utt/sw_0816_2368.utt,2/sw2368,2368,204,sd^e,B,102,2,"{D actually } when we were up north, {F um, } - /","actually/UH when/WRB we/PRP were/VBD up/IN north/RB ,/, um/UH ,/,",,
sw08utt/sw_0816_2368.utt,2/sw2368,2368,205,sd,B,102,3,{C but } some family things changed  /,but/CC some/DT family/NN things/NNS changed/VBD,,
sw08utt/sw_0816_2368.utt,2/sw2368,2368,206,sd,B,102,4,"{C so } we ended up come back down here, and all that, because it helped my husband's work,  /","so/RB we/PRP ended/VBD up/RP come/VB back/RB down/IN here/RB ,/, and/CC all/DT that/DT ,/, because/IN it/PRP helped/VBD my/PRP$ husband/NN 's/POS work/NN ,/,",,
sw08utt/sw_0816_2368.utt,2/sw2368,2368,207,sd,B,102,5,"{C but, } {F um, } we really would like to,  /","but/CC ,/, um/UH ,/, we/PRP really/RB would/MD like/IN to/TO ,/,",,
sw08utt/sw_0816_2368.utt,2/sw2368,2368,208,sd,B,102,6,"{C but } we don't know if we're going to do it unless we stay here, {D you know. } /","but/CC we/PRP do/VBP n't/RB know/VB if/IN we/PRP 're/VBP going/VBG to/TO do/VB it/PRP unless/IN we/PRP stay/VBP here/RB ,/, you/PRP know/VBP ./.",,
sw08utt/sw_0816_2368.utt,2/sw2368,2368,209,aa,A,103,1,"Yeah,  /","Yeah/UH ,/,",,
sw08utt/sw_0816_2368.utt,2/sw2368,2368,210,aa,A,103,2,"that's true,  /","that/DT 's/BES true/JJ ,/,",,
sw08utt/sw_0816_2368.utt,2/sw2368,2368,211,sv,A,103,3,"especially when, - /","especially/RB when/WRB ,/,",,
sw08utt/sw_0816_2368.utt,2/sw2368,2368,212,sv,A,103,4,"with T I it's like  anybody else, you never know how long you're going to [ be here, + be ] in one place, {D you know, } /","with/IN T/NNP I/NNP it/PRP 's/BES like/IN anybody/NN else/RB ,/, you/PRP never/RB know/VBP how/WRB long/JJ you/PRP 're/VBP going/VBG to/TO be/VB here/RB ,/, be/VB in/IN one/CD place/NN ,/, you/PRP know/VBP ,/,",,
sw08utt/sw_0816_2368.utt,2/sw2368,2368,213,b,B,104,1,"Yeah,  /","Yeah/UH ,/,",,
sw08utt/sw_0816_2368.utt,2/sw2368,2368,214,ba,B,104,2,"it's real tough,  /","it/PRP 's/BES real/RB tough/JJ ,/,",,
sw08utt/sw_0816_2368.utt,2/sw2368,2368,215,sd,B,104,3,"{E I mean, } the economy any more, - /","I/PRP mean/VBP ,/, the/DT economy/NN any/DT more/JJR ,/,",,
sw08utt/sw_0816_2368.utt,2/sw2368,2368,216,sv,B,104,4,"{E I mean, } I think everybody just lives under an umbrella, the uncertainty with housing --","I/PRP mean/VBP ,/, I/PRP think/VBP everybody/NN just/RB lives/VBZ under/IN an/DT umbrella/NN ,/, the/DT uncertainty/NN with/IN housing/NN --/:",,
sw08utt/sw_0816_2368.utt,2/sw2368,2368,217,b,A,105,1,Yeah. /,Yeah/UH ./.,,
sw08utt/sw_0816_2368.utt,2/sw2368,2368,218,+,B,106,1,"-- and everything,  /","--/: and/CC everything/NN ,/,",,
sw08utt/sw_0816_2368.utt,2/sw2368,2368,219,sd,B,106,2,"{D you know, } it's, -/","you/PRP know/VBP ,/, it/PRP 's/BES ,/,",,
sw08utt/sw_0816_2368.utt,2/sw2368,2368,220,qy,A,107,1,Do you work? /,Do/VBP you/PRP work/VBP ?/.,,
sw08utt/sw_0816_2368.utt,2/sw2368,2368,221,br,B,108,1,Pardon me? /,Pardon/VB me/PRP ?/.,,
sw08utt/sw_0816_2368.utt,2/sw2368,2368,222,qy^r,A,109,1,Do you work? /,Do/VBP you/PRP work/VBP ?/.,,
sw08utt/sw_0816_2368.utt,2/sw2368,2368,223,ny,B,110,1,"Yes,  /","Yes/UH ,/,",,
sw08utt/sw_0816_2368.utt,2/sw2368,2368,224,sd^e,B,110,2,I do. /,I/PRP do/VBP ./.,,
sw08utt/sw_0816_2368.utt,2/sw2368,2368,225,qw,A,111,1,"{D Well, } how do you handle, - /","Well/UH ,/, how/WRB do/VBP you/PRP handle/VB ,/,",,
sw08utt/sw_0816_2368.utt,2/sw2368,2368,226,qy,A,111,2,do you have kids? /,do/VBP you/PRP have/VB kids/NNS ?/.,,
sw08utt/sw_0816_2368.utt,2/sw2368,2368,227,nn,B,112,1,"No,  /","No/UH ,/,",,
sw08utt/sw_0816_2368.utt,2/sw2368,2368,228,sd^e,B,112,2,we don't. /,we/PRP do/VBP n't/RB ./.,,
sw08utt/sw_0816_2368.utt,2/sw2368,2368,229,sd,A,113,1,"{C So } you got, - /","So/RB you/PRP got/VBD ,/,",,
sw08utt/sw_0816_2368.utt,2/sw2368,2368,230,sd,A,113,2,"he's working and working to get this big house to take care of, - /","he/PRP 's/BES working/VBG and/CC working/VBG to/TO get/VB this/DT big/JJ house/NN to/TO take/VB care/NN of/IN ,/,",,
sw08utt/sw_0816_2368.utt,2/sw2368,2368,231,qw,A,113,3,how do you manage both of those? /,how/WRB do/VBP you/PRP manage/VB both/DT of/IN those/DT ?/.,,
sw08utt/sw_0816_2368.utt,2/sw2368,2368,232,^h,B,114,1,"{F Uh, } how do we take care of the house.  /","Uh/UH ,/, how/WRB do/VBP we/PRP take/VB care/NN of/IN the/DT house/NN ./.",,
sw08utt/sw_0816_2368.utt,2/sw2368,2368,233,sd,B,114,2,"{D Well, } I don't have a Mexi-, - /","Well/UH ,/, I/PRP do/VBP n't/RB have/VB a/DT Mexi/JJ ,/,",,
sw08utt/sw_0816_2368.utt,2/sw2368,2368,234,t1,B,114,3,"I [ don't, + ] shouldn't say that,  /","I/PRP do/VBP n't/RB ,/, should/MD n't/RB say/VB that/IN ,/,",,
sw08utt/sw_0816_2368.utt,2/sw2368,2368,235,sd,B,114,4,I don't have an ethnic maid <laughter>. /,I/PRP do/VBP n't/RB have/VB an/DT ethnic/JJ maid/NN ./.,,
sw08utt/sw_0816_2368.utt,2/sw2368,2368,236,b,A,115,1,Yeah. /,Yeah/UH ./.,,
sw08utt/sw_0816_2368.utt,2/sw2368,2368,237,sd,B,116,1,"I don't have, - /","I/PRP do/VBP n't/RB have/VB ,/,",,
sw08utt/sw_0816_2368.utt,2/sw2368,2368,238,sd,B,116,2,"we have some friends that live near North Dallas  off of Campbell Road,  /","we/PRP have/VBP some/DT friends/NNS that/WDT live/VBP near/RB North/NNP Dallas/NNP off/RP of/IN Campbell/NNP Road/NNP ,/,",,
sw08utt/sw_0816_2368.utt,2/sw2368,2368,239,sd,B,116,3,"{C and } they have like a four thousand square foot home,  /","and/CC they/PRP have/VBP like/IN a/DT four/CD thousand/CD square/NN foot/NN home/NN ,/,",,
sw08utt/sw_0816_2368.utt,2/sw2368,2368,240,sd,B,116,4,"{C and } she's got [ a, + {F uh, } a ] live out nanny.  {F Um, }  /","and/CC she/PRP 's/HVS got/VBN a/DT ,/, uh/UH ,/, a/DT live/VB out/IN nanny/NN ./. Um/UH ,/,",,
sw08utt/sw_0816_2368.utt,2/sw2368,2368,241,sd,B,116,5,"{C but } any rate, I don't have any of that, {F um, }  /","but/CC any/DT rate/NN ,/, I/PRP do/VBP n't/RB have/VB any/DT of/IN that/DT ,/, um/UH ,/,",,
sw08utt/sw_0816_2368.utt,2/sw2368,2368,242,h,B,116,6,"I don't know,  /","I/PRP do/VBP n't/RB know/VB ,/,",,
sw08utt/sw_0816_2368.utt,2/sw2368,2368,243,sd,B,116,7,"it's really not too  difficult with no children and just two people, {D you know. } /","it/PRP 's/BES really/RB not/RB too/RB difficult/JJ with/IN no/DT children/NNS and/CC just/RB two/CD people/NNS ,/, you/PRP know/VBP ./.",,
sw08utt/sw_0816_2368.utt,2/sw2368,2368,244,qy^d,A,117,1,You basically --,You/PRP basically/RB --/:,,
sw08utt/sw_0816_2368.utt,2/sw2368,2368,245,sd,B,118,1,"We have a, -/","We/PRP have/VBP a/DT ,/,",,
sw08utt/sw_0816_2368.utt,2/sw2368,2368,246,+,A,119,1,"-- can take care of everything yourself, /","--/: can/MD take/VB care/NN of/IN everything/NN yourself/PRP ,/,",,
sw08utt/sw_0816_2368.utt,2/sw2368,2368,247,ny,B,120,1,"Yeah,  /","Yeah/UH ,/,",,
sw08utt/sw_0816_2368.utt,2/sw2368,2368,248,sd^e,B,120,2,"we have a dog,  /","we/PRP have/VBP a/DT dog/NN ,/,",,
sw08utt/sw_0816_2368.utt,2/sw2368,2368,249,sd,B,120,3,"{C and } we're pretty, - /","and/CC we/PRP 're/VBP pretty/RB ,/,",,
sw08utt/sw_0816_2368.utt,2/sw2368,2368,250,sd,B,120,4,"{E I mean, } we're not fanatically neat,  /","I/PRP mean/VBP ,/, we/PRP 're/VBP not/RB fanatically/RB neat/JJ ,/,",,
sw08utt/sw_0816_2368.utt,2/sw2368,2368,251,sd,B,120,5,"{C but, } {F um, } we keep things up, {D you know } --","but/CC ,/, um/UH ,/, we/PRP keep/VBP things/NNS up/RP ,/, you/PRP know/VBP --/:",,
sw08utt/sw_0816_2368.utt,2/sw2368,2368,252,b,A,121,1,"Yeah, /","Yeah/UH ,/,",,
sw08utt/sw_0816_2368.utt,2/sw2368,2368,253,+,B,122,1,-- not like where there is three feet of weeds or anything in the yard --,--/: not/RB like/IN where/WRB there/EX is/VBZ three/CD feet/NNS of/IN weeds/NNS or/CC anything/NN in/IN the/DT yard/NN --/:,,
sw08utt/sw_0816_2368.utt,2/sw2368,2368,254,b,A,123,1,Yeah. /,Yeah/UH ./.,,
sw08utt/sw_0816_2368.utt,2/sw2368,2368,255,+,B,124,1,"-- by the time you need to, {F um, } get around to fertilizing and  cutting in the spring. /","--/: by/IN the/DT time/NN you/PRP need/VBP to/TO ,/, um/UH ,/, get/VB around/IN to/IN fertilizing/VBG and/CC cutting/VBG in/IN the/DT spring/NN ./.",,
sw08utt/sw_0816_2368.utt,2/sw2368,2368,256,qw,A,125,1,"What about home repairs and stuff,  /","What/WP about/IN home/NN repairs/NNS and/CC stuff/NN ,/,",,
sw08utt/sw_0816_2368.utt,2/sw2368,2368,257,qy,A,125,2,"do you have to do all that yourself,  /","do/VBP you/PRP have/VB to/TO do/VB all/DT that/DT yourself/PRP ,/,",,
sw08utt/sw_0816_2368.utt,2/sw2368,2368,258,%,A,125,3,"{C or, } -/","or/CC ,/,",,
sw08utt/sw_0816_2368.utt,2/sw2368,2368,259,nn,B,126,1,"{F Um, } no,  /","Um/UH ,/, no/UH ,/,",,
sw08utt/sw_0816_2368.utt,2/sw2368,2368,260,sd^e,B,126,2,"we're pretty much, {F um, } - /","we/PRP 're/VBP pretty/RB much/JJ ,/, um/UH ,/,",,
sw08utt/sw_0816_2368.utt,2/sw2368,2368,261,sd,B,126,3,"[ we, + we've ] been around long enough as a couple that we learned a long time ago not to wall paper together <laughter> --","we/PRP ,/, we/PRP 've/VBP been/VBN around/IN long/JJ enough/RB as/IN a/DT couple/NN that/IN we/PRP learned/VBD a/DT long/JJ time/NN ago/RB not/RB to/TO wall/GW paper/^VB together/RB --/:",,
sw08utt/sw_0816_2368.utt,2/sw2368,2368,262,aa,A,127,1,"{F Oh, } you too. /","Oh/UH ,/, you/PRP too/RB ./.",,
sw08utt/sw_0816_2368.utt,2/sw2368,2368,263,+,B,128,1,-- and things like that.  /,--/: and/CC things/NNS like/IN that/DT ./.,,
sw08utt/sw_0816_2368.utt,2/sw2368,2368,264,sd,B,128,2,"{F Uh, } we pretty much hire, - /","Uh/UH ,/, we/PRP pretty/RB much/JJ hire/VBP ,/,",,
sw08utt/sw_0816_2368.utt,2/sw2368,2368,265,sd,B,128,3,we subcontract mostly everything --,we/PRP subcontract/VB mostly/JJ everything/NN --/:,,
sw08utt/sw_0816_2368.utt,2/sw2368,2368,266,b,A,129,1,Yeah. /,Yeah/UH ./.,,
sw08utt/sw_0816_2368.utt,2/sw2368,2368,267,+,B,130,1,"-- {E I mean } other than anything that's not a, {F um, } - /","--/: I/PRP mean/VBP other/JJ than/IN anything/NN that/WDT 's/BES not/RB a/DT ,/, um/UH ,/,",,
sw08utt/sw_0816_2368.utt,2/sw2368,2368,268,sd,B,130,2,"{E I mean, } I know how to fix a running toilet -- /","I/PRP mean/VBP ,/, I/PRP know/VBP how/WRB to/TO fix/VB a/DT running/VBG toilet/NN --/:",,
sw08utt/sw_0816_2368.utt,2/sw2368,2368,269,b,A,131,1,"{F Oh, } yeah. /","Oh/UH ,/, yeah/UH ./.",,
sw08utt/sw_0816_2368.utt,2/sw2368,2368,270,sd,B,132,1,"-- he does what he needs to,  /","--/: he/PRP does/VBZ what/WP he/PRP needs/VBZ to/TO ,/,",,
sw08utt/sw_0816_2368.utt,2/sw2368,2368,271,sd,B,132,2,"{C but } mostly if it's something major, {F um, } {D you know, } cleaning out the air conditioning ducts or something like that, we just hire out to do that, /","but/CC mostly/RB if/IN it/PRP 's/BES something/NN major/JJ ,/, um/UH ,/, you/PRP know/VBP ,/, cleaning/VBG out/RP the/IN air/NN conditioning/NN ducts/NNS or/CC something/NN like/IN that/DT ,/, we/PRP just/RB hire/VBP out/RP to/TO do/VB that/DT ,/,",,
sw08utt/sw_0816_2368.utt,2/sw2368,2368,272,sv,A,133,1,"Sounds like you've already got the makings for being a general contractor, /","Sounds/VBZ like/IN you/PRP 've/VBP already/RB got/VBN the/DT makings/NNS for/IN being/VBG a/DT general/JJ contractor/NN ,/,",,
sw08utt/sw_0816_2368.utt,2/sw2368,2368,273,aa,B,134,1,"<Laughter> Yeah,  /","Yeah/UH ,/,",,
sw08utt/sw_0816_2368.utt,2/sw2368,2368,274,bd,B,134,2,"no thanks,  /","no/DT thanks/NNS ,/,",,
sw08utt/sw_0816_2368.utt,2/sw2368,2368,275,%,B,134,3,"I, -/","I/PRP ,/,",,
sw08utt/sw_0816_2368.utt,2/sw2368,2368,276,sv,A,135,1,"If you don't wall paper it well together, you should probably not build a house together. /","If/IN you/PRP do/VBP n't/RB wall/GW paper/^VB it/PRP well/RB together/RB ,/, you/PRP should/MD probably/RB not/RB build/VB a/DT house/NN together/RB ./.",,
sw08utt/sw_0816_2368.utt,2/sw2368,2368,277,qy,B,136,1,"Have you ever done that,  /","Have/VBP you/PRP ever/RB done/VBN that/DT ,/,",,
sw08utt/sw_0816_2368.utt,2/sw2368,2368,278,sv@,B,136,2,"{E I mean, } you sound like you may have been a couple one time. / *[[built = been]]","I/PRP mean/VBP ,/, you/PRP sound/VBP like/IN you/PRP may/MD have/VB been/VBN a/DT couple/NN one/CD time/NN ./.",,
sw08utt/sw_0816_2368.utt,2/sw2368,2368,279,aa,A,137,1,"Yeah,  /","Yeah/UH ,/,",,
sw08utt/sw_0816_2368.utt,2/sw2368,2368,280,sd,A,137,2,I built three houses in my life  /,I/PRP built/VBD three/CD houses/NNS in/IN my/PRP$ life/NN,,
sw08utt/sw_0816_2368.utt,2/sw2368,2368,281,o@,A,137,3,"{C and, }","and/CC ,/,",,
sw08utt/sw_0816_2368.utt,2/sw2368,2368,282,qo,B,138,1,{C And } how'd that go? /,And/CC how/WRB 'd/MD that/DT go/VB ?/.,,
sw08utt/sw_0816_2368.utt,2/sw2368,2368,283,+@,A,139,1,"{F Oh, } they, - /","Oh/UH ,/, they/PRP ,/,",,
sw08utt/sw_0816_2368.utt,2/sw2368,2368,284,sd,A,139,2,the building process was a lot of fun -- /,the/DT building/NN process/NN was/VBD a/DT lot/NN of/IN fun/NN --/:,,
sw08utt/sw_0816_2368.utt,2/sw2368,2368,285,b,B,140,1,Uh-huh. /,Uh-huh/UH ./.,,
sw08utt/sw_0816_2368.utt,2/sw2368,2368,286,sd,A,141,1,-- {C but } puts a lot of strain on things. /,--/: but/CC puts/VBZ a/DT lot/NN of/IN strain/NN on/IN things/NNS ./.,,
sw08utt/sw_0816_2368.utt,2/sw2368,2368,287,sd,B,142,1,"Getting to agree to things, I'm sure, - /","Getting/VBG to/TO agree/VB to/IN things/NNS ,/, I/PRP 'm/VBP sure/JJ ,/,",,
sw08utt/sw_0816_2368.utt,2/sw2368,2368,288,sv,B,142,2,"{C and } I also think that once you get to be, {F um, } {D you know, } certain, - /","and/CC I/PRP also/RB think/VBP that/IN once/RB you/PRP get/VBP to/TO be/VB ,/, um/UH ,/, you/PRP know/VBP ,/, certain/JJ ,/,",,
sw08utt/sw_0816_2368.utt,2/sw2368,2368,289,sv,B,142,3,when you get to be thirty something and thirty something gets to be a little bit older <laughter> --,when/WRB you/PRP get/VBP to/TO be/VB thirty/CD something/NN and/CC thirty/CD something/NN gets/VBZ to/TO be/VB a/DT little/JJ bit/NN older/JJR --/:,,
sw08utt/sw_0816_2368.utt,2/sw2368,2368,290,b,A,143,1,Yeah. /,Yeah/UH ./.,,
sw08utt/sw_0816_2368.utt,2/sw2368,2368,291,+,B,144,1,"-- you start, {F um, } - /","--/: you/PRP start/VBP ,/, um/UH ,/,",,
sw08utt/sw_0816_2368.utt,2/sw2368,2368,292,sv,B,144,2,the dollar value on things --,the/DT dollar/NN value/NN on/IN things/NNS --/:,,
sw08utt/sw_0816_2368.utt,2/sw2368,2368,293,aa,A,145,1,You bet. /,You/PRP bet/VBP ./.,,
sw08utt/sw_0816_2368.utt,2/sw2368,2368,294,+,B,146,1,"-- I, - /","--/: I/PRP ,/,",,
sw08utt/sw_0816_2368.utt,2/sw2368,2368,295,sv,B,146,2,"{D you know, } I think people that own homes a lot in North Dallas are very materialistic. /","you/PRP know/VBP ,/, I/PRP think/VBP people/NNS that/WDT own/VBP homes/NNS a/DT lot/NN in/IN North/NNP Dallas/NNP are/VBP very/RB materialistic/JJ ./.",,
sw08utt/sw_0816_2368.utt,2/sw2368,2368,296,aa,A,147,1,"{F Oh, } you bet. /","Oh/UH ,/, you/PRP bet/VBP ./.",,
sw08utt/sw_0816_2368.utt,2/sw2368,2368,297,sd^t,B,148,1,"I know I'm supposed to talk about homes,  /","I/PRP know/VBP I/PRP 'm/VBP supposed/VBN to/TO talk/VB about/IN homes/NNS ,/,",,
sw08utt/sw_0816_2368.utt,2/sw2368,2368,298,sv,B,148,2,"{C but } [ people that, + the people that ] own them are the [ hom-, + homes ] themselves,  /","but/CC people/WDT that/IN ,/, the/DT people/NNS that/WDT own/VBP them/PRP are/VBP the/DT hom-/XX ,/, homes/NNS themselves/PRP ,/,",,
sw08utt/sw_0816_2368.utt,2/sw2368,2368,299,sv,B,148,3,"{C and } {D you know, } {F um, } spending sixteen dollars a yard for custom draperies, for custom drapes just doesn't <laughter>, -/","and/CC you/PRP know/VBP ,/, um/UH ,/, spending/NN sixteen/CD dollars/NNS a/DT yard/NN for/IN custom/NN draperies/NNS ,/, for/IN custom/NN drapes/NNS just/RB does/VBZ n't/RB ,/,",,
sw08utt/sw_0816_2368.utt,2/sw2368,2368,300,b,A,149,1,"{F Oh, } yeah.  /","Oh/UH ,/, yeah/UH ./.",,
sw08utt/sw_0816_2368.utt,2/sw2368,2368,301,sv,A,149,2,"{D Well, } to some of them I guess it doesn't matter, {D you know, } that maybe --","Well/UH ,/, to/IN some/DT of/IN them/PRP I/PRP guess/VBP it/PRP does/VBZ n't/RB matter/VB ,/, you/PRP know/VBP ,/, that/DT maybe/RB --/:",,
sw08utt/sw_0816_2368.utt,2/sw2368,2368,302,b,B,150,1,"Yeah,  /","Yeah/UH ,/,",,
sw08utt/sw_0816_2368.utt,2/sw2368,2368,303,%,B,150,2,"that's, -/","that/DT 's/BES ,/,",,
sw08utt/sw_0816_2368.utt,2/sw2368,2368,304,+,A,151,1,"-- they've got enough coming in to take care of it, /","--/: they/PRP 've/VBP got/VBN enough/RB coming/VBG in/IN to/TO take/VB care/NN of/IN it/PRP ,/,",,
sw08utt/sw_0816_2368.utt,2/sw2368,2368,305,sd,B,152,1,"{E I mean, } [ {C and, } + {C and } ] {D you know, } you see a lot of these people that came [ east  from,  + {F uh, } west, [ from, +  {F uh, } from ] ] New York with Exxon or J C Penney,  /","I/PRP mean/VBP ,/, and/CC ,/, and/CC you/PRP know/VBP ,/, you/PRP see/VBP a/DT lot/NN of/IN these/DT people/NNS that/WDT came/VBD east/RB from/IN ,/, uh/UH ,/, west/RB ,/, from/IN ,/, uh/UH ,/, from/IN New/NNP York/NNP with/IN Exxon/NNP or/CC J/NNP C/NNP Penney/NNP ,/,",,
sw08utt/sw_0816_2368.utt,2/sw2368,2368,306,sv,B,152,2,{C and } it's just a hoot to watch them. /,and/CC it/PRP 's/BES just/RB a/DT hoot/NN to/TO watch/VB them/PRP ./.,,
sw08utt/sw_0816_2368.utt,2/sw2368,2368,307,qy,A,153,1,"Are [ they, + they, ] - /","Are/VBP they/PRP ,/, they/PRP ,/,",,
sw08utt/sw_0816_2368.utt,2/sw2368,2368,308,sv,A,153,2,"as far as they're concerned, they've come to the promised land,  /","as/RB far/RB as/IN they/PRP 're/VBP concerned/VBN ,/, they/PRP 've/VBP come/VB to/IN the/DT promised/JJ land/NN ,/,",,
sw08utt/sw_0816_2368.utt,2/sw2368,2368,309,sv,A,153,3,"{D you know, } they've got it made, /","you/PRP know/VBP ,/, they/PRP 've/VBP got/VBN it/PRP made/VBD ,/,",,
sw08utt/sw_0816_2368.utt,2/sw2368,2368,310,aa,B,154,1,"Right,  /","Right/UH ,/,",,
sw08utt/sw_0816_2368.utt,2/sw2368,2368,311,aa^r,B,154,2,"right,  /","right/UH ,/,",,
sw08utt/sw_0816_2368.utt,2/sw2368,2368,312,aa,B,154,3,"exactly,  /","exactly/UH ,/,",,
sw08utt/sw_0816_2368.utt,2/sw2368,2368,313,qy,B,154,4,"{C so, } {D well } was it hard to adjust living in an apartment after being in a house. /","so/RB ,/, well/UH was/VBD it/PRP hard/JJ to/TO adjust/VB living/VBG in/IN an/DT apartment/NN after/IN being/VBG in/IN a/DT house/NN ./.",,
sw08utt/sw_0816_2368.utt,2/sw2368,2368,314,ny,A,155,1,"{F Oh, } yeah,  /","Oh/UH ,/, yeah/UH ,/,",,
sw08utt/sw_0816_2368.utt,2/sw2368,2368,315,sd^e,A,155,2,"{C because } you're [ combine-, + ] {F uh, } confined by space,  /","because/IN you/PRP 're/VBP combine-/XX ,/, uh/UH ,/, confined/VBN by/IN space/NN ,/,",,
sw08utt/sw_0816_2368.utt,2/sw2368,2368,316,sd,A,155,3,"{D you know, } I had a, - /","you/PRP know/VBP ,/, I/PRP had/VBD a/DT ,/,",,
sw08utt/sw_0816_2368.utt,2/sw2368,2368,317,sd,A,155,4,I came out of a thirty-one hundred square foot two story --,I/PRP came/VBD out/IN of/IN a/DT thirty-one/CD hundred/CD square/NN foot/NN two/CD story/NN --/:,,
sw08utt/sw_0816_2368.utt,2/sw2368,2368,318,ba,B,156,1,"{F Oh, } my goodness -- /","Oh/UH ,/, my/UH goodness/UH --/:",,
sw08utt/sw_0816_2368.utt,2/sw2368,2368,319,+,A,157,1,-- house. /,--/: house/NN ./.,,
sw08utt/sw_0816_2368.utt,2/sw2368,2368,320,b,B,158,1,-- yeah. /,--/: yeah/UH ./.,,
sw08utt/sw_0816_2368.utt,2/sw2368,2368,321,sd,A,159,1,"{C And } I had room for everything,  /","And/CC I/PRP had/VBD room/NN for/IN everything/NN ,/,",,
sw08utt/sw_0816_2368.utt,2/sw2368,2368,322,sd,A,159,2,in fact I had more room than knew what to do with.  /,in/IN fact/NN I/PRP had/VBD more/JJR room/NN than/IN knew/VBD what/WP to/TO do/VB with/IN ./.,,
sw08utt/sw_0816_2368.utt,2/sw2368,2368,323,h,A,159,3,I don't know -- /,I/PRP do/VBP n't/RB know/VB --/:,,
sw08utt/sw_0816_2368.utt,2/sw2368,2368,324,b,B,160,1,Uh-huh. /,Uh-huh/UH ./.,,
sw08utt/sw_0816_2368.utt,2/sw2368,2368,325,sv,A,161,1,"-- just seems like [ room, + stuff ] always expands to fill available space,  /","--/: just/RB seems/VBZ like/IN room/NN ,/, stuff/NN always/RB expands/VBZ to/TO fill/VB available/JJ space/NN ,/,",,
sw08utt/sw_0816_2368.utt,2/sw2368,2368,326,o@,A,161,2,{C but } --,but/CC --/:,,
sw08utt/sw_0816_2368.utt,2/sw2368,2368,327,b,B,162,1,Yeah. /,Yeah/UH ./.,,
sw08utt/sw_0816_2368.utt,2/sw2368,2368,328,+,A,163,1,-- {F uh. },--/: uh/UH ./.,,
sw08utt/sw_0816_2368.utt,2/sw2368,2368,329,sv,B,164,1,"{D Well, } in a way you can travel light. /","Well/UH ,/, in/IN a/DT way/NN you/PRP can/MD travel/VB light/JJ ./.",,
sw08utt/sw_0816_2368.utt,2/sw2368,2368,330,+@,A,165,1,"Yeah,  /","Yeah/UH ,/,",,
sw08utt/sw_0816_2368.utt,2/sw2368,2368,331,%,A,165,2,"you can, - /","you/PRP can/MD ,/,",,
sw08utt/sw_0816_2368.utt,2/sw2368,2368,332,sv,A,165,3,"{D you know, } you lear-, you adjust, you figure out, /","you/PRP know/VB ,/, you/PRP lear/VBP ,/, you/PRP adjust/VBP ,/, you/PRP figure/VBP out/RP ,/,",,
sw08utt/sw_0816_2368.utt,2/sw2368,2368,333,qw,B,166,1,"[ How is, + how is ] apartment dwelling living in terms of general privacy and noise and things like that? /","How/WRB is/VBZ ,/, how/WRB is/VBZ apartment/NN dwelling/NN living/VBG in/IN terms/NNS of/IN general/JJ privacy/NN and/CC noise/NN and/CC things/NNS like/IN that/DT ?/.",,
sw08utt/sw_0816_2368.utt,2/sw2368,2368,334,sd,A,167,1,It's not as bad as I thought it was -- /,It/PRP 's/BES not/RB as/RB bad/JJ as/IN I/PRP thought/VBD it/PRP was/VBD --/:,,
sw08utt/sw_0816_2368.utt,2/sw2368,2368,335,b,B,168,1,Uh-huh. /,Uh-huh/UH ./.,,
sw08utt/sw_0816_2368.utt,2/sw2368,2368,336,sd,A,169,1,"-- it's not as bad as I remembered, especially going to college and living in apartments there, you know how noisy that can be. /","--/: it/PRP 's/BES not/RB as/RB bad/JJ as/IN I/PRP remembered/VBD ,/, especially/RB going/VBG to/IN college/NN and/CC living/VBG in/IN apartments/NNS there/RB ,/, you/PRP know/VBP how/WRB noisy/JJ that/DT can/MD be/VB ./.",,
sw08utt/sw_0816_2368.utt,2/sw2368,2368,337,aa,B,170,1,"Yes,  /","Yes/UH ,/,",,
sw08utt/sw_0816_2368.utt,2/sw2368,2368,338,aa,B,170,2,I do. /,I/PRP do/VBP ./.,,
sw08utt/sw_0816_2368.utt,2/sw2368,2368,339,sd,A,171,1,"{F Uh, } there seems to be more a mature crowd in, {F uh, } apartments, at least where I am, {F uh, } even though, {D you know, } there's kids all around  /","Uh/UH ,/, there/EX seems/VBZ to/TO be/VB more/JJR a/DT mature/JJ crowd/NN in/IN ,/, uh/UH ,/, apartments/NNS ,/, at/IN least/JJS where/WRB I/PRP am/VBP ,/, uh/UH ,/, even/RB though/RB ,/, you/PRP know/VBP ,/, there/EX 's/BES kids/VBZ all/RB around/IN",,
sw08utt/sw_0816_2368.utt,2/sw2368,2368,340,sd,A,171,2,"{C and } [ there's, + there's ] traffic  /","and/CC there/EX 's/BES ,/, there/EX 's/BES traffic/NN",,
sw08utt/sw_0816_2368.utt,2/sw2368,2368,341,sd,A,171,3,"{C and } there's people running up and down the sidewalks and stuff like that,  /","and/CC there/EX 's/BES people/NNS running/VBG up/RB and/CC down/RB the/DT sidewalks/NNS and/CC stuff/NN like/IN that/DT ,/,",,
sw08utt/sw_0816_2368.utt,2/sw2368,2368,342,sd,A,171,4,"{C but } still, {F uh, } -/","but/CC still/RB ,/, uh/UH ,/,",,
sw08utt/sw_0816_2368.utt,2/sw2368,2368,343,qy^d,B,172,1,"Everybody pretty much [ [ kee-, + keeps-, ] + keeps ] to their own turf, so to speak. /","Everybody/NN pretty/RB much/JJ kee/VBZ ,/, keeps/VBZ ,/, keeps/VBZ to/IN their/PRP$ own/JJ turf/NN ,/, so/RB to/TO speak/VB ./.",,
sw08utt/sw_0816_2368.utt,2/sw2368,2368,344,ny,A,173,1,"Yeah,  /","Yeah/UH ,/,",,
sw08utt/sw_0816_2368.utt,2/sw2368,2368,345,sd^e^m,A,173,2,"pretty much,  /","pretty/RB much/JJ ,/,",,
sw08utt/sw_0816_2368.utt,2/sw2368,2368,346,sd,A,173,3,"{C and, } {F uh, } there's never really any, - /","and/CC ,/, uh/UH ,/, there/EX 's/BES never/RB really/RB any/DT ,/,",,
sw08utt/sw_0816_2368.utt,2/sw2368,2368,347,sd,A,173,4,"{F oh } I remember in school, - /","oh/UH I/PRP remember/VBP in/IN school/NN ,/,",,
sw08utt/sw_0816_2368.utt,2/sw2368,2368,348,%,A,173,5,"there's just, - /","there/EX 's/BES just/RB ,/,",,
sw08utt/sw_0816_2368.utt,2/sw2368,2368,349,sd,A,173,6,seem like there was a fight or  a party or something going on every night -- /,seem/VB like/IN there/EX was/VBD a/DT fight/NN or/CC a/DT party/NN or/CC something/NN going/VBG on/IN every/DT night/NN --/:,,
sw08utt/sw_0816_2368.utt,2/sw2368,2368,350,b,B,174,1,Yeah. /,Yeah/UH ./.,,
sw08utt/sw_0816_2368.utt,2/sw2368,2368,351,sd,A,175,1,"-- You don't run into that up here, [ I think, + I think ] because there's so many, {F uh, } professional people, if you want to call them that --","--/: You/PRP do/VBP n't/RB run/VB into/IN that/DT up/IN here/RB ,/, I/PRP think/VBP ,/, I/PRP think/VBP because/IN there/EX 's/BES so/RB many/JJ ,/, uh/UH ,/, professional/JJ people/NNS ,/, if/IN you/PRP want/VBP to/TO call/VB them/PRP that/WDT --/:",,
sw08utt/sw_0816_2368.utt,2/sw2368,2368,352,b,B,176,1,Uh-huh. /,Uh-huh/UH ./.,,
sw08utt/sw_0816_2368.utt,2/sw2368,2368,353,+,A,177,1,-- that go spend all day at work  /,--/: that/WDT go/VBP spend/VB all/DT day/NN at/IN work/NN,,
sw08utt/sw_0816_2368.utt,2/sw2368,2368,354,sv,A,177,2,{C and } they want to come home  /,and/CC they/PRP want/VBP to/TO come/VB home/NN,,
sw08utt/sw_0816_2368.utt,2/sw2368,2368,355,sv,A,177,3,"{C and } they want some quiet, /","and/CC they/PRP want/VBP some/DT quiet/NN ,/,",,
sw08utt/sw_0816_2368.utt,2/sw2368,2368,356,bf,B,178,1,"Relax and try to go to sleep,  /","Relax/VB and/CC try/VB to/TO go/VB to/TO sleep/VB ,/,",,
sw08utt/sw_0816_2368.utt,2/sw2368,2368,357,b,B,178,2,"really,  /","really/UH ,/,",,
sw08utt/sw_0816_2368.utt,2/sw2368,2368,358,%,B,178,3,yeah. /,yeah/UH ./.,,
sw08utt/sw_0816_2368.utt,2/sw2368,2368,359,sd,A,179,1,"You see a lot of activity outside, people riding bikes, playing ball, or jogging  /","You/PRP see/VBP a/DT lot/NN of/IN activity/NN outside/IN ,/, people/NNS riding/VBG bikes/NNS ,/, playing/VBG ball/NN ,/, or/CC jogging/NN",,
sw08utt/sw_0816_2368.utt,2/sw2368,2368,360,sd,A,179,2,"{C or } they're doing this and that,  /","or/CC they/PRP 're/VBP doing/VBG this/DT and/CC that/DT ,/,",,
sw08utt/sw_0816_2368.utt,2/sw2368,2368,361,sd,A,179,3,"{C and } [ they, + they're ] trying [ to, + to ] unwind. /","and/CC they/PRP ,/, they/PRP 're/VBP trying/VBG to/TO ,/, to/TO unwind/VB ./.",,
sw08utt/sw_0816_2368.utt,2/sw2368,2368,362,sv,B,180,1,"I think Plano in general is getting a little more, - /","I/PRP think/VBP Plano/NNP in/IN general/NN is/VBZ getting/VBG a/DT little/RB more/JJR ,/,",,
sw08utt/sw_0816_2368.utt,2/sw2368,2368,363,sv,B,180,2,{D well } it's gotten so big it's almost a town in it's own right. /,well/UH it/PRP 's/HVS gotten/VBN so/RB big/JJ it/PRP 's/BES almost/RB a/DT town/NN in/IN it/PRP 's/POS own/JJ right/NN ./.,,
sw08utt/sw_0816_2368.utt,2/sw2368,2368,364,b,A,181,1,"{F Oh, } yeah,  /","Oh/UH ,/, yeah/UH ,/,",,
sw08utt/sw_0816_2368.utt,2/sw2368,2368,365,sd,A,181,2,"it's a hundred and what, eighty thousand, something like that. /","it/PRP 's/BES a/DT hundred/CD and/CC what/WP ,/, eighty/CD thousand/CD ,/, something/NN like/IN that/DT ./.",,
sw08utt/sw_0816_2368.utt,2/sw2368,2368,366,b^m,B,182,1,"{C Or } something,  /","Or/CC something/NN ,/,",,
sw08utt/sw_0816_2368.utt,2/sw2368,2368,367,%,B,182,2,"yeah,  /","yeah/UH ,/,",,
sw08utt/sw_0816_2368.utt,2/sw2368,2368,368,%,B,182,3,"the price of home, - /","the/DT price/NN of/IN home/NN ,/,",,
sw08utt/sw_0816_2368.utt,2/sw2368,2368,369,sd,B,182,4,"{D now } [ we paid, + {F oh, } we paid, ] {F um } about seventy-eight nine for our house like I said, about a decade ago, not even, about nine years ago,  /","now/UH we/PRP paid/VBD ,/, oh/UH ,/, we/PRP paid/VBD ,/, um/UH about/RB seventy-eight/CD nine/CD for/IN our/PRP$ house/NN like/IN I/PRP said/VBD ,/, about/RB a/DT decade/NN ago/RB ,/, not/RB even/RB ,/, about/RB nine/CD years/NNS ago/RB ,/,",,
sw08utt/sw_0816_2368.utt,2/sw2368,2368,370,sd,B,182,5,"{C and, } I'd say they appraised it, - /","and/CC ,/, I/PRP 'd/MD say/VB they/PRP appraised/VBN it/PRP ,/,",,
sw08utt/sw_0816_2368.utt,2/sw2368,2368,371,sd,B,182,6,"[ it's + ] gone up, [ you now, + ] maybe like five percent -- /","it/PRP 's/HVS gone/VBN up/RP ,/, you/PRP now/RB ,/, maybe/RB like/IN five/CD percent/NN --/:",,
sw08utt/sw_0816_2368.utt,2/sw2368,2368,372,b,A,183,1,"{F Oh, } yeah. /","Oh/UH ,/, yeah/UH ./.",,
sw08utt/sw_0816_2368.utt,2/sw2368,2368,373,sv,B,184,1,"-- {C so } it's an investment,  /","--/: so/RB it/PRP 's/BES an/DT investment/NN ,/,",,
sw08utt/sw_0816_2368.utt,2/sw2368,2368,374,sd,B,184,2,"{C but } it's something that, - /","but/CC it/PRP 's/BES something/NN that/WDT ,/,",,
sw08utt/sw_0816_2368.utt,2/sw2368,2368,375,sd,B,184,3,"{D you know, } when you're first married or starting out, you think if you really have something,  /","you/PRP know/VBP ,/, when/WRB you/PRP 're/VBP first/RB married/JJ or/CC starting/VBG out/RP ,/, you/PRP think/VBP if/IN you/PRP really/RB have/VBP something/NN ,/,",,
sw08utt/sw_0816_2368.utt,2/sw2368,2368,376,sd,B,184,4,"{C but } you really, - /","but/CC you/PRP really/RB ,/,",,
sw08utt/sw_0816_2368.utt,2/sw2368,2368,377,sd,B,184,5,"it's just real, - /","it/PRP 's/BES just/RB real/RB ,/,",,
sw08utt/sw_0816_2368.utt,2/sw2368,2368,378,sv,B,184,6,"nowadays, with the way the income tax, I think housing is strictly to itemize. /","nowadays/RB ,/, with/IN the/DT way/NN the/DT income/NN tax/NN ,/, I/PRP think/VBP housing/VBG is/VBZ strictly/RB to/TO itemize/VB ./.",,
sw08utt/sw_0816_2368.utt,2/sw2368,2368,379,aa,A,185,1,"{F Oh, } you bet,  /","Oh/UH ,/, you/PRP bet/VBP ,/,",,
sw08utt/sw_0816_2368.utt,2/sw2368,2368,380,sv,A,185,2,"{C and } the thing [ that, + that ] gets me is, {F uh, } you never really catch up, you never really finish doing things, /","and/CC the/DT thing/NN that/WDT ,/, that/WDT gets/VBZ me/PRP is/VBZ ,/, uh/UH ,/, you/PRP never/RB really/RB catch/VBP up/RP ,/, you/PRP never/RB really/RB finish/VBP doing/VBG things/NNS ,/,",,
sw08utt/sw_0816_2368.utt,2/sw2368,2368,381,sv,A,185,3,"{C and, } {F uh } --","and/CC ,/, uh/UH --/:",,
sw08utt/sw_0816_2368.utt,2/sw2368,2368,382,aa,B,186,1,"Yeah,  /","Yeah/UH ,/,",,
sw08utt/sw_0816_2368.utt,2/sw2368,2368,383,aa,B,186,2,"exactly,  /","exactly/UH ,/,",,
sw08utt/sw_0816_2368.utt,2/sw2368,2368,384,%,B,186,3,"we, -/","we/PRP ,/,",,
sw08utt/sw_0816_2368.utt,2/sw2368,2368,385,+,A,187,1,-- you're always paying for something. /,--/: you/PRP 're/VBP always/RB paying/VBG for/IN something/NN ./.,,
sw08utt/sw_0816_2368.utt,2/sw2368,2368,386,b,B,188,1,"Yeah,  /","Yeah/UH ,/,",,
sw08utt/sw_0816_2368.utt,2/sw2368,2368,387,%,B,188,2,"{C and } even, - /","and/CC even/RB ,/,",,
sw08utt/sw_0816_2368.utt,2/sw2368,2368,388,sd,B,188,3,"{D you know, } {E I mean, } {D like } we had, I called them prefabs, just a tract home,  /","you/PRP know/VBP ,/, I/PRP mean/VBP ,/, like/UH we/PRP had/VBD ,/, I/PRP called/VBD them/PRP prefabs/NNS ,/, just/RB a/DT tract/NN home/NN ,/,",,
sw08utt/sw_0816_2368.utt,2/sw2368,2368,389,sd,B,188,4,"{D you know, } {E I mean, } [ we, + we ] had one of their homes that was nicer in Pennsylvania,  /","you/PRP know/VBP ,/, I/PRP mean/VBP ,/, we/PRP ,/, we/PRP had/VBD one/CD of/IN their/PRP$ homes/NNS that/WDT was/VBD nicer/JJR in/IN Pennsylvania/NNP ,/,",,
sw08utt/sw_0816_2368.utt,2/sw2368,2368,390,sd,B,188,5,"{C but, } {F um, } it was an older home,  /","but/CC ,/, um/UH ,/, it/PRP was/VBD an/DT older/JJR home/NN ,/,",,
sw08utt/sw_0816_2368.utt,2/sw2368,2368,391,sv,B,188,6,"{C but then, } you buy an older home and you're always fixing things up, /","but/CC then/RB ,/, you/PRP buy/VBP an/DT older/JJR home/NN and/CC you/PRP 're/VBP always/RB fixing/VBG things/NNS up/RP ,/,",,
sw08utt/sw_0816_2368.utt,2/sw2368,2368,392,aa,A,189,1,"{F Oh, } you are, constantly,  /","Oh/UH ,/, you/PRP are/VBP ,/, constantly/RB ,/,",,
sw08utt/sw_0816_2368.utt,2/sw2368,2368,393,sv,A,189,2,"there's always something going wrong, /","there/EX 's/BES always/RB something/NN going/VBG wrong/JJ ,/,",,
sw08utt/sw_0816_2368.utt,2/sw2368,2368,394,%,B,190,1,"{C So, } {D you know, } -/","So/RB ,/, you/PRP know/VBP ,/,",,
