swda_filename,ptb_basename,conversation_no,transcript_index,act_tag,caller,utterance_index,subutterance_index,text,pos,trees,ptb_treenumbers
sw08utt/sw_0819_2594.utt,2/sw2594,2594,0,qw,A,1,1,"{D So, } Jan, how do they recycle in Texas? /","So/UH ,/, Jan/NNP ,/, how/WRB do/VBP they/PRP recycle/VB in/IN Texas/NNP ?/.",,
sw08utt/sw_0819_2594.utt,2/sw2594,2594,1,%,B,2,1,"{D Well, } I, - /","Well/UH ,/, I/PRP ,/,",,
sw08utt/sw_0819_2594.utt,2/sw2594,2594,2,sd,B,2,2,"the biggest, <noise> {F uh, } way it's going right now, </noise> {F uh, } [ lot, + } most of the grocery stores --","the/DT biggest/JJS ,/, uh/UH ,/, way/NN it/PRP 's/BES going/VBG right/RB now/RB ,/, uh/UH ,/, lot/NN ,/, most/RBS of/IN the/DT grocery/NN stores/NNS --/:",,
sw08utt/sw_0819_2594.utt,2/sw2594,2594,3,b,A,3,1,Uh-huh. /,Uh-huh/UH ./.,,
sw08utt/sw_0819_2594.utt,2/sw2594,2594,4,+,B,4,1,"-- have got, {F uh, } things set up [ s-, + ] where you can bring in your, {F uh, } plastic, and your cans, and newspapers.  /","--/: have/VBP got/VBN ,/, uh/UH ,/, things/NNS set/VBN up/RP s-/XX ,/, where/WRB you/PRP can/MD bring/VB in/IN your/PRP$ ,/, uh/UH ,/, plastic/NN ,/, and/CC your/PRP$ cans/NNS ,/, and/CC newspapers/NNS ./.",,
sw08utt/sw_0819_2594.utt,2/sw2594,2594,5,sd,B,4,2,{C And then } they've just got different barrels <noise> setting out - /,And/CC then/RB they/PRP 've/VBP just/RB got/VBN different/JJ barrels/NNS setting/VBG out/RP,,
sw08utt/sw_0819_2594.utt,2/sw2594,2594,6,sd,B,4,3,"((   )) , I shouldn't say barrels, like big  (( John Doors ))  or,","MUMBLEx/XX ,/, I/PRP should/MD n't/RB say/VB barrels/NNS ,/, like/IN big/JJ John/NNP Doors/NNS or/CC ,/,",,
sw08utt/sw_0819_2594.utt,2/sw2594,2594,7,b,A,5,1,# Uh-huh. # /,Uh-huh/UH ./.,,
sw08utt/sw_0819_2594.utt,2/sw2594,2594,8,+,B,6,1,"# whatever # they're,","whatever/WDT they/PRP 're/VBP ,/,",,
sw08utt/sw_0819_2594.utt,2/sw2594,2594,9,b,A,7,1,Yeah. /,Yeah/UH ./.,,
sw08utt/sw_0819_2594.utt,2/sw2594,2594,10,+,B,8,1,called.  Gondolas <breathing>. /,called/VBN ./. Gondolas/NNS ./.,,
sw08utt/sw_0819_2594.utt,2/sw2594,2594,11,b,A,9,1,Yeah. /,Yeah/UH ./.,,
sw08utt/sw_0819_2594.utt,2/sw2594,2594,12,sd,B,10,1,"{F Um, } they've got them set outside <lipsmack> /","Um/UH ,/, they/PRP 've/VBP got/VBN them/PRP set/VBD outside/IN",,
sw08utt/sw_0819_2594.utt,2/sw2594,2594,13,%,B,10,2,"{C and, } -/","and/CC ,/,",,
sw08utt/sw_0819_2594.utt,2/sw2594,2594,14,qy,A,11,1,"# [ Is it, # +","Is/VBZ it/PRP ,/,",,
sw08utt/sw_0819_2594.utt,2/sw2594,2594,15,b,B,12,1,"# {F uh, } # /","uh/UH ,/,",,
sw08utt/sw_0819_2594.utt,2/sw2594,2594,16,+,A,13,1,is it ] all voluntary? /,is/VBZ it/PRP all/DT voluntary/JJ ?/.,,
sw08utt/sw_0819_2594.utt,2/sw2594,2594,17,ny,B,14,1,Yes.  /,Yes/UH ./.,,
sw08utt/sw_0819_2594.utt,2/sw2594,2594,18,sd^e,B,14,2,It's all voluntary.  /,It/PRP 's/BES all/DT voluntary/JJ ./.,,
sw08utt/sw_0819_2594.utt,2/sw2594,2594,19,sd,B,14,3,"{D Now, } they do have some places where you can take things and get cash  /","Now/UH ,/, they/PRP do/VBP have/VB some/DT places/NNS where/WRB you/PRP can/MD take/VB things/NNS and/CC get/VB cash/NN",,
sw08utt/sw_0819_2594.utt,2/sw2594,2594,20,o@,B,14,4,"{C but, }","but/CC ,/,",,
sw08utt/sw_0819_2594.utt,2/sw2594,2594,21,b,A,15,1,# Right. # /,Right/UH ./.,,
sw08utt/sw_0819_2594.utt,2/sw2594,2594,22,+@,B,16,1,# I # think the lot of people don't really want the cash. /,I/PRP think/VBP the/DT lot/NN of/IN people/NNS do/VBP n't/RB really/RB want/VB the/DT cash/NN ./.,,
sw08utt/sw_0819_2594.utt,2/sw2594,2594,23,b,A,17,1,Uh-huh. /,Uh-huh/UH ./.,,
sw08utt/sw_0819_2594.utt,2/sw2594,2594,24,sv,B,18,1,"{D You know, } they just want to, {F uh, } help recycle.  Which is,","You/PRP know/VBP ,/, they/PRP just/RB want/VBP to/TO ,/, uh/UH ,/, help/VB recycle/VB ./. Which/WDT is/VBZ ,/,",,
sw08utt/sw_0819_2594.utt,2/sw2594,2594,25,b,A,19,1,# Yeah. # /,Yeah/UH ./.,,
sw08utt/sw_0819_2594.utt,2/sw2594,2594,26,+,B,20,1,"# what # we do.  {D You know, } /","what/WP we/PRP do/VBP ./. You/PRP know/VBP ,/,",,
sw08utt/sw_0819_2594.utt,2/sw2594,2594,27,b,A,21,1,Uh-huh. /,Uh-huh/UH ./.,,
sw08utt/sw_0819_2594.utt,2/sw2594,2594,28,%,B,22,1,"we, <breathing> - /","we/PRP ,/,",,
sw08utt/sw_0819_2594.utt,2/sw2594,2594,29,sd,B,22,2,"probably the only thing, sometimes we'll take [ cash + {E or } the cans ] in  /","probably/RB the/DT only/JJ thing/NN ,/, sometimes/RB we/PRP 'll/MD take/VB cash/NN or/CC the/DT cans/NNS in/RB",,
sw08utt/sw_0819_2594.utt,2/sw2594,2594,30,sd,B,22,3,{C and } we let the kids get the money for that. /,and/CC we/PRP let/VBP the/DT kids/NNS get/VBP the/DT money/NN for/IN that/DT ./.,,
sw08utt/sw_0819_2594.utt,2/sw2594,2594,31,b,A,23,1,Right.  /,Right/UH ./.,,
sw08utt/sw_0819_2594.utt,2/sw2594,2594,32,b,A,23,2,Yeah. /,Yeah/UH ./.,,
sw08utt/sw_0819_2594.utt,2/sw2594,2594,33,%,B,24,1,"{C But, } {F uh, } -/","But/CC ,/, uh/UH ,/,",,
sw08utt/sw_0819_2594.utt,2/sw2594,2594,34,sd,A,25,1,"# There's, #","There/EX 's/BES ,/,",,
sw08utt/sw_0819_2594.utt,2/sw2594,2594,35,%,B,26,1,"# f-, # -/","f-/XX ,/,",,
sw08utt/sw_0819_2594.utt,2/sw2594,2594,36,+,A,27,1,"a lot of projects where [ the, + the ] Boy Scouts and things,  [ and + ] that will,","a/DT lot/NN of/IN projects/NNS where/WRB the/DT ,/, the/DT Boy/NN Scouts/NNPS and/CC things/NNS ,/, and/CC that/WDT will/MD ,/,",,
sw08utt/sw_0819_2594.utt,2/sw2594,2594,37,b,B,28,1,Right. /,Right/UH ./.,,
sw08utt/sw_0819_2594.utt,2/sw2594,2594,38,+,A,29,1,collect your cans  /,collect/VB your/PRP$ cans/NNS,,
sw08utt/sw_0819_2594.utt,2/sw2594,2594,39,o@,A,29,2,"{C and, }","and/CC ,/,",,
sw08utt/sw_0819_2594.utt,2/sw2594,2594,40,b,B,30,1,Right. /,Right/UH ./.,,
sw08utt/sw_0819_2594.utt,2/sw2594,2594,41,+@,A,31,1,it's a good fund raiser for the kids. /,it/PRP 's/BES a/DT good/JJ fund/NN raiser/NN for/IN the/DT kids/NNS ./.,,
sw08utt/sw_0819_2594.utt,2/sw2594,2594,42,aa,B,32,1,Yeah.  /,Yeah/UH ./.,,
sw08utt/sw_0819_2594.utt,2/sw2594,2594,43,aa,B,32,2,"That's true,  /","That/DT 's/BES true/JJ ,/,",,
sw08utt/sw_0819_2594.utt,2/sw2594,2594,44,sd,B,32,3,"[ {C but, } + {C but } ] that's really [ the, + the ] biggest thing around here is the grocery stores participating. /","but/CC ,/, but/CC that/DT 's/BES really/RB the/DT ,/, the/DT biggest/JJS thing/NN around/IN here/RB is/VBZ the/DT grocery/NN stores/NNS participating/VBG ./.",,
sw08utt/sw_0819_2594.utt,2/sw2594,2594,45,b,A,33,1,Uh-huh. /,Uh-huh/UH ./.,,
sw08utt/sw_0819_2594.utt,2/sw2594,2594,46,%,B,34,1,"{D You know } {C but, } -/","You/PRP know/VBP but/CC ,/,",,
sw08utt/sw_0819_2594.utt,2/sw2594,2594,47,%,A,35,1,"I guess, I, - /","I/PRP guess/VBP ,/, I/PRP ,/,",,
sw08utt/sw_0819_2594.utt,2/sw2594,2594,48,sd,A,35,2,"{D you see, } I guess it depends on your landfill space. /","you/PRP see/VBP ,/, I/PRP guess/VBP it/PRP depends/VBZ on/IN your/PRP$ landfill/NN space/NN ./.",,
sw08utt/sw_0819_2594.utt,2/sw2594,2594,49,b,B,36,1,Uh-huh. /,Uh-huh/UH ./.,,
sw08utt/sw_0819_2594.utt,2/sw2594,2594,50,%,A,37,1,"I know, I, - /","I/PRP know/VBP ,/, I/PRP ,/,",,
sw08utt/sw_0819_2594.utt,2/sw2594,2594,51,sd,A,37,2,"we're in Maryland,  /","we/PRP 're/VBP in/IN Maryland/NNP ,/,",,
sw08utt/sw_0819_2594.utt,2/sw2594,2594,52,%,A,37,3,"{C but, } my, - /","but/CC ,/, my/PRP$ ,/,",,
sw08utt/sw_0819_2594.utt,2/sw2594,2594,53,sd*,A,37,4,I from Pennsylvania  / *[[missing copula?]],I/PRP from/IN Pennsylvania/NNP,,
sw08utt/sw_0819_2594.utt,2/sw2594,2594,54,sd,A,37,5,"{C and } my parents [ how, + ] are forced recycling, /","and/CC my/PRP$ parents/NNS how/WRB ,/, are/VBP forced/VBN recycling/NN ,/,",,
sw08utt/sw_0819_2594.utt,2/sw2594,2594,55,bh,B,38,1,"# {F Oh, } #","Oh/UH ,/,",,
sw08utt/sw_0819_2594.utt,2/sw2594,2594,56,b,A,39,1,"# {F uh, } # /","uh/UH ,/,",,
sw08utt/sw_0819_2594.utt,2/sw2594,2594,57,+,B,40,1,really? /,really/UH ?/.,,
sw08utt/sw_0819_2594.utt,2/sw2594,2594,58,b,A,41,1,Yeah.  /,Yeah/UH ./.,,
sw08utt/sw_0819_2594.utt,2/sw2594,2594,59,sd@,A,41,2,"[ All plastic, + [ they ha-, + ] all plastic ] has to go into a recycling bin,  all cans have to be recycled, all newspapers has to be recycled.","All/DT plastic/NN ,/, they/PRP ha-/XX ,/, all/DT plastic/NN has/VBZ to/TO go/VB into/IN a/DT recycling/NN bin/NN ,/, all/DT cans/NNS have/VBP to/TO be/VB recycled/VBN ,/, all/DT newspapers/NNS has/VBZ to/TO be/VB recycled/VBN ./.",,
sw08utt/sw_0819_2594.utt,2/sw2594,2594,60,ba,B,42,1,"{F Oh, } wow. /","Oh/UH ,/, wow/UH ./.",,
sw08utt/sw_0819_2594.utt,2/sw2594,2594,61,+@,A,43,1,"Because [ they're, + {F um, } <lipsmack> they're ] just running out of space and  landfills.  /","Because/IN they/PRP 're/VBP ,/, um/UH ,/, they/PRP 're/VBP just/RB running/VBG out/RP of/IN space/NN and/CC landfills/NNS ./.",,
sw08utt/sw_0819_2594.utt,2/sw2594,2594,62,sv,A,43,2,"{F Uh, } Pennsylvania, Ohio, and New York are some of the, {F uh, } - /","Uh/UH ,/, Pennsylvania/NNP ,/, Ohio/NNP ,/, and/CC New/NNP York/NNP are/VBP some/DT of/IN the/DT ,/, uh/UH ,/,",,
sw08utt/sw_0819_2594.utt,2/sw2594,2594,63,sv,A,43,3,they're using their landfills up faster than they can get new ones. /,they/PRP 're/VBP using/VBG their/PRP$ landfills/NNS up/RP faster/RBR than/IN they/PRP can/MD get/VB new/JJ ones/NNS ./.,,
sw08utt/sw_0819_2594.utt,2/sw2594,2594,64,b,B,44,1,Yeah. /,Yeah/UH ./.,,
sw08utt/sw_0819_2594.utt,2/sw2594,2594,65,sv,A,45,1,"{C So, } [  it's really, + {F uh, } it's, {F uh, } really ] hard on them.  /","So/RB ,/, it/PRP 's/BES really/RB ,/, uh/UH ,/, it/PRP 's/BES ,/, uh/UH ,/, really/RB hard/JJ on/IN them/PRP ./.",,
sw08utt/sw_0819_2594.utt,2/sw2594,2594,66,sd,A,45,2,"{D Now, } up here in Maryland, though, we're [ j-, + just ] in a voluntary recycling stage right now.  /","Now/UH ,/, up/IN here/RB in/IN Maryland/NNP ,/, though/RB ,/, we/PRP 're/VBP j-/XX ,/, just/RB in/IN a/DT voluntary/JJ recycling/NN stage/NN right/RB now/RB ./.",,
sw08utt/sw_0819_2594.utt,2/sw2594,2594,67,sd,A,45,3,"[ {C  So, } + {F uh, } {C so } ] my wife and I, {D you know, } we save our bottles,  /","So/RB ,/, uh/UH ,/, so/RB my/PRP$ wife/NN and/CC I/PRP ,/, you/PRP know/VBP ,/, we/PRP save/VBP our/PRP$ bottles/NNS ,/,",,
sw08utt/sw_0819_2594.utt,2/sw2594,2594,68,sd,A,45,4,"{C and } we save our newspapers,  /","and/CC we/PRP save/VBP our/PRP$ newspapers/NNS ,/,",,
sw08utt/sw_0819_2594.utt,2/sw2594,2594,69,sd,A,45,5,"{C and } we save all our plastic, and all of our tin cans.  /","and/CC we/PRP save/VBP all/DT our/PRP$ plastic/NN ,/, and/CC all/DT of/IN our/PRP$ tin/NN cans/NNS ./.",,
sw08utt/sw_0819_2594.utt,2/sw2594,2594,70,sd,A,45,6,"{C And } just like you say, we go to, {F uh, } a community area where they have it set up  /","And/CC just/RB like/IN you/PRP say/VBP ,/, we/PRP go/VBP to/IN ,/, uh/UH ,/, a/DT community/NN area/NN where/WRB they/PRP have/VBP it/PRP set/VBN up/RP",,
sw08utt/sw_0819_2594.utt,2/sw2594,2594,71,sd,A,45,7,{C and } we dump them off <noise> there. /,and/CC we/PRP dump/VBP them/PRP off/RP there/RB ./.,,
sw08utt/sw_0819_2594.utt,2/sw2594,2594,72,qy^d,B,46,1,"{C So, } it's vol-, -/","So/RB ,/, it/PRP 's/BES vol-/XX ,/,",,
sw08utt/sw_0819_2594.utt,2/sw2594,2594,73,ny,A,47,1,# Yeah.  /,Yeah/UH ./.,,
sw08utt/sw_0819_2594.utt,2/sw2594,2594,74,sd^e,A,47,2,"It's still voluntary, #","It/PRP 's/BES still/RB voluntary/JJ ,/,",,
sw08utt/sw_0819_2594.utt,2/sw2594,2594,75,sd,B,48,1,# you say it is # all voluntary.  /,you/PRP say/VBP it/PRP is/VBZ all/DT voluntary/JJ ./.,,
sw08utt/sw_0819_2594.utt,2/sw2594,2594,76,qy,B,48,2,"Do they, -/","Do/VBP they/PRP ,/,",,
sw08utt/sw_0819_2594.utt,2/sw2594,2594,77,+,A,49,1,"though [ I think, + I think ] we're supposed to have something [ impame-, + implemented ] by nineteen ninety-three, though --","though/IN I/PRP think/VBP ,/, I/PRP think/VBP we/PRP 're/VBP supposed/VBN to/TO have/VB something/NN impame-/XX ,/VBN implemented/VBN by/IN nineteen/CD ninety-three/CD ,/, though/IN --/:",,
sw08utt/sw_0819_2594.utt,2/sw2594,2594,78,qy,B,50,1,Will it be mandatory? /,Will/MD it/PRP be/VB mandatory/JJ ?/.,,
sw08utt/sw_0819_2594.utt,2/sw2594,2594,79,+,A,51,1,-- where some aspects will be mandatory.  /,--/: where/WRB some/DT aspects/NNS will/MD be/VB mandatory/JJ ./.,,
sw08utt/sw_0819_2594.utt,2/sw2594,2594,80,b,A,51,2,Uh-huh. /,Uh-huh/UH ./.,,
sw08utt/sw_0819_2594.utt,2/sw2594,2594,81,qy,B,52,1,"Is it all, {F um, } - /","Is/VBZ it/PRP all/DT ,/, um/UH ,/,",,
sw08utt/sw_0819_2594.utt,2/sw2594,2594,82,qy,B,52,2,is there any place at all where you do get cash for this stuff  /,is/VBZ there/EX any/DT place/NN at/IN all/DT where/WRB you/PRP do/VBP get/VB cash/NN for/IN this/DT stuff/NN,,
sw08utt/sw_0819_2594.utt,2/sw2594,2594,83,qrr,B,52,3,"{C or } is it all, -/","or/CC is/VBZ it/PRP all/DT ,/,",,
sw08utt/sw_0819_2594.utt,2/sw2594,2594,84,sd,A,53,1,Mostly just the cans. /,Mostly/RB just/RB the/DT cans/NNS ./.,,
sw08utt/sw_0819_2594.utt,2/sw2594,2594,85,bk,B,54,1,Okay. /,Okay/UH ./.,,
sw08utt/sw_0819_2594.utt,2/sw2594,2594,86,%,A,55,1,"{C And } I, -/","And/CC I/PRP ,/,",,
sw08utt/sw_0819_2594.utt,2/sw2594,2594,87,b,B,56,1,# Yeah.  /,Yeah/UH ./.,,
sw08utt/sw_0819_2594.utt,2/sw2594,2594,88,%,B,56,2,"{C And } that's, # -/","And/CC that/DT 's/BES ,/,",,
sw08utt/sw_0819_2594.utt,2/sw2594,2594,89,sv,A,57,1,"# {C and } most of # the time, like I said, [ that's, + that's ] a sort of {D like } fund raiser things that,","and/CC most/RBS of/IN the/DT time/NN ,/, like/IN I/PRP said/VBD ,/, that/DT 's/BES ,/, that/DT 's/BES a/DT sort/RB of/RB like/UH fund/NN raiser/NN things/NNS that/WDT ,/,",,
sw08utt/sw_0819_2594.utt,2/sw2594,2594,90,b,B,58,1,Right. /,Right/UH ./.,,
sw08utt/sw_0819_2594.utt,2/sw2594,2594,91,+,A,59,1,"the schools do, or that the Boy Scouts do, or whatever. /","the/DT schools/NNS do/VBP ,/, or/CC that/WDT the/DT Boy/NN Scouts/NNPS do/VBP ,/, or/CC whatever/WDT ./.",,
sw08utt/sw_0819_2594.utt,2/sw2594,2594,92,b,B,60,1,Right. /,Right/UH ./.,,
sw08utt/sw_0819_2594.utt,2/sw2594,2594,93,b,A,61,1,# Yeah. # /,Yeah/UH ./.,,
sw08utt/sw_0819_2594.utt,2/sw2594,2594,94,aa,B,62,1,# Yeah.  /,Yeah/UH ./.,,
sw08utt/sw_0819_2594.utt,2/sw2594,2594,95,aa,B,62,2,#  That's true.  /,That/DT 's/BES true/JJ ./.,,
sw08utt/sw_0819_2594.utt,2/sw2594,2594,96,%,B,62,3,"That's, -/","That/DT 's/BES ,/,",,
sw08utt/sw_0819_2594.utt,2/sw2594,2594,97,sv,A,63,1,Cans are the only thing I think you really get money for. /,Cans/NNS are/VBP the/DT only/JJ thing/NN I/PRP think/VBP you/PRP really/RB get/VBP money/NN for/RB ./.,,
sw08utt/sw_0819_2594.utt,2/sw2594,2594,98,ar,B,64,1,"{D Well, } they do have places around here where you can get money for your newspapers,","Well/UH ,/, they/PRP do/VBP have/VB places/NNS around/IN here/RB where/WRB you/PRP can/MD get/VB money/NN for/IN your/PRP$ newspapers/NNS ,/,",,
sw08utt/sw_0819_2594.utt,2/sw2594,2594,99,b,A,65,1,# Uh-huh. # /,Uh-huh/UH ./.,,
sw08utt/sw_0819_2594.utt,2/sw2594,2594,100,+,B,66,1,# and # stuff like that.  /,and/CC stuff/NN like/IN that/DT ./.,,
sw08utt/sw_0819_2594.utt,2/sw2594,2594,101,sv,B,66,2,"{C But, } {D you know, } I think a lot of people, like I said, are more concerned,","But/CC ,/, you/PRP know/VBP ,/, I/PRP think/VBP a/DT lot/NN of/IN people/NNS ,/, like/IN I/PRP said/VBD ,/, are/VBP more/RBR concerned/JJ ,/,",,
sw08utt/sw_0819_2594.utt,2/sw2594,2594,102,b,A,67,1,Right.  /,Right/UH ./.,,
sw08utt/sw_0819_2594.utt,2/sw2594,2594,103,b,A,67,2,Uh-huh. /,Uh-huh/UH ./.,,
sw08utt/sw_0819_2594.utt,2/sw2594,2594,104,+,B,68,1,"with, {D you know, } right now, {D you know, } the aspects of saving the earth <breathing>. /","with/IN ,/, you/PRP know/VBP ,/, right/RB now/RB ,/, you/PRP know/VBP ,/, the/DT aspects/NNS of/IN saving/VBG the/DT earth/NN ./.",,
sw08utt/sw_0819_2594.utt,2/sw2594,2594,105,b,A,69,1,"Yeah, /","Yeah/UH ,/,",,
sw08utt/sw_0819_2594.utt,2/sw2594,2594,106,o@,B,70,1,# {F Um. }  #,Um/UH ./.,,
sw08utt/sw_0819_2594.utt,2/sw2594,2594,107,sv,A,71,1,"# I # think that's mostly, - /","I/PRP think/VBP that/DT 's/BES mostly/RB ,/,",,
sw08utt/sw_0819_2594.utt,2/sw2594,2594,108,%,A,71,2,"{D well, } {D you know, } we, - /","well/UH ,/, you/PRP know/VBP ,/, we/PRP ,/,",,
sw08utt/sw_0819_2594.utt,2/sw2594,2594,109,%,A,71,3,"even before, - /","even/RB before/RB ,/,",,
sw08utt/sw_0819_2594.utt,2/sw2594,2594,110,sd(^q),A,71,4,"as soon as the community said, {D you know, } We're going to put up bins for recycling, {D you know, } we automatically started,","as/RB soon/RB as/IN the/DT community/NN said/VBD ,/, you/PRP know/VBP ,/, We/PRP 're/VBP going/VBG to/TO put/VB up/RP bins/NNS for/IN recycling/NN ,/, you/PRP know/VBP ,/, we/PRP automatically/RB started/VBD ,/,",,
sw08utt/sw_0819_2594.utt,2/sw2594,2594,111,+@,B,72,1,Uh-huh. /,Uh-huh/UH ./.,,
sw08utt/sw_0819_2594.utt,2/sw2594,2594,112,+,A,73,1,doing it.  /,doing/VBG it/PRP ./.,,
sw08utt/sw_0819_2594.utt,2/sw2594,2594,113,sv,A,73,2,"[ It was, +","It/PRP was/VBD ,/,",,
sw08utt/sw_0819_2594.utt,2/sw2594,2594,114,b,B,74,1,Right. /,Right/UH ./.,,
sw08utt/sw_0819_2594.utt,2/sw2594,2594,115,+,A,75,1,"it's ] one of those things,  /","it/PRP 's/BES one/CD of/IN those/DT things/NNS ,/,",,
sw08utt/sw_0819_2594.utt,2/sw2594,2594,116,sd,A,75,2,"{D you know, } {C and } just going and taking the time to go and read the signs and the brochures on what they accept and how it should be,","you/PRP know/VBP ,/, and/CC just/RB going/VBG and/CC taking/VBG the/DT time/NN to/TO go/VB and/CC read/VB the/DT signs/NNS and/CC the/DT brochures/NNS on/IN what/WP they/PRP accept/VBP and/CC how/WRB it/PRP should/MD be/VB ,/,",,
sw08utt/sw_0819_2594.utt,2/sw2594,2594,117,b,B,76,1,Uh-huh. /,Uh-huh/UH ./.,,
sw08utt/sw_0819_2594.utt,2/sw2594,2594,118,+,A,77,1,"separated, {D you know. }  /","separated/VBN ,/, you/PRP know/VBP ./.",,
sw08utt/sw_0819_2594.utt,2/sw2594,2594,119,%,A,77,2,"That's, -/","That/DT 's/BES ,/,",,
sw08utt/sw_0819_2594.utt,2/sw2594,2594,120,sd,B,78,1,"{D Well, } I tell you, it's kind of funny now [ at, + ] [ e-, + even ] at T I, I don't, - /","Well/UH ,/, I/PRP tell/VBP you/PRP ,/, it/PRP 's/BES kind/RB of/RB funny/JJ now/RB at/IN ,/, e-/XX ,/, even/RB at/IN T/NNP I/NNP ,/, I/PRP do/VBP n't/RB ,/,",,
sw08utt/sw_0819_2594.utt,2/sw2594,2594,121,qy,B,78,2,do you work for T I? /,do/VB you/PRP work/VB for/IN T/NNP I/NNP ?/.,,
sw08utt/sw_0819_2594.utt,2/sw2594,2594,122,nn,A,79,1,No.  /,No/UH ./.,,
sw08utt/sw_0819_2594.utt,2/sw2594,2594,123,nn,A,79,2,Huh-uh. /,Huh-uh/UH ./.,,
sw08utt/sw_0819_2594.utt,2/sw2594,2594,124,bk,B,80,1,Okay.  /,Okay/UH ./.,,
sw08utt/sw_0819_2594.utt,2/sw2594,2594,125,sd,B,80,2,"{F Um, } at T I they're doing recycling.  /","Um/UH ,/, at/IN T/NNP I/NNP they/PRP 're/VBP doing/VBG recycling/NN ./.",,
sw08utt/sw_0819_2594.utt,2/sw2594,2594,126,sd,B,80,3,"{E I mean, } for a long time they didn't do this, /","I/PRP mean/VBP ,/, for/IN a/DT long/JJ time/NN they/PRP did/VBD n't/RB do/VB this/DT ,/,",,
sw08utt/sw_0819_2594.utt,2/sw2594,2594,127,sd,B,80,4,"{C but } now [ they're, + they're ] recycling cans and paper.  /","but/CC now/RB they/PRP 're/VBP ,/, they/PRP 're/VBP recycling/VBG cans/NNS and/CC paper/NN ./.",,
sw08utt/sw_0819_2594.utt,2/sw2594,2594,128,sd,B,80,5,We have separate bins --,We/PRP have/VBP separate/JJ bins/NNS --/:,,
sw08utt/sw_0819_2594.utt,2/sw2594,2594,129,b,A,81,1,Yeah. /,Yeah/UH ./.,,
sw08utt/sw_0819_2594.utt,2/sw2594,2594,130,+,B,82,1,"-- {F uh, } separate wastebaskets <noise>  in our offices --","--/: uh/UH ,/, separate/JJ wastebaskets/NNS in/IN our/PRP$ offices/NNS --/:",,
sw08utt/sw_0819_2594.utt,2/sw2594,2594,131,b,A,83,1,Uh-huh. /,Uh-huh/UH ./.,,
sw08utt/sw_0819_2594.utt,2/sw2594,2594,132,+,B,84,1,-- for paper. /,--/: for/IN paper/NN ./.,,
sw08utt/sw_0819_2594.utt,2/sw2594,2594,133,b,A,85,1,Yeah. /,Yeah/UH ./.,,
sw08utt/sw_0819_2594.utt,2/sw2594,2594,134,%,B,86,1,"{D You know, } {C and } they, - /","You/PRP know/VBP ,/, and/CC they/PRP ,/,",,
sw08utt/sw_0819_2594.utt,2/sw2594,2594,135,sd,B,86,2,{E I mean } it's tremendous how much money they have saved and even saving all these trees  /,I/PRP mean/VBP it/PRP 's/BES tremendous/JJ how/WRB much/JJ money/NN they/PRP have/VBP saved/VBN and/CC even/RB saving/VBG all/PDT these/DT trees/NNS,,
sw08utt/sw_0819_2594.utt,2/sw2594,2594,136,sd,B,86,3,"{C and, } {D you know } --","and/CC ,/, you/PRP know/VBP --/:",,
sw08utt/sw_0819_2594.utt,2/sw2594,2594,137,b,A,87,1,Right. /,Right/UH ./.,,
sw08utt/sw_0819_2594.utt,2/sw2594,2594,138,+,B,88,1,"-- it's really, - /","--/: it/PRP 's/BES really/RB ,/,",,
sw08utt/sw_0819_2594.utt,2/sw2594,2594,139,sd,B,88,2,<laughter>  I can't believe that --,I/PRP ca/MD n't/RB believe/VB that/DT --/:,,
sw08utt/sw_0819_2594.utt,2/sw2594,2594,140,b,A,89,1,Yeah. /,Yeah/UH ./.,,
sw08utt/sw_0819_2594.utt,2/sw2594,2594,141,+,B,90,1,"-- {D you know. }   Because they've got it all posted all over the place how much,","--/: you/PRP know/VBP ./. Because/IN they/PRP 've/VBP got/VBN it/PRP all/DT posted/VBD all/RB over/IN the/DT place/NN how/WRB much/JJ ,/,",,
sw08utt/sw_0819_2594.utt,2/sw2594,2594,142,^2,A,91,1,"# [ How much, + how ] well they're doing.  # /","How/WRB much/JJ ,/, how/WRB well/RB they/PRP 're/VBP doing/VBG ./.",,
sw08utt/sw_0819_2594.utt,2/sw2594,2594,143,+,B,92,1,"# they're saving and how w-, - /","they/PRP 're/VBP saving/VBG and/CC how/WRB w-/XX ,/,",,
sw08utt/sw_0819_2594.utt,2/sw2594,2594,144,%,B,92,2,yeah. # /,yeah/UH ./.,,
sw08utt/sw_0819_2594.utt,2/sw2594,2594,145,%,A,93,1,"We do, - /","We/PRP do/VBP ,/,",,
sw08utt/sw_0819_2594.utt,2/sw2594,2594,146,sd,A,93,2,"[ [ I, + {F um, } <lipsmack>  I, ] + I ] work in a, {F uh, } speech interface lab,","I/PRP ,/, um/UH ,/, I/PRP ,/, I/PRP work/VBP in/IN a/DT ,/, uh/UH ,/, speech/NN interface/NN lab/NN ,/,",,
sw08utt/sw_0819_2594.utt,2/sw2594,2594,147,b,B,94,1,"# {F Oh, } okay.  # /","Oh/UH ,/, okay/UH ./.",,
sw08utt/sw_0819_2594.utt,2/sw2594,2594,148,+,A,95,1,"# [ [ at a, + # at a, ] + at a ] college.  /","at/IN a/DT ,/, at/IN a/DT ,/, at/IN a/DT college/NN ./.",,
sw08utt/sw_0819_2594.utt,2/sw2594,2594,149,sd,A,95,2,{C And } we do basically the same thing.  /,And/CC we/PRP do/VBP basically/RB the/DT same/JJ thing/NN ./.,,
sw08utt/sw_0819_2594.utt,2/sw2594,2594,150,sd,A,95,3,"The state of Maryland has [ lost, +  asked ] all the colleges and universities, and some of the large organizations, {D you know, } if they would definitely recycle their office paper. /","The/DT state/NN of/IN Maryland/NNP has/VBZ lost/VBN ,/, asked/VBN all/PDT the/DT colleges/NNS and/CC universities/NNS ,/, and/CC some/DT of/IN the/DT large/JJ organizations/NNS ,/, you/PRP know/VBP ,/, if/IN they/PRP would/MD definitely/RB recycle/VB their/PRP$ office/NN paper/NN ./.",,
sw08utt/sw_0819_2594.utt,2/sw2594,2594,151,b,B,96,1,Uh-huh. /,Uh-huh/UH ./.,,
sw08utt/sw_0819_2594.utt,2/sw2594,2594,152,o@,A,97,1,"{C And, }","And/CC ,/,",,
sw08utt/sw_0819_2594.utt,2/sw2594,2594,153,b,B,98,1,# Uh-huh. # /,Uh-huh/UH ./.,,
sw08utt/sw_0819_2594.utt,2/sw2594,2594,154,+@,A,99,1,"# the # same thing, {D you know, } [ every, + almost every ] college in Maryland is recycling office paper.  /","the/DT same/JJ thing/NN ,/, you/PRP know/VBP ,/, every/DT ,/, almost/RB every/DT college/NN in/IN Maryland/NNP is/VBZ recycling/VBG office/NN paper/NN ./.",,
sw08utt/sw_0819_2594.utt,2/sw2594,2594,155,sd,A,99,2,"{C But, } {D you know, } in the giant bins around, - /","But/CC ,/, you/PRP know/VBP ,/, in/IN the/DT giant/NN bins/NNS around/IN ,/,",,
sw08utt/sw_0819_2594.utt,2/sw2594,2594,156,sv,A,99,3,{C and } it's surprising how much --,and/CC it/PRP 's/BES surprising/JJ how/WRB much/JJ --/:,,
sw08utt/sw_0819_2594.utt,2/sw2594,2594,157,b,B,100,1,Yeah. /,Yeah/UH ./.,,
sw08utt/sw_0819_2594.utt,2/sw2594,2594,158,+,A,101,1,"-- you never realize, because that janitor comes around and empties your garbage,","--/: you/PRP never/RB realize/VBP ,/, because/IN that/DT janitor/NN comes/VBZ around/RB and/CC empties/VBZ your/PRP$ garbage/NN ,/,",,
sw08utt/sw_0819_2594.utt,2/sw2594,2594,159,b,B,102,1,# Right. # /,Right/UH ./.,,
sw08utt/sw_0819_2594.utt,2/sw2594,2594,160,+,A,103,1,# can # every night. /,can/MD every/DT night/NN ./.,,
sw08utt/sw_0819_2594.utt,2/sw2594,2594,161,b,B,104,1,Yep.  /,Yep/UH ./.,,
sw08utt/sw_0819_2594.utt,2/sw2594,2594,162,o@,B,104,2,"{C So, }","So/UH ,/,",,
sw08utt/sw_0819_2594.utt,2/sw2594,2594,163,sv,A,105,1,"# You don't notice until, #","You/PRP do/VBP n't/RB notice/VB until/IN ,/,",,
sw08utt/sw_0819_2594.utt,2/sw2594,2594,164,+@,B,106,1,# you don't think about # it. /,you/PRP do/VBP n't/RB think/VB about/IN it/PRP ./.,,
sw08utt/sw_0819_2594.utt,2/sw2594,2594,165,+,A,107,1,"you start leaving,  /","you/PRP start/VBP leaving/VBG ,/,",,
sw08utt/sw_0819_2594.utt,2/sw2594,2594,166,sd,A,107,2,"{D you know, } they don't pick up your recycling until <noise>  it's full  /","you/PRP know/VBP ,/, they/PRP do/VBP n't/RB pick/VB up/RB your/PRP$ recycling/NN until/IN it/PRP 's/BES full/JJ",,
sw08utt/sw_0819_2594.utt,2/sw2594,2594,167,o@,A,107,3,"{C and, }","and/CC ,/,",,
sw08utt/sw_0819_2594.utt,2/sw2594,2594,168,b,B,108,1,Right. /,Right/UH ./.,,
sw08utt/sw_0819_2594.utt,2/sw2594,2594,169,+,A,109,1,"you just can't believe how much paper that you, {F uh, } -/","you/PRP just/RB ca/MD n't/RB believe/VB how/WRB much/JJ paper/NN that/WDT you/PRP ,/, uh/UH ,/,",,
sw08utt/sw_0819_2594.utt,2/sw2594,2594,170,ba,B,110,1,I know <breathing>. /,I/PRP know/VBP ./.,,
sw08utt/sw_0819_2594.utt,2/sw2594,2594,171,sv,A,111,1,"Reams of paper come,","Reams/NNS of/IN paper/NN come/VBP ,/,",,
sw08utt/sw_0819_2594.utt,2/sw2594,2594,172,b@,B,112,1,# Yep <laughter>.  #,Yep/UH ./.,,
sw08utt/sw_0819_2594.utt,2/sw2594,2594,173,+,A,113,1,"# out of # an office every day <laughter>.    (( That )) ,","out/IN of/IN an/DT office/NN every/DT day/NN ./. That/DT ,/,",,
sw08utt/sw_0819_2594.utt,2/sw2594,2594,174,+@,B,114,1,Yeah.  /,Yeah/UH ./.,,
sw08utt/sw_0819_2594.utt,2/sw2594,2594,175,sv,B,114,2,"{D Well, } you think about,","Well/UH ,/, you/PRP think/VBP about/IN ,/,",,
sw08utt/sw_0819_2594.utt,2/sw2594,2594,176,+,A,115,1,(( took us ))  to recycle. /,took/VBD us/PRP to/TO recycle/VB ./.,,
sw08utt/sw_0819_2594.utt,2/sw2594,2594,177,+,B,116,1,"the waste, even. /","the/DT waste/NN ,/, even/RB ./.",,
sw08utt/sw_0819_2594.utt,2/sw2594,2594,178,b,A,117,1,Uh-huh. /,Uh-huh/UH ./.,,
sw08utt/sw_0819_2594.utt,2/sw2594,2594,179,sv,B,118,1,"{E I mean, } {D you know, } cost wise [ and -- +","I/PRP mean/VBP ,/, you/PRP know/VBP ,/, cost/NN wise/JJ and/CC --/:",,
sw08utt/sw_0819_2594.utt,2/sw2594,2594,180,b,A,119,1,Right. /,Right/UH ./.,,
sw08utt/sw_0819_2594.utt,2/sw2594,2594,181,+,B,120,1,"-- and, ] {D you know, } [ like you s-, + ] saving trees and stuff like <noise> that.  /","--/: and/CC ,/, you/PRP know/VBP ,/, like/IN you/PRP s-/XX ,/, saving/VBG trees/NNS and/CC stuff/NN like/IN that/DT ./.",,
sw08utt/sw_0819_2594.utt,2/sw2594,2594,182,sd,B,120,2,"{E I mean, } it's just amazing, <noise> {D you know, }","I/PRP mean/VBP ,/, it/PRP 's/BES just/RB amazing/JJ ,/, you/PRP know/VBP ,/,",,
sw08utt/sw_0819_2594.utt,2/sw2594,2594,183,b,A,121,1,# Yeah.  /,Yeah/UH ./.,,
sw08utt/sw_0819_2594.utt,2/sw2594,2594,184,sv,A,121,2,"{C So, } I think, #","So/RB ,/, I/PRP think/VBP ,/,",,
sw08utt/sw_0819_2594.utt,2/sw2594,2594,185,+,B,122,1,# the difference.  # /,the/DT difference/NN ./.,,
sw08utt/sw_0819_2594.utt,2/sw2594,2594,186,+,A,123,1,"<Noise>  Hopefully, if, - /","Hopefully/RB ,/, if/IN ,/,",,
sw08utt/sw_0819_2594.utt,2/sw2594,2594,187,qy,A,123,2,"{D you know, } I guess a lot of the large organizations, </noise> probably T I, did they advertise on television how successful they are? /","you/PRP know/VBP ,/, I/PRP guess/VBP a/DT lot/NN of/IN the/DT large/JJ organizations/NNS ,/, probably/RB T/NNP I/NNP ,/, did/VBD they/PRP advertise/VBP on/IN television/NN how/WRB successful/JJ they/PRP are/VBP ?/.",,
sw08utt/sw_0819_2594.utt,2/sw2594,2594,188,nn,B,124,1,"N-, -/","N-/XX ,/,",,
sw08utt/sw_0819_2594.utt,2/sw2594,2594,189,x,A,125,1,((   )) .,MUMBLEx/XX ./.,,
sw08utt/sw_0819_2594.utt,2/sw2594,2594,190,sd^e,B,126,1,"I haven't seen,","I/PRP have/VBP n't/RB seen/VBN ,/,",,
sw08utt/sw_0819_2594.utt,2/sw2594,2594,191,b,A,127,1,Yeah. /,Yeah/UH ./.,,
sw08utt/sw_0819_2594.utt,2/sw2594,2594,192,+,B,128,1,anything.  /,anything/NN ./.,,
sw08utt/sw_0819_2594.utt,2/sw2594,2594,193,sv,B,128,2,"{F Uh, } {C but } that doesn't mean that they don't.  /","Uh/UH ,/, but/CC that/DT does/VBZ n't/RB mean/VB that/IN they/PRP do/VBP n't/RB ./.",,
sw08utt/sw_0819_2594.utt,2/sw2594,2594,194,sd,B,128,3,"I don't watch much T V, /","I/PRP do/VBP n't/RB watch/VB much/JJ T/NN V/NN ,/,",,
sw08utt/sw_0819_2594.utt,2/sw2594,2594,195,b,A,129,1,Yeah. /,Yeah/UH ./.,,
sw08utt/sw_0819_2594.utt,2/sw2594,2594,196,sd,B,130,1,"{C but, } I haven't really seen anything advertise publicly. /","but/CC ,/, I/PRP have/VBP n't/RB really/RB seen/VBN anything/NN advertise/VB publicly/RB ./.",,
sw08utt/sw_0819_2594.utt,2/sw2594,2594,197,b,A,131,1,Uh-huh. /,Uh-huh/UH ./.,,
sw08utt/sw_0819_2594.utt,2/sw2594,2594,198,sd,B,132,1,"And {C then, } like I said, they do a lot of # internal, #","And/CC then/RB ,/, like/IN I/PRP said/VBD ,/, they/PRP do/VBP a/DT lot/NN of/IN internal/JJ ,/,",,
sw08utt/sw_0819_2594.utt,2/sw2594,2594,199,b^m,A,133,1,# Internal.  # /,Internal/JJ ./.,,
sw08utt/sw_0819_2594.utt,2/sw2594,2594,200,+,B,134,1,advertising on that kind of stuff. /,advertising/NN on/IN that/DT kind/NN of/IN stuff/NN ./.,,
sw08utt/sw_0819_2594.utt,2/sw2594,2594,201,b,A,135,1,# Uh-huh. # /,Uh-huh/UH ./.,,
sw08utt/sw_0819_2594.utt,2/sw2594,2594,202,sd,B,136,1,"# {C But, } # I haven't seen anything. /","But/CC ,/, I/PRP have/VBP n't/RB seen/VBN anything/NN ./.",,
sw08utt/sw_0819_2594.utt,2/sw2594,2594,203,b,A,137,1,Yeah. /,Yeah/UH ./.,,
sw08utt/sw_0819_2594.utt,2/sw2594,2594,204,sd,B,138,1,"{C But } {D see, } I don't see a lot of T I advertisements on T V anyway.  /","But/CC see/UH ,/, I/PRP do/VBP n't/RB see/VB a/DT lot/NN of/IN T/NNP I/NNP advertisements/NNS on/IN T/NN V/NN anyway/RB ./.",,
sw08utt/sw_0819_2594.utt,2/sw2594,2594,205,sv,B,138,2,"I think they advertise more, {F um, } other places where they're not located. /","I/PRP think/VBP they/PRP advertise/VBP more/JJR ,/, um/UH ,/, other/JJ places/NNS where/WRB they/PRP 're/VBP not/RB located/VBN ./.",,
sw08utt/sw_0819_2594.utt,2/sw2594,2594,206,aa,A,139,1,Right.  /,Right/UH ./.,,
sw08utt/sw_0819_2594.utt,2/sw2594,2594,207,aa,A,139,2,Yeah.  /,Yeah/UH ./.,,
sw08utt/sw_0819_2594.utt,2/sw2594,2594,208,aa,A,139,3,"That would probably,","That/DT would/MD probably/RB ,/,",,
sw08utt/sw_0819_2594.utt,2/sw2594,2594,209,sd^r,B,140,1,"# {D You know. }  [ {C So, } # +","You/PRP know/VBP ./. So/RB ,/,",,
sw08utt/sw_0819_2594.utt,2/sw2594,2594,210,+,A,141,1,# be true.  # /,be/VB true/JJ ./.,,
sw08utt/sw_0819_2594.utt,2/sw2594,2594,211,+,B,142,1,"{C So, } ] I don't see a lot of advertisements for T I. /","So/RB ,/, I/PRP do/VBP n't/RB see/VB a/DT lot/NN of/IN advertisements/NNS for/IN T/NNP I/NNP ./.",,
sw08utt/sw_0819_2594.utt,2/sw2594,2594,212,b,A,143,1,Yeah.  /,Yeah/UH ./.,,
sw08utt/sw_0819_2594.utt,2/sw2594,2594,213,sd,A,143,2,"{C Because } I know that some of the large industries here will advertise on television,  /","Because/IN I/PRP know/VBP that/IN some/DT of/IN the/DT large/JJ industries/NNS here/RB will/MD advertise/VB on/IN television/NN ,/,",,
sw08utt/sw_0819_2594.utt,2/sw2594,2594,214,sd,A,143,3,"{D you know, } they'll [ jus-, + ] come up and say, - /","you/PRP know/VBP ,/, they/PRP 'll/MD jus-/XX ,/, come/VB up/RP and/CC say/VBP ,/,",,
sw08utt/sw_0819_2594.utt,2/sw2594,2594,215,sd,A,143,4,"{D you know, } they'll show you [ tho-, + ] [ to encourage + <sniffing>,  to encourage ] recycling.  /","you/PRP know/VBP ,/, they/PRP 'll/MD show/VB you/PRP tho-/XX ,/, to/TO encourage/VB ,/, to/TO encourage/VB recycling/NN ./.",,
sw08utt/sw_0819_2594.utt,2/sw2594,2594,216,sd,A,143,5,"They'll,","They/PRP 'll/MD ,/,",,
sw08utt/sw_0819_2594.utt,2/sw2594,2594,217,b,B,144,1,# Right. # /,Right/UH ./.,,
sw08utt/sw_0819_2594.utt,2/sw2594,2594,218,+,A,145,1,"# say, # - /","say/VBP ,/,",,
sw08utt/sw_0819_2594.utt,2/sw2594,2594,219,^q,A,145,2,"{C And } here, those of us that  (( Dumavra )) Power, which is our power company,","And/CC here/RB ,/, those/DT of/IN us/PRP that/WDT Dumavra/NNP Power/NNP ,/, which/WDT is/VBZ our/PRP$ power/NN company/NN ,/,",,
sw08utt/sw_0819_2594.utt,2/sw2594,2594,220,b,B,146,1,Uh-huh. /,Uh-huh/UH ./.,,
sw08utt/sw_0819_2594.utt,2/sw2594,2594,221,+,A,147,1,"that, - /","that/WDT ,/,",,
sw08utt/sw_0819_2594.utt,2/sw2594,2594,222,^q,A,147,2,"we now recycle forty-five percent of our solid waste, /","we/PRP now/RB recycle/VBP forty-five/CD percent/NN of/IN our/PRP$ solid/JJ waste/NN ,/,",,
sw08utt/sw_0819_2594.utt,2/sw2594,2594,223,b,B,148,1,Right <laughter>. /,Right/UH ./.,,
sw08utt/sw_0819_2594.utt,2/sw2594,2594,224,%,A,149,1,"{C and } they, - /","and/CC they/PRP ,/,",,
sw08utt/sw_0819_2594.utt,2/sw2594,2594,225,%,A,149,2,"{C and } that, - /","and/CC that/DT ,/,",,
sw08utt/sw_0819_2594.utt,2/sw2594,2594,226,^q,A,149,3,"we do this for the community,  /","we/PRP do/VBP this/DT for/IN the/DT community/NN ,/,",,
sw08utt/sw_0819_2594.utt,2/sw2594,2594,227,sv,A,149,4,they put those on.  /,they/PRP put/VBP those/DT on/RB ./.,,
sw08utt/sw_0819_2594.utt,2/sw2594,2594,228,sv,A,149,5,"[ {C So } I, + {C so } I ] think, {D you know, } we're probably reaching a successful stage [ and, + and ]  just with voluntary,","So/RB I/PRP ,/, so/RB I/PRP think/VBP ,/, you/PRP know/VBP ,/, we/PRP 're/VBP probably/RB reaching/VBG a/DT successful/JJ stage/NN and/CC ,/, and/CC just/RB with/IN voluntary/JJ ,/,",,
sw08utt/sw_0819_2594.utt,2/sw2594,2594,229,b,B,150,1,Right. /,Right/UH ./.,,
sw08utt/sw_0819_2594.utt,2/sw2594,2594,230,+,A,151,1,I think. /,I/PRP think/VBP ./.,,
sw08utt/sw_0819_2594.utt,2/sw2594,2594,231,sv,B,152,1,"{D Well, } even,  {E I mean, } in the kid's schools,","Well/UH ,/, even/RB ,/, I/PRP mean/VBP ,/, in/IN the/DT kid/NN 's/POS schools/NNS ,/,",,
sw08utt/sw_0819_2594.utt,2/sw2594,2594,232,b,A,153,1,Uh-huh. /,Uh-huh/UH ./.,,
sw08utt/sw_0819_2594.utt,2/sw2594,2594,233,+,B,154,1,{E I mean } they do things to try and recycle.  /,I/PRP mean/VBP they/PRP do/VBP things/NNS to/TO try/VB and/CC recycle/VB ./.,,
sw08utt/sw_0819_2594.utt,2/sw2594,2594,234,sd(^q),B,154,2,"{C And, } I know my kids, {F um, } {D like } if they see litter on the ground they pick it up and say, {F Oh, } look at that. Somebody is not saving the earth, <laughter>  {D you know. } /","And/CC ,/, I/PRP know/VBP my/PRP$ kids/NNS ,/, um/UH ,/, like/IN if/IN they/PRP see/VBP litter/NN on/IN the/DT ground/NN they/PRP pick/VBP it/PRP up/RB and/CC say/VBP ,/, Oh/UH ,/, look/VB at/IN that/DT ./. Somebody/NN is/VBZ not/RB saving/VBG the/DT earth/NN ,/, you/PRP know/VBP ./.",,
sw08utt/sw_0819_2594.utt,2/sw2594,2594,235,b,A,155,1,Right.  /,Right/UH ./.,,
sw08utt/sw_0819_2594.utt,2/sw2594,2594,236,b,A,155,2,Yeah. /,Yeah/UH ./.,,
sw08utt/sw_0819_2594.utt,2/sw2594,2594,237,sv,B,156,1,"{C So, } {E I mean, } the kids, {E I mean, } they really try to educate all ages, {D you know, }  /","So/RB ,/, I/PRP mean/VBP ,/, the/DT kids/NNS ,/, I/PRP mean/VBP ,/, they/PRP really/RB try/VBP to/TO educate/VB all/DT ages/NNS ,/, you/PRP know/VBP ,/,",,
sw08utt/sw_0819_2594.utt,2/sw2594,2594,238,sv,B,156,2,"{C and } it's good to start the kids real young on,","and/CC it/PRP 's/BES good/JJ to/TO start/VB the/DT kids/NNS real/RB young/NN on/IN ,/,",,
sw08utt/sw_0819_2594.utt,2/sw2594,2594,239,aa,A,157,1,"# I think so, too. # /","I/PRP think/VBP so/RB ,/, too/RB ./.",,
sw08utt/sw_0819_2594.utt,2/sw2594,2594,240,+@,B,158,1,# stuff like that.  #,stuff/NN like/IN that/DT ./.,,
sw08utt/sw_0819_2594.utt,2/sw2594,2594,241,b,A,159,1,Yeah. /,Yeah/UH ./.,,
sw08utt/sw_0819_2594.utt,2/sw2594,2594,242,+@,B,160,1,"Because, {E I mean, } when I was a kid, they never did stuff like that.  /","Because/IN ,/, I/PRP mean/VBP ,/, when/WRB I/PRP was/VBD a/DT kid/NN ,/, they/PRP never/RB did/VBD stuff/NN like/IN that/DT ./.",,
sw08utt/sw_0819_2594.utt,2/sw2594,2594,243,sv,B,160,2,"{E I mean, } it's like nobody was concerned about it. /","I/PRP mean/VBP ,/, it/PRP 's/BES like/IN nobody/NN was/VBD concerned/JJ about/IN it/PRP ./.",,
sw08utt/sw_0819_2594.utt,2/sw2594,2594,244,aa,A,161,1,Right.  /,Right/UH ./.,,
sw08utt/sw_0819_2594.utt,2/sw2594,2594,245,aa,A,161,2,Yeah.  /,Yeah/UH ./.,,
sw08utt/sw_0819_2594.utt,2/sw2594,2594,246,sv,A,161,3,"We weren't,","We/PRP were/VBD n't/RB ,/,",,
sw08utt/sw_0819_2594.utt,2/sw2594,2594,247,sd,B,162,1,"# {D You know, } {C and } it's like, # -/","You/PRP know/VBP ,/, and/CC it/PRP 's/BES like/IN ,/,",,
sw08utt/sw_0819_2594.utt,2/sw2594,2594,248,+,A,163,1,# concerned.  /,concerned/JJ ./.,,
sw08utt/sw_0819_2594.utt,2/sw2594,2594,249,aa,A,163,2,Yeah.  /,Yeah/UH ./.,,
sw08utt/sw_0819_2594.utt,2/sw2594,2594,250,aa,A,163,3,That's true.  # /,That/DT 's/BES true/JJ ./.,,
sw08utt/sw_0819_2594.utt,2/sw2594,2594,251,sd(^q),B,164,1,"{D You know, } it's like all of a sudden when there's noticeable things, saying, {D Hey, } {D you know, }","You/PRP know/VBP ,/, it/PRP 's/BES like/IN all/DT of/IN a/DT sudden/JJ when/WRB there/EX 's/BES noticeable/JJ things/NNS ,/, saying/VBG ,/, Hey/UH ,/, you/PRP know/VBP ,/,",,
sw08utt/sw_0819_2594.utt,2/sw2594,2594,252,b,A,165,1,# Huh.  # /,Huh/UH ./.,,
sw08utt/sw_0819_2594.utt,2/sw2594,2594,253,+,B,166,1,"# we're # ruining the earth,  /","we/PRP 're/VBP ruining/VBG the/DT earth/NN ,/,",,
sw08utt/sw_0819_2594.utt,2/sw2594,2594,254,sv,B,166,2,"{D you know. }  {C And } now everybody is doing something about, which is good. /","you/PRP know/VBP ./. And/CC now/JJ everybody/NN is/VBZ doing/VBG something/NN about/IN ,/, which/WDT is/VBZ good/JJ ./.",,
sw08utt/sw_0819_2594.utt,2/sw2594,2594,255,b,A,167,1,Uh-huh. /,Uh-huh/UH ./.,,
sw08utt/sw_0819_2594.utt,2/sw2594,2594,256,qw,B,168,1,"<Noise> {C But } how come we weren't </noise> doing this, {D say, } twenty years ago <breathing>,","But/CC how/WRB come/VB we/PRP were/VBD n't/RB doing/VBG this/DT ,/, say/UH ,/, twenty/CD years/NNS ago/RB ,/,",,
sw08utt/sw_0819_2594.utt,2/sw2594,2594,257,b,A,169,1,# Yeah. # /,Yeah/UH ./.,,
sw08utt/sw_0819_2594.utt,2/sw2594,2594,258,+,B,170,1,# {D you # know? } /,you/PRP know/VBP ?/.,,
sw08utt/sw_0819_2594.utt,2/sw2594,2594,259,sv,A,171,1,"[ I, + I ] think really probably what hit peoples, {D you know, } I know that here [ in the, + up in the,  ] {F uh, } <lipsmack>  {F uh, } [ the, + the ] New Englands area and also [ in, + in ] Pennsylvania, Ohio, and New York, [ the, just run, + ] all of a sudden we're out of landfill. /","I/PRP ,/, I/PRP think/VBP really/RB probably/RB what/WP hit/VBD peoples/NNS ,/, you/PRP know/VBP ,/, I/PRP know/VBP that/IN here/RB in/IN the/DT ,/, up/RB in/IN the/DT ,/, uh/UH ,/, uh/UH ,/, the/DT ,/, the/DT New/NNP Englands/NNPS area/NN and/CC also/RB in/IN ,/, in/IN Pennsylvania/NNP ,/, Ohio/NNP ,/, and/CC New/NNP York/NNP ,/, the/DT ,/, just/RB run/VB ,/, all/DT of/IN a/DT sudden/JJ we/PRP 're/VBP out/RP of/IN landfill/NN ./.",,
sw08utt/sw_0819_2594.utt,2/sw2594,2594,260,b,B,172,1,Uh-huh. /,Uh-huh/UH ./.,,
sw08utt/sw_0819_2594.utt,2/sw2594,2594,261,sv,A,173,1,"[ {C And, } + {C and } ] they're saying, We estimate this landfill be ov-, will be full in two years unless we cut back.  /","And/CC ,/, and/CC they/PRP 're/VBP saying/VBG ,/, We/PRP estimate/VBP this/DT landfill/NN be/VB ov-/XX ,/, will/MD be/VB full/JJ in/IN two/CD years/NNS unless/IN we/PRP cut/VBP back/RB ./.",,
sw08utt/sw_0819_2594.utt,2/sw2594,2594,262,o@,A,173,2,"{C And, }","And/CC ,/,",,
sw08utt/sw_0819_2594.utt,2/sw2594,2594,263,b,B,174,1,# Uh-huh. # /,Uh-huh/UH ./.,,
sw08utt/sw_0819_2594.utt,2/sw2594,2594,264,+@,A,175,1,"# even # then, {D you know, } we're really running out of space.  /","even/RB then/RB ,/, you/PRP know/VBP ,/, we/PRP 're/VBP really/RB running/VBG out/RP of/IN space/NN ./.",,
sw08utt/sw_0819_2594.utt,2/sw2594,2594,265,sv,A,175,2,"{C So, } I think that, that became, - /","So/RB ,/, I/PRP think/VBP that/IN ,/, that/DT became/VBD ,/,",,
sw08utt/sw_0819_2594.utt,2/sw2594,2594,266,sv,A,175,3,"that all of a sudden really hit home that there's no longer landfill space,","that/IN all/DT of/IN a/DT sudden/JJ really/RB hit/VBD home/RB that/IN there/EX 's/BES no/RB longer/RB landfill/NN space/NN ,/,",,
sw08utt/sw_0819_2594.utt,2/sw2594,2594,267,o@,B,176,1,"{D Well, }","Well/UH ,/,",,
sw08utt/sw_0819_2594.utt,2/sw2594,2594,268,+,A,177,1,in some of the more crowded states. /,in/IN some/DT of/IN the/DT more/RBR crowded/JJ states/NNS ./.,,
sw08utt/sw_0819_2594.utt,2/sw2594,2594,269,+@,B,178,1,Yeah.  /,Yeah/UH ./.,,
sw08utt/sw_0819_2594.utt,2/sw2594,2594,270,%,B,178,2,"This is, -/","This/DT is/VBZ ,/,",,
sw08utt/sw_0819_2594.utt,2/sw2594,2594,271,%,A,179,1,"{C So, } what, - /","So/RB ,/, what/WP ,/,",,
sw08utt/sw_0819_2594.utt,2/sw2594,2594,272,%,A,179,2,"{D you know, } {C and } [ n-, + no ] other state, - /","you/PRP know/VBP ,/, and/CC n-/XX ,/, no/DT other/JJ state/NN ,/,",,
sw08utt/sw_0819_2594.utt,2/sw2594,2594,273,sd,A,179,3,I'm sure Texas probably still has some landfill space.  /,I/PRP 'm/VBP sure/JJ Texas/NNP probably/RB still/RB has/VBZ some/DT landfill/NN space/NN ./.,,
sw08utt/sw_0819_2594.utt,2/sw2594,2594,274,sv(^q),A,179,4,"They're not going to voluntarily say, {D Hey, } ship your garbage here. /","They/PRP 're/VBP not/RB going/VBG to/TO voluntarily/RB say/VBP ,/, Hey/UH ,/, ship/VB your/PRP$ garbage/NN here/RB ./.",,
sw08utt/sw_0819_2594.utt,2/sw2594,2594,275,b,B,180,1,Right <laughter>. /,Right/UH ./.,,
sw08utt/sw_0819_2594.utt,2/sw2594,2594,276,o@,A,181,1,"{C So, } {D you know, }","So/RB ,/, you/PRP know/VBP ,/,",,
sw08utt/sw_0819_2594.utt,2/sw2594,2594,277,aa,B,182,1,# Yeah.  /,Yeah/UH ./.,,
sw08utt/sw_0819_2594.utt,2/sw2594,2594,278,aa,B,182,2,That's true.  # /,That/DT 's/BES true/JJ ./.,,
sw08utt/sw_0819_2594.utt,2/sw2594,2594,279,+@,A,183,1,"# realistically, {D you know, } # [ [ we had, + we really had  to start, ] + we have to start ] recycling in [ some, + some, ] {F uh, } geographic areas.  /","realistically/RB ,/, you/PRP know/VBP ,/, we/PRP had/VBD ,/, we/PRP really/RB had/VBD to/TO start/VB ,/, we/PRP have/VBP to/TO start/VB recycling/VBG in/IN some/DT ,/, some/DT ,/, uh/UH ,/, geographic/JJ areas/NNS ./.",,
sw08utt/sw_0819_2594.utt,2/sw2594,2594,280,sd,A,183,2,"It's really,","It/PRP 's/BES really/RB ,/,",,
sw08utt/sw_0819_2594.utt,2/sw2594,2594,281,sv,B,184,1,"I think,","I/PRP think/VBP ,/,",,
sw08utt/sw_0819_2594.utt,2/sw2594,2594,282,+,A,185,1,tough. /,tough/JJ ./.,,
sw08utt/sw_0819_2594.utt,2/sw2594,2594,283,+,B,186,1,"that [ it, + it ] really surprises me because of the cost savings.  /","that/IN it/PRP ,/, it/PRP really/RB surprises/VBZ me/PRP because/IN of/IN the/DT cost/NN savings/NNS ./.",,
sw08utt/sw_0819_2594.utt,2/sw2594,2594,284,sd,B,186,2,"{E I mean, } this is such a tremendous,","I/PRP mean/VBP ,/, this/DT is/VBZ such/PDT a/DT tremendous/JJ ,/,",,
sw08utt/sw_0819_2594.utt,2/sw2594,2594,285,b,A,187,1,Uh-huh. /,Uh-huh/UH ./.,,
sw08utt/sw_0819_2594.utt,2/sw2594,2594,286,+,B,188,1,amount of cost savings.  /,amount/NN of/IN cost/NN savings/NNS ./.,,
sw08utt/sw_0819_2594.utt,2/sw2594,2594,287,%,B,188,2,"{E I mean, } why, - /","I/PRP mean/VBP ,/, why/WRB ,/,",,
sw08utt/sw_0819_2594.utt,2/sw2594,2594,288,qh,B,188,3,<breathing>  I can't understand why nobody saw that before.  /,I/PRP ca/MD n't/RB understand/VB why/WRB nobody/NN saw/VBD that/DT before/RB ./.,,
sw08utt/sw_0819_2594.utt,2/sw2594,2594,289,sd,B,188,4,"I {E mean, } [ [ even, + even not -- ] +","I/PRP mean/VBP ,/, even/RB ,/, even/RB not/RB --/:",,
sw08utt/sw_0819_2594.utt,2/sw2594,2594,290,b,A,189,1,Uh-huh. /,Uh-huh/UH ./.,,
sw08utt/sw_0819_2594.utt,2/sw2594,2594,291,+,B,190,1,"-- even ] the aspects of not saving the earth <breathing>, - /","--/: even/RB the/DT aspects/NNS of/IN not/RB saving/VBG the/DT earth/NN ,/,",,
sw08utt/sw_0819_2594.utt,2/sw2594,2594,292,sd,B,190,2,"{E I,","I/PRP ,/,",,
sw08utt/sw_0819_2594.utt,2/sw2594,2594,293,b,A,191,1,# Right. # /,Right/UH ./.,,
sw08utt/sw_0819_2594.utt,2/sw2594,2594,294,+,B,192,1,"# mean, } # it's,","mean/VB ,/, it/PRP 's/BES ,/,",,
sw08utt/sw_0819_2594.utt,2/sw2594,2594,295,b,A,193,1,Yeah.  /,Yeah/UH ./.,,
sw08utt/sw_0819_2594.utt,2/sw2594,2594,296,%,A,193,2,"{C But, } {D well, } -/","But/CC ,/, well/UH ,/,",,
sw08utt/sw_0819_2594.utt,2/sw2594,2594,297,+,B,194,1,"so cost, {D you know, } -/","so/RB cost/VBP ,/, you/PRP know/VBP ,/,",,
sw08utt/sw_0819_2594.utt,2/sw2594,2594,298,sv,A,195,1,"{D Well, } in some ways, I guess, [  it, + it ] doesn't become really cost saving until you have an industry around it, {D you know. }  Because,","Well/UH ,/, in/IN some/DT ways/NNS ,/, I/PRP guess/VBP ,/, it/PRP ,/, it/PRP does/VBZ n't/RB become/VB really/RB cost/NN saving/VBG until/IN you/PRP have/VBP an/DT industry/NN around/IN it/PRP ,/, you/PRP know/VBP ./. Because/IN ,/,",,
sw08utt/sw_0819_2594.utt,2/sw2594,2594,299,o@,B,196,1,"#  (( Bro-, )) . #","Bro-/XX ,/, ./.",,
sw08utt/sw_0819_2594.utt,2/sw2594,2594,300,+,A,197,1,"# I # know that, {D like } in,","I/PRP know/VBP that/IN ,/, like/IN in/IN ,/,",,
sw08utt/sw_0819_2594.utt,2/sw2594,2594,301,+@,B,198,1,yeah. /,yeah/UH ./.,,
sw08utt/sw_0819_2594.utt,2/sw2594,2594,302,+,A,199,1,"Pennsylvania, <noise> they require them to, {F um, } <lipsmack> put their newspaper for recycling.  /","Pennsylvania/NNP ,/, they/PRP require/VBP them/PRP to/TO ,/, um/UH ,/, put/VB their/PRP$ newspaper/NN for/IN recycling/NN ./.",,
sw08utt/sw_0819_2594.utt,2/sw2594,2594,303,sd,A,199,2,"{C But, } <noise> the de-inking process that [ they have to, + they use, ]","But/CC ,/, the/DT de-inking/JJ process/NN that/WDT they/PRP have/VBP to/TO ,/, they/PRP use/VBP ,/,",,
sw08utt/sw_0819_2594.utt,2/sw2594,2594,304,b,B,200,1,# Uh-huh. # /,Uh-huh/UH ./.,,
sw08utt/sw_0819_2594.utt,2/sw2594,2594,305,+,A,201,1,# to # take the ink out of the newspaper so it can be reused --,to/TO take/VB the/DT ink/NN out/IN of/IN the/DT newspaper/NN so/RB it/PRP can/MD be/VB reused/VBN --/:,,
sw08utt/sw_0819_2594.utt,2/sw2594,2594,306,b,B,202,1,Uh-huh. /,Uh-huh/UH ./.,,
sw08utt/sw_0819_2594.utt,2/sw2594,2594,307,+,A,203,1,"-- {F um, } is very expensive, /","--/: um/UH ,/, is/VBZ very/RB expensive/JJ ,/,",,
sw08utt/sw_0819_2594.utt,2/sw2594,2594,308,b,B,204,1,# Oh.  # /,Oh/UH ./.,,
sw08utt/sw_0819_2594.utt,2/sw2594,2594,309,sd,A,205,1,"# {C and } # also, [ it w-, + it ] produces [  [ a, + a  waste, ] + [ a, + {F um, } a, ]","and/CC also/RB ,/, it/PRP w-/XX ,/, it/PRP produces/VBZ a/DT ,/, a/DT waste/NN ,/, a/DT ,/, um/UH ,/, a/DT ,/,",,
sw08utt/sw_0819_2594.utt,2/sw2594,2594,310,b,B,206,1,Oh.,Oh/UH ./.,,
sw08utt/sw_0819_2594.utt,2/sw2594,2594,311,+,A,207,1,liquid waste ] that they don't know what to do with <noise>  yet. /,liquid/JJ waste/NN that/WDT they/PRP do/VBP n't/RB know/VB what/WP to/TO do/VB with/IN yet/RB ./.,,
sw08utt/sw_0819_2594.utt,2/sw2594,2594,312,+,B,208,1,"I see, /","I/PRP see/VBP ,/,",,
sw08utt/sw_0819_2594.utt,2/sw2594,2594,313,o@,A,209,1,"# {C So, } #","So/RB ,/,",,
sw08utt/sw_0819_2594.utt,2/sw2594,2594,314,b,B,210,1,# okay.  # /,okay/UH ./.,,
sw08utt/sw_0819_2594.utt,2/sw2594,2594,315,+@,A,211,1,even some aspects of recycling --,even/RB some/DT aspects/NNS of/IN recycling/NN --/:,,
sw08utt/sw_0819_2594.utt,2/sw2594,2594,316,^2,B,212,1,Is not --,Is/VBZ not/RB --/:,,
sw08utt/sw_0819_2594.utt,2/sw2594,2594,317,+,A,213,1,"-- they still have [ cost, +","--/: they/PRP still/RB have/VBP cost/NN ,/,",,
sw08utt/sw_0819_2594.utt,2/sw2594,2594,318,+,B,214,1,-- real cost efficient.  /,--/: real/RB cost/NN efficient/JJ ./.,,
sw08utt/sw_0819_2594.utt,2/sw2594,2594,319,b,B,214,2,"# {F Oh, } okay,  /","Oh/UH ,/, okay/UH ,/,",,
sw08utt/sw_0819_2594.utt,2/sw2594,2594,320,b^r,B,214,3,"okay.  {F Oh, } # /","okay/UH ./. Oh/UH ,/,",,
sw08utt/sw_0819_2594.utt,2/sw2594,2594,321,+,A,215,1,"# {D yeah, }  cost ] efficient, yet.  /","yeah/UH ,/, cost/NN efficient/JJ ,/, yet/RB ./.",,
sw08utt/sw_0819_2594.utt,2/sw2594,2594,322,%,A,215,2,Yeah. # /,Yeah/UH ./.,,
sw08utt/sw_0819_2594.utt,2/sw2594,2594,323,sd,B,216,1,"I,","I/PRP ,/,",,
sw08utt/sw_0819_2594.utt,2/sw2594,2594,324,sd,A,217,1,"[ {C So, } +","So/RB ,/,",,
sw08utt/sw_0819_2594.utt,2/sw2594,2594,325,+,B,218,1,understand that though. /,understand/VBP that/DT though/RB ./.,,
sw08utt/sw_0819_2594.utt,2/sw2594,2594,326,+,A,219,1,"{C but } ] others, {D you know, } like tin cans and plastics,","but/CC others/NNS ,/, you/PRP know/VBP ,/, like/IN tin/NN cans/NNS and/CC plastics/NNS ,/,",,
sw08utt/sw_0819_2594.utt,2/sw2594,2594,327,b,B,220,1,# Uh-huh. # /,Uh-huh/UH ./.,,
sw08utt/sw_0819_2594.utt,2/sw2594,2594,328,+,A,221,1,"# [ are, + # are ] really, {F uh, } efficient, {D you know. }  /","are/VBP ,/, are/VBP really/RB ,/, uh/UH ,/, efficient/JJ ,/, you/PRP know/VBP ./.",,
sw08utt/sw_0819_2594.utt,2/sw2594,2594,329,sd,A,221,2,"[  They, +","They/PRP ,/,",,
sw08utt/sw_0819_2594.utt,2/sw2594,2594,330,b,B,222,1,Right. /,Right/UH ./.,,
sw08utt/sw_0819_2594.utt,2/sw2594,2594,331,+,A,223,1,"they ] melt on quickly [ and can be, + ]  {D you know, } just because of the,","they/PRP melt/VBP on/RP quickly/RB and/CC can/MD be/VB ,/, you/PRP know/VBP ,/, just/RB because/IN of/IN the/DT ,/,",,
sw08utt/sw_0819_2594.utt,2/sw2594,2594,332,^2,B,224,1,and glass.  /,and/CC glass/NN ./.,,
sw08utt/sw_0819_2594.utt,2/sw2594,2594,333,b,B,224,2,Right. /,Right/UH ./.,,
sw08utt/sw_0819_2594.utt,2/sw2594,2594,334,+,A,225,1,"heating and things,  (( getting ))  glass.  /","heating/NN and/CC things/NNS ,/, getting/VBG glass/NN ./.",,
sw08utt/sw_0819_2594.utt,2/sw2594,2594,335,%,A,225,2,Yeah. /,Yeah/UH ./.,,
sw08utt/sw_0819_2594.utt,2/sw2594,2594,336,b,B,226,1,Uh-huh. /,Uh-huh/UH ./.,,
sw08utt/sw_0819_2594.utt,2/sw2594,2594,337,%,A,227,1,"{C So, } i-, - /","So/RB ,/, i-/XX ,/,",,
sw08utt/sw_0819_2594.utt,2/sw2594,2594,338,sv,A,227,2,it really is surprising that people haven't noticed it before. /,it/PRP really/RB is/VBZ surprising/JJ that/IN people/NNS have/VBP n't/RB noticed/VBN it/PRP before/RB ./.,,
sw08utt/sw_0819_2594.utt,2/sw2594,2594,339,aa,B,228,1,Yeah.  /,Yeah/UH ./.,,
sw08utt/sw_0819_2594.utt,2/sw2594,2594,340,aa,B,228,2,That's true. /,That/DT 's/BES true/JJ ./.,,
sw08utt/sw_0819_2594.utt,2/sw2594,2594,341,b,A,229,1,# Uh-huh.  /,Uh-huh/UH ./.,,
sw08utt/sw_0819_2594.utt,2/sw2594,2594,342,%,A,229,2,Yeah. # /,Yeah/UH ./.,,
sw08utt/sw_0819_2594.utt,2/sw2594,2594,343,%,B,230,1,"# {C And } even, - /","And/CC even/RB ,/,",,
sw08utt/sw_0819_2594.utt,2/sw2594,2594,344,sd,B,230,2,"[ # I, + I ] noticed that a lot of gas stations are telling you to recycle your oil. /","I/PRP ,/, I/PRP noticed/VBD that/IN a/DT lot/NN of/IN gas/NN stations/NNS are/VBP telling/VBG you/PRP to/TO recycle/VB your/PRP$ oil/NN ./.",,
sw08utt/sw_0819_2594.utt,2/sw2594,2594,345,b,A,231,1,Uh-huh. /,Uh-huh/UH ./.,,
sw08utt/sw_0819_2594.utt,2/sw2594,2594,346,sd,B,232,1,"{C And, } {E I mean, } that kind of surprises me <laughter>.  /","And/CC ,/, I/PRP mean/VBP ,/, that/DT kind/NN of/IN surprises/NNS me/PRP ./.",,
sw08utt/sw_0819_2594.utt,2/sw2594,2594,347,sd,B,232,2,"{E I mean, } {D you know, } because once oil gets so, {D you know, } thick and yucky, you'd wonder how they could, {D you know, } clean that up,","I/PRP mean/VBP ,/, you/PRP know/VBP ,/, because/IN once/RB oil/NN gets/VBZ so/RB ,/, you/PRP know/VBP ,/, thick/JJ and/CC yucky/JJ ,/, you/PRP 'd/MD wonder/VB how/WRB they/PRP could/MD ,/, you/PRP know/VB ,/, clean/VB that/DT up/RP ,/,",,
sw08utt/sw_0819_2594.utt,2/sw2594,2594,348,b,A,233,1,# Yeah. # /,Yeah/UH ./.,,
sw08utt/sw_0819_2594.utt,2/sw2594,2594,349,+,B,234,1,"# enough # to use it again,  /","enough/RB to/TO use/VB it/PRP again/RB ,/,",,
sw08utt/sw_0819_2594.utt,2/sw2594,2594,350,sd,B,234,2,{C but } they can. /,but/CC they/PRP can/MD ./.,,
sw08utt/sw_0819_2594.utt,2/sw2594,2594,351,b,A,235,1,Uh-huh. /,Uh-huh/UH ./.,,
sw08utt/sw_0819_2594.utt,2/sw2594,2594,352,sd,B,236,1,"{F Um, } I don't know how cost efficient that would be, I guess, /","Um/UH ,/, I/PRP do/VBP n't/RB know/VB how/WRB cost/NN efficient/JJ that/DT would/MD be/VB ,/, I/PRP guess/VBP ,/,",,
sw08utt/sw_0819_2594.utt,2/sw2594,2594,353,b,A,237,1,Yeah.  /,Yeah/UH ./.,,
sw08utt/sw_0819_2594.utt,2/sw2594,2594,354,h,A,237,2,"[ I d-, + I don't ] know either.  /","I/PRP d-/XX ,/, I/PRP do/VBP n't/RB know/VB either/RB ./.",,
sw08utt/sw_0819_2594.utt,2/sw2594,2594,355,%,A,237,3,"That's, - /","That/DT 's/BES ,/,",,
sw08utt/sw_0819_2594.utt,2/sw2594,2594,356,sd,A,237,4,"I know that though, [ I, e-, + ] all those petroleum products though are so terrible for [ your, + ] {F um, } <lipsmack> the water table. /","I/PRP know/VBP that/IN though/RB ,/, I/PRP ,/, e-/XX ,/, all/PDT those/DT petroleum/NN products/NNS though/IN are/VBP so/RB terrible/JJ for/IN your/PRP$ ,/, um/UH ,/, the/DT water/NN table/NN ./.",,
sw08utt/sw_0819_2594.utt,2/sw2594,2594,357,b,B,238,1,# Uh-huh. # /,Uh-huh/UH ./.,,
sw08utt/sw_0819_2594.utt,2/sw2594,2594,358,sd,A,239,1,"# {D You know, } # they really pollute quickly  /","You/PRP know/VBP ,/, they/PRP really/RB pollute/VBP quickly/RB",,
sw08utt/sw_0819_2594.utt,2/sw2594,2594,359,%,A,239,2,"{C and, } {D you know, } one, - /","and/CC ,/, you/PRP know/VBP ,/, one/CD ,/,",,
sw08utt/sw_0819_2594.utt,2/sw2594,2594,360,sd@,A,239,3,"((   )) , I was reading some place the [ brake fluid, + [ you put, + ] brake fluid ] normally comes in just small little pint containers.","MUMBLEx/XX ,/, I/PRP was/VBD reading/VBG some/DT place/NN the/DT brake/NN fluid/NN ,/, you/PRP put/VBP ,/, brake/NN fluid/NN normally/RB comes/VBZ in/IN just/RB small/JJ little/JJ pint/NN containers/NNS ./.",,
sw08utt/sw_0819_2594.utt,2/sw2594,2594,361,b,B,240,1,Uh-huh. /,Uh-huh/UH ./.,,
sw08utt/sw_0819_2594.utt,2/sw2594,2594,362,+@,A,241,1,"That one pint of brake fluid can contaminate so many gallons of water,","That/DT one/CD pint/NN of/IN brake/NN fluid/NN can/MD contaminate/VB so/RB many/JJ gallons/NNS of/IN water/NN ,/,",,
sw08utt/sw_0819_2594.utt,2/sw2594,2594,363,ba,B,242,1,# Wow.  # /,Wow/UH ./.,,
sw08utt/sw_0819_2594.utt,2/sw2594,2594,364,+@,A,243,1,"# {D you # know, } like hundreds of gallons of water.  /","you/PRP know/VBP ,/, like/IN hundreds/NNS of/IN gallons/NNS of/IN water/NN ./.",,
sw08utt/sw_0819_2594.utt,2/sw2594,2594,365,sv,A,243,2,"{C So, } it's one of those things that they really, - /","So/RB ,/, it/PRP 's/BES one/CD of/IN those/DT things/NNS that/WDT they/PRP really/RB ,/,",,
sw08utt/sw_0819_2594.utt,2/sw2594,2594,366,qh@,A,243,3,"{F um, } <lipsmack>  {C and } you wonder, {D you know, } with all these oil spills.","um/UH ,/, and/CC you/PRP wonder/VBP ,/, you/PRP know/VBP ,/, with/IN all/PDT these/DT oil/NN spills/NNS ./.",,
sw08utt/sw_0819_2594.utt,2/sw2594,2594,367,b,B,244,1,Yeah  /,Yeah/UH,,
sw08utt/sw_0819_2594.utt,2/sw2594.pos,2594,368,x,B,244,2,<breathing>.,./.
sw08utt/sw_0819_2594.utt,2/sw2594,2594,369,+@,A,245,1,"[ How, + how ] terrible that is <laughter>. /","How/WRB ,/, how/WRB terrible/JJ that/DT is/VBZ ./.",,
sw08utt/sw_0819_2594.utt,2/sw2594,2594,370,aa,B,246,1,Yeah.  /,Yeah/UH ./.,,
sw08utt/sw_0819_2594.utt,2/sw2594,2594,371,ba,B,246,2,I know <breathing>. /,I/PRP know/VBP ./.,,
sw08utt/sw_0819_2594.utt,2/sw2594,2594,372,b,A,247,1,"Yeah,  /","Yeah/UH ,/,",,
sw08utt/sw_0819_2594.utt,2/sw2594,2594,373,qh^m,A,247,2,how terrible that is.  /,how/WRB terrible/JJ that/DT is/VBZ ./.,,
sw08utt/sw_0819_2594.utt,2/sw2594,2594,374,sv,A,247,3,"{C So, } [ we'll have to, + we'll have to ] keep our eyes on all that, I guess. /","So/RB ,/, we/PRP 'll/MD have/VB to/TO ,/, we/PRP 'll/MD have/VB to/TO keep/VB our/PRP$ eyes/NNS on/IN all/DT that/DT ,/, I/PRP guess/VBP ./.",,
sw08utt/sw_0819_2594.utt,2/sw2594,2594,375,b,B,248,1,Really. /,Really/UH ./.,,
sw08utt/sw_0819_2594.utt,2/sw2594,2594,376,b,A,249,1,Uh-huh. /,Uh-huh/UH ./.,,
sw08utt/sw_0819_2594.utt,2/sw2594,2594,377,%,B,250,1,"I know I really, - /","I/PRP know/VBP I/PRP really/RB ,/,",,
sw08utt/sw_0819_2594.utt,2/sw2594,2594,378,h,B,250,2,"I don't know,  /","I/PRP do/VBP n't/RB know/VB ,/,",,
sw08utt/sw_0819_2594.utt,2/sw2594,2594,379,sv,B,250,3,"[ [ I, + I think that, ] + {E I mean, } I think that ] they really are doing a good thing now  /","I/PRP ,/, I/PRP think/VBP that/IN ,/, I/PRP mean/VBP ,/, I/PRP think/VBP that/IN they/PRP really/RB are/VBP doing/VBG a/DT good/JJ thing/NN now/RB",,
sw08utt/sw_0819_2594.utt,2/sw2594,2594,380,sv,B,250,4,"{C and } I hope it keeps, - /","and/CC I/PRP hope/VBP it/PRP keeps/VBZ ,/,",,
sw08utt/sw_0819_2594.utt,2/sw2594,2594,381,sv,B,250,5,"{D well, } I'm sure we'll keep up. /","well/UH ,/, I/PRP 'm/VBP sure/JJ we/PRP 'll/MD keep/VB up/RP ./.",,
sw08utt/sw_0819_2594.utt,2/sw2594,2594,382,aa,A,251,1,Yeah.  /,Yeah/UH ./.,,
sw08utt/sw_0819_2594.utt,2/sw2594,2594,383,aa,A,251,2,"I,","I/PRP ,/,",,
sw08utt/sw_0819_2594.utt,2/sw2594,2594,384,qy,B,252,1,"# {D You know, } # /","You/PRP know/VBP ,/,",,
sw08utt/sw_0819_2594.utt,2/sw2594,2594,385,+,A,253,1,# agree.  # /,agree/VBP ./.,,
sw08utt/sw_0819_2594.utt,2/sw2594,2594,386,sv,B,254,1,I think it's really catching on. /,I/PRP think/VBP it/PRP 's/BES really/RB catching/VBG on/RB ./.,,
sw08utt/sw_0819_2594.utt,2/sw2594,2594,387,b,A,255,1,Uh-huh. /,Uh-huh/UH ./.,,
sw08utt/sw_0819_2594.utt,2/sw2594,2594,388,%,B,256,1,"{D You know, } [  I, +  I ] think that, - /","You/PRP know/VBP ,/, I/PRP ,/, I/PRP think/VBP that/IN ,/,",,
sw08utt/sw_0819_2594.utt,2/sw2594,2594,389,%,B,256,2,"I'm not <noise>  sure if it, - /","I/PRP 'm/VBP not/RB sure/JJ if/IN it/PRP ,/,",,
sw08utt/sw_0819_2594.utt,2/sw2594,2594,390,h,B,256,3,"I don't know,  /","I/PRP do/VBP n't/RB know/VB ,/,",,
sw08utt/sw_0819_2594.utt,2/sw2594,2594,391,sv,B,256,4,I think it's a good idea to make it mandatory <noise>. /,I/PRP think/VBP it/PRP 's/BES a/DT good/JJ idea/NN to/TO make/VB it/PRP mandatory/JJ ./.,,
sw08utt/sw_0819_2594.utt,2/sw2594,2594,392,aa,A,257,1,"I do, too. /","I/PRP do/VBP ,/, too/RB ./.",,
sw08utt/sw_0819_2594.utt,2/sw2594,2594,393,%,B,258,1,"{F Um, } <noise> it, - /","Um/UH ,/, it/PRP ,/,",,
sw08utt/sw_0819_2594.utt,2/sw2594,2594,394,sd(^q),B,258,2,"because {D like } we were asking some people that live in, {F um, } North Dakota, {D Well, [ } are you saving </noise> your, + {D you know, } are you ] recycling.  /","because/IN like/IN we/PRP were/VBD asking/VBG some/DT people/NNS that/WDT live/VBP in/IN ,/, um/UH ,/, North/NNP Dakota/NNP ,/, Well/UH ,/, are/VBP you/PRP saving/VBG your/PRP$ ,/, you/PRP know/VBP ,/, are/VBP you/PRP recycling/NN ./.",,
sw08utt/sw_0819_2594.utt,2/sw2594,2594,395,sd(^q),B,258,4,"{C And } they said, {D Well, } we're not forced to do it yet,  /","And/CC they/PRP said/VBD ,/, Well/UH ,/, we/PRP 're/VBP not/RB forced/VBN to/TO do/VB it/PRP yet/RB ,/,",,
sw08utt/sw_0819_2594.utt,2/sw2594,2594,396,sv,B,258,5,{C so } no. /,so/RB no/UH ./.,,
sw08utt/sw_0819_2594.utt,2/sw2594,2594,397,b,A,259,1,Uh-huh. /,Uh-huh/UH ./.,,
sw08utt/sw_0819_2594.utt,2/sw2594,2594,398,h,B,260,1,"{D You know, } {C so, } {E I mean } I don't know,/","You/PRP know/VBP ,/, so/RB ,/, I/PRP mean/VBP I/PRP do/VBP n't/RB know/VB ,/,",,
sw08utt/sw_0819_2594.utt,2/sw2594,2594,399,sv,B,260,2,"I think that [ if people are forced, + if the people are not forced ] to do it they may not, {D you,","I/PRP think/VBP that/IN if/IN people/NNS are/VBP forced/VBN ,/, if/IN the/DT people/NNS are/VBP not/RB forced/VBN to/TO do/VB it/PRP they/PRP may/MD not/RB ,/, you/PRP ,/,",,
sw08utt/sw_0819_2594.utt,2/sw2594,2594,400,b,A,261,1,# Yeah.  /,Yeah/UH ./.,,
sw08utt/sw_0819_2594.utt,2/sw2594,2594,401,o@,A,261,2,"It  (( d-, )) , #","It/PRP d-/XX ,/, ,/,",,
sw08utt/sw_0819_2594.utt,2/sw2594,2594,402,+,B,262,1,# know. }  /,know/VB ./.,,
sw08utt/sw_0819_2594.utt,2/sw2594,2594,403,h,B,262,2,"{E I mean, } # I don't know,  /","I/PRP mean/VBP ,/, I/PRP do/VBP n't/RB know/VB ,/,",,
sw08utt/sw_0819_2594.utt,2/sw2594,2594,404,sv,B,262,3,"I think a lot of people still will,  /","I/PRP think/VBP a/DT lot/NN of/IN people/NNS still/RB will/MD ,/,",,
sw08utt/sw_0819_2594.utt,2/sw2594,2594,405,o@,B,262,4,"{C but } <laughter>,","but/CC ,/,",,
sw08utt/sw_0819_2594.utt,2/sw2594,2594,406,+@,A,263,1,"{D Well, } {D you know, } if they're forced to do it <noise> it becomes sort of a habit. /","Well/UH ,/, you/PRP know/VBP ,/, if/IN they/PRP 're/VBP forced/VBN to/TO do/VB it/PRP it/PRP becomes/VBZ sort/RB of/RB a/DT habit/NN ./.",,
sw08utt/sw_0819_2594.utt,2/sw2594,2594,407,+@,B,264,1,Right. /,Right/UH ./.,,
sw08utt/sw_0819_2594.utt,2/sw2594,2594,408,sd,A,265,1,"{D You know, } I know that it's really funny.  /","You/PRP know/VBP ,/, I/PRP know/VBP that/IN it/PRP 's/BES really/RB funny/JJ ./.",,
sw08utt/sw_0819_2594.utt,2/sw2594,2594,409,sd,A,265,2,My parents are forced to do it  /,My/PRP$ parents/NNS are/VBP forced/VBN to/TO do/VB it/PRP,,
sw08utt/sw_0819_2594.utt,2/sw2594,2594,410,%,A,265,3,"{C and } they, -/","and/CC they/PRP ,/,",,
