swda_filename,ptb_basename,conversation_no,transcript_index,act_tag,caller,utterance_index,subutterance_index,text,pos,trees,ptb_treenumbers
sw08utt/sw_0860_2614.utt,2/sw2614,2614,0,ft,A,1,1,"{D Well } thanks for being home, {F uh, } on the weekend,  /","Well/UH thanks/NNS for/IN being/VBG home/NN ,/, uh/UH ,/, on/IN the/DT weekend/NN ,/,",,
sw08utt/sw_0860_2614.utt,2/sw2614,2614,1,sd,A,1,2,"[ I, + {F uh, } I'm ] actually working at night  /","I/PRP ,/, uh/UH ,/, I/PRP 'm/VBP actually/UH working/VBG at/IN night/NN",,
sw08utt/sw_0860_2614.utt,2/sw2614,2614,2,sd^t,A,1,3,"{C and, } {F uh, } there very few people that are on the list for calls, {F uh, } on the weekends nights. /","and/CC ,/, uh/UH ,/, there/EX very/RB few/JJ people/NNS that/WDT are/VBP on/IN the/DT list/NN for/IN calls/NNS ,/, uh/UH ,/, on/IN the/DT weekends/NNS nights/NNS ./.",,
sw08utt/sw_0860_2614.utt,2/sw2614,2614,3,b,B,2,1,"Uh-huh,  /","Uh-huh/UH ,/,",,
sw08utt/sw_0860_2614.utt,2/sw2614,2614,4,b,B,2,2,"yeah,  /","yeah/UH ,/,",,
sw08utt/sw_0860_2614.utt,2/sw2614,2614,5,sd,B,2,3,{D well } sometimes I'm home  /,well/UH sometimes/RB I/PRP 'm/VBP home/RB,,
sw08utt/sw_0860_2614.utt,2/sw2614,2614,6,sd,B,2,4,"{C and } sometimes I'm not,  /","and/CC sometimes/RB I/PRP 'm/VBP not/RB ,/,",,
sw08utt/sw_0860_2614.utt,2/sw2614,2614,7,sd,B,2,5,{C but } if I am it's always fun to talk. /,but/CC if/IN I/PRP am/VBP it/PRP 's/BES always/RB fun/JJ to/TO talk/VB ./.,,
sw08utt/sw_0860_2614.utt,2/sw2614,2614,8,qy,A,3,1,"[ Are, + are ] you part of the school system out there? /","Are/VBP ,/, are/VBP you/PRP part/NN of/IN the/DT school/NN system/NN out/IN there/RB ?/.",,
sw08utt/sw_0860_2614.utt,2/sw2614,2614,9,na,B,4,1,"I am, as a matter of fact.  /","I/PRP am/VBP ,/, as/IN a/DT matter/NN of/IN fact/NN ./.",,
sw08utt/sw_0860_2614.utt,2/sw2614,2614,10,sd,B,4,2,"I'm at, {F uh, } North Carolina State. /","I/PRP 'm/VBP at/IN ,/, uh/UH ,/, North/NNP Carolina/NNP State/NNP ./.",,
sw08utt/sw_0860_2614.utt,2/sw2614,2614,11,sd^t,A,5,1,"{F Uh, } the reason I said that because I've had about, {F uh, } three calls and my daughter had one, too, from different students out of North Carolina.  /","Uh/UH ,/, the/DT reason/NN I/PRP said/VBD that/IN because/IN I/PRP 've/VBP had/VBN about/RB ,/, uh/UH ,/, three/CD calls/NNS and/CC my/PRP$ daughter/NN had/VBD one/CD ,/, too/RB ,/, from/IN different/JJ students/NNS out/IN of/IN North/NNP Carolina/NNP ./.",,
sw08utt/sw_0860_2614.utt,2/sw2614,2614,12,sv^t,A,5,2,"I guess they pass the names amongst your computer students, or whatever. /","I/PRP guess/VBP they/PRP pass/VBP the/DT names/NNS amongst/IN your/PRP$ computer/NN students/NNS ,/, or/CC whatever/WDT ./.",,
sw08utt/sw_0860_2614.utt,2/sw2614,2614,13,b,B,6,1,"Yeah,  /","Yeah/UH ,/,",,
sw08utt/sw_0860_2614.utt,2/sw2614,2614,14,sv^t,B,6,2,I think I was the one who did that {D actually. } /,I/PRP think/VBP I/PRP was/VBD the/DT one/CD who/WP did/VBD that/DT actually/UH ./.,,
sw08utt/sw_0860_2614.utt,2/sw2614,2614,15,bh,A,7,1,"{F Oh } is that ri-, - /","Oh/UH is/VBZ that/DT ri-/XX ,/,",,
sw08utt/sw_0860_2614.utt,2/sw2614,2614,16,ba,A,7,2,"great,  /","great/UH ,/,",,
sw08utt/sw_0860_2614.utt,2/sw2614,2614,17,ba^r,A,7,3,great. /,great/UH ./.,,
sw08utt/sw_0860_2614.utt,2/sw2614,2614,18,b,B,8,1,"Yeah,  /","Yeah/UH ,/,",,
sw08utt/sw_0860_2614.utt,2/sw2614,2614,19,%,B,8,2,"I had a, {F uh, } - /","I/PRP had/VBD a/DT ,/, uh/UH ,/,",,
sw08utt/sw_0860_2614.utt,2/sw2614,2614,20,sd,B,8,3,I teach a course in Voice I O Systems. /,I/PRP teach/VBP a/DT course/NN in/IN Voice/NN I/NN O/NN Systems/NNS ./.,,
sw08utt/sw_0860_2614.utt,2/sw2614,2614,21,bh,A,9,1,"{F Oh, } is that right?  /","Oh/UH ,/, is/VBZ that/DT right/JJ ?/.",,
sw08utt/sw_0860_2614.utt,2/sw2614,2614,22,ba,A,9,2,That's wonderful. /,That/DT 's/BES wonderful/JJ ./.,,
sw08utt/sw_0860_2614.utt,2/sw2614,2614,23,sd^t,B,10,1,"{C So, } [ I know, + {F uh, } {D you know, } I know ] about this project,  /","So/RB ,/, I/PRP know/VBP ,/, uh/UH ,/, you/PRP know/VBP ,/, I/PRP know/VBP about/IN this/DT project/NN ,/,",,
sw08utt/sw_0860_2614.utt,2/sw2614,2614,24,sd^t,B,10,2,{C so } I got my students to sign up  /,so/RB I/PRP got/VBD my/PRP$ students/NNS to/TO sign/VB up/RP,,
sw08utt/sw_0860_2614.utt,2/sw2614,2614,25,sv^t,B,10,3,"{C and, } {F uh, } apparently a number of them have been participating. /","and/CC ,/, uh/UH ,/, apparently/RB a/DT number/NN of/IN them/PRP have/VBP been/VBN participating/VBG ./.",,
sw08utt/sw_0860_2614.utt,2/sw2614,2614,26,b,A,11,1,"{F Oh, } yeah,  /","Oh/UH ,/, yeah/UH ,/,",,
sw08utt/sw_0860_2614.utt,2/sw2614,2614,27,sd,A,11,2,"I talked to one,  /","I/PRP talked/VBD to/IN one/CD ,/,",,
sw08utt/sw_0860_2614.utt,2/sw2614,2614,28,sd^t,A,11,3,"we're not on the subject.  Of course,  /","we/PRP 're/VBP not/RB on/IN the/DT subject/NN ./. Of/IN course/NN ,/,",,
sw08utt/sw_0860_2614.utt,2/sw2614,2614,29,sd^r,A,11,4,"I talked to one,  /","I/PRP talked/VBD to/IN one/CD ,/,",,
sw08utt/sw_0860_2614.utt,2/sw2614,2614,30,sv^t,A,11,5,I think he had a whole bunch of calls.  /,I/PRP think/VBP he/PRP had/VBD a/DT whole/JJ bunch/NN of/IN calls/NNS ./.,,
sw08utt/sw_0860_2614.utt,2/sw2614,2614,31,sd^t,A,11,6,He had a roommate that had calls and everything. /,He/PRP had/VBD a/DT roommate/NN that/WDT had/VBD calls/NNS and/CC everything/NN ./.,,
sw08utt/sw_0860_2614.utt,2/sw2614,2614,32,b,B,12,1,# Uh-huh. # /,Uh-huh/UH ./.,,
sw08utt/sw_0860_2614.utt,2/sw2614,2614,33,sd^t,A,13,1,"# He # had way more, twice as many calls as, as I've made, {F uh, }  /","He/PRP had/VBD way/NN more/JJR ,/, twice/RB as/IN many/JJ calls/NNS as/RB ,/, as/IN I/PRP 've/VBP made/VBN ,/, uh/UH ,/,",,
sw08utt/sw_0860_2614.utt,2/sw2614,2614,34,%,A,13,2,"{C and } [ I, + I'm, ] - /","and/CC I/PRP ,/, I/PRP 'm/VBP ,/,",,
sw08utt/sw_0860_2614.utt,2/sw2614,2614,35,sv,A,13,3,"of course, we at T I just hoping it works out that the new products that they come out will, {F uh, } sell like gang [ books, + ] [ bu-, + busters, ] {D really. } /","of/IN course/NN ,/, we/PRP at/IN T/NNP I/NNP just/RB hoping/VBG it/PRP works/VBZ out/RP that/IN the/DT new/JJ products/NNS that/WDT they/PRP come/VBP out/RP will/MD ,/, uh/UH ,/, sell/VB like/IN gang/NN books/NNS ,/, bu-/XX ,/, busters/NNS ,/, really/UH ./.",,
sw08utt/sw_0860_2614.utt,2/sw2614,2614,36,b,B,14,1,Yeah. /,Yeah/UH ./.,,
sw08utt/sw_0860_2614.utt,2/sw2614,2614,37,b,A,15,1,"Okay,  /","Okay/UH ,/,",,
sw08utt/sw_0860_2614.utt,2/sw2614,2614,38,ad^t,A,15,2,"you first on the subject,  /","you/PRP first/JJ on/IN the/DT subject/NN ,/,",,
sw08utt/sw_0860_2614.utt,2/sw2614,2614,39,qw,A,15,3,"[ wha-, + what ] do you think, about Latin America? /","wha-/XX ,/, what/WP do/VBP you/PRP think/VB ,/, about/IN Latin/NNP America/NNP ?/.",,
sw08utt/sw_0860_2614.utt,2/sw2614,2614,40,^h,B,16,1,"{F Uh, } let's see,  /","Uh/UH ,/, let/VB 's/PRP see/VB ,/,",,
sw08utt/sw_0860_2614.utt,2/sw2614,2614,41,sd^t,B,16,2,"the subject is, Latin America. /","the/DT subject/NN is/VBZ ,/, Latin/NNP America/NNP ./.",,
sw08utt/sw_0860_2614.utt,2/sw2614,2614,42,b^m,A,17,1,"Latin America,  /","Latin/NNP America/NNP ,/,",,
sw08utt/sw_0860_2614.utt,2/sw2614,2614,43,%,A,17,2,yeah. /,yeah/UH ./.,,
sw08utt/sw_0860_2614.utt,2/sw2614,2614,44,h,B,18,1,"I don't know whether I have any real profound thoughts about that,  /","I/PRP do/VBP n't/RB know/VB whether/IN I/PRP have/VBP any/DT real/JJ profound/JJ thoughts/NNS about/IN that/DT ,/,",,
sw08utt/sw_0860_2614.utt,2/sw2614,2614,45,sd,B,18,2,"I {D actually } [ wa-, +  was ] planning a trip to Latin America  /","I/PRP actually/UH wa-/XX ,/, was/VBD planning/VBG a/DT trip/NN to/IN Latin/NNP America/NNP",,
sw08utt/sw_0860_2614.utt,2/sw2614,2614,46,sd,B,18,3,{C and } I got warned off by some people.  /,and/CC I/PRP got/VBD warned/VBN off/RP by/IN some/DT people/NNS ./.,,
sw08utt/sw_0860_2614.utt,2/sw2614,2614,47,sd,B,18,4,They say Peru can't be traveled to  /,They/PRP say/VBP Peru/NNP ca/MD n't/RB be/VB traveled/VBN to/IN,,
sw08utt/sw_0860_2614.utt,2/sw2614,2614,48,sv,B,18,5,{C and } the crime rate in Brazil makes it not a pleasant place to go and so on and so forth. /,and/CC the/DT crime/NN rate/NN in/IN Brazil/NNP makes/VBZ it/PRP not/RB a/DT pleasant/JJ place/NN to/TO go/VB and/CC so/RB on/IN and/CC so/RB forth/RB ./.,,
sw08utt/sw_0860_2614.utt,2/sw2614,2614,49,b,A,19,1,"{F Oh, } really.  /","Oh/UH ,/, really/UH ./.",,
sw08utt/sw_0860_2614.utt,2/sw2614,2614,50,sd,A,19,2,"T I had a place,  /","T/NNP I/NNP had/VBD a/DT place/NN ,/,",,
sw08utt/sw_0860_2614.utt,2/sw2614,2614,51,h,A,19,3,"I'm not too sure,  /","I/PRP 'm/VBP not/RB too/RB sure/JJ ,/,",,
sw08utt/sw_0860_2614.utt,2/sw2614,2614,52,sd,A,19,4,"I don't think they do anymore,  /","I/PRP do/VBP n't/RB think/VB they/PRP do/VB anymore/RB ,/,",,
sw08utt/sw_0860_2614.utt,2/sw2614,2614,53,%,A,19,5,"down, - /","down/RB ,/,",,
sw08utt/sw_0860_2614.utt,2/sw2614,2614,54,sv,A,19,6,"I think it was Campinas,  /","I/PRP think/VBP it/PRP was/VBD Campinas/NNP ,/,",,
sw08utt/sw_0860_2614.utt,2/sw2614,2614,55,h,A,19,7,I'm not sure  /,I/PRP 'm/VBP not/RB sure/JJ,,
sw08utt/sw_0860_2614.utt,2/sw2614,2614,56,sd,A,19,8,"{C and, } {F uh, } I guess we were selling parts to the automotive industry, or whatever.  /","and/CC ,/, uh/UH ,/, I/PRP guess/VBP we/PRP were/VBD selling/VBG parts/NNS to/IN the/DT automotive/JJ industry/NN ,/, or/CC whatever/WDT ./.",,
sw08utt/sw_0860_2614.utt,2/sw2614,2614,57,sd,A,19,9,"{C And } they had quite a few, {F uh, } locations,  /","And/CC they/PRP had/VBD quite/RB a/DT few/NN ,/, uh/UH ,/, locations/NNS ,/,",,
sw08utt/sw_0860_2614.utt,2/sw2614,2614,58,sd,A,19,10,"not quite a few, several, in Latin America.  /","not/RB quite/RB a/DT few/NN ,/, several/JJ ,/, in/IN Latin/NNP America/NNP ./.",,
sw08utt/sw_0860_2614.utt,2/sw2614,2614,59,sd,A,19,11,I think the one in New Mexico is closed  /,I/PRP think/VBP the/DT one/CD in/IN New/NNP Mexico/NNP is/VBZ closed/JJ,,
sw08utt/sw_0860_2614.utt,2/sw2614,2614,60,sd,A,19,12,"{C and } I think the one [ in, + in ] Brazil is closed,  /","and/CC I/PRP think/VBP the/DT one/CD in/IN ,/, in/IN Brazil/NNP is/VBZ closed/JJ ,/,",,
sw08utt/sw_0860_2614.utt,2/sw2614,2614,61,sd,A,19,13,"{C but } [ I, + I ] don't know why that is a problem down there  /","but/CC I/PRP ,/, I/PRP do/VBP n't/RB know/VB why/WRB that/DT is/VBZ a/DT problem/NN down/IN there/RB",,
sw08utt/sw_0860_2614.utt,2/sw2614,2614,62,sv,A,19,14,{C and } I guess the crime rate is terrible up here too  /,and/CC I/PRP guess/VBP the/DT crime/NN rate/NN is/VBZ terrible/JJ up/IN here/RB too/RB,,
sw08utt/sw_0860_2614.utt,2/sw2614,2614,63,%,A,19,15,"{C and, } {F uh, } an - /","and/CC ,/, uh/UH ,/, an/DT",,
sw08utt/sw_0860_2614.utt,2/sw2614,2614,64,sd,A,19,16,"some people say go to New York,  /","some/DT people/NNS say/VBP go/VB to/IN New/NNP York/NNP ,/,",,
sw08utt/sw_0860_2614.utt,2/sw2614,2614,65,sd,A,19,17,"{C but } [ I don't, + I don't ] have an answer to the crime rate.  /","but/CC I/PRP do/VBP n't/RB ,/, I/PRP do/VBP n't/RB have/VB an/DT answer/NN to/IN the/DT crime/NN rate/NN ./.",,
sw08utt/sw_0860_2614.utt,2/sw2614,2614,66,sv,A,19,18,It's sad.  /,It/PRP 's/BES sad/JJ ./.,,
sw08utt/sw_0860_2614.utt,2/sw2614,2614,67,sv,A,19,19,That is a sad situation.  /,That/DT is/VBZ a/DT sad/JJ situation/NN ./.,,
sw08utt/sw_0860_2614.utt,2/sw2614,2614,68,sd,A,19,20,"[ I, + I'd ] like to go down to Mexico, {D you know, }  /","I/PRP ,/, I/PRP 'd/MD like/VB to/TO go/VB down/IN to/IN Mexico/NNP ,/, you/PRP know/VBP ,/,",,
sw08utt/sw_0860_2614.utt,2/sw2614,2614,69,sd,A,19,21,"{C and } I keep hearing that, {D you know, } the government [ and, + and ] the crime rates pretty high too,  /","and/CC I/PRP keep/VBP hearing/VBG that/IN ,/, you/PRP know/VBP ,/, the/DT government/NN and/CC ,/, and/CC the/DT crime/NN rates/NNS pretty/RB high/JJ too/RB ,/,",,
sw08utt/sw_0860_2614.utt,2/sw2614,2614,70,sv,A,19,22,"[ that, + that ] is sad.","that/WDT ,/, that/WDT is/VBZ sad/JJ ./.",,
sw08utt/sw_0860_2614.utt,2/sw2614,2614,71,b,B,20,1,Yeah. /,Yeah/UH ./.,,
sw08utt/sw_0860_2614.utt,2/sw2614,2614,72,+,A,21,1,"{F Uh, } not that we can, {F uh, } sell any great program we have with crime,  /","Uh/UH ,/, not/RB that/IN we/PRP can/MD ,/, uh/UH ,/, sell/VB any/DT great/JJ program/NN we/PRP have/VBP with/IN crime/NN ,/,",,
sw08utt/sw_0860_2614.utt,2/sw2614,2614,73,sv,A,21,2,"{C but, } {F uh. }  I think, {F uh, } I'm kind of like you,  /","but/CC ,/, uh/UH ./. I/PRP think/VBP ,/, uh/UH ,/, I/PRP 'm/VBP kind/RB of/RB like/IN you/PRP ,/,",,
sw08utt/sw_0860_2614.utt,2/sw2614,2614,74,sd,A,21,3,I don't have any strong opinions on it.  /,I/PRP do/VBP n't/RB have/VB any/DT strong/JJ opinions/NNS on/IN it/PRP ./.,,
sw08utt/sw_0860_2614.utt,2/sw2614,2614,75,sv,A,21,4,"I guess maybe that's our biggest problem we have with [ our, + our ] neighbors down there is that we don't have any.  /","I/PRP guess/VBP maybe/RB that/DT 's/BES our/PRP$ biggest/JJS problem/NN we/PRP have/VBP with/IN our/PRP$ ,/, our/PRP$ neighbors/NNS down/IN there/RB is/VBZ that/IN we/PRP do/VBP n't/RB have/VB any/DT ./.",,
sw08utt/sw_0860_2614.utt,2/sw2614,2614,76,%,A,21,5,"We have more, - /","We/PRP have/VBP more/JJR ,/,",,
sw08utt/sw_0860_2614.utt,2/sw2614,2614,77,%,A,21,6,"I guess ties, - /","I/PRP guess/VBP ties/NNS ,/,",,
sw08utt/sw_0860_2614.utt,2/sw2614,2614,78,sd,A,21,7,we in the United States have more ties to Europe and everything  /,we/PRP in/IN the/DT United/NNP States/NNPS have/VBP more/JJR ties/NNS to/IN Europe/NNP and/CC everything/NN,,
sw08utt/sw_0860_2614.utt,2/sw2614,2614,79,sd,A,21,8,"{C and } we don't really, aren't that close to everyone in South America.  /","and/CC we/PRP do/VBP n't/RB really/RB ,/, are/VBP n't/RB that/RB close/RB to/IN everyone/NN in/IN South/NNP America/NNP ./.",,
sw08utt/sw_0860_2614.utt,2/sw2614,2614,80,sd,A,21,9,I don't really know why though. /,I/PRP do/VBP n't/RB really/RB know/VB why/WRB though/RB ./.,,
sw08utt/sw_0860_2614.utt,2/sw2614,2614,81,b,B,22,1,"Yeah,  /","Yeah/UH ,/,",,
sw08utt/sw_0860_2614.utt,2/sw2614,2614,82,sv,B,22,2,"[ I, + I ] don't understand it either, although [ I, + I ] think a lot of South Americans regard the United States [ as, + as ] bullying.  /","I/PRP ,/, I/PRP do/VBP n't/RB understand/VB it/PRP either/DT ,/, although/IN I/PRP ,/, I/PRP think/VBP a/DT lot/NN of/IN South/NNP Americans/NNPS regard/NN the/DT United/NNP States/NNPS as/RB ,/, as/IN bullying/VBG ./.",,
sw08utt/sw_0860_2614.utt,2/sw2614,2614,83,sv,B,22,3,"{C And, } {F uh, } that's certainly from a historical point of view, would be true. /","And/CC ,/, uh/UH ,/, that/DT 's/BES certainly/RB from/IN a/DT historical/JJ point/NN of/IN view/NN ,/, would/MD be/VB true/JJ ./.",,
sw08utt/sw_0860_2614.utt,2/sw2614,2614,84,b,A,23,1,Right. /,Right/UH ./.,,
sw08utt/sw_0860_2614.utt,2/sw2614,2614,85,sv,B,24,1,"<Throat_clearing> {E I mean } certainly we took far more from Mexico than Saddam Hussein ever dreamed of taking, [ in, + in ] his wildest dreams from his neighbors. /","I/PRP mean/VBP certainly/RB we/PRP took/VBD far/RB more/JJR from/IN Mexico/NNP than/IN Saddam/NNP Hussein/NNP ever/RB dreamed/VBD of/IN taking/VBG ,/, in/IN ,/, in/IN his/PRP$ wildest/JJS dreams/NNS from/IN his/PRP$ neighbors/NNS ./.",,
sw08utt/sw_0860_2614.utt,2/sw2614,2614,86,b,A,25,1,Right.  /,Right/UH ./.,,
sw08utt/sw_0860_2614.utt,2/sw2614,2614,87,b,A,25,2,"Yeah,  /","Yeah/UH ,/,",,
sw08utt/sw_0860_2614.utt,2/sw2614,2614,88,sd,A,25,3,"I know that I saw in a book, - /","I/PRP know/VBP that/IN I/PRP saw/VBD in/IN a/DT book/NN ,/,",,
sw08utt/sw_0860_2614.utt,2/sw2614,2614,89,sd,A,25,4,"I was reading a Spanish book, {F uh, } not that I read Spanish, {D you know, }  /","I/PRP was/VBD reading/VBG a/DT Spanish/JJ book/NN ,/, uh/UH ,/, not/RB that/IN I/PRP read/VBP Spanish/JJ ,/, you/PRP know/VBP ,/,",,
sw08utt/sw_0860_2614.utt,2/sw2614,2614,90,sd,A,25,5,"I just, {D you know, } reading some Spanish words  /","I/PRP just/RB ,/, you/PRP know/VBP ,/, reading/VBG some/DT Spanish/JJ words/NNS",,
sw08utt/sw_0860_2614.utt,2/sw2614,2614,91,sd,A,25,6,"{C and } there was a comment in there about the Mexicans don't really want us to say, we're Americans.  /","and/CC there/EX was/VBD a/DT comment/NN in/IN there/RB about/IN the/DT Mexicans/NNPS do/VBP n't/RB really/RB want/VB us/PRP to/TO say/VB ,/, we/PRP 're/VBP Americans/NNPS ./.",,
sw08utt/sw_0860_2614.utt,2/sw2614,2614,92,sd,A,25,7,"They would like to say that we're North Americans because they're Americans too, {D you know, }  /","They/PRP would/MD like/VB to/TO say/VB that/IN we/PRP 're/VBP North/NNP Americans/NNPS because/IN they/PRP 're/VBP Americans/NNPS too/RB ,/, you/PRP know/VBP ,/,",,
sw08utt/sw_0860_2614.utt,2/sw2614,2614,93,sv,A,25,8,{C and } I guess that's true.  /,and/CC I/PRP guess/VBP that/DT 's/BES true/JJ ./.,,
sw08utt/sw_0860_2614.utt,2/sw2614,2614,94,sv,A,25,9,"We don't think of any one else but oursel-, - /","We/PRP do/VBP n't/RB think/VB of/IN any/DT one/CD else/RB but/CC oursel-/XX ,/,",,
sw08utt/sw_0860_2614.utt,2/sw2614,2614,95,sv,A,25,10,"I guess, we're kind of, {F uh, } the smart asses in the world, I suppose, {F uh, } or of America anyway.  /","I/PRP guess/VBP ,/, we/PRP 're/VBP kind/RB of/RB ,/, uh/UH ,/, the/DT smart/JJ asses/NNS in/IN the/DT world/NN ,/, I/PRP suppose/VBP ,/, uh/UH ,/, or/CC of/IN America/NNP anyway/RB ./.",,
sw08utt/sw_0860_2614.utt,2/sw2614,2614,96,sv,A,25,11,"We think of ourselves as the only Americans, when they're Americans, too. /","We/PRP think/VBP of/IN ourselves/PRP as/IN the/DT only/RB Americans/NNPS ,/, when/WRB they/PRP 're/VBP Americans/NNPS ,/, too/RB ./.",,
sw08utt/sw_0860_2614.utt,2/sw2614,2614,97,b,B,26,1,"Yeah,  /","Yeah/UH ,/,",,
sw08utt/sw_0860_2614.utt,2/sw2614,2614,98,sv,B,26,2,"{D well } I think they're going to have, - /","well/UH I/PRP think/VBP they/PRP 're/VBP going/VBG to/TO have/VB ,/,",,
sw08utt/sw_0860_2614.utt,2/sw2614,2614,99,sv,B,26,3,"that's a tough row for <noise> them [ to, + to ] hoe because I think most of the world is going to regard, {F uh, } citizens of the United States as Americans and citizens of Mexico as Mexicans. /","that/DT 's/BES a/DT tough/JJ row/NN for/IN them/PRP to/TO ,/, to/TO hoe/VB because/IN I/PRP think/VBP most/RBS of/IN the/DT world/NN is/VBZ going/VBG to/TO regard/VB ,/, uh/UH ,/, citizens/NNS of/IN the/DT United/NNP States/NNPS as/IN Americans/NNPS and/CC citizens/NNS of/IN Mexico/NNP as/IN Mexicans/NNPS ./.",,
sw08utt/sw_0860_2614.utt,2/sw2614,2614,100,^2,A,27,1,"# As Mexicans,  /","As/IN Mexicans/NNPS ,/,",,
sw08utt/sw_0860_2614.utt,2/sw2614,2614,101,b,A,27,2,yes  /,yes/UH,,
sw08utt/sw_0860_2614.utt,2/sw2614,2614,102,%,A,27,3,"[ that, + that, ] # -/","that/DT ,/, that/DT ,/,",,
sw08utt/sw_0860_2614.utt,2/sw2614,2614,103,sv,B,28,1,"# {C And } they can stand on # their heads if they want too, /","And/CC they/PRP can/MD stand/VB on/IN their/PRP$ heads/NNS if/IN they/PRP want/VBP too/RB ,/,",,
sw08utt/sw_0860_2614.utt,2/sw2614,2614,104,x,A,29,1,# <Laughter>. #,,,
sw08utt/sw_0860_2614.utt,2/sw2614,2614,105,sv,B,30,1,"# {C but } # I don't think that [ they're going, + they're going ] to change that,  /","but/CC I/PRP do/VBP n't/RB think/VB that/IN they/PRP 're/VBP going/VBG ,/, they/PRP 're/VBP going/VBG to/TO change/VB that/DT ,/,",,
sw08utt/sw_0860_2614.utt,2/sw2614,2614,106,sv,B,30,2,"[ [ {C and, } +","and/CC ,/,",,
sw08utt/sw_0860_2614.utt,2/sw2614,2614,107,aa,A,31,1,"# No,  /","No/UH ,/,",,
sw08utt/sw_0860_2614.utt,2/sw2614,2614,108,aa^r,A,31,2,"no,  /","no/UH ,/,",,
sw08utt/sw_0860_2614.utt,2/sw2614,2614,109,sd,A,31,3,I know. # /,I/PRP know/VBP ./.,,
sw08utt/sw_0860_2614.utt,2/sw2614,2614,110,+,B,32,1,"# {C and, } ] + {C and  } ] {D really, } {E I # mean } North Americans I think [ are, + ] when you say that even, [ I thi-, + ] {E I mean, } I tend to think of Americans and Canadians.  /","and/CC ,/, and/CC really/UH ,/, I/PRP mean/VBP North/NNP Americans/NNPS I/PRP think/VBP are/VBP ,/, when/WRB you/PRP say/VBP that/IN even/RB ,/, I/PRP thi-/XX ,/, I/PRP mean/VBP ,/, I/PRP tend/VBP to/TO think/VB of/IN Americans/NNPS and/CC Canadians/NNPS ./.",,
sw08utt/sw_0860_2614.utt,2/sw2614,2614,111,sv,B,32,2,"I just don't think of Mexicans as being North Americans, although, I guess, strictly speaking they are. /","I/PRP just/RB do/VBP n't/RB think/VB of/IN Mexicans/NNPS as/IN being/VBG North/NNP Americans/NNPS ,/, although/IN ,/, I/PRP guess/VBP ,/, strictly/RB speaking/VBG they/PRP are/VBP ./.",,
sw08utt/sw_0860_2614.utt,2/sw2614,2614,112,aa,A,33,1,"Yeah,  /","Yeah/UH ,/,",,
sw08utt/sw_0860_2614.utt,2/sw2614,2614,113,aa,A,33,2,"no,  /","no/UH ,/,",,
sw08utt/sw_0860_2614.utt,2/sw2614,2614,114,sv,A,33,3,"{E I mean } they were saying that of us, that we're the North Americans and they're Americans,  /","I/PRP mean/VBP they/PRP were/VBD saying/VBG that/IN of/IN us/PRP ,/, that/IN we/PRP 're/VBP the/DT North/NNP Americans/NNPS and/CC they/PRP 're/VBP Americans/NNPS ,/,",,
sw08utt/sw_0860_2614.utt,2/sw2614,2614,115,%,A,33,4,"[ they, + they, ] - /","they/PRP ,/, they/PRP ,/,",,
sw08utt/sw_0860_2614.utt,2/sw2614,2614,116,sv,A,33,5,"we always say we're Americans,  /","we/PRP always/RB say/VBP we/PRP 're/VBP Americans/NNPS ,/,",,
sw08utt/sw_0860_2614.utt,2/sw2614,2614,117,sv,A,33,6,"{C and } [ they, + they ] want us to say we're the North Americans. /","and/CC they/PRP ,/, they/PRP want/VBP us/PRP to/TO say/VB we/PRP 're/VBP the/DT North/NNP Americans/NNPS ./.",,
sw08utt/sw_0860_2614.utt,2/sw2614,2614,118,b,B,34,1,"# {F Oh, } I see <throat_clearing>. # /","Oh/UH ,/, I/PRP see/VBP ./.",,
sw08utt/sw_0860_2614.utt,2/sw2614,2614,119,sv,A,35,1,"# We're not Americans,  /","We/PRP 're/VBP not/RB Americans/NNPS ,/,",,
sw08utt/sw_0860_2614.utt,2/sw2614,2614,120,sv,A,35,2,we're # North Americans  /,we/PRP 're/VBP North/NNP Americans/NNPS,,
sw08utt/sw_0860_2614.utt,2/sw2614,2614,121,sv,A,35,3,"{C and } they're South Americans,  /","and/CC they/PRP 're/VBP South/NNP Americans/NNPS ,/,",,
sw08utt/sw_0860_2614.utt,2/sw2614,2614,122,%,A,35,4,yeah. /,yeah/UH ./.,,
sw08utt/sw_0860_2614.utt,2/sw2614,2614,123,h,B,36,1,I don't know. /,I/PRP do/VBP n't/RB know/VB ./.,,
sw08utt/sw_0860_2614.utt,2/sw2614,2614,124,sv,A,37,1,"Whatever,  /","Whatever/WDT ,/,",,
sw08utt/sw_0860_2614.utt,2/sw2614,2614,125,sd,A,37,2,"[ I, + I ] don't want to make, - /","I/PRP ,/, I/PRP do/VBP n't/RB want/VB to/TO make/VB ,/,",,
sw08utt/sw_0860_2614.utt,2/sw2614,2614,126,sd,A,37,3,"I read it somewhere, though  /","I/PRP read/VBP it/PRP somewhere/RB ,/, though/IN",,
sw08utt/sw_0860_2614.utt,2/sw2614,2614,127,sv,A,37,4,"it's not my point,  I guess,  /","it/PRP 's/BES not/RB my/PRP$ point/NN ,/, I/PRP guess/VBP ,/,",,
sw08utt/sw_0860_2614.utt,2/sw2614,2614,128,%,A,37,5,{C so } <laughter>. -/,so/RB ./.,,
sw08utt/sw_0860_2614.utt,2/sw2614,2614,129,b,B,38,1,"Yeah,  /","Yeah/UH ,/,",,
sw08utt/sw_0860_2614.utt,2/sw2614,2614,130,sv,B,38,2,"{D well } [ it's, + it's ] so interesting, [ I ju-, +  I just ] don't think Mexico's problems are going to be cured by semantics. /","well/UH it/PRP 's/BES ,/, it/PRP 's/BES so/RB interesting/JJ ,/, I/PRP ju-/RB ,/, I/PRP just/RB do/VBP n't/RB think/VB Mexico/NNP 's/POS problems/NNS are/VBP going/VBG to/TO be/VB cured/VBN by/IN semantics/NNS ./.",,
sw08utt/sw_0860_2614.utt,2/sw2614,2614,131,aa,A,39,1,"No,  /","No/UH ,/,",,
sw08utt/sw_0860_2614.utt,2/sw2614,2614,132,aa^r,A,39,2,"no,  /","no/UH ,/,",,
sw08utt/sw_0860_2614.utt,2/sw2614,2614,133,sv,A,39,3,"[ they, + they ] were lucky enough to have some oil, [ what, + ] ten years ago, [ an, + ]  /","they/PRP ,/, they/PRP were/VBD lucky/JJ enough/RB to/TO have/VB some/DT oil/NN ,/, what/WP ,/, ten/CD years/NNS ago/RB ,/, an/DT ,/,",,
sw08utt/sw_0860_2614.utt,2/sw2614,2614,134,sv,A,39,4,"{C and } [ they, + they ] blew all that, and borrowed [ enou-, + ] more money than they can pay back now  /","and/CC they/PRP ,/, they/PRP blew/VBD all/DT that/DT ,/, and/CC borrowed/VBD enou-/XX ,/, more/JJR money/NN than/IN they/PRP can/MD pay/VB back/RB now/RB",,
sw08utt/sw_0860_2614.utt,2/sw2614,2614,135,sv,A,39,5,"[ {C and, } + {F uh, } {F uh, } {C so } ] they're not exactly business men.  /","and/CC ,/, uh/UH ,/, uh/UH ,/, so/RB they/PRP 're/VBP not/RB exactly/RB business/NN men/NNS ./.",,
sw08utt/sw_0860_2614.utt,2/sw2614,2614,136,sv,A,39,6,I do think we should deal more with them.  /,I/PRP do/VBP think/VB we/PRP should/MD deal/VB more/RBR with/IN them/PRP ./.,,
sw08utt/sw_0860_2614.utt,2/sw2614,2614,137,sd,A,39,7,"[  I don't, + I do ] have a lot of sympathy in that we're here in Texas, {F uh, }  /","I/PRP do/VBP n't/RB ,/, I/PRP do/VBP have/VB a/DT lot/NN of/IN sympathy/NN in/IN that/IN we/PRP 're/VBP here/RB in/IN Texas/NNP ,/, uh/UH ,/,",,
sw08utt/sw_0860_2614.utt,2/sw2614,2614,138,sd,A,39,8,"for the language, {D you know, } is very foolish. - /","for/IN the/DT language/NN ,/, you/PRP know/VBP ,/, is/VBZ very/RB foolish/JJ ./.",,
sw08utt/sw_0860_2614.utt,2/sw2614,2614,139,sd,A,39,9,"I'm [ relativ-, + relatively ] familiar with Texas school system  /","I/PRP 'm/VBP relativ-/RB ,/, relatively/RB familiar/JJ with/IN Texas/NNP school/NN system/NN",,
sw08utt/sw_0860_2614.utt,2/sw2614,2614,140,sd,A,39,10,"{C and } we should teach Spanish at least in, {F uh, } grammar school, {D you know } four or five grades of it so  that we can speak Spanish.  /","and/CC we/PRP should/MD teach/VB Spanish/JJ at/IN least/JJS in/IN ,/, uh/UH ,/, grammar/NN school/NN ,/, you/PRP know/VBP four/CD or/CC five/CD grades/NNS of/IN it/PRP so/IN that/IN we/PRP can/MD speak/VB Spanish/JJ ./.",,
sw08utt/sw_0860_2614.utt,2/sw2614,2614,141,sv,A,39,11,"I think that helps, when you certainly can speak their language, {F uh, }  /","I/PRP think/VBP that/DT helps/VBZ ,/, when/WRB you/PRP certainly/RB can/MD speak/VB their/PRP$ language/NN ,/, uh/UH ,/,",,
sw08utt/sw_0860_2614.utt,2/sw2614,2614,142,sv,A,39,12,"{C and } there are problems with, {D you know, } the wet back problem, {D you know, }  /","and/CC there/EX are/VBP problems/NNS with/IN ,/, you/PRP know/VBP ,/, the/DT wet/JJ back/NN problem/NN ,/, you/PRP know/VBP ,/,",,
sw08utt/sw_0860_2614.utt,2/sw2614,2614,143,sv,A,39,13,"for, everyone knows what we're talking about,  /","for/IN ,/, everyone/NN knows/VBZ what/WP we/PRP 're/VBP talking/VBG about/IN ,/,",,
sw08utt/sw_0860_2614.utt,2/sw2614,2614,144,sv,A,39,14,"whe-, say wet back problem. - /","whe-/XX ,/, say/VB wet/JJ back/NN problem/NN ./.",,
sw08utt/sw_0860_2614.utt,2/sw2614,2614,145,sd,A,39,15,"{C And then } we should somehow, {F uh, } - /","And/CC then/RB we/PRP should/MD somehow/RB ,/, uh/UH ,/,",,
sw08utt/sw_0860_2614.utt,2/sw2614,2614,146,sv,A,39,16,"{C and } I think the governments are working on that, to try to have some, {F uh, } businesses, {F uh, } at the borders of both sides so that [ you can, +  you ] don't have this problem of them trying to come up here [ an, + ] [ to, + to ] get the jobs, {D you know, }  /","and/CC I/PRP think/VBP the/DT governments/NNS are/VBP working/VBG on/IN that/DT ,/, to/TO try/VB to/TO have/VB some/DT ,/, uh/UH ,/, businesses/NNS ,/, uh/UH ,/, at/IN the/DT borders/NNS of/IN both/DT sides/NNS so/IN that/IN you/PRP can/MD ,/, you/PRP do/VB n't/RB have/VB this/DT problem/NN of/IN them/PRP trying/VBG to/TO come/VB up/IN here/RB an/DT ,/, to/TO ,/, to/TO get/VB the/DT jobs/NNS ,/, you/PRP know/VBP ,/,",,
sw08utt/sw_0860_2614.utt,2/sw2614,2614,147,sv,A,39,17,"there, there may be some organized way to do this. /","there/EX ,/, there/EX may/MD be/VB some/DT organized/JJ way/NN to/TO do/VB this/DT ./.",,
sw08utt/sw_0860_2614.utt,2/sw2614,2614,148,b,B,40,1,Yeah. /,Yeah/UH ./.,,
sw08utt/sw_0860_2614.utt,2/sw2614,2614,149,sd,A,41,1,"[ I, + I ] do feel for them, {F uh, }  /","I/PRP ,/, I/PRP do/VBP feel/VB for/IN them/PRP ,/, uh/UH ,/,",,
sw08utt/sw_0860_2614.utt,2/sw2614,2614,150,sv,A,41,2,"they are very envious of us,  or they wouldn't be coming up here, {D you know, } risking a lot.  /","they/PRP are/VBP very/RB envious/JJ of/IN us/PRP ,/, or/CC they/PRP would/MD n't/RB be/VB coming/VBG up/IN here/RB ,/, you/PRP know/VBP ,/, risking/VBG a/DT lot/NN ./.",,
sw08utt/sw_0860_2614.utt,2/sw2614,2614,151,sv,A,41,3,"Not that they're risking their lives, of course, but risking a lot, {F uh, }  /","Not/RB that/IN they/PRP 're/VBP risking/VBG their/PRP$ lives/NNS ,/, of/IN course/NN ,/, but/CC risking/VBG a/DT lot/NN ,/, uh/UH ,/,",,
sw08utt/sw_0860_2614.utt,2/sw2614,2614,152,sd,A,41,4,"getting thrown back I guess is all that, {F uh, } happens. /","getting/VBG thrown/VBN back/RB I/PRP guess/VBP is/VBZ all/DT that/WDT ,/, uh/UH ,/, happens/VBZ ./.",,
sw08utt/sw_0860_2614.utt,2/sw2614,2614,153,b,B,42,1,Yeah. /,Yeah/UH ./.,,
sw08utt/sw_0860_2614.utt,2/sw2614,2614,154,sv,A,43,1,You probably don't see that.  /,You/PRP probably/RB do/VBP n't/RB see/VB that/DT ./.,,
sw08utt/sw_0860_2614.utt,2/sw2614,2614,155,%,A,43,2,"Where, - /","Where/WRB ,/,",,
sw08utt/sw_0860_2614.utt,2/sw2614,2614,156,sv,A,43,3,"we see it, {D you know, } once a month. I'm sure in San Antonio they see it more often than that. /","we/PRP see/VBP it/PRP ,/, you/PRP know/VBP ,/, once/RB a/DT month/NN ./. I/PRP 'm/VBP sure/JJ in/IN San/NNP Antonio/NNP they/PRP see/VBP it/PRP more/RBR often/RB than/IN that/DT ./.",,
sw08utt/sw_0860_2614.utt,2/sw2614,2614,157,sd,B,44,1,{D Well } I grew up in Los Angeles. /,Well/UH I/PRP grew/VBD up/RP in/IN Los/NNP Angeles/NNP ./.,,
sw08utt/sw_0860_2614.utt,2/sw2614,2614,158,b,A,45,1,"Okay,  /","Okay/UH ,/,",,
sw08utt/sw_0860_2614.utt,2/sw2614,2614,159,sd,A,45,2,"{D well } you [ see it, + saw it ] out there then, too. /","well/UH you/PRP see/VBP it/PRP ,/, saw/VBD it/PRP out/IN there/RB then/RB ,/, too/RB ./.",,
sw08utt/sw_0860_2614.utt,2/sw2614,2614,160,sd,B,46,1,"{C And, } {F uh, } in fact, I drove a cab when I was a graduate student  /","And/CC ,/, uh/UH ,/, in/IN fact/NN ,/, I/PRP drove/VBD a/DT cab/NN when/WRB I/PRP was/VBD a/DT graduate/NN student/NN",,
sw08utt/sw_0860_2614.utt,2/sw2614,2614,161,sd,B,46,2,"{C so } [ I, + I ] knew, {F uh, } the Hispanic part of L A pretty well. /","so/RB I/PRP ,/, I/PRP knew/VBD ,/, uh/UH ,/, the/DT Hispanic/JJ part/NN of/IN L/NNP A/NNP pretty/RB well/RB ./.",,
sw08utt/sw_0860_2614.utt,2/sw2614,2614,162,b,A,47,1,# Uh-huh. # /,Uh-huh/UH ./.,,
sw08utt/sw_0860_2614.utt,2/sw2614,2614,163,sd,B,48,1,"# {C And } # certainly, {D you know, } knew that problem,  /","And/CC certainly/RB ,/, you/PRP know/VBP ,/, knew/VBD that/DT problem/NN ,/,",,
sw08utt/sw_0860_2614.utt,2/sw2614,2614,164,sd,B,48,2,"[ knew, + {D you know, } knew ] about apartment houses that would have eight or ten or twelve people living in them, sleeping in the same bed in shifts and all that. /","knew/VBD ,/, you/PRP know/VBP ,/, knew/VBD about/IN apartment/NN houses/NNS that/WDT would/MD have/VB eight/CD or/CC ten/CD or/CC twelve/CD people/NNS living/VBG in/IN them/PRP ,/, sleeping/VBG in/IN the/DT same/JJ bed/NN in/IN shifts/NNS and/CC all/DT that/DT ./.",,
sw08utt/sw_0860_2614.utt,2/sw2614,2614,165,b,A,49,1,# Yeah. # /,Yeah/UH ./.,,
sw08utt/sw_0860_2614.utt,2/sw2614,2614,166,sd,B,50,1,"# {C And, } # {F uh, } [ it was, + it was ] pretty wild. /","And/CC ,/, uh/UH ,/, it/PRP was/VBD ,/, it/PRP was/VBD pretty/RB wild/JJ ./.",,
sw08utt/sw_0860_2614.utt,2/sw2614,2614,167,sv,A,51,1,"I think [ a, + a ] common factor to a lot of problems, [ both, + ] whether it be crime, [ if, + if ] you want to jump on that, is mostly, {F uh, } poverty.  /","I/PRP think/VBP a/DT ,/, a/DT common/JJ factor/NN to/IN a/DT lot/NN of/IN problems/NNS ,/, both/DT ,/, whether/IN it/PRP be/VBP crime/NN ,/, if/IN ,/, if/IN you/PRP want/VBP to/TO jump/VB on/IN that/DT ,/, is/VBZ mostly/RB ,/, uh/UH ,/, poverty/NN ./.",,
sw08utt/sw_0860_2614.utt,2/sw2614,2614,168,sv,A,51,2,"{F Uh, } {C and } I think a lot of their problems is poverty.  /","Uh/UH ,/, and/CC I/PRP think/VBP a/DT lot/NN of/IN their/PRP$ problems/NNS is/VBZ poverty/NN ./.",,
sw08utt/sw_0860_2614.utt,2/sw2614,2614,169,sv,A,51,3,"If we could, {F uh, } {F uh, } - /","If/IN we/PRP could/MD ,/, uh/UH ,/, uh/UH ,/,",,
sw08utt/sw_0860_2614.utt,2/sw2614,2614,170,sv,A,51,4,"the problems we have, [ yo-, + ] [ kno-, + ] in this country, [ is, + is ] a lot of it's poverty.  /","the/DT problems/NNS we/PRP have/VBP ,/, yo-/XX ,/, kno-/XX ,/, in/IN this/DT country/NN ,/, is/VBZ ,/, is/VBZ a/DT lot/NN of/IN it/PRP 's/BES poverty/NN ./.",,
sw08utt/sw_0860_2614.utt,2/sw2614,2614,171,sv,A,51,5,"Whether it's the people aren't trying hard enough to get out of poverty, [ I, + ] that's another story,  /","Whether/IN it/PRP 's/BES the/DT people/NNS are/VBP n't/RB trying/VBG hard/JJ enough/RB to/TO get/VB out/IN of/IN poverty/NN ,/, I/PRP ,/, that/DT 's/BES another/DT story/NN ,/,",,
sw08utt/sw_0860_2614.utt,2/sw2614,2614,172,sd,A,51,6,"{C but, } {F uh, } {F uh, } it is sad.  /","but/CC ,/, uh/UH ,/, uh/UH ,/, it/PRP is/VBZ sad/JJ ./.",,
sw08utt/sw_0860_2614.utt,2/sw2614,2614,173,sv,A,51,7,"[  There, + there's ] so much down in all of South America, {F uh, } so much potential, {D you know, }  /","There/EX ,/, there/EX 's/BES so/RB much/JJ down/IN in/IN all/DT of/IN South/NNP America/NNP ,/, uh/UH ,/, so/RB much/JJ potential/NN ,/, you/PRP know/VBP ,/,",,
sw08utt/sw_0860_2614.utt,2/sw2614,2614,174,%,A,51,8,"we're, - /","we/PRP 're/VBP ,/,",,
sw08utt/sw_0860_2614.utt,2/sw2614,2614,175,sd,A,51,9,"T I, of course [ is, + is ] really pushing world markets in their products  /","T/NNP I/NNP ,/, of/IN course/NN is/VBZ ,/, is/VBZ really/RB pushing/VBG world/NN markets/NNS in/IN their/PRP$ products/NNS",,
sw08utt/sw_0860_2614.utt,2/sw2614,2614,176,sd,A,51,10,"{C and } [ they're, + they're ] mostly [ in, + in ] Europe now  and, [ [ in, + in, ] + in ] the Orient, Japan and Singapore now just announced building a plant in Singapore, {F uh,  }  /","and/CC they/PRP 're/VBP ,/, they/PRP 're/VBP mostly/RB in/IN ,/, in/IN Europe/NNP now/RB and/CC ,/, in/IN ,/, in/IN ,/, in/IN the/DT Orient/NNP ,/, Japan/NNP and/CC Singapore/NNP now/RB just/RB announced/VBD building/VBG a/DT plant/NN in/IN Singapore/NNP ,/, uh/UH ,/,",,
sw08utt/sw_0860_2614.utt,2/sw2614,2614,177,sd,A,51,11,they're in Taiwan and Japan  /,they/PRP 're/VBP in/IN Taiwan/NNP and/CC Japan/NNP,,
sw08utt/sw_0860_2614.utt,2/sw2614,2614,178,sd,A,51,12,"{C and } [ they're, + they ] haven't had, [ what, + ] that much luck in South America  /","and/CC they/PRP 're/VBP ,/, they/PRP have/VBP n't/RB had/VBN ,/, what/WP ,/, that/RB much/JJ luck/NN in/IN South/NNP America/NNP",,
sw08utt/sw_0860_2614.utt,2/sw2614,2614,179,sd,A,51,13,"{C and } there's got to be a lot of potential for business down there, for the products certainly that we make and everything. /","and/CC there/EX 's/HVS got/VBN to/TO be/VB a/DT lot/NN of/IN potential/JJ for/IN business/NN down/IN there/RB ,/, for/IN the/DT products/NNS certainly/RB that/WDT we/PRP make/VBP and/CC everything/NN ./.",,
sw08utt/sw_0860_2614.utt,2/sw2614,2614,180,b,B,52,1,# Yeah. # /,Yeah/UH ./.,,
sw08utt/sw_0860_2614.utt,2/sw2614,2614,181,sd,A,53,1,# {C And } # there's got to be trade.  /,And/CC there/EX 's/HVS got/VBN to/TO be/VB trade/NN ./.,,
sw08utt/sw_0860_2614.utt,2/sw2614,2614,182,sv,A,53,2,"I guess that's some of the answer, I guess is business, {F uh. }  {F Uh, }  /","I/PRP guess/VBP that/DT 's/BES some/DT of/IN the/DT answer/NN ,/, I/PRP guess/VBP is/VBZ business/NN ,/, uh/UH ./. Uh/UH ,/,",,
sw08utt/sw_0860_2614.utt,2/sw2614,2614,183,sv,A,53,3,"{C and } I try to be an optimist  and say, well [ that, + that's ] one way is to help any problem whether it be crime, or certainly poverty obviously [ is to, + is to ] get some business going between each other.  /","and/CC I/PRP try/VBP to/TO be/VB an/DT optimist/NN and/CC say/VBP ,/, well/UH that/DT ,/, that/DT 's/BES one/CD way/NN is/VBZ to/TO help/VB any/DT problem/NN whether/IN it/PRP be/VBP crime/NN ,/, or/CC certainly/RB poverty/NN obviously/RB is/VBZ to/TO ,/, is/VBZ to/TO get/VB some/DT business/NN going/VBG between/IN each/DT other/NN ./.",,
sw08utt/sw_0860_2614.utt,2/sw2614,2614,184,sv,A,53,4,"{C And } [ we need, + we need ] to do more of that, {F uh, } somehow.   And encourage more business,","And/CC we/PRP need/VBP ,/, we/PRP need/VBP to/TO do/VB more/JJR of/IN that/DT ,/, uh/UH ,/, somehow/RB ./. And/CC encourage/VB more/JJR business/NN ,/,",,
sw08utt/sw_0860_2614.utt,2/sw2614,2614,185,b,B,54,1,# Yeah. # /,Yeah/UH ./.,,
sw08utt/sw_0860_2614.utt,2/sw2614,2614,186,+,A,55,1,# between # us. /,between/IN us/PRP ./.,,
sw08utt/sw_0860_2614.utt,2/sw2614,2614,187,b,B,56,1,Yeah. /,Yeah/UH ./.,,
sw08utt/sw_0860_2614.utt,2/sw2614,2614,188,sv,A,57,1,"They've got to have a lot of resources I would think.  An enormous amount [ of, + of ] {D well } potential that way.  /","They/PRP 've/VBP got/VBN to/TO have/VB a/DT lot/NN of/IN resources/NNS I/PRP would/MD think/VB ./. An/DT enormous/JJ amount/NN of/IN ,/, of/IN well/UH potential/JJ that/DT way/NN ./.",,
sw08utt/sw_0860_2614.utt,2/sw2614,2614,189,sv,A,57,2,"A lot of it, of course is hot and jungle and  all that,  /","A/DT lot/NN of/IN it/PRP ,/, of/IN course/NN is/VBZ hot/JJ and/CC jungle/NN and/CC all/DT that/DT ,/,",,
sw08utt/sw_0860_2614.utt,2/sw2614,2614,190,sv,A,57,3,"{C but, } {F uh, } there's got to be a lot of potential down there. /","but/CC ,/, uh/UH ,/, there/EX 's/HVS got/VBN to/TO be/VB a/DT lot/NN of/IN potential/JJ down/IN there/RB ./.",,
sw08utt/sw_0860_2614.utt,2/sw2614,2614,191,b,B,58,1,"Yeah,  /","Yeah/UH ,/,",,
sw08utt/sw_0860_2614.utt,2/sw2614,2614,192,o@,B,58,2,"{F uh, }","uh/UH ,/,",,
sw08utt/sw_0860_2614.utt,2/sw2614,2614,193,qw,A,59,1,"[ Wha-, + what ] are you taking in school, /","Wha-/XX ,/, what/WP are/VBP you/PRP taking/VBG in/IN school/NN ,/,",,
sw08utt/sw_0860_2614.utt,2/sw2614,2614,194,+@,B,60,1,# I'm sorry. # /,I/PRP 'm/VBP sorry/JJ ./.,,
sw08utt/sw_0860_2614.utt,2/sw2614,2614,195,sd,A,61,1,# I didn't # ask you that.  /,I/PRP did/VBD n't/RB ask/VB you/PRP that/DT ./.,,
sw08utt/sw_0860_2614.utt,2/sw2614,2614,196,qw^r,A,61,2,What are you taking in school? /,What/WP are/VBP you/PRP taking/VBG in/IN school/NN ?/.,,
sw08utt/sw_0860_2614.utt,2/sw2614,2614,197,sd,B,62,1,"{D Well } I am {D actually, } -/","Well/UH I/PRP am/VBP actually/UH ,/,",,
sw08utt/sw_0860_2614.utt,2/sw2614,2614,198,^2,A,63,1,"{F Oh, } [ yo-, + you're ] an instructor, /","Oh/UH ,/, yo-/XX ,/, you/PRP 're/VBP an/DT instructor/NN ,/,",,
sw08utt/sw_0860_2614.utt,2/sw2614,2614,199,aa,B,64,1,# Yeah. # /,Yeah/UH ./.,,
sw08utt/sw_0860_2614.utt,2/sw2614,2614,200,b,A,65,1,"# yeah,  /","yeah/UH ,/,",,
sw08utt/sw_0860_2614.utt,2/sw2614,2614,201,sd^r,A,65,2,"# you're an instructor,  /","you/PRP 're/VBP an/DT instructor/NN ,/,",,
sw08utt/sw_0860_2614.utt,2/sw2614,2614,202,%,A,65,3,"yeah,  /","yeah/UH ,/,",,
sw08utt/sw_0860_2614.utt,2/sw2614,2614,203,sd,A,65,4,you said. /,you/PRP said/VBD ./.,,
sw08utt/sw_0860_2614.utt,2/sw2614,2614,204,b,B,66,1,"Yeah,  /","Yeah/UH ,/,",,
sw08utt/sw_0860_2614.utt,2/sw2614,2614,205,sd,B,66,2,"[ I'm the, + I'm the ] teacher,  /","I/PRP 'm/VBP the/DT ,/, I/PRP 'm/VBP the/DT teacher/NN ,/,",,
sw08utt/sw_0860_2614.utt,2/sw2614,2614,206,sd,B,66,3,"I give, <laughter>  as it were. -/","I/PRP give/VBP ,/, as/IN it/PRP were/VBD ./.",,
sw08utt/sw_0860_2614.utt,2/sw2614,2614,207,ba,A,67,1,That's great.  /,That/DT 's/BES great/JJ ./.,,
sw08utt/sw_0860_2614.utt,2/sw2614,2614,208,qy,A,67,2,Are you teaching Computer Science?  /,Are/VBP you/PRP teaching/VBG Computer/NN Science/NN ?/.,,
sw08utt/sw_0860_2614.utt,2/sw2614,2614,209,%,A,67,3,"Wha-, - /","Wha-/XX ,/,",,
sw08utt/sw_0860_2614.utt,2/sw2614,2614,210,qw(^q),A,67,4,"you said, what were you saying you were teaching there? /","you/PRP said/VBD ,/, what/WP were/VBD you/PRP saying/VBG you/PRP were/VBD teaching/VBG there/RB ?/.",,
sw08utt/sw_0860_2614.utt,2/sw2614,2614,211,b,B,68,1,"Yeah,  /","Yeah/UH ,/,",,
sw08utt/sw_0860_2614.utt,2/sw2614,2614,212,sd,B,68,2,I'm in Computer Science  /,I/PRP 'm/VBP in/IN Computer/NN Science/NN,,
sw08utt/sw_0860_2614.utt,2/sw2614,2614,213,o@,B,68,3,"{C and, }","and/CC ,/,",,
sw08utt/sw_0860_2614.utt,2/sw2614,2614,214,ba,A,69,1,"# Great,  /","Great/UH ,/,",,
sw08utt/sw_0860_2614.utt,2/sw2614,2614,215,ba^r,A,69,2,great. # /,great/UH ./.,,
sw08utt/sw_0860_2614.utt,2/sw2614,2614,216,+@,B,70,1,"# {F uh, } very # interested in voice systems and in speech recognition,  /","uh/UH ,/, very/RB interested/JJ in/IN voice/NN systems/NNS and/CC in/IN speech/NN recognition/NN ,/,",,
sw08utt/sw_0860_2614.utt,2/sw2614,2614,217,sd,B,70,2,"{C but } of course, this project is really one to collect a data base [ [ of, + of, ] + {F uh, } of ] casual speech, {F uh, } in an attempt to get some kind of a model of what speech is like. /","but/CC of/IN course/NN ,/, this/DT project/NN is/VBZ really/RB one/CD to/TO collect/VB a/DT data/NNS base/VBP of/IN ,/, of/IN ,/, uh/UH ,/, of/IN casual/JJ speech/NN ,/, uh/UH ,/, in/IN an/DT attempt/NN to/TO get/VB some/DT kind/NN of/IN a/DT model/NN of/IN what/WP speech/NN is/VBZ like/IN ./.",,
sw08utt/sw_0860_2614.utt,2/sw2614,2614,218,b,A,71,1,Right.  /,Right/UH ./.,,
sw08utt/sw_0860_2614.utt,2/sw2614,2614,219,sd,A,71,2,"[ I, + of course, I ] work at T I  /","I/PRP ,/, of/IN course/NN ,/, I/PRP work/VBP at/IN T/NNP I/NNP",,
sw08utt/sw_0860_2614.utt,2/sw2614,2614,220,sd,A,71,3,"{C and } I'm a little puzzled as to why when they get my voice one time, why that isn't enough.  /","and/CC I/PRP 'm/VBP a/DT little/RB puzzled/JJ as/IN to/IN why/WRB when/WRB they/PRP get/VBP my/PRP$ voice/NN one/CD time/NN ,/, why/WRB that/WDT is/VBZ n't/RB enough/RB ./.",,
sw08utt/sw_0860_2614.utt,2/sw2614,2614,221,sd,A,71,4,"{E I mean, } [ [ I'm, + I'm, ] + I'm ] getting a kick out of the whole program  /","I/PRP mean/VBP ,/, I/PRP 'm/VBP ,/, I/PRP 'm/VBP ,/, I/PRP 'm/VBP getting/VBG a/DT kick/NN out/RP of/IN the/DT whole/JJ program/NN",,
sw08utt/sw_0860_2614.utt,2/sw2614,2614,222,sd,A,71,5,"{C but, } {F uh, } there's going to be I guess thousands, I don't know how many thousands, or tens of thousands of these recordings  /","but/CC ,/, uh/UH ,/, there/EX 's/BES going/VBG to/TO be/VB I/PRP guess/VB thousands/NNS ,/, I/PRP do/VBP n't/RB know/VB how/WRB many/JJ thousands/NNS ,/, or/CC tens/NNS of/IN thousands/NNS of/IN these/DT recordings/NNS",,
sw08utt/sw_0860_2614.utt,2/sw2614,2614,223,sd,A,71,6,"{C and } I wonder how they're going to analyze them.  Whether it would be listening to them or analyzing,  /","and/CC I/PRP wonder/VBP how/WRB they/PRP 're/VBP going/VBG to/TO analyze/VB them/PRP ./. Whether/IN it/PRP would/MD be/VB listening/VBG to/IN them/PRP or/CC analyzing/VBG ,/,",,
sw08utt/sw_0860_2614.utt,2/sw2614,2614,224,%,A,71,7,"I gu-, - /","I/PRP gu-/XX ,/,",,
sw08utt/sw_0860_2614.utt,2/sw2614,2614,225,sv,A,71,8,"they've got to be analyzing with [ a, + a ] voice recorder some how. /","they/PRP 've/VBP got/VBN to/TO be/VB analyzing/VBG with/IN a/DT ,/, a/DT voice/NN recorder/NN some/DT how/WRB ./.",,
sw08utt/sw_0860_2614.utt,2/sw2614,2614,226,b,B,72,1,"Yeah,  /","Yeah/UH ,/,",,
sw08utt/sw_0860_2614.utt,2/sw2614,2614,227,sd,B,72,2,{D well } they record these  /,well/UH they/PRP record/VBP these/DT,,
sw08utt/sw_0860_2614.utt,2/sw2614,2614,228,sd,B,72,3,"{C and then } somebody transcribes them so that [ [ they, +","and/CC then/RB somebody/NN transcribes/VBZ them/PRP so/IN that/IN they/PRP ,/,",,
sw08utt/sw_0860_2614.utt,2/sw2614,2614,229,b,A,73,1,# Uh-huh. # /,Uh-huh/UH ./.,,
sw08utt/sw_0860_2614.utt,2/sw2614,2614,230,+,B,74,1,"# they  # have, ] + {F uh, } they have ] a speech signal  /","they/PRP have/VBP ,/, uh/UH ,/, they/PRP have/VBP a/DT speech/NN signal/NN",,
sw08utt/sw_0860_2614.utt,2/sw2614,2614,231,%,B,74,2,"{C and } what, - /","and/CC what/WP ,/,",,
sw08utt/sw_0860_2614.utt,2/sw2614,2614,232,sd,B,74,3,{C and } what is said. -/,and/CC what/WP is/VBZ said/VBD ./.,,
sw08utt/sw_0860_2614.utt,2/sw2614,2614,233,b,A,75,1,# Right. # /,Right/UH ./.,,
sw08utt/sw_0860_2614.utt,2/sw2614,2614,234,sd,B,76,1,"# {C And } # [ they have a, + they're ] able to average it over a number of different occasions because peoples voices change a lot even from morning to evening  /","And/CC they/PRP have/VBP a/DT ,/, they/PRP 're/VBP able/JJ to/TO average/VB it/PRP over/IN a/DT number/NN of/IN different/JJ occasions/NNS because/IN peoples/NNS voices/NNS change/VBP a/DT lot/NN even/RB from/IN morning/NN to/IN evening/NN",,
sw08utt/sw_0860_2614.utt,2/sw2614,2614,235,sd,B,76,2,"{C and } that's, {F uh, } a big problem in speech recognition. /","and/CC that/DT 's/BES ,/, uh/UH ,/, a/DT big/JJ problem/NN in/IN speech/NN recognition/NN ./.",,
sw08utt/sw_0860_2614.utt,2/sw2614,2614,236,b,A,77,1,"{F Oh, } yes.  /","Oh/UH ,/, yes/UH ./.",,
sw08utt/sw_0860_2614.utt,2/sw2614,2614,237,sd,A,77,2,"I know they change with age,  /","I/PRP know/VBP they/PRP change/VBP with/IN age/NN ,/,",,
sw08utt/sw_0860_2614.utt,2/sw2614,2614,238,sd,A,77,3,"I know mine [ changes, + ] {F uh, } has changed, {F uh, } - /","I/PRP know/VBP mine/PRP changes/NNS ,/, uh/UH ,/, has/VBZ changed/VBN ,/, uh/UH ,/,",,
sw08utt/sw_0860_2614.utt,2/sw2614,2614,239,sd,A,77,4,"although [ you, + you ] never found, - /","although/IN you/PRP ,/, you/PRP never/RB found/VBD ,/,",,
sw08utt/sw_0860_2614.utt,2/sw2614,2614,240,sv,A,77,5,"[ your, + your ] voice echoes in your own head which [ is, + ] makes it different than what it really sounds to other people. /","your/PRP$ ,/, your/PRP$ voice/NN echoes/VBZ in/IN your/PRP$ own/JJ head/NN which/WDT is/VBZ ,/, makes/VBZ it/PRP different/JJ than/IN what/WP it/PRP really/RB sounds/VBZ to/IN other/JJ people/NNS ./.",,
sw08utt/sw_0860_2614.utt,2/sw2614,2614,241,b,B,78,1,Yeah. /,Yeah/UH ./.,,
sw08utt/sw_0860_2614.utt,2/sw2614,2614,242,sv,A,79,1,"{F Uh, } I'm sure singers and professional people know that,  /","Uh/UH ,/, I/PRP 'm/VBP sure/JJ singers/NNS and/CC professional/JJ people/NNS know/VBP that/DT ,/,",,
sw08utt/sw_0860_2614.utt,2/sw2614,2614,243,sd,A,79,2,"{C and } you always hear your own voice in recordings and say, {D my God, } [ that's, + that's ] [ not, + obviously that's not ] me, {D you know. } /","and/CC you/PRP always/RB hear/VBP your/PRP$ own/JJ voice/NN in/IN recordings/NNS and/CC say/VBP ,/, my/PRP$ God/UH ,/, that/DT 's/BES ,/, that/DT 's/BES not/RB ,/, obviously/RB that/DT 's/BES not/RB me/PRP ,/, you/PRP know/VBP ./.",,
sw08utt/sw_0860_2614.utt,2/sw2614,2614,244,b,B,80,1,Yeah. /,Yeah/UH ./.,,
sw08utt/sw_0860_2614.utt,2/sw2614,2614,245,sd,A,81,1,"{C But, } {F uh, } I know your voice in your own head resonates a different way.  /","But/CC ,/, uh/UH ,/, I/PRP know/VBP your/PRP$ voice/NN in/IN your/PRP$ own/JJ head/NN resonates/VBZ a/DT different/JJ way/NN ./.",,
sw08utt/sw_0860_2614.utt,2/sw2614,2614,246,ad,A,81,2,"{F Uh, } go ahead,  /","Uh/UH ,/, go/VB ahead/RB ,/,",,
sw08utt/sw_0860_2614.utt,2/sw2614,2614,247,ad,A,81,3,"[ yo-, + you ] comment on it,  /","yo-/XX ,/, you/PRP comment/VBP on/IN it/PRP ,/,",,
sw08utt/sw_0860_2614.utt,2/sw2614,2614,248,%,A,81,4,"yeah,  /","yeah/UH ,/,",,
sw08utt/sw_0860_2614.utt,2/sw2614,2614,249,sd,A,81,5,I'm glad that you're in the business.  /,I/PRP 'm/VBP glad/JJ that/IN you/PRP 're/VBP in/IN the/DT business/NN ./.,,
sw08utt/sw_0860_2614.utt,2/sw2614,2614,250,%,A,81,6,"That, - /","That/DT ,/,",,
sw08utt/sw_0860_2614.utt,2/sw2614,2614,251,%,A,81,7,"I kno-, - /","I/PRP kno-/XX ,/,",,
sw08utt/sw_0860_2614.utt,2/sw2614,2614,252,sd,A,81,8,"T I -s gotten with their Speak and Spell and everything, - /","T/NNP I/NNP -s/HVS gotten/VBN with/IN their/PRP$ Speak/NNP and/CC Spell/NNP and/CC everything/NN ,/,",,
sw08utt/sw_0860_2614.utt,2/sw2614,2614,253,sd,A,81,9,"I've told my wife, that one of the reasons they're doing it is because eventually you'll be able to talk to your computer, /","I/PRP 've/VBP told/VBN my/PRP$ wife/NN ,/, that/IN one/CD of/IN the/DT reasons/NNS they/PRP 're/VBP doing/VBG it/PRP is/VBZ because/IN eventually/RB you/PRP 'll/MD be/VB able/JJ to/TO talk/VB to/IN your/PRP$ computer/NN ,/,",,
sw08utt/sw_0860_2614.utt,2/sw2614,2614,254,b,B,82,1,# Right. # /,Right/UH ./.,,
sw08utt/sw_0860_2614.utt,2/sw2614,2614,255,sv,A,83,1,"# you # wouldn't have to have a keyboard, /","you/PRP would/MD n't/RB have/VB to/TO have/VB a/DT keyboard/NN ,/,",,
sw08utt/sw_0860_2614.utt,2/sw2614,2614,256,x,B,84,1,# <Throat_clearing>. #,,,
sw08utt/sw_0860_2614.utt,2/sw2614,2614,257,sv,A,85,1,# you'll # be able to just give it commands  /,you/PRP 'll/MD be/VB able/JJ to/TO just/RB give/VB it/PRP commands/NNS,,
sw08utt/sw_0860_2614.utt,2/sw2614,2614,258,sd,A,85,2,"{C and } I'm sure they have some of that now,  /","and/CC I/PRP 'm/VBP sure/JJ they/PRP have/VBP some/DT of/IN that/DT now/RB ,/,",,
sw08utt/sw_0860_2614.utt,2/sw2614,2614,259,sv,A,85,3,"{C and } [ not, + not, ] in computers but a lot of potential, of course for handicapped people, /","and/CC not/RB ,/, not/RB ,/, in/IN computers/NNS but/CC a/DT lot/NN of/IN potential/JJ ,/, of/IN course/NN for/IN handicapped/JJ people/NNS ,/,",,
