swda_filename,ptb_basename,conversation_no,transcript_index,act_tag,caller,utterance_index,subutterance_index,text,pos,trees,ptb_treenumbers
sw08utt/sw_0854_2168.utt,2/sw2168,2168,0,sd^t,A,1,1,I've kind of gotten out of the habit of doing this.  /,I/PRP 've/VBP kind/RB of/RB gotten/VBN out/IN of/IN the/DT habit/NN of/IN doing/VBG this/DT ./.,,
sw08utt/sw_0854_2168.utt,2/sw2168,2168,1,sd^t,A,1,2,It's been down this weekend. /,It/PRP 's/HVS been/VBN down/RP this/DT weekend/NN ./.,,
sw08utt/sw_0854_2168.utt,2/sw2168,2168,2,sd^t,B,2,1,"<<T V in background>> {D Well, } I haven't tried,  /","Well/UH ,/, I/PRP have/VBP n't/RB tried/VBN ,/,",,
sw08utt/sw_0854_2168.utt,2/sw2168,2168,3,%,B,2,2,"{C but } this is, - /","but/CC this/DT is/VBZ ,/,",,
sw08utt/sw_0854_2168.utt,2/sw2168,2168,4,sd^t,B,2,3,"I haven't called in a couple of days,  /","I/PRP have/VBP n't/RB called/VBN in/IN a/DT couple/NN of/IN days/NNS ,/,",,
sw08utt/sw_0854_2168.utt,2/sw2168,2168,5,sd^t,B,2,4,{C but } education in public schools.  /,but/CC education/NN in/IN public/JJ schools/NNS ./.,,
sw08utt/sw_0854_2168.utt,2/sw2168,2168,6,sd,B,2,5,"I have a son who's graduating, {F uh, } in May,  /","I/PRP have/VBP a/DT son/NN who/WP 's/BES graduating/VBG ,/, uh/UH ,/, in/IN May/NNP ,/,",,
sw08utt/sw_0854_2168.utt,2/sw2168,2168,7,qh,B,2,6,"{C and } there's some interesting problems [ [ of, + of, ] + of ] [ how d-, you, + how do you ] challenge the kids today.  /","and/CC there/EX 's/BES some/DT interesting/JJ problems/NNS of/IN ,/, of/IN ,/, of/IN how/WRB d-/XX ,/, you/PRP ,/, how/WRB do/VBP you/PRP challenge/VB the/DT kids/NNS today/NN ./.",,
sw08utt/sw_0854_2168.utt,2/sw2168,2168,8,sd,B,2,7,{C And } I have some real hang-ups.  /,And/CC I/PRP have/VBP some/DT real/JJ hang-ups/NNS ./.,,
sw08utt/sw_0854_2168.utt,2/sw2168,2168,9,sv,B,2,8,"I think that, {F uh, } [ if your, + if your ] kid's not ambitious, he can sure get lost. /","I/PRP think/VBP that/IN ,/, uh/UH ,/, if/IN your/PRP$ ,/, if/IN your/PRP$ kid/NN 's/BES not/RB ambitious/JJ ,/, he/PRP can/MD sure/RB get/VB lost/JJ ./.",,
sw08utt/sw_0854_2168.utt,2/sw2168,2168,10,qy,A,3,1,In the school systems? /,In/IN the/DT school/NN systems/NNS ?/.,,
sw08utt/sw_0854_2168.utt,2/sw2168,2168,11,ny,B,4,1,# Yes. # /,Yes/UH ./.,,
sw08utt/sw_0854_2168.utt,2/sw2168,2168,12,aa,A,5,1,# That's right. #  /,That/DT 's/BES right/JJ ./.,,
sw08utt/sw_0854_2168.utt,2/sw2168,2168,13,qw,A,5,2,What school system does he go to? /,What/WDT school/NN system/NN does/VBZ he/PRP go/VB to/IN ?/.,,
sw08utt/sw_0854_2168.utt,2/sw2168,2168,14,sd,B,6,1,"In North Garland,  /","In/IN North/NNP Garland/NNP ,/,",,
sw08utt/sw_0854_2168.utt,2/sw2168,2168,15,%,B,6,2,"he goes t-, -/","he/PRP goes/VBZ t-/XX ,/,",,
sw08utt/sw_0854_2168.utt,2/sw2168,2168,16,bk,A,7,1,Okay. /,Okay/UH ./.,,
sw08utt/sw_0854_2168.utt,2/sw2168,2168,17,qw,B,8,1,What school system are you familiar with? /,What/WDT school/NN system/NN are/VBP you/PRP familiar/JJ with/IN ?/.,,
sw08utt/sw_0854_2168.utt,2/sw2168,2168,18,^h,A,9,1,"Okay,  /","Okay/UH ,/,",,
sw08utt/sw_0854_2168.utt,2/sw2168,2168,19,sd,A,9,2,"my children go to Garland,  /","my/PRP$ children/NNS go/VBP to/IN Garland/NNP ,/,",,
sw08utt/sw_0854_2168.utt,2/sw2168,2168,20,sd,A,9,3,{C and } I teach in Dallas. /,and/CC I/PRP teach/VBP in/IN Dallas/NNP ./.,,
sw08utt/sw_0854_2168.utt,2/sw2168,2168,21,%,B,10,1,"Y-, {F oh, } - /","Y-/XX ,/, oh/UH ,/,",,
sw08utt/sw_0854_2168.utt,2/sw2168,2168,22,bk,B,10,2,"okay,  /","okay/UH ,/,",,
sw08utt/sw_0854_2168.utt,2/sw2168,2168,23,sd,B,10,3,"# {D well, } I have a daughter that's [ [ in the, + in, ] + #","well/UH ,/, I/PRP have/VBP a/DT daughter/NN that/WDT 's/BES in/IN the/DT ,/, in/IN ,/,",,
sw08utt/sw_0854_2168.utt,2/sw2168,2168,24,sd@,A,11,1,# {C And } my husband teaches # with Plano.,And/CC my/PRP$ husband/NN teaches/VBZ with/IN Plano/NNP ./.,,
sw08utt/sw_0854_2168.utt,2/sw2168,2168,25,+,B,12,1,in the ] I B program at Garland. /,in/IN the/DT I/NNP B/NNP program/NN at/IN Garland/NNP ./.,,
sw08utt/sw_0854_2168.utt,2/sw2168,2168,26,+@,A,13,1,In the what? /,In/IN the/DT what/WP ?/.,,
sw08utt/sw_0854_2168.utt,2/sw2168,2168,27,%,B,14,1,"In the, - /","In/IN the/DT ,/,",,
sw08utt/sw_0854_2168.utt,2/sw2168,2168,28,qy,B,14,2,are you familiar with the International Baccalaureate program. /,are/VBP you/PRP familiar/JJ with/IN the/DT International/NNP Baccalaureate/NNP program/NN ./.,,
sw08utt/sw_0854_2168.utt,2/sw2168,2168,29,ny,A,15,1,"{D Well, } yeah,  /","Well/UH ,/, yeah/UH ,/,",,
sw08utt/sw_0854_2168.utt,2/sw2168,2168,30,ny,A,15,2,"yeah,  /","yeah/UH ,/,",,
sw08utt/sw_0854_2168.utt,2/sw2168,2168,31,ny,A,15,3,yeah. /,yeah/UH ./.,,
sw08utt/sw_0854_2168.utt,2/sw2168,2168,32,qy^g,B,16,1,"{F Uh, } do your kids go to Garland High, you said? /","Uh/UH ,/, do/VBP your/PRP$ kids/NNS go/VBP to/IN Garland/NNP High/NNP ,/, you/PRP said/VBD ?/.",,
sw08utt/sw_0854_2168.utt,2/sw2168,2168,33,nn,A,17,1,"No,  /","No/UH ,/,",,
sw08utt/sw_0854_2168.utt,2/sw2168,2168,34,nn,A,17,2,"no,  /","no/UH ,/,",,
sw08utt/sw_0854_2168.utt,2/sw2168,2168,35,sd^e,A,17,3,they're still in elementary. /,they/PRP 're/VBP still/RB in/IN elementary/JJ ./.,,
sw08utt/sw_0854_2168.utt,2/sw2168,2168,36,bk,B,18,1,"{F Oh, } okay. /","Oh/UH ,/, okay/UH ./.",,
sw08utt/sw_0854_2168.utt,2/sw2168,2168,37,b,A,19,1,"{C So, } yeah. /","So/RB ,/, yeah/UH ./.",,
sw08utt/sw_0854_2168.utt,2/sw2168,2168,38,%,B,20,1,"{D Well, } there's a, - /","Well/UH ,/, there/EX 's/BES a/DT ,/,",,
sw08utt/sw_0854_2168.utt,2/sw2168,2168,39,%,B,20,2,"it's, {F um, } - /","it/PRP 's/BES ,/, um/UH ,/,",,
sw08utt/sw_0854_2168.utt,2/sw2168,2168,40,sd,B,20,3,"she went from Austin Academy when it opened up,","she/PRP went/VBD from/IN Austin/NNP Academy/NNP when/WRB it/PRP opened/VBD up/RP ,/,",,
sw08utt/sw_0854_2168.utt,2/sw2168,2168,41,b,A,21,1,Uh-huh. /,Uh-huh/UH ./.,,
sw08utt/sw_0854_2168.utt,2/sw2168,2168,42,+,B,22,1,"over [ to, + {F uh, } to ] North Garland for ninth grade.  /","over/IN to/IN ,/, uh/UH ,/, to/IN North/NNP Garland/NNP for/IN ninth/JJ grade/NN ./.",,
sw08utt/sw_0854_2168.utt,2/sw2168,2168,43,sv,B,22,2,"{C But } at North Garland, [ the, + the ] difficulty I see with the education system [ is that, + {F uh, } is that, ] [ [  you can, + you can, ] + you can ] get some masses,  /","But/CC at/IN North/NNP Garland/NNP ,/, the/DT ,/, the/DT difficulty/NN I/PRP see/VBP with/IN the/DT education/NN system/NN is/VBZ that/IN ,/, uh/UH ,/, is/VBZ that/IN ,/, you/PRP can/MD ,/, you/PRP can/MD ,/, you/PRP can/MD get/VB some/DT masses/NNS ,/,",,
sw08utt/sw_0854_2168.utt,2/sw2168,2168,44,sv,B,22,3,"{C but } unless, if the kid's really dedicated, it seems like they do all right.  /","but/CC unless/IN ,/, if/IN the/DT kid/NN 's/BES really/RB dedicated/JJ ,/, it/PRP seems/VBZ like/IN they/PRP do/VBP all/RB right/JJ ./.",,
sw08utt/sw_0854_2168.utt,2/sw2168,2168,45,sv,B,22,4,"{C But } [ [ if, + if, ] + if ] your child is just pressing along, {F uh, } - /","But/CC if/IN ,/, if/IN ,/, if/IN your/PRP$ child/NN is/VBZ just/RB pressing/VBG along/RP ,/, uh/UH ,/,",,
sw08utt/sw_0854_2168.utt,2/sw2168,2168,46,sv,B,22,5,"I, I'm firmly convinced that teachers aren't being paid enough.  /","I/PRP ,/, I/PRP 'm/VBP firmly/RB convinced/JJ that/IN teachers/NNS are/VBP n't/RB being/VBG paid/VBN enough/RB ./.",,
sw08utt/sw_0854_2168.utt,2/sw2168,2168,47,qy,B,22,6,"Would you, argue with that? /","Would/MD you/PRP ,/, argue/VB with/IN that/DT ?/.",,
sw08utt/sw_0854_2168.utt,2/sw2168,2168,48,nn,A,23,1,"I'm definitely not,  /","I/PRP 'm/VBP definitely/RB not/RB ,/,",,
sw08utt/sw_0854_2168.utt,2/sw2168,2168,49,qh,A,23,2,are you kidding?  /,are/VBP you/PRP kidding/VBG ?/.,,
sw08utt/sw_0854_2168.utt,2/sw2168,2168,50,nn,A,23,3,<sniffing> # No. # /,No/UH ./.,,
sw08utt/sw_0854_2168.utt,2/sw2168,2168,51,sv,B,24,1,"# {D Well } {D you know } # [ [ the, + the, ] + the ] thing that I don't see, and maybe you would take issue with it is that [ [  if, + if  we went to, ] + if there was ] an opportunity for teachers to teach year around. -/","Well/UH you/PRP know/VBP the/DT ,/, the/DT ,/, the/DT thing/NN that/WDT I/PRP do/VBP n't/RB see/VB ,/, and/CC maybe/RB you/PRP would/MD take/VB issue/NN with/IN it/PRP is/VBZ that/IN if/IN ,/, if/IN we/PRP went/VBD to/TO ,/, if/IN there/EX was/VBD an/DT opportunity/NN for/IN teachers/NNS to/TO teach/VB year/NN around/RB ./.",,
sw08utt/sw_0854_2168.utt,2/sw2168,2168,52,aa,A,25,1,"No,  /","No/UH ,/,",,
sw08utt/sw_0854_2168.utt,2/sw2168,2168,53,sd,A,25,2,I want that <laughter>. /,I/PRP want/VBP that/DT ./.,,
sw08utt/sw_0854_2168.utt,2/sw2168,2168,54,%,B,26,1,"{D Well } would, -/","Well/UH would/MD ,/,",,
sw08utt/sw_0854_2168.utt,2/sw2168,2168,55,sv,A,27,1,"I think it would be better for the teachers and for the children, because we would do away with so much of the burn-out that we have.  /","I/PRP think/VBP it/PRP would/MD be/VB better/JJR for/IN the/DT teachers/NNS and/CC for/IN the/DT children/NNS ,/, because/IN we/PRP would/MD do/VB away/RB with/IN so/RB much/JJ of/IN the/DT burn-out/NN that/WDT we/PRP have/VBP ./.",,
sw08utt/sw_0854_2168.utt,2/sw2168,2168,56,sv,A,27,2,"I know when you get the kids that have gone the summer being out of school, then it's like  they've lost so much ground, we spend at least the first six weeks just backing up, reteaching what they had the year before.  {D You know. } /","I/PRP know/VBP when/WRB you/PRP get/VBP the/DT kids/NNS that/WDT have/VBP gone/VBN the/DT summer/NN being/VBG out/IN of/IN school/NN ,/, then/RB it/PRP 's/BES like/IN they/PRP 've/VBP lost/VBN so/RB much/JJ ground/NN ,/, we/PRP spend/VBP at/IN least/JJS the/DT first/JJ six/CD weeks/NNS just/RB backing/VBG up/RP ,/, reteaching/VBG what/WP they/PRP had/VBD the/DT year/NN before/RB ./. You/PRP know/VBP ./.",,
sw08utt/sw_0854_2168.utt,2/sw2168,2168,57,qw,B,28,1,"{D Well } [ how do we accom-, + how do we ] get that? /","Well/UH how/WRB do/VBP we/PRP accom-/XX ,/, how/WRB do/VBP we/PRP get/VB that/DT ?/.",,
sw08utt/sw_0854_2168.utt,2/sw2168,2168,58,sv,A,29,1,"{D Well, } we're starting pilot schools.  /","Well/UH ,/, we/PRP 're/VBP starting/VBG pilot/NN schools/NNS ./.",,
sw08utt/sw_0854_2168.utt,2/sw2168,2168,59,%,A,29,2,"It's a-, - /","It/PRP 's/BES a-/XX ,/,",,
sw08utt/sw_0854_2168.utt,2/sw2168,2168,60,sd,A,29,3,Dallas is doing it I know.  /,Dallas/NNP is/VBZ doing/VBG it/PRP I/PRP know/VBP ./.,,
sw08utt/sw_0854_2168.utt,2/sw2168,2168,61,qy^d,A,29,4,"I think Plano, don't they have some,  /","I/PRP think/VBP Plano/NNP ,/, do/VBP n't/RB they/PRP have/VB some/DT ,/,",,
sw08utt/sw_0854_2168.utt,2/sw2168,2168,62,sd,A,29,5,"{C and } Richardson's supposed to start some pilot schools, going to school year around. /","and/CC Richardson/NNP 's/BES supposed/VBN to/TO start/VB some/DT pilot/NN schools/NNS ,/, going/VBG to/IN school/NN year/NN around/RB ./.",,
sw08utt/sw_0854_2168.utt,2/sw2168,2168,63,b,B,30,1,Yeah. /,Yeah/UH ./.,,
sw08utt/sw_0854_2168.utt,2/sw2168,2168,64,sd,A,31,1,"{C And then } [ we, + {D you know, } we ] investigated this by flying some people out from Dallas to observe some of the schools in California that already had it. /","And/CC then/RB we/PRP ,/, you/PRP know/VBP ,/, we/PRP investigated/VBD this/DT by/IN flying/VBG some/DT people/NNS out/IN from/IN Dallas/NNP to/TO observe/VB some/DT of/IN the/DT schools/NNS in/IN California/NNP that/WDT already/RB had/VBD it/PRP ./.",,
sw08utt/sw_0854_2168.utt,2/sw2168,2168,65,qy,B,32,1,Does it work well out there? /,Does/VBZ it/PRP work/VB well/RB out/IN there/RB ?/.,,
sw08utt/sw_0854_2168.utt,2/sw2168,2168,66,ny,A,33,1,"Yeah,  /","Yeah/UH ,/,",,
sw08utt/sw_0854_2168.utt,2/sw2168,2168,67,sv^e,A,33,2,"it seems to, - /","it/PRP seems/VBZ to/TO ,/,",,
sw08utt/sw_0854_2168.utt,2/sw2168,2168,68,sv,A,33,3,"{C and } one thing, it'll save us money, because we've got the buildings sitting there,  /","and/CC one/CD thing/NN ,/, it/PRP 'll/MD save/VB us/PRP money/NN ,/, because/IN we/PRP 've/VBP got/VBN the/DT buildings/NNS sitting/VBG there/RB ,/,",,
sw08utt/sw_0854_2168.utt,2/sw2168,2168,69,b,A,33,4,"right,  /","right/UH ,/,",,
sw08utt/sw_0854_2168.utt,2/sw2168,2168,70,sv,A,33,5,{C and } we might as well use them. /,and/CC we/PRP might/MD as/IN well/RB use/NN them/PRP ./.,,
sw08utt/sw_0854_2168.utt,2/sw2168,2168,71,qh,B,34,1,"{D Well, } [ what about the, + what about the ] issue of air conditioning.  /","Well/UH ,/, what/WP about/IN the/DT ,/, what/WP about/IN the/DT issue/NN of/IN air/NN conditioning/NN ./.",,
sw08utt/sw_0854_2168.utt,2/sw2168,2168,72,qy,B,34,2,"Isn't that [ a s-, + ] an area of concern in the cost of air conditioning? /","Is/VBZ n't/RB that/IN a/DT s-/XX ,/, an/DT area/NN of/IN concern/NN in/IN the/DT cost/NN of/IN air/NN conditioning/NN ?/.",,
sw08utt/sw_0854_2168.utt,2/sw2168,2168,73,^h,A,35,1,"{D Well, } air conditioning, [ what's, + ]  [ and, + and ] heating. /","Well/UH ,/, air/NN conditioning/NN ,/, what/WP 's/BES ,/, and/CC ,/, and/CC heating/NN ./.",,
sw08utt/sw_0854_2168.utt,2/sw2168,2168,74,b,B,36,1,"{F Oh, } yeah. /","Oh/UH ,/, yeah/UH ./.",,
sw08utt/sw_0854_2168.utt,2/sw2168,2168,75,qy^h,A,37,1,"Isn't air conditioning less than heating, because we have to, just up - /","Is/VBZ n't/RB air/NN conditioning/NN less/JJR than/IN heating/NN ,/, because/IN we/PRP have/VBP to/TO ,/, just/RB up/IN",,
sw08utt/sw_0854_2168.utt,2/sw2168,2168,76,sd,A,37,2,"{D like, } if we get in the thirties, we raise it up to the seventies,  /","like/IN ,/, if/IN we/PRP get/VBP in/IN the/DT thirties/NNS ,/, we/PRP raise/VBP it/PRP up/IN to/IN the/DT seventies/NNS ,/,",,
sw08utt/sw_0854_2168.utt,2/sw2168,2168,77,b,A,37,3,"right,  /","right/UH ,/,",,
sw08utt/sw_0854_2168.utt,2/sw2168,2168,78,sd,A,37,4,that's forty degrees. /,that/DT 's/BES forty/CD degrees/NNS ./.,,
sw08utt/sw_0854_2168.utt,2/sw2168,2168,79,b,B,38,1,Yeah. /,Yeah/UH ./.,,
sw08utt/sw_0854_2168.utt,2/sw2168,2168,80,qy,A,39,1,Isn't it less? /,Is/VBZ n't/RB it/PRP less/JJR ?/.,,
sw08utt/sw_0854_2168.utt,2/sw2168,2168,81,ny,B,40,1,"Yeah,  /","Yeah/UH ,/,",,
sw08utt/sw_0854_2168.utt,2/sw2168,2168,82,sd^e,B,40,2,"[ it's, + it's ] less degree days,  /","it/PRP 's/BES ,/, it/PRP 's/BES less/JJR degree/NN days/NNS ,/,",,
sw08utt/sw_0854_2168.utt,2/sw2168,2168,83,sd,B,40,3,you're right.  /,you/PRP 're/VBP right/JJ ./.,,
sw08utt/sw_0854_2168.utt,2/sw2168,2168,84,%,B,40,4,"{C But } [ I think, + I think, ] -/","But/CC I/PRP think/VBP ,/, I/PRP think/VBP ,/,",,
sw08utt/sw_0854_2168.utt,2/sw2168,2168,85,sv,A,41,1,"{C And } it's not like the kids are going to go a lot longer,  /","And/CC it/PRP 's/BES not/RB like/IN the/DT kids/NNS are/VBP going/VBG to/TO go/VB a/DT lot/NN longer/RB ,/,",,
sw08utt/sw_0854_2168.utt,2/sw2168,2168,86,sv,A,41,2,"{D really, } if you go year around --","really/UH ,/, if/IN you/PRP go/VBP year/NN around/RB --/:",,
sw08utt/sw_0854_2168.utt,2/sw2168,2168,87,b,B,42,1,Yeah. /,Yeah/UH ./.,,
sw08utt/sw_0854_2168.utt,2/sw2168,2168,88,+,A,43,1,-- there's not thirty days difference. /,--/: there/EX 's/BES not/RB thirty/CD days/NNS difference/NN ./.,,
sw08utt/sw_0854_2168.utt,2/sw2168,2168,89,qw,B,44,1,"[ W-, + {D well } ] how do they do it?  /","W-/XX ,/, well/UH how/WRB do/VBP they/PRP do/VB it/PRP ?/.",,
sw08utt/sw_0854_2168.utt,2/sw2168,2168,90,qy,B,44,2,"Do they put, {F uh, } long, - /","Do/VBP they/PRP put/VBP ,/, uh/UH ,/, long/JJ ,/,",,
sw08utt/sw_0854_2168.utt,2/sw2168,2168,91,qy,B,44,3,do they put two or  three week breaks between? /,do/VBP they/PRP put/VB two/CD or/CC three/CD week/NN breaks/NNS between/IN ?/.,,
sw08utt/sw_0854_2168.utt,2/sw2168,2168,92,^h,A,45,1,There's different ways to do it.  /,There/EX 's/BES different/JJ ways/NNS to/TO do/VB it/PRP ./.,,
sw08utt/sw_0854_2168.utt,2/sw2168,2168,93,sd,A,45,2,"{D Like } [  I, + I ] think going two six weeks {C and  then } having two, two weeks off, each after a two six weeks period is one way. /","Like/IN I/PRP ,/, I/PRP think/VBP going/VBG two/CD six/CD weeks/NNS and/CC then/RB having/VBG two/CD ,/, two/CD weeks/NNS off/RP ,/, each/DT after/IN a/DT two/CD six/CD weeks/NNS period/NN is/VBZ one/CD way/NN ./.",,
sw08utt/sw_0854_2168.utt,2/sw2168,2168,94,qy,B,46,1,"Is that, - /","Is/VBZ that/DT ,/,",,
sw08utt/sw_0854_2168.utt,2/sw2168,2168,95,qy,B,46,2,"[ from, + from ] what you've seen, is that the desirable way to do it? /","from/IN ,/, from/IN what/WP you/PRP 've/VBP seen/VBN ,/, is/VBZ that/DT the/DT desirable/JJ way/NN to/TO do/VB it/PRP ?/.",,
sw08utt/sw_0854_2168.utt,2/sw2168,2168,96,no,A,47,1,"{D See, } I don't know, because I've never seen it in action. /","See/UH ,/, I/PRP do/VBP n't/RB know/VB ,/, because/IN I/PRP 've/VBP never/RB seen/VBN it/PRP in/IN action/NN ./.",,
sw08utt/sw_0854_2168.utt,2/sw2168,2168,97,sd(^q),B,48,1,"{F Oh, } you said you had some people from California.  /","Oh/UH ,/, you/PRP said/VBD you/PRP had/VBD some/DT people/NNS from/IN California/NNP ./.",,
sw08utt/sw_0854_2168.utt,2/sw2168,2168,98,sd,B,48,2,"{F Oh } I thought you, -/","Oh/UH I/PRP thought/VBD you/PRP ,/,",,
sw08utt/sw_0854_2168.utt,2/sw2168,2168,99,nn,A,49,1,"No,  /","No/UH ,/,",,
sw08utt/sw_0854_2168.utt,2/sw2168,2168,100,sd^e,A,49,2,the school system in Dallas has sent people there --,the/DT school/NN system/NN in/IN Dallas/NNP has/VBZ sent/VBN people/NNS there/RB --/:,,
sw08utt/sw_0854_2168.utt,2/sw2168,2168,101,bk,B,50,1,"{F Oh, } okay. /","Oh/UH ,/, okay/UH ./.",,
sw08utt/sw_0854_2168.utt,2/sw2168,2168,102,+,A,51,1,-- to do that.  /,--/: to/TO do/VB that/DT ./.,,
sw08utt/sw_0854_2168.utt,2/sw2168,2168,103,nn,A,51,2,No. /,No/UH ./.,,
sw08utt/sw_0854_2168.utt,2/sw2168,2168,104,qy^d,B,52,1,{C But } you didn't go. /,But/CC you/PRP did/VBD n't/RB go/VB ./.,,
sw08utt/sw_0854_2168.utt,2/sw2168,2168,105,ng,A,53,1,"{C But } I think I'd like it,  /","But/CC I/PRP think/VBP I/PRP 'd/MD like/IN it/PRP ,/,",,
sw08utt/sw_0854_2168.utt,2/sw2168,2168,106,sd,A,53,2,{C and } I know a lot of teachers that would like to try it. /,and/CC I/PRP know/VBP a/DT lot/NN of/IN teachers/NNS that/WDT would/MD like/VB to/TO try/VB it/PRP ./.,,
sw08utt/sw_0854_2168.utt,2/sw2168,2168,107,sd,B,54,1,"{D Well, } [  the, + the ] other issue [ has to, + ] that I hear that the local commentator I listen to  ((   ))  some the idea that the numbers of administration and the fact that the principal, - /","Well/UH ,/, the/DT ,/, the/DT other/JJ issue/NN has/VBZ to/TO ,/, that/WDT I/PRP hear/VBP that/IN the/DT local/JJ commentator/NN I/PRP listen/VBP to/IN MUMBLEx/XX some/DT the/DT idea/NN that/WDT the/DT numbers/NNS of/IN administration/NN and/CC the/DT fact/NN that/IN the/DT principal/NN ,/,",,
sw08utt/sw_0854_2168.utt,2/sw2168,2168,108,qy,B,54,2,do you see that the principals aren't really in charge? /,do/VBP you/PRP see/VB that/IN the/DT principals/NNS are/VBP n't/RB really/RB in/IN charge/NN ?/.,,
sw08utt/sw_0854_2168.utt,2/sw2168,2168,109,sv,A,55,1,"The principal's, [ their t-, + ] hands are tied, by all the administrators,  /","The/DT principal/NN 's/BES ,/, their/PRP$ t-/XX ,/, hands/NNS are/VBP tied/VBN ,/, by/IN all/PDT the/DT administrators/NNS ,/,",,
sw08utt/sw_0854_2168.utt,2/sw2168,2168,110,sd,A,55,2,"{C and } I heard that in Dallas,  it's one out of every three is actually in the classroom of the educators that were hired <laughter>. /","and/CC I/PRP heard/VBD that/IN in/IN Dallas/NNP ,/, it/PRP 's/BES one/CD out/IN of/IN every/DT three/CD is/VBZ actually/RB in/IN the/DT classroom/NN of/IN the/DT educators/NNS that/WDT were/VBD hired/VBN ./.",,
sw08utt/sw_0854_2168.utt,2/sw2168,2168,111,sd,B,56,1,"{D Well } I had heard that one of the comments # [ when they, + when they ] brought it, # -/","Well/UH I/PRP had/VBD heard/VBN that/IN one/CD of/IN the/DT comments/NNS when/WRB they/PRP ,/, when/WRB they/PRP brought/VBD it/PRP ,/,",,
sw08utt/sw_0854_2168.utt,2/sw2168,2168,112,%,A,57,1,"# It's just, - /","It/PRP 's/BES just/RB ,/,",,
sw08utt/sw_0854_2168.utt,2/sw2168,2168,113,sv,A,57,2,you don't # even know who all your bosses are.  /,you/PRP do/VBP n't/RB even/RB know/VB who/WP all/DT your/PRP$ bosses/NNS are/VBP ./.,,
sw08utt/sw_0854_2168.utt,2/sw2168,2168,114,sd,A,57,3,It's ridiculous. /,It/PRP 's/BES ridiculous/JJ ./.,,
sw08utt/sw_0854_2168.utt,2/sw2168,2168,115,%,B,58,1,"{F Um. }  Then why the, - /","Um/UH ./. Then/RB why/WRB the/DT ,/,",,
sw08utt/sw_0854_2168.utt,2/sw2168,2168,116,sd,B,58,2,"the one they brought in, the new superintendent for Dallas schools, the admini-, {F um, } - /","the/DT one/CD they/PRP brought/VBD in/IN ,/, the/DT new/JJ superintendent/NN for/IN Dallas/NNP schools/NNS ,/, the/DT admini-/XX ,/, um/UH ,/,",,
sw08utt/sw_0854_2168.utt,2/sw2168,2168,117,sd,B,58,3,"can't think of his name,  /","ca/MD n't/RB think/VB of/IN his/PRP$ name/NN ,/,",,
sw08utt/sw_0854_2168.utt,2/sw2168,2168,118,sd,B,58,4,{C but } the idea --,but/CC the/DT idea/NN --/:,,
sw08utt/sw_0854_2168.utt,2/sw2168,2168,119,^2,A,59,1,Marvin Edwards. /,Marvin/NNP Edwards/NNP ./.,,
sw08utt/sw_0854_2168.utt,2/sw2168,2168,120,+,B,60,1,"-- {D yeah, }  that he had suggested [ that, + that ] maybe they could reduce the number of administrators [ and, + and ] some of the people who were administrators saying, [ [ that, + that, ] + {F uh, } that's ] not what he was hired for.  /","--/: yeah/UH ,/, that/IN he/PRP had/VBD suggested/VBN that/IN ,/, that/IN maybe/RB they/PRP could/MD reduce/VB the/DT number/NN of/IN administrators/NNS and/CC ,/, and/CC some/DT of/IN the/DT people/NNS who/WP were/VBD administrators/NNS saying/VBG ,/, that/IN ,/, that/IN ,/, uh/UH ,/, that/DT 's/BES not/RB what/WP he/PRP was/VBD hired/VBN for/IN ./.",,
sw08utt/sw_0854_2168.utt,2/sw2168,2168,121,sv,B,60,2,{C But } they resented the fact that he would try to save some costs there. /,But/CC they/PRP resented/VBD the/DT fact/NN that/IN he/PRP would/MD try/VB to/TO save/VB some/DT costs/NNS there/RB ./.,,
sw08utt/sw_0854_2168.utt,2/sw2168,2168,122,sd,A,61,1,"{D Well, } {D you know } he did, supposedly cut administrators,  /","Well/UH ,/, you/PRP know/VBP he/PRP did/VBD ,/, supposedly/RB cut/VB administrators/NNS ,/,",,
sw08utt/sw_0854_2168.utt,2/sw2168,2168,123,sv,A,61,2,"{C but } what they've done is create other offices for those same people, and just [ rehi-, + ] renamed their jobs --","but/CC what/WP they/PRP 've/VBP done/VBN is/VBZ create/VB other/JJ offices/NNS for/IN those/DT same/JJ people/NNS ,/, and/CC just/RB rehi-/XX ,/, renamed/VBD their/PRP$ jobs/NNS --/:",,
sw08utt/sw_0854_2168.utt,2/sw2168,2168,124,b,B,62,1,{F Um. } /,Um/UH ./.,,
sw08utt/sw_0854_2168.utt,2/sw2168,2168,125,+,A,63,1,"-- and, {D you know, } opened up [ n-, + ] [ other n-, + other ] things.  /","--/: and/CC ,/, you/PRP know/VBP ,/, opened/VBD up/RP n-/XX ,/, other/JJ n-/XX ,/, other/JJ things/NNS ./.",,
sw08utt/sw_0854_2168.utt,2/sw2168,2168,126,sd,A,63,2,"One thing we've got going is called reading and initiative,  /","One/CD thing/NN we/PRP 've/VBP got/VBN going/VBG is/VBZ called/VBN reading/NN and/CC initiative/NN ,/,",,
sw08utt/sw_0854_2168.utt,2/sw2168,2168,127,sd,A,63,3,"{C and } they've hired all these administrators in on that, {D you know. } /","and/CC they/PRP 've/VBP hired/VBN all/PDT these/DT administrators/NNS in/IN on/IN that/DT ,/, you/PRP know/VBP ./.",,
sw08utt/sw_0854_2168.utt,2/sw2168,2168,128,sv,B,64,1,"{D Well, } {D you know, } the other thing that bothers me is the amount of money [ that it tak-, + that it took ] to contest [ the, + the ] football, {F um, } issue. /","Well/UH ,/, you/PRP know/VBP ,/, the/DT other/JJ thing/NN that/WDT bothers/VBZ me/PRP is/VBZ the/DT amount/NN of/IN money/NN that/WDT it/PRP tak-/XX ,/, that/WDT it/PRP took/VBD to/TO contest/VB the/DT ,/, the/DT football/NN ,/, um/UH ,/, issue/NN ./.",,
sw08utt/sw_0854_2168.utt,2/sw2168,2168,129,qw,A,65,1,"Pass or no fail, what is it? /","Pass/VB or/CC no/DT fail/VB ,/, what/WP is/VBZ it/PRP ?/.",,
sw08utt/sw_0854_2168.utt,2/sw2168,2168,130,b,B,66,1,Yeah  /,Yeah/UH,,
sw08utt/sw_0854_2168.utt,2/sw2168,2168,131,%,B,66,2,{C but } the -- -/,but/CC the/DT --/:,,
sw08utt/sw_0854_2168.utt,2/sw2168,2168,132,sd,A,67,1,No play. /,No/DT play/NN ./.,,
sw08utt/sw_0854_2168.utt,2/sw2168,2168,133,sd,B,68,1,"-- I can't think of the name of the school,","--/: I/PRP ca/MD n't/RB think/VB of/IN the/DT name/NN of/IN the/DT school/NN ,/,",,
sw08utt/sw_0854_2168.utt,2/sw2168,2168,134,sd^r,A,69,1,No play. /,No/DT play/NN ./.,,
sw08utt/sw_0854_2168.utt,2/sw2168,2168,135,+,B,70,1,"[  that, + that, ] {F uh, } - /","that/WDT ,/, that/WDT ,/, uh/UH ,/,",,
sw08utt/sw_0854_2168.utt,2/sw2168,2168,136,sd,B,70,2,"{C but } in any event [ [ they, + they, ] + they ] kept arguing. /","but/CC in/IN any/DT event/NN they/PRP ,/, they/PRP ,/, they/PRP kept/VBD arguing/VBG ./.",,
sw08utt/sw_0854_2168.utt,2/sw2168,2168,137,^2,A,71,1,Carter High School. /,Carter/NNP High/NNP School/NNP ./.,,
sw08utt/sw_0854_2168.utt,2/sw2168,2168,138,aa,B,72,1,Yeah. /,Yeah/UH ./.,,
sw08utt/sw_0854_2168.utt,2/sw2168,2168,139,b,A,73,1,Yeah. /,Yeah/UH ./.,,
sw08utt/sw_0854_2168.utt,2/sw2168,2168,140,sd,B,74,1,"{C And } they went to court,  /","And/CC they/PRP went/VBD to/IN court/NN ,/,",,
sw08utt/sw_0854_2168.utt,2/sw2168,2168,141,%,B,74,2,"{E I mean, } i-, {D you know, } - /","I/PRP mean/VBP ,/, i-/XX ,/, you/PRP know/VBP ,/,",,
sw08utt/sw_0854_2168.utt,2/sw2168,2168,142,sd,B,74,3,"guess [ I, + I'm ] sympathetic with the kids,  /","guess/VBP I/PRP ,/, I/PRP 'm/VBP sympathetic/JJ with/IN the/DT kids/NNS ,/,",,
sw08utt/sw_0854_2168.utt,2/sw2168,2168,143,qh,B,74,4,"[ {C but, } + {C but } ] how much money did that cost Dallas [ [ to, + to, ] + to ] fight that in court. /","but/CC ,/, but/CC how/WRB much/JJ money/NN did/VBD that/DT cost/NN Dallas/NNP to/TO ,/, to/TO ,/, to/TO fight/VB that/DT in/IN court/NN ./.",,
sw08utt/sw_0854_2168.utt,2/sw2168,2168,144,sv,A,75,1,"{C And } all the things that Dallas fights, costs thousands, probably millions of dollars, I bet you. /","And/CC all/PDT the/DT things/NNS that/WDT Dallas/NNP fights/NNS ,/, costs/VBZ thousands/NNS ,/, probably/RB millions/NNS of/IN dollars/NNS ,/, I/PRP bet/VBP you/PRP ./.",,
sw08utt/sw_0854_2168.utt,2/sw2168,2168,145,sd,B,76,1,"{C But } just think of all [ the, + the, ] all the lawyers you've kept employed,  /","But/CC just/RB think/VBP of/IN all/PDT the/DT ,/, the/DT ,/, all/PDT the/DT lawyers/NNS you/PRP 've/VBP kept/VBN employed/VBN ,/,",,
sw08utt/sw_0854_2168.utt,2/sw2168,2168,146,%,B,76,2,{D see. } -/,see/UH ./.,,
sw08utt/sw_0854_2168.utt,2/sw2168,2168,147,b,A,77,1,"Yeah,  /","Yeah/UH ,/,",,
sw08utt/sw_0854_2168.utt,2/sw2168,2168,148,ba,A,77,2,I know. /,I/PRP know/VBP ./.,,
sw08utt/sw_0854_2168.utt,2/sw2168,2168,149,x,B,78,1,<Laughter>.,,,
sw08utt/sw_0854_2168.utt,2/sw2168,2168,150,sd,A,79,1,{C And } psychologists <laughter> and stuff. /,And/CC psychologists/NNS and/CC stuff/NN ./.,,
sw08utt/sw_0854_2168.utt,2/sw2168,2168,151,aa,B,80,1,"That's right, /","That/DT 's/BES right/JJ ,/,",,
sw08utt/sw_0854_2168.utt,2/sw2168,2168,152,aa^m,A,81,1,That's right. /,That/DT 's/BES right/JJ ./.,,
sw08utt/sw_0854_2168.utt,2/sw2168,2168,153,sd,B,82,1,"[ {C and, } + {C and } ] all these other people are out running around.  /","and/CC ,/, and/CC all/PDT these/DT other/JJ people/NNS are/VBP out/RB running/VBG around/RB ./.",,
sw08utt/sw_0854_2168.utt,2/sw2168,2168,154,sd,B,82,2,"I guess that's the only problem with jobs being relatively scarce,  /","I/PRP guess/VBP that/DT 's/BES the/DT only/JJ problem/NN with/IN jobs/NNS being/VBG relatively/RB scarce/JJ ,/,",,
sw08utt/sw_0854_2168.utt,2/sw2168,2168,155,sv,B,82,3,"[ {C so. } +  {C But } ] you need to keep all these people employed,  /","so/RB ./. But/CC you/PRP need/VBP to/TO keep/VB all/PDT these/DT people/NNS employed/VBN ,/,",,
sw08utt/sw_0854_2168.utt,2/sw2168,2168,156,^g,B,82,4,right? /,right/UH ?/.,,
sw08utt/sw_0854_2168.utt,2/sw2168,2168,157,nn,A,83,1,"# No,  /","No/UH ,/,",,
sw08utt/sw_0854_2168.utt,2/sw2168,2168,158,sv^e,A,83,2,we do not. # /,we/PRP do/VBP not/RB ./.,,
sw08utt/sw_0854_2168.utt,2/sw2168,2168,159,%,B,84,1,"# [ {C And, } + {C and } ] # <laughter>, -/","And/CC ,/, and/CC ,/,",,
sw08utt/sw_0854_2168.utt,2/sw2168,2168,160,nn^r,A,85,1,"No <laughter>, /","No/UH ,/,",,
sw08utt/sw_0854_2168.utt,2/sw2168,2168,161,sv,B,86,1,"[ You mean, + you mean, ] we need a little more of our tax money, like maybe, {F uh, } -/","You/PRP mean/VBP ,/, you/PRP mean/VBP ,/, we/PRP need/VBP a/DT little/RB more/JJR of/IN our/PRP$ tax/NN money/NN ,/, like/IN maybe/RB ,/, uh/UH ,/,",,
sw08utt/sw_0854_2168.utt,2/sw2168,2168,162,sv,A,87,1,"We need more of the tax money to actually get down to the students, because it's pretty frustrating when you see you don't even have paper,  /","We/PRP need/VBP more/JJR of/IN the/DT tax/NN money/NN to/TO actually/UH get/VB down/IN to/IN the/DT students/NNS ,/, because/IN it/PRP 's/BES pretty/RB frustrating/JJ when/WRB you/PRP see/VBP you/PRP do/VBP n't/RB even/RB have/VB paper/NN ,/,",,
sw08utt/sw_0854_2168.utt,2/sw2168,2168,163,sv,A,87,2,"{C and } <laughter> you're trying to ration it, {D you know, }  /","and/CC you/PRP 're/VBP trying/VBG to/TO ration/VB it/PRP ,/, you/PRP know/VBP ,/,",,
sw08utt/sw_0854_2168.utt,2/sw2168,2168,164,sv,A,87,3,"{D now } that's sad, when there's supposed to be what, {D you know, } one thousand, [ what, + ] sixty-five dollars, something like  that, spent on each pupil. /","now/UH that/DT 's/BES sad/JJ ,/, when/WRB there/EX 's/BES supposed/VBN to/TO be/VB what/WP ,/, you/PRP know/VBP ,/, one/CD thousand/CD ,/, what/WP ,/, sixty-five/CD dollars/NNS ,/, something/NN like/IN that/DT ,/, spent/VBD on/IN each/DT pupil/NN ./.",,
sw08utt/sw_0854_2168.utt,2/sw2168,2168,165,b,B,88,1,Yeah.  /,Yeah/UH ./.,,
sw08utt/sw_0854_2168.utt,2/sw2168,2168,166,x,B,88,2,((   )) .,MUMBLEx/XX ./.,,
sw08utt/sw_0854_2168.utt,2/sw2168,2168,167,sv,A,89,1,"{F Um, } [ it's, + it's ] wrong.  /","Um/UH ,/, it/PRP 's/BES ,/, it/PRP 's/BES wrong/JJ ./.",,
sw08utt/sw_0854_2168.utt,2/sw2168,2168,168,sd,A,89,2,"{D Anyway, } I was thinking about <sniffing> - /","Anyway/UH ,/, I/PRP was/VBD thinking/VBG about/IN",,
sw08utt/sw_0854_2168.utt,2/sw2168,2168,169,sv,A,89,3,"one thing that's wrong with schools is that we're not teaching to the children's modalities,  /","one/CD thing/NN that/WDT 's/BES wrong/JJ with/IN schools/NNS is/VBZ that/IN we/PRP 're/VBP not/RB teaching/VBG to/IN the/DT children/NNS 's/POS modalities/NNS ,/,",,
sw08utt/sw_0854_2168.utt,2/sw2168,2168,170,sv,A,89,4,"{C and } I think in nineteen, {F uh, } ninety-three we're supposed to begin that.  /","and/CC I/PRP think/VBP in/IN nineteen/CD ,/, uh/UH ,/, ninety-three/CD we/PRP 're/VBP supposed/VBN to/TO begin/VB that/DT ./.",,
sw08utt/sw_0854_2168.utt,2/sw2168,2168,171,sd,A,89,5,"[  If, + if ] a child is a visual learner, we're supposed to present him with all these visual things,  /","If/IN ,/, if/IN a/DT child/NN is/VBZ a/DT visual/JJ learner/NN ,/, we/PRP 're/VBP supposed/VBN to/TO present/VB him/PRP with/IN all/PDT these/DT visual/JJ things/NNS ,/,",,
sw08utt/sw_0854_2168.utt,2/sw2168,2168,172,sd,A,89,6,"{C and } if he has to learn just by kinesthetic, we're supposed to teach whatever way that that child has to have it, learns the best way.  /","and/CC if/IN he/PRP has/VBZ to/TO learn/VB just/RB by/IN kinesthetic/JJ ,/, we/PRP 're/VBP supposed/VBN to/TO teach/VB whatever/WDT way/NN that/WDT that/DT child/NN has/VBZ to/TO have/VB it/PRP ,/, learns/VBZ the/DT best/JJS way/NN ./.",,
sw08utt/sw_0854_2168.utt,2/sw2168,2168,173,sv,A,89,7,{C And } that's going to be quite a problem. /,And/CC that/DT 's/BES going/VBG to/TO be/VB quite/RB a/DT problem/NN ./.,,
sw08utt/sw_0854_2168.utt,2/sw2168,2168,174,%,B,90,1,"((   ))  {F Oh } that's, -/","MUMBLEx/XX Oh/UH that/DT 's/BES ,/,",,
sw08utt/sw_0854_2168.utt,2/sw2168,2168,175,sv,A,91,1,{C But } if we could do something like that I'm sure it would certainly help. /,But/CC if/IN we/PRP could/MD do/VB something/NN like/IN that/DT I/PRP 'm/VBP sure/JJ it/PRP would/MD certainly/RB help/VB ./.,,
sw08utt/sw_0854_2168.utt,2/sw2168,2168,176,ba,B,92,1,"{F Um, } that's interesting,  /","Um/UH ,/, that/DT 's/BES interesting/JJ ,/,",,
sw08utt/sw_0854_2168.utt,2/sw2168,2168,177,qw,B,92,2,{C and } how many administrators is that going to take? /,and/CC how/WRB many/JJ administrators/NNS is/VBZ that/DT going/VBG to/TO take/VB ?/.,,
sw08utt/sw_0854_2168.utt,2/sw2168,2168,178,h,A,93,1,"<Laughter> I don't know,  /","I/PRP do/VBP n't/RB know/VB ,/,",,
sw08utt/sw_0854_2168.utt,2/sw2168,2168,179,sd,A,93,2,"no telling,  /","no/DT telling/NN ,/,",,
sw08utt/sw_0854_2168.utt,2/sw2168,2168,180,h,A,93,3,I don't know.  /,I/PRP do/VBP n't/RB know/VB ./.,,
sw08utt/sw_0854_2168.utt,2/sw2168,2168,181,%,A,93,4,"{C And, } {D you know, } at nongraded schools. - /","And/CC ,/, you/PRP know/VBP ,/, at/IN nongraded/JJ schools/NNS ./.",,
sw08utt/sw_0854_2168.utt,2/sw2168,2168,182,sd,A,93,5,They've had one in Gladewater for years and years and  years.  /,They/PRP 've/VBP had/VBN one/CD in/IN Gladewater/NNP for/IN years/NNS and/CC years/NNS and/CC years/NNS ./.,,
sw08utt/sw_0854_2168.utt,2/sw2168,2168,183,sv,A,93,6,If we could just let these kids go at their own rate.  /,If/IN we/PRP could/MD just/RB let/VB these/DT kids/NNS go/VB at/IN their/PRP$ own/JJ rate/NN ./.,,
sw08utt/sw_0854_2168.utt,2/sw2168,2168,184,sd,A,93,7,"I have children even, - /","I/PRP have/VBP children/NNS even/RB ,/,",,
sw08utt/sw_0854_2168.utt,2/sw2168,2168,185,sd,A,93,8,"[ I, + I ] teach Chapter One,  /","I/PRP ,/, I/PRP teach/VBP Chapter/NN One/CD ,/,",,
sw08utt/sw_0854_2168.utt,2/sw2168,2168,186,sd,A,93,9,"{C and } it's for kids that have fallen behind in their reading according to, {D like } I T B S scores. /","and/CC it/PRP 's/BES for/IN kids/NNS that/WDT have/VBP fallen/VBN behind/RB in/IN their/PRP$ reading/NN according/VBG to/TO ,/, like/IN I/NNP T/NNP B/NNP S/NNP scores/NNS ./.",,
sw08utt/sw_0854_2168.utt,2/sw2168,2168,187,b,B,94,1,Yeah. /,Yeah/UH ./.,,
sw08utt/sw_0854_2168.utt,2/sw2168,2168,188,sd,A,95,1,"{C And } some of the kids, really they shouldn't be in there,  /","And/CC some/DT of/IN the/DT kids/NNS ,/, really/UH they/PRP should/MD n't/RB be/VB in/IN there/RB ,/,",,
sw08utt/sw_0854_2168.utt,2/sw2168,2168,189,sd,A,95,2,"{C and } [ they're, + {D you know, } they're ] not being challenged,  /","and/CC they/PRP 're/VBP ,/, you/PRP know/VBP ,/, they/PRP 're/VBP not/RB being/VBG challenged/VBN ,/,",,
sw08utt/sw_0854_2168.utt,2/sw2168,2168,190,sd,A,95,3,"{C and } they're not being challenged in their home,  /","and/CC they/PRP 're/VBP not/RB being/VBG challenged/VBN in/IN their/PRP$ home/NN ,/,",,
sw08utt/sw_0854_2168.utt,2/sw2168,2168,191,sd,A,95,4,{C and } we always have to teach toward the middle of the road. /,and/CC we/PRP always/RB have/VBP to/TO teach/VB toward/IN the/DT middle/NN of/IN the/DT road/NN ./.,,
sw08utt/sw_0854_2168.utt,2/sw2168,2168,192,b,B,96,1,"Yeah,  /","Yeah/UH ,/,",,
sw08utt/sw_0854_2168.utt,2/sw2168,2168,193,sd,B,96,2,"{D well, } [ that's, + that's ] part of where my son [ is, + ] {F um, } would like to go to Rice,  /","well/UH ,/, that/DT 's/BES ,/, that/DT 's/BES part/NN of/IN where/WRB my/PRP$ son/NN is/VBZ ,/, um/UH ,/, would/MD like/VB to/TO go/VB to/IN Rice/NNP ,/,",,
sw08utt/sw_0854_2168.utt,2/sw2168,2168,194,%,B,96,3,"{C but } I don't think he's, - /","but/CC I/PRP do/VBP n't/RB think/VB he/PRP 's/BES ,/,",,
sw08utt/sw_0854_2168.utt,2/sw2168,2168,195,sv,B,96,4,"{D well, } [ the, + the ] difficulty [ [ is, + is, ] + is ] the people that get in [ [ are, + are, ] + are ] overachievers. /","well/UH ,/, the/DT ,/, the/DT difficulty/NN is/VBZ ,/, is/VBZ ,/, is/VBZ the/DT people/NNS that/WDT get/VBP in/IN are/VBP ,/, are/VBP ,/, are/VBP overachievers/NNS ./.",,
sw08utt/sw_0854_2168.utt,2/sw2168,2168,196,b,A,97,1,Uh-huh. /,Uh-huh/UH ./.,,
sw08utt/sw_0854_2168.utt,2/sw2168,2168,197,sd,B,98,1,{C And } he's not an  overachiever.  /,And/CC he/PRP 's/BES not/RB an/DT overachiever/NN ./.,,
sw08utt/sw_0854_2168.utt,2/sw2168,2168,198,sv,B,98,2,"{C But } the same time, everybody can't go,  /","But/CC the/DT same/JJ time/NN ,/, everybody/NN ca/MD n't/RB go/VB ,/,",,
sw08utt/sw_0854_2168.utt,2/sw2168,2168,199,%,B,98,3,"{C but } it, - /","but/CC it/PRP ,/,",,
sw08utt/sw_0854_2168.utt,2/sw2168,2168,200,qh,B,98,4,"the question [ [ of, + of, ] + {D you know, } of ] how far should you take a kid in the motivation, - /","the/DT question/NN of/IN ,/, of/IN ,/, you/PRP know/VBP ,/, of/IN how/WRB far/RB should/MD you/PRP take/VB a/DT kid/NN in/IN the/DT motivation/NN ,/,",,
sw08utt/sw_0854_2168.utt,2/sw2168,2168,201,h,B,98,5,"I'm not sure,  /","I/PRP 'm/VBP not/RB sure/JJ ,/,",,
sw08utt/sw_0854_2168.utt,2/sw2168,2168,202,sv,B,98,6,I think maybe there's too much responsibility put on the teachers to motivate these kids.  /,I/PRP think/VBP maybe/RB there/EX 's/BES too/RB much/JJ responsibility/NN put/VB on/IN the/DT teachers/NNS to/TO motivate/VB these/DT kids/NNS ./.,,
sw08utt/sw_0854_2168.utt,2/sw2168,2168,203,sd(^q),B,98,7,"I had [ a, + a ] friend that was administrator in Richardson said if the parents read books, then the kids probably would read books. /","I/PRP had/VBD a/DT ,/, a/DT friend/NN that/WDT was/VBD administrator/NN in/IN Richardson/NNP said/VBD if/IN the/DT parents/NNS read/VBP books/NNS ,/, then/RB the/DT kids/NNS probably/RB would/MD read/VB books/NNS ./.",,
sw08utt/sw_0854_2168.utt,2/sw2168,2168,204,b,A,99,1,Right. /,Right/UH ./.,,
sw08utt/sw_0854_2168.utt,2/sw2168,2168,205,sv,B,100,1,"{C But } that a lot of the schools I would think the kids you're talking to, question [ of, + of ] how much reading do those kids' parents do. /","But/CC that/IN a/DT lot/NN of/IN the/DT schools/NNS I/PRP would/MD think/VB the/DT kids/NNS you/PRP 're/VBP talking/VBG to/IN ,/, question/NN of/IN ,/, of/IN how/WRB much/JJ reading/NN do/VBP those/DT kids/NNS '/POS parents/NNS do/VB ./.",,
sw08utt/sw_0854_2168.utt,2/sw2168,2168,206,sd,A,101,1,My children's parents aren't even there at night most of the time --,My/PRP$ children/NNS 's/POS parents/NNS are/VBP n't/RB even/RB there/RB at/IN night/NN most/RBS of/IN the/DT time/NN --/:,,
sw08utt/sw_0854_2168.utt,2/sw2168,2168,207,%,B,102,1,{D Well. } -/,Well/UH ./.,,
sw08utt/sw_0854_2168.utt,2/sw2168,2168,208,+,A,103,1,-- to do anything with them. /,--/: to/TO do/VB anything/NN with/IN them/PRP ./.,,
sw08utt/sw_0854_2168.utt,2/sw2168,2168,209,sv,B,104,1,"{D Well, } {C but } that's the point, as I would say, {F uh } -- /","Well/UH ,/, but/CC that/DT 's/BES the/DT point/NN ,/, as/IN I/PRP would/MD say/VB ,/, uh/UH --/:",,
sw08utt/sw_0854_2168.utt,2/sw2168,2168,210,b,A,105,1,Yeah. /,Yeah/UH ./.,,
sw08utt/sw_0854_2168.utt,2/sw2168,2168,211,sv,B,106,1,"-- {C and }  [ that   is, + that's ] what makes, - /","--/: and/CC that/DT is/VBZ ,/, that/DT 's/BES what/WP makes/VBZ ,/,",,
sw08utt/sw_0854_2168.utt,2/sw2168,2168,212,sd,B,106,2,there's a lot of problems.  /,there/EX 's/BES a/DT lot/NN of/IN problems/NNS ./.,,
sw08utt/sw_0854_2168.utt,2/sw2168,2168,213,sd^t,B,106,3,"{C But } {D anyway, } {F um, } I'm trying to think how much longer.  /","But/CC anyway/UH ,/, um/UH ,/, I/PRP 'm/VBP trying/VBG to/TO think/VB how/WRB much/JJ longer/RB ./.",,
sw08utt/sw_0854_2168.utt,2/sw2168,2168,214,sd^t,B,106,4,"I had a conversation, week or so ago  /","I/PRP had/VBD a/DT conversation/NN ,/, week/NN or/CC so/RB ago/RB",,
sw08utt/sw_0854_2168.utt,2/sw2168,2168,215,sd^t,B,106,5,"{C and } we got carried away,  /","and/CC we/PRP got/VBD carried/VBN away/RB ,/,",,
sw08utt/sw_0854_2168.utt,2/sw2168,2168,216,%,B,106,6,"{C and } they cut, - /","and/CC they/PRP cut/VBP ,/,",,
sw08utt/sw_0854_2168.utt,2/sw2168,2168,217,sd^t,B,106,7,it beeps in at ten minutes.  /,it/PRP beeps/VBZ in/IN at/IN ten/CD minutes/NNS ./.,,
sw08utt/sw_0854_2168.utt,2/sw2168,2168,218,o@,B,106,8,{C So. },So/RB ./.,,
sw08utt/sw_0854_2168.utt,2/sw2168,2168,219,sd,A,107,1,"I know it,  /","I/PRP know/VBP it/PRP ,/,",,
sw08utt/sw_0854_2168.utt,2/sw2168,2168,220,sd^r,A,107,2,I know it <laughter>. /,I/PRP know/VBP it/PRP ./.,,
sw08utt/sw_0854_2168.utt,2/sw2168,2168,221,+@,B,108,1,<Laughter> {D So } {D anyway. } -/,So/UH anyway/UH ./.,,
sw08utt/sw_0854_2168.utt,2/sw2168,2168,222,sd^t,A,109,1,I went for a couple - /,I/PRP went/VBD for/IN a/DT couple/NN,,
sw08utt/sw_0854_2168.utt,2/sw2168,2168,223,sd^t,A,109,2,{C and } I didn't know that there was even a cut off or  anything.  /,and/CC I/PRP did/VBD n't/RB know/VB that/IN there/EX was/VBD even/RB a/DT cut/NN off/RP or/CC anything/NN ./.,,
sw08utt/sw_0854_2168.utt,2/sw2168,2168,224,sv,A,109,3,"{F Oh } another things that's wrong with schools, - /","Oh/UH another/DT things/NNS that/WDT 's/BES wrong/JJ with/IN schools/NNS ,/,",,
sw08utt/sw_0854_2168.utt,2/sw2168,2168,225,sv,A,109,4,"this is big,  /","this/DT is/VBZ big/JJ ,/,",,
sw08utt/sw_0854_2168.utt,2/sw2168,2168,226,sv,A,109,5,<laughter> there's too much emphasis on test.  /,there/EX 's/BES too/RB much/JJ emphasis/NN on/IN test/NN ./.,,
sw08utt/sw_0854_2168.utt,2/sw2168,2168,227,sd,A,109,6,"We're spending the first hour of every day teaching for the  ((   ))  test at my school,  /","We/PRP 're/VBP spending/VBG the/DT first/JJ hour/NN of/IN every/DT day/NN teaching/VBG for/IN the/DT MUMBLEx/XX test/NN at/IN my/PRP$ school/NN ,/,",,
sw08utt/sw_0854_2168.utt,2/sw2168,2168,228,sd,A,109,7,{C and } we're going to do that until at least the first part of May. /,and/CC we/PRP 're/VBP going/VBG to/TO do/VB that/DT until/IN at/IN least/JJS the/DT first/JJ part/NN of/IN May/NNP ./.,,
sw08utt/sw_0854_2168.utt,2/sw2168,2168,229,b,B,110,1,{F Huh. }  /,Huh/UH ./.,,
sw08utt/sw_0854_2168.utt,2/sw2168,2168,230,sd,B,110,2,"{D Well } {D see, } that's in the Garland schools,  /","Well/UH see/UH ,/, that/DT 's/BES in/IN the/DT Garland/NNP schools/NNS ,/,",,
sw08utt/sw_0854_2168.utt,2/sw2168,2168,231,%,B,110,3,"the numbers, - /","the/DT numbers/NNS ,/,",,
sw08utt/sw_0854_2168.utt,2/sw2168,2168,232,sd,B,110,4,"[ they, + I don't think they ] have to do that because most everybody passes. /","they/PRP ,/, I/PRP do/VBP n't/RB think/VB they/PRP have/VBP to/TO do/VB that/DT because/IN most/RBS everybody/NN passes/VBZ ./.",,
sw08utt/sw_0854_2168.utt,2/sw2168,2168,233,sd,A,111,1,"<Laughter>  {C But } {D see, } they're not in Dallas. /","But/CC see/UH ,/, they/PRP 're/VBP not/RB in/IN Dallas/NNP ./.",,
sw08utt/sw_0854_2168.utt,2/sw2168,2168,234,sv,B,112,1,"{D Well, } opportunity,  /","Well/UH ,/, opportunity/NN ,/,",,
sw08utt/sw_0854_2168.utt,2/sw2168,2168,235,^g,B,112,2,right?  /,right/JJ ?/.,,
sw08utt/sw_0854_2168.utt,2/sw2168,2168,236,sd,B,112,3,<laughter> If you get graded on percent improvement. - /,If/IN you/PRP get/VBP graded/VBN on/IN percent/NN improvement/NN ./.,,
sw08utt/sw_0854_2168.utt,2/sw2168,2168,237,%,B,112,4,"{C  But } {D see, } that. -/","But/CC see/UH ,/, that/DT ./.",,
sw08utt/sw_0854_2168.utt,2/sw2168,2168,238,ny,A,113,1,"Yeah,  /","Yeah/UH ,/,",,
sw08utt/sw_0854_2168.utt,2/sw2168,2168,239,sd^e,A,113,2,we're not working with the same type of students --,we/PRP 're/VBP not/RB working/VBG with/IN the/DT same/JJ type/NN of/IN students/NNS --/:,,
sw08utt/sw_0854_2168.utt,2/sw2168,2168,240,b,B,114,1,Yeah. /,Yeah/UH ./.,,
sw08utt/sw_0854_2168.utt,2/sw2168,2168,241,+,A,115,1,-- that most of these kids in Garland are. /,--/: that/WDT most/RBS of/IN these/DT kids/NNS in/IN Garland/NNP are/VBP ./.,,
sw08utt/sw_0854_2168.utt,2/sw2168,2168,242,ba,B,116,1,"{C And } unfortunately, [ the, + ] {F uh, } [  that's, + that's ] tough,  /","And/CC unfortunately/RB ,/, the/DT ,/, uh/UH ,/, that/DT 's/BES ,/, that/DT 's/BES tough/JJ ,/,",,
sw08utt/sw_0854_2168.utt,2/sw2168,2168,243,sv,B,116,2,that's a real challenge though.  /,that/DT 's/BES a/DT real/JJ challenge/NN though/RB ./.,,
sw08utt/sw_0854_2168.utt,2/sw2168,2168,244,%,B,116,3,"{C But, } {F uh. } -/","But/CC ,/, uh/UH ./.",,
sw08utt/sw_0854_2168.utt,2/sw2168,2168,245,sv,A,117,1,"{C But } {D see, } what we're doing is we're turning these kids off to school even more than they are. /","But/CC see/UH ,/, what/WP we/PRP 're/VBP doing/VBG is/VBZ we/PRP 're/VBP turning/VBG these/DT kids/NNS off/RP to/IN school/NN even/RB more/JJR than/IN they/PRP are/VBP ./.",,
sw08utt/sw_0854_2168.utt,2/sw2168,2168,246,b,B,118,1,Yeah. /,Yeah/UH ./.,,
sw08utt/sw_0854_2168.utt,2/sw2168,2168,247,sd,A,119,1,"{C And } we're not teaching toward the test,  /","And/CC we/PRP 're/VBP not/RB teaching/VBG toward/IN the/DT test/NN ,/,",,
sw08utt/sw_0854_2168.utt,2/sw2168,2168,248,sd,A,119,2,"we're teaching, {D you know, } - /","we/PRP 're/VBP teaching/VBG ,/, you/PRP know/VBP ,/,",,
sw08utt/sw_0854_2168.utt,2/sw2168,2168,249,sd,A,119,3,"I always objected, {D you know, }  /","I/PRP always/RB objected/VBD ,/, you/PRP know/VBP ,/,",,
sw08utt/sw_0854_2168.utt,2/sw2168,2168,250,sv,A,119,4,"it's like there's not a whole lot of, {D you know, } fun time like we used to have in school.  /","it/PRP 's/BES like/IN there/EX 's/BES not/RB a/DT whole/JJ lot/NN of/IN ,/, you/PRP know/VBP ,/, fun/JJ time/NN like/IN we/PRP used/VBD to/TO have/VB in/IN school/NN ./.",,
sw08utt/sw_0854_2168.utt,2/sw2168,2168,251,sd(^q),A,119,5,"{D Like } our principal says, I want every child to be on task all the time. /","Like/IN our/PRP$ principal/JJ says/NNS ,/, I/PRP want/VBP every/DT child/NN to/TO be/VB on/IN task/NN all/PDT the/DT time/NN ./.",,
sw08utt/sw_0854_2168.utt,2/sw2168,2168,252,b,B,120,1,Yeah. /,Yeah/UH ./.,,
sw08utt/sw_0854_2168.utt,2/sw2168,2168,253,sv,A,121,1,{C And } you can't do that as adults.  /,And/CC you/PRP ca/MD n't/RB do/VB that/DT as/IN adults/NNS ./.,,
sw08utt/sw_0854_2168.utt,2/sw2168,2168,254,sv,A,121,2,{C But } we're expecting kids to. - /,But/CC we/PRP 're/VBP expecting/VBG kids/NNS to/TO ./.,,
sw08utt/sw_0854_2168.utt,2/sw2168,2168,255,%,A,121,3,"{C And } {D like } [  after, + after ] recess, play -- -/","And/CC like/IN after/IN ,/, after/IN recess/NN ,/, play/VB --/:",,
sw08utt/sw_0854_2168.utt,2/sw2168,2168,256,b,B,122,1,Yeah. /,Yeah/UH ./.,,
sw08utt/sw_0854_2168.utt,2/sw2168,2168,257,sd,A,123,1,-- we don't get that.  /,--/: we/PRP do/VBP n't/RB get/VB that/DT ./.,,
sw08utt/sw_0854_2168.utt,2/sw2168,2168,258,b,A,123,2,Okay. /,Okay/UH ./.,,
sw08utt/sw_0854_2168.utt,2/sw2168,2168,259,b,B,124,1,Yeah. /,Yeah/UH ./.,,
sw08utt/sw_0854_2168.utt,2/sw2168,2168,260,sd,A,125,1,"If they finish before their thirty minutes is up, then they can go out and  play for {D like } maybe five or ten minutes, probably be the most. /","If/IN they/PRP finish/VBP before/IN their/PRP$ thirty/CD minutes/NNS is/VBZ up/RP ,/, then/RB they/PRP can/MD go/VB out/RB and/CC play/VB for/IN like/UH maybe/RB five/CD or/CC ten/CD minutes/NNS ,/, probably/RB be/VB the/DT most/RBS ./.",,
sw08utt/sw_0854_2168.utt,2/sw2168,2168,261,b,B,126,1,Yeah. /,Yeah/UH ./.,,
sw08utt/sw_0854_2168.utt,2/sw2168,2168,262,sd,A,127,1,"{C But } we always got that,  /","But/CC we/PRP always/RB got/VBD that/DT ,/,",,
sw08utt/sw_0854_2168.utt,2/sw2168,2168,263,^g,A,127,2,didn't you?  /,did/VBD n't/RB you/PRP ?/.,,
sw08utt/sw_0854_2168.utt,2/sw2168,2168,264,x,A,127,3,<<Loud dish clanging noises.>>,/CC,,
sw08utt/sw_0854_2168.utt,2/sw2168,2168,265,ny,B,128,1,"{D Well, } yeah,  /","Well/UH ,/, yeah/UH ,/,",,
sw08utt/sw_0854_2168.utt,2/sw2168,2168,266,sd^e,B,128,2,"{D you know, } our [ s-, + son ] had that,  /","you/PRP know/VBP ,/, our/PRP$ s-/XX ,/, son/NN had/VBD that/DT ,/,",,
sw08utt/sw_0854_2168.utt,2/sw2168,2168,267,sd,B,128,3,"he [ was, +  had ] an attention deficit disorder,  /","he/PRP was/VBD ,/, had/VBD an/DT attention/NN deficit/NN disorder/NN ,/,",,
sw08utt/sw_0854_2168.utt,2/sw2168,2168,268,sd,B,128,4,{C and } they were keeping him from recess  /,and/CC they/PRP were/VBD keeping/VBG him/PRP from/IN recess/NN,,
sw08utt/sw_0854_2168.utt,2/sw2168,2168,269,sd,B,128,5,"{C and } in reality [ that's, + {F uh, } that's ] one of those really tough situations.  /","and/CC in/IN reality/NN that/DT 's/BES ,/, uh/UH ,/, that/DT 's/BES one/CD of/IN those/DT really/RB tough/JJ situations/NNS ./.",,
sw08utt/sw_0854_2168.utt,2/sw2168,2168,270,sv,B,128,6,I think the kids need some time to play. /,I/PRP think/VBP the/DT kids/NNS need/VBP some/DT time/NN to/TO play/VB ./.,,
sw08utt/sw_0854_2168.utt,2/sw2168,2168,271,b,A,129,1,Yeah.  /,Yeah/UH ./.,,
sw08utt/sw_0854_2168.utt,2/sw2168,2168,272,x,A,129,2,<<Dishes clanging.>>,/UH,,
sw08utt/sw_0854_2168.utt,2/sw2168,2168,273,sv,B,130,1,"{C But, }  ((   ))  [ people like, +  if more people like ] you though that understand the problems get in [ and + ((   ))  and ] change some education - /","But/CC ,/, MUMBLEx/XX people/NNS like/IN ,/, if/IN more/JJR people/NNS like/IN you/PRP though/IN that/WDT understand/VBP the/DT problems/NNS get/VB in/IN and/CC MUMBLEx/XX and/CC change/VB some/DT education/NN",,
sw08utt/sw_0854_2168.utt,2/sw2168,2168,274,sd,B,130,2,"{C so. } {F Uh, } I got some background noise there  /","so/RB ./. Uh/UH ,/, I/PRP got/VBD some/DT background/NN noise/NN there/RB",,
sw08utt/sw_0854_2168.utt,2/sw2168,2168,275,%,B,130,3,{C but } I guess <</TV>> ... -/,but/CC I/PRP guess/VBP .../:,,
