swda_filename,ptb_basename,conversation_no,transcript_index,act_tag,caller,utterance_index,subutterance_index,text,pos,trees,ptb_treenumbers
sw08utt/sw_0858_2506.utt,2/sw2506,2506,0,ad,B,1,1,"{C So, } tell me about your home. /","So/RB ,/, tell/VB me/PRP about/IN your/PRP$ home/NN ./.",,
sw08utt/sw_0858_2506.utt,2/sw2506,2506,1,b^m,A,2,1,My home.  /,My/PRP$ home/NN ./.,,
sw08utt/sw_0858_2506.utt,2/sw2506,2506,2,aa,A,2,2,"All right,  /","All/RB right/JJ ,/,",,
sw08utt/sw_0858_2506.utt,2/sw2506,2506,3,sd,A,2,3,my home is about fifteen years old. /,my/PRP$ home/NN is/VBZ about/RB fifteen/CD years/NNS old/JJ ./.,,
sw08utt/sw_0858_2506.utt,2/sw2506,2506,4,b,B,3,1,All right. /,All/RB right/JJ ./.,,
sw08utt/sw_0858_2506.utt,2/sw2506,2506,5,sd,A,4,1,"It's a two story house,  /","It/PRP 's/BES a/DT two/CD story/NN house/NN ,/,",,
sw08utt/sw_0858_2506.utt,2/sw2506,2506,6,sd,A,4,2,"[ it, + it's ] our first home,  /","it/PRP ,/, it/PRP 's/BES our/PRP$ first/JJ home/NN ,/,",,
sw08utt/sw_0858_2506.utt,2/sw2506,2506,7,sd,A,4,3,"{C and } it looks like it's going to be the last,  /","and/CC it/PRP looks/VBZ like/IN it/PRP 's/BES going/VBG to/TO be/VB the/DT last/NN ,/,",,
sw08utt/sw_0858_2506.utt,2/sw2506,2506,8,sd,A,4,4,I think we're going to demolish it <laughter>.  /,I/PRP think/VBP we/PRP 're/VBP going/VBG to/TO demolish/VB it/PRP ./.,,
sw08utt/sw_0858_2506.utt,2/sw2506,2506,9,sd,A,4,5,We've got two children  /,We/PRP 've/VBP got/VBN two/CD children/NNS,,
sw08utt/sw_0858_2506.utt,2/sw2506,2506,10,%,A,4,6,"{C and } it's, - /","and/CC it/PRP 's/BES ,/,",,
sw08utt/sw_0858_2506.utt,2/sw2506,2506,11,sd,A,4,7,"they have scraped the, {F uh, } plaster off the walls, {D you know, } with riding their little toys through it and stuff.  {D You know, } /","they/PRP have/VBP scraped/VBN the/DT ,/, uh/UH ,/, plaster/NN off/RB the/DT walls/NNS ,/, you/PRP know/VBP ,/, with/IN riding/VBG their/PRP$ little/JJ toys/NNS through/IN it/PRP and/CC stuff/NN ./. You/PRP know/VBP ,/,",,
sw08utt/sw_0858_2506.utt,2/sw2506,2506,12,b,B,5,1,Yes. /,Yes/UH ./.,,
sw08utt/sw_0858_2506.utt,2/sw2506,2506,13,sd,A,6,1,"put dents in the tiles, just multitude of them,  /","put/VB dents/NNS in/IN the/DT tiles/NNS ,/, just/RB multitude/NN of/IN them/PRP ,/,",,
sw08utt/sw_0858_2506.utt,2/sw2506,2506,14,%,A,6,2,"{E I mean } even places, - /","I/PRP mean/VBP even/RB places/NNS ,/,",,
sw08utt/sw_0858_2506.utt,2/sw2506,2506,15,sd,A,6,3,"[ it's, + it's ] past the dent stage,  /","it/PRP 's/BES ,/, it/PRP 's/BES past/JJ the/DT dent/NN stage/NN ,/,",,
sw08utt/sw_0858_2506.utt,2/sw2506,2506,16,sd,A,6,4,"we're talking some of it's been  (( peeled ))  away, {D you know, }  /","we/PRP 're/VBP talking/VBG some/DT of/IN it/PRP 's/HVS been/VBN peeled/VBN away/RB ,/, you/PRP know/VBP ,/,",,
sw08utt/sw_0858_2506.utt,2/sw2506,2506,17,sd,A,6,5,"I don't know what they, -/","I/PRP do/VBP n't/RB know/VB what/WP they/PRP ,/,",,
sw08utt/sw_0858_2506.utt,2/sw2506,2506,18,bf,B,7,1,"We talking  ((   )) [ from, + from ] dents in the holes. /","We/PRP talking/VBG MUMBLEx/XX from/IN ,/, from/IN dents/NNS in/IN the/DT holes/NNS ./.",,
sw08utt/sw_0858_2506.utt,2/sw2506,2506,19,b,A,8,1,"Yeah,  /","Yeah/UH ,/,",,
sw08utt/sw_0858_2506.utt,2/sw2506,2506,20,sd^m,A,8,2,"dents in the  (( hole )) ,  /","dents/NNS in/IN the/DT hole/NN ,/,",,
sw08utt/sw_0858_2506.utt,2/sw2506,2506,21,b,A,8,3,right. /,right/UH ./.,,
sw08utt/sw_0858_2506.utt,2/sw2506,2506,22,ba,B,9,1,"I understand,  /","I/PRP understand/VBP ,/,",,
sw08utt/sw_0858_2506.utt,2/sw2506,2506,23,sd,B,9,2,"[  we've got, + I've got ] a daughter. /","we/PRP 've/VBP got/VBN ,/, I/PRP 've/VBP got/VBN a/DT daughter/NN ./.",,
sw08utt/sw_0858_2506.utt,2/sw2506,2506,24,sd,A,10,1,"<Breathing> We've got two,  /","We/PRP 've/VBP got/VBN two/CD ,/,",,
sw08utt/sw_0858_2506.utt,2/sw2506,2506,25,sd,A,10,2,one of them's eleven  /,one/CD of/IN them/PRP 's/BES eleven/CD,,
sw08utt/sw_0858_2506.utt,2/sw2506,2506,26,sd,A,10,3,{C and } one of them's seven  /,and/CC one/CD of/IN them/PRP 's/BES seven/CD,,
sw08utt/sw_0858_2506.utt,2/sw2506,2506,27,sd,A,10,4,"{C and then } the carpet, {D you know, } - /","and/CC then/RB the/DT carpet/NN ,/, you/PRP know/VBP ,/,",,
sw08utt/sw_0858_2506.utt,2/sw2506,2506,28,sd,A,10,5,we need to replace the carpet.  /,we/PRP need/VBP to/TO replace/VB the/DT carpet/NN ./.,,
sw08utt/sw_0858_2506.utt,2/sw2506,2506,29,sd,A,10,6,"{E I mean, } it sounds like it's just the pits  /","I/PRP mean/VBP ,/, it/PRP sounds/VBZ like/IN it/PRP 's/BES just/RB the/DT pits/NNS",,
sw08utt/sw_0858_2506.utt,2/sw2506,2506,30,sd,A,10,7,"{C but } it's not all that bad,  (( I guess ))  /","but/CC it/PRP 's/BES not/RB all/RB that/RB bad/JJ ,/, I/PRP guess/VBP",,
sw08utt/sw_0858_2506.utt,2/sw2506,2506,31,sd,A,10,8,"{C but, } {D you know, } they're just real hard on it. /","but/CC ,/, you/PRP know/VBP ,/, they/PRP 're/VBP just/RB real/RB hard/JJ on/IN it/PRP ./.",,
sw08utt/sw_0858_2506.utt,2/sw2506,2506,32,sv,B,11,1,Kids are hard on houses. /,Kids/NNS are/VBP hard/JJ on/IN houses/NNS ./.,,
sw08utt/sw_0858_2506.utt,2/sw2506,2506,33,aa,A,12,1,"Definitely,  /","Definitely/UH ,/,",,
sw08utt/sw_0858_2506.utt,2/sw2506,2506,34,sv,A,12,2,I can see why people wait until they get {D like } in high school or  maybe junior high  /,I/PRP can/MD see/VB why/WRB people/NNS wait/VBP until/IN they/PRP get/VBP like/UH in/IN high/JJ school/NN or/CC maybe/RB junior/JJ high/JJ,,
sw08utt/sw_0858_2506.utt,2/sw2506,2506,35,sv,A,12,3,{C and then } they get another one. /,and/CC then/RB they/PRP get/VBP another/DT one/CD ./.,,
sw08utt/sw_0858_2506.utt,2/sw2506,2506,36,b,B,13,1,"Yeah,  /","Yeah/UH ,/,",,
sw08utt/sw_0858_2506.utt,2/sw2506,2506,37,b^r,B,13,2,yeah.  /,yeah/UH ./.,,
sw08utt/sw_0858_2506.utt,2/sw2506,2506,38,sd,B,13,3,"{F Uh, } we live in a mobile home  /","Uh/UH ,/, we/PRP live/VBP in/IN a/DT mobile/JJ home/NN",,
sw08utt/sw_0858_2506.utt,2/sw2506,2506,39,sd,B,13,4,{C and } that's probably not typical America  /,and/CC that/DT 's/BES probably/RB not/RB typical/JJ America/NNP,,
sw08utt/sw_0858_2506.utt,2/sw2506,2506,40,%,B,13,5,"{C but, } -/","but/CC ,/,",,
sw08utt/sw_0858_2506.utt,2/sw2506,2506,41,sd,A,14,1,I know there's a lot of them. /,I/PRP know/VBP there/EX 's/BES a/DT lot/NN of/IN them/PRP ./.,,
sw08utt/sw_0858_2506.utt,2/sw2506,2506,42,%,B,15,1,"<Breathing> it's, - /","it/PRP 's/BES ,/,",,
sw08utt/sw_0858_2506.utt,2/sw2506,2506,43,sd,B,15,2,"what we have, - /","what/WP we/PRP have/VBP ,/,",,
sw08utt/sw_0858_2506.utt,2/sw2506,2506,44,sd,B,15,3,it's all we can afford. /,it/PRP 's/BES all/DT we/PRP can/MD afford/VB ./.,,
sw08utt/sw_0858_2506.utt,2/sw2506,2506,45,b,A,16,1,Yeah. /,Yeah/UH ./.,,
sw08utt/sw_0858_2506.utt,2/sw2506,2506,46,sd,B,17,1,"{C And, } {F uh, } seems like we're always working on it, as I'm sure,","And/CC ,/, uh/UH ,/, seems/VBZ like/IN we/PRP 're/VBP always/RB working/VBG on/IN it/PRP ,/, as/IN I/PRP 'm/VBP sure/JJ ,/,",,
sw08utt/sw_0858_2506.utt,2/sw2506,2506,47,sv,A,18,1,"[ Because they're always, +","Because/IN they/PRP 're/VBP always/RB ,/,",,
sw08utt/sw_0858_2506.utt,2/sw2506,2506,48,+,B,19,1,it is with your house. /,it/PRP is/VBZ with/IN your/PRP$ house/NN ./.,,
sw08utt/sw_0858_2506.utt,2/sw2506,2506,49,+,A,20,1,because they're always ]  (( ruining ))  something? /,because/IN they/PRP 're/VBP always/RB ruining/VBG something/NN ?/.,,
sw08utt/sw_0858_2506.utt,2/sw2506,2506,50,b,B,21,1,Yeah. /,Yeah/UH ./.,,
sw08utt/sw_0858_2506.utt,2/sw2506,2506,51,qw,A,22,1,How old is your child? /,How/WRB old/JJ is/VBZ your/PRP$ child/NN ?/.,,
sw08utt/sw_0858_2506.utt,2/sw2506,2506,52,sd,B,23,1,"Ten,  /","Ten/CD ,/,",,
sw08utt/sw_0858_2506.utt,2/sw2506,2506,53,sd,B,23,2,girl. /,girl/NN ./.,,
sw08utt/sw_0858_2506.utt,2/sw2506,2506,54,%,A,24,1,"{D Well, } -/","Well/UH ,/,",,
sw08utt/sw_0858_2506.utt,2/sw2506,2506,55,sd,B,25,1,"{C So, } {D you know, } just like yours, ours is always, {D you know, } - /","So/RB ,/, you/PRP know/VBP ,/, just/RB like/IN yours/PRP ,/, ours/PRP is/VBZ always/RB ,/, you/PRP know/VBP ,/,",,
sw08utt/sw_0858_2506.utt,2/sw2506,2506,56,%,B,25,2,"we're, - /","we/PRP 're/VBP ,/,",,
sw08utt/sw_0858_2506.utt,2/sw2506,2506,57,sd,B,25,3,"something else goes wrong always, {D you know, }  /","something/NN else/RB goes/VBZ wrong/JJ always/RB ,/, you/PRP know/VBP ,/,",,
sw08utt/sw_0858_2506.utt,2/sw2506,2506,58,%,B,25,4,"it's, -/","it/PRP 's/BES ,/,",,
sw08utt/sw_0858_2506.utt,2/sw2506,2506,59,qr,A,26,1,Some appliances breaking or something? /,Some/DT appliances/NNS breaking/VBG or/CC something/NN ?/.,,
sw08utt/sw_0858_2506.utt,2/sw2506,2506,60,nn,B,27,1,"No,  /","No/UH ,/,",,
sw08utt/sw_0858_2506.utt,2/sw2506,2506,61,sd^e,B,27,2,"appliances, - /","appliances/NNS ,/,",,
sw08utt/sw_0858_2506.utt,2/sw2506,2506,62,sd,B,27,3,"we had a couple plumbing problems,  /","we/PRP had/VBD a/DT couple/NN plumbing/NN problems/NNS ,/,",,
sw08utt/sw_0858_2506.utt,2/sw2506,2506,63,%,B,27,4,"we've, {F oh, } - /","we/PRP 've/VBP ,/, oh/UH ,/,",,
sw08utt/sw_0858_2506.utt,2/sw2506,2506,64,sd,B,27,5,"who knows, {D you know, } it's always something with homes. /","who/WP knows/VBZ ,/, you/PRP know/VBP ,/, it/PRP 's/BES always/RB something/NN with/IN homes/NNS ./.",,
sw08utt/sw_0858_2506.utt,2/sw2506,2506,65,qy^d,A,28,1,{C And } you said you were in Colorado Springs? /,And/CC you/PRP said/VBD you/PRP were/VBD in/IN Colorado/NNP Springs/NNPS ?/.,,
sw08utt/sw_0858_2506.utt,2/sw2506,2506,66,ny,B,29,1,Yes. /,Yes/UH ./.,,
sw08utt/sw_0858_2506.utt,2/sw2506,2506,67,qy,A,30,1,Are there a lot of trailers around there? /,Are/VBP there/EX a/DT lot/NN of/IN trailers/NNS around/IN there/RB ?/.,,
sw08utt/sw_0858_2506.utt,2/sw2506,2506,68,ny,B,31,1,"Yeah,  /","Yeah/UH ,/,",,
sw08utt/sw_0858_2506.utt,2/sw2506,2506,69,sd^e,B,31,2,there are there's a big military constituency. /,there/EX are/VBP there/EX 's/BES a/DT big/JJ military/JJ constituency/NN ./.,,
sw08utt/sw_0858_2506.utt,2/sw2506,2506,70,qy,A,32,1,{C And } is that what you're in? /,And/CC is/VBZ that/DT what/WP you/PRP 're/VBP in/IN ?/.,,
sw08utt/sw_0858_2506.utt,2/sw2506,2506,71,nn,B,33,1,"{F Oh, } no,  /","Oh/UH ,/, no/UH ,/,",,
sw08utt/sw_0858_2506.utt,2/sw2506,2506,72,nn^r,B,33,2,no  /,no/UH,,
sw08utt/sw_0858_2506.utt,2/sw2506,2506,73,sd^e,B,33,3,"[ I'm, + I ] work for T I. /","I/PRP 'm/VBP ,/, I/PRP work/VBP for/IN T/NNP I/NNP ./.",,
sw08utt/sw_0858_2506.utt,2/sw2506,2506,74,qy^g^t,A,34,1,"{D Well, } then that's why you're doing this then, isn't it? /","Well/UH ,/, then/RB that/DT 's/BES why/WRB you/PRP 're/VBP doing/VBG this/DT then/RB ,/, is/VBZ n't/RB it/PRP ?/.",,
sw08utt/sw_0858_2506.utt,2/sw2506,2506,75,ny,B,35,1,"{F Oh, } yes. /","Oh/UH ,/, yes/UH ./.",,
sw08utt/sw_0858_2506.utt,2/sw2506,2506,76,bk,A,36,1,"{F Oh, } <laughter> okay,  /","Oh/UH ,/, okay/UH ,/,",,
sw08utt/sw_0858_2506.utt,2/sw2506,2506,77,%,A,36,2,"{D well, } -/","well/UH ,/,",,
sw08utt/sw_0858_2506.utt,2/sw2506,2506,78,qw,B,37,1,What division are you in? /,What/WP division/NN are/VBP you/PRP in/IN ?/.,,
sw08utt/sw_0858_2506.utt,2/sw2506,2506,79,sd,A,38,1,I'm not in T I. /,I/PRP 'm/VBP not/RB in/IN T/NNP I/NNP ./.,,
sw08utt/sw_0858_2506.utt,2/sw2506,2506,80,b,B,39,1,Oh. /,Oh/UH ./.,,
sw08utt/sw_0858_2506.utt,2/sw2506,2506,81,sd,A,40,1,I had a friend that had a roommate that worked for T I  /,I/PRP had/VBD a/DT friend/NN that/WDT had/VBD a/DT roommate/NN that/WDT worked/VBD for/IN T/NNP I/NNP,,
sw08utt/sw_0858_2506.utt,2/sw2506,2506,82,sd^t,A,40,2,"{C and } she saw this come up on the computer screen, and ran it off.  And passed it  ((   ))  to the people that were interested. /","and/CC she/PRP saw/VBD this/DT come/VB up/RP on/IN the/DT computer/NN screen/NN ,/, and/CC ran/VBD it/PRP off/RP ./. And/CC passed/VBN it/PRP MUMBLEx/XX to/IN the/DT people/NNS that/WDT were/VBD interested/JJ ./.",,
sw08utt/sw_0858_2506.utt,2/sw2506,2506,83,sv^t,B,41,1,"It's not a hobby, {D you know, }  /","It/PRP 's/BES not/RB a/DT hobby/NN ,/, you/PRP know/VBP ,/,",,
sw08utt/sw_0858_2506.utt,2/sw2506,2506,84,sd^t,B,41,2,it's something to do.  /,it/PRP 's/BES something/NN to/TO do/VB ./.,,
sw08utt/sw_0858_2506.utt,2/sw2506,2506,85,sd^t,B,41,3,"I get to here about Texas again a bit and get to talk to people all over the country,  /","I/PRP get/VBP to/TO here/RB about/IN Texas/NNP  again/RB a/DT bit/NN and/CC get/VB to/TO talk/VB to/IN people/NNS all/DT over/IN the/DT country/NN ,/,",,
sw08utt/sw_0858_2506.utt,2/sw2506,2506,86,sd^t,B,41,4,"you know,  that I've talked to someone in Maryland, I believe it was. /","you/PRP know/VBP ,/, that/IN I/PRP 've/VBP talked/VBN to/IN someone/NN in/IN Maryland/NNP ,/, I/PRP believe/VBP it/PRP was/VBD ./.",,
sw08utt/sw_0858_2506.utt,2/sw2506,2506,87,sd^t,A,42,1,"I know, I've been talking to people in Ohio, and, {F uh, } Virginia, and I think, California. /","I/PRP know/VBP ,/, I/PRP 've/VBP been/VBN talking/VBG to/IN people/NNS in/IN Ohio/NNP ,/, and/CC ,/, uh/UH ,/, Virginia/NNP ,/, and/CC I/PRP think/VBP ,/, California/NNP ./.",,
sw08utt/sw_0858_2506.utt,2/sw2506,2506,88,qy^g^t,B,43,1,"It's interesting, isn't it? /","It/PRP 's/BES interesting/JJ ,/, is/VBZ n't/RB it/PRP ?/.",,
sw08utt/sw_0858_2506.utt,2/sw2506,2506,89,ny,A,44,1,"Yeah,  /","Yeah/UH ,/,",,
sw08utt/sw_0858_2506.utt,2/sw2506,2506,90,sd^e^t,A,44,2,it is. /,it/PRP is/VBZ ./.,,
sw08utt/sw_0858_2506.utt,2/sw2506,2506,91,sd^t,B,45,1,"{D You know, } the gal I talked to in Maryland, didn't own a car,  /","You/PRP know/VBP ,/, the/DT gal/NN I/PRP talked/VBD to/IN in/IN Maryland/NNP ,/, did/VBD n't/RB own/VB a/DT car/NN ,/,",,
sw08utt/sw_0858_2506.utt,2/sw2506,2506,92,sd,B,45,2,"she's never traveled anywhere,  /","she/PRP 's/HVS never/RB traveled/VBN anywhere/RB ,/,",,
sw08utt/sw_0858_2506.utt,2/sw2506,2506,93,sd,B,45,3,"she's never been anywhere,  /","she/PRP 's/HVS never/RB been/VBN anywhere/RB ,/,",,
sw08utt/sw_0858_2506.utt,2/sw2506,2506,94,%,B,45,4,"she, {D you know, } - /","she/PRP ,/, you/PRP know/VBP ,/,",,
sw08utt/sw_0858_2506.utt,2/sw2506,2506,95,sd^t,B,45,5,"I talked about one of the biggest problems in the United States being our roads,  /","I/PRP talked/VBD about/IN one/CD of/IN the/DT biggest/JJS problems/NNS in/IN the/DT United/NNP States/NNPS being/VBG our/PRP$ roads/NNS ,/,",,
sw08utt/sw_0858_2506.utt,2/sw2506,2506,96,sd,B,45,6,{C and } she didn't understand.  /,and/CC she/PRP did/VBD n't/RB understand/VB ./.,,
sw08utt/sw_0858_2506.utt,2/sw2506,2506,97,sd,B,45,7,She doesn't drive. /,She/PRP does/VBZ n't/RB drive/VB ./.,,
sw08utt/sw_0858_2506.utt,2/sw2506,2506,98,qw,A,46,1,How does she get to work? /,How/WRB does/VBZ she/PRP get/VBP to/IN work/NN ?/.,,
sw08utt/sw_0858_2506.utt,2/sw2506,2506,99,sd,B,47,1,"{F Uh, } she, {F uh, } lives on campus,  /","Uh/UH ,/, she/PRP ,/, uh/UH ,/, lives/VBZ on/IN campus/NN ,/,",,
sw08utt/sw_0858_2506.utt,2/sw2506,2506,100,sd,B,47,2,she's a college student.  /,she/PRP 's/BES a/DT college/NN student/NN ./.,,
sw08utt/sw_0858_2506.utt,2/sw2506,2506,101,sd,B,47,3,"Buses [ and, + and, ] {F uh, } public transportation. /","Buses/NNS and/CC ,/, and/CC ,/, uh/UH ,/, public/JJ transportation/NN ./.",,
sw08utt/sw_0858_2506.utt,2/sw2506,2506,102,b,A,48,1,Uh-huh.  /,Uh-huh/UH ./.,,
sw08utt/sw_0858_2506.utt,2/sw2506,2506,103,%,A,48,2,"I had a re-, -/","I/PRP had/VBD a/DT re-/XX ,/,",,
sw08utt/sw_0858_2506.utt,2/sw2506,2506,104,sd,B,49,1,"[ Her, + her ] parents live by the public transportation. /","Her/PRP$ ,/, her/PRP$ parents/NNS live/VBP by/IN the/DT public/JJ transportation/NN ./.",,
sw08utt/sw_0858_2506.utt,2/sw2506,2506,105,sv,A,50,1,{C and } I wish we could down here. /,and/CC I/PRP wish/VBP we/PRP could/MD down/IN here/RB ./.,,
sw08utt/sw_0858_2506.utt,2/sw2506,2506,106,aa,B,51,1,"{D Well, } it would be nice  /","Well/UH ,/, it/PRP would/MD be/VB nice/JJ",,
sw08utt/sw_0858_2506.utt,2/sw2506,2506,107,qy^g,B,51,2,"{C but } I kind of like the freedom, too, don't you? /","but/CC I/PRP kind/RB of/RB like/IN the/DT freedom/NN ,/, too/RB ,/, do/VBP n't/RB you/PRP ?/.",,
sw08utt/sw_0858_2506.utt,2/sw2506,2506,108,no,A,52,1,"<Breathing> {D Well, } sometimes  /","Well/UH ,/, sometimes/RB",,
sw08utt/sw_0858_2506.utt,2/sw2506,2506,109,sv,A,52,2,"{C but } I tell you I'd sure like to be able to get on a bus or something and get to work,  /","but/CC I/PRP tell/VBP you/PRP I/PRP 'd/MD sure/RB like/VB to/TO be/VB able/JJ to/TO get/VB on/IN a/DT bus/NN or/CC something/NN and/CC get/VB to/IN work/NN ,/,",,
sw08utt/sw_0858_2506.utt,2/sw2506,2506,110,sd,A,52,3,"{C but } if I did it, it would take me an hour and fifteen minutes.  /","but/CC if/IN I/PRP did/VBD it/PRP ,/, it/PRP would/MD take/VB me/PRP an/DT hour/NN and/CC fifteen/CD minutes/NNS ./.",,
sw08utt/sw_0858_2506.utt,2/sw2506,2506,111,sd,A,52,4,"I would have to get on one and drive, or walk to a bu-, {D you know, } - /","I/PRP would/MD have/VB to/TO get/VB on/IN one/CD and/CC drive/VB ,/, or/CC walk/VB to/IN a/DT bu-/XX ,/, you/PRP know/VBP ,/,",,
sw08utt/sw_0858_2506.utt,2/sw2506,2506,112,sd,A,52,5,there's one terminal close to us  /,there/EX 's/BES one/CD terminal/NN close/RB to/IN us/PRP,,
sw08utt/sw_0858_2506.utt,2/sw2506,2506,113,sd,A,52,6,"{C and then } they'd drive me to the main terminal here, /","and/CC then/RB they/PRP 'd/MD drive/VB me/PRP to/IN the/DT main/JJ terminal/NN here/RB ,/,",,
sw08utt/sw_0858_2506.utt,2/sw2506,2506,114,b,B,53,1,Right. /,Right/UH ./.,,
sw08utt/sw_0858_2506.utt,2/sw2506,2506,115,sd,A,54,1,"then, I'd have to go to downtown Dallas and then walk over couple blocks and get on another bus to go to my school. /","then/RB ,/, I/PRP 'd/MD have/VB to/TO go/VB to/IN downtown/NN Dallas/NNP and/CC then/RB walk/VB over/RB couple/NN blocks/NNS and/CC get/VB on/IN another/DT bus/NN to/TO go/VB to/IN my/PRP$ school/NN ./.",,
sw08utt/sw_0858_2506.utt,2/sw2506,2506,116,sv,B,55,1,"If it's anything like, {F uh, } -/","If/IN it/PRP 's/BES anything/NN like/IN ,/, uh/UH ,/,",,
sw08utt/sw_0858_2506.utt,2/sw2506,2506,117,bf,A,56,1,{C So } that's too much. /,So/RB that/DT 's/BES too/RB much/JJ ./.,,
sw08utt/sw_0858_2506.utt,2/sw2506,2506,118,sv,B,57,1,"Dallas always has been,  /","Dallas/NNP always/RB has/VBZ been/VBN ,/,",,
sw08utt/sw_0858_2506.utt,2/sw2506,2506,119,sv,B,57,2,no one wants to be at downtown Dallas much. /,no/DT one/CD wants/VBZ to/TO be/VB at/IN downtown/NN Dallas/NNP much/JJ ./.,,
sw08utt/sw_0858_2506.utt,2/sw2506,2506,120,b,A,58,1,"Yeah,  /","Yeah/UH ,/,",,
sw08utt/sw_0858_2506.utt,2/sw2506,2506,121,sd,A,58,2,{C but } there sure are a lot of people that work down there. /,but/CC there/EX sure/RB are/VBP a/DT lot/NN of/IN people/NNS that/WDT work/VBP down/IN there/RB ./.,,
sw08utt/sw_0858_2506.utt,2/sw2506,2506,122,qy,B,59,1,Is the crime rate still bad? /,Is/VBZ the/DT crime/NN rate/NN still/RB bad/JJ ?/.,,
sw08utt/sw_0858_2506.utt,2/sw2506,2506,123,na,A,60,1,Definitely.  /,Definitely/UH ./.,,
sw08utt/sw_0858_2506.utt,2/sw2506,2506,124,sd,A,60,2,"{C And } I went down there a couple, maybe three weeks ago for a trial,  /","And/CC I/PRP went/VBD down/IN there/RB a/DT couple/NN ,/, maybe/RB three/CD weeks/NNS ago/RB for/IN a/DT trial/NN ,/,",,
sw08utt/sw_0858_2506.utt,2/sw2506,2506,125,sd,A,60,3,"{C and, } {E I mean, } all these people were standing up, that was, {D you know, } during the workday all along the [ cur-, + ] streets,","and/CC ,/, I/PRP mean/VBP ,/, all/PDT these/DT people/NNS were/VBD standing/VBG up/RB ,/, that/DT was/VBD ,/, you/PRP know/VBP ,/, during/IN the/DT workday/NN all/DT along/IN the/DT cur-/XX ,/, streets/NNS ,/,",,
sw08utt/sw_0858_2506.utt,2/sw2506,2506,126,b,B,61,1,{F Huh. } /,Huh/UH ./.,,
sw08utt/sw_0858_2506.utt,2/sw2506,2506,127,+,A,62,1,"{D you know, } just all around these vacant buildings,  (( just ))  a lot of vacant buildings,  /","you/PRP know/VBP ,/, just/RB all/RB around/IN these/DT vacant/JJ buildings/NNS ,/, just/RB a/DT lot/NN of/IN vacant/JJ buildings/NNS ,/,",,
sw08utt/sw_0858_2506.utt,2/sw2506,2506,128,sd,A,62,2,"{C and } they're just being demolished, /","and/CC they/PRP 're/VBP just/RB being/VBG demolished/VBN ,/,",,
sw08utt/sw_0858_2506.utt,2/sw2506,2506,129,b,B,63,1,{F Huh. } /,Huh/UH ./.,,
sw08utt/sw_0858_2506.utt,2/sw2506,2506,130,sd,A,64,1,"[ {C and, } + {C and } ] they stink  /","and/CC ,/, and/CC they/PRP stink/VBP",,
sw08utt/sw_0858_2506.utt,2/sw2506,2506,131,o@,A,64,2,"{C and, }","and/CC ,/,",,
sw08utt/sw_0858_2506.utt,2/sw2506,2506,132,b,B,65,1,Yeah. /,Yeah/UH ./.,,
sw08utt/sw_0858_2506.utt,2/sw2506,2506,133,+@,A,66,1,beer and wine bottles all over the place. /,beer/NN and/CC wine/NN bottles/NNS all/RB over/IN the/DT place/NN ./.,,
sw08utt/sw_0858_2506.utt,2/sw2506,2506,134,ba,B,67,1,"{F Huh, } that's terrible. /","Huh/UH ,/, that/DT 's/BES terrible/JJ ./.",,
sw08utt/sw_0858_2506.utt,2/sw2506,2506,135,b,A,68,1,Uh-huh. /,Uh-huh/UH ./.,,
sw08utt/sw_0858_2506.utt,2/sw2506,2506,136,sd,B,69,1,"{C So, } Garland, how nice is it now,  /","So/RB ,/, Garland/NNP ,/, how/WRB nice/JJ is/VBZ it/PRP now/RB ,/,",,
sw08utt/sw_0858_2506.utt,2/sw2506,2506,137,sd,B,69,2,it's been a while since I've been there. /,it/PRP 's/HVS been/VBN a/DT while/NN since/IN I/PRP 've/VBP been/VBN there/RB ./.,,
sw08utt/sw_0858_2506.utt,2/sw2506,2506,138,sv,A,70,1,"{D You know, } I think it might be up to two hundred and fifty thousand.  /","You/PRP know/VBP ,/, I/PRP think/VBP it/PRP might/MD be/VB up/IN to/IN two/CD hundred/CD and/CC fifty/CD thousand/CD ./.",,
sw08utt/sw_0858_2506.utt,2/sw2506,2506,139,sd,A,70,2,It's gotten big. /,It/PRP 's/HVS gotten/VBN big/JJ ./.,,
sw08utt/sw_0858_2506.utt,2/sw2506,2506,140,aa,B,71,1,"Yes,  /","Yes/UH ,/,",,
sw08utt/sw_0858_2506.utt,2/sw2506,2506,141,sd,B,71,2,it has. /,it/PRP has/VBZ ./.,,
sw08utt/sw_0858_2506.utt,2/sw2506,2506,142,sv,A,72,1,"I think when we moved here it was like a hundred and twenty, something like  that.  /","I/PRP think/VBP when/WRB we/PRP moved/VBD here/RB it/PRP was/VBD like/IN a/DT hundred/CD and/CC twenty/CD ,/, something/NN like/IN that/DT ./.",,
sw08utt/sw_0858_2506.utt,2/sw2506,2506,143,sd,A,72,2,"{C And } I didn't realize, when I moved here, that it was a separate town from Dallas <laughter>. /","And/CC I/PRP did/VBD n't/RB realize/VB ,/, when/WRB I/PRP moved/VBD here/RB ,/, that/WDT it/PRP was/VBD a/DT separate/JJ town/NN from/IN Dallas/NNP ./.",,
sw08utt/sw_0858_2506.utt,2/sw2506,2506,144,b,B,73,1,"{D Well, } yeah,  /","Well/UH ,/, yeah/UH ,/,",,
sw08utt/sw_0858_2506.utt,2/sw2506,2506,145,sd,B,73,2,it is. /,it/PRP is/VBZ ./.,,
sw08utt/sw_0858_2506.utt,2/sw2506,2506,146,sd,A,74,1,"I know, now <laughter>  /","I/PRP know/VBP ,/, now/RB",,
sw08utt/sw_0858_2506.utt,2/sw2506,2506,147,sd,A,74,2,{C but } I didn't. /,but/CC I/PRP did/VBD n't/RB ./.,,
sw08utt/sw_0858_2506.utt,2/sw2506,2506,148,qw,B,75,1,Where you from? /,Where/WRB you/PRP from/RB ?/.,,
sw08utt/sw_0858_2506.utt,2/sw2506,2506,149,sd,A,76,1,"I'm from Kilgore, Texas  /","I/PRP 'm/VBP from/IN Kilgore/NNP ,/, Texas/NNP",,
sw08utt/sw_0858_2506.utt,2/sw2506,2506,150,sd,A,76,2,"it's in east, -/","it/PRP 's/BES in/IN east/JJ ,/,",,
sw08utt/sw_0858_2506.utt,2/sw2506,2506,151,b^m,B,77,1,"Kilgore,  /","Kilgore/NNP ,/,",,
sw08utt/sw_0858_2506.utt,2/sw2506,2506,152,sd,B,77,2,I know where Kilgore is. /,I/PRP know/VBP where/WRB Kilgore/NNP is/VBZ ./.,,
sw08utt/sw_0858_2506.utt,2/sw2506,2506,153,qw,A,78,1,"{F Oh, } where you from? /","Oh/UH ,/, where/WRB you/PRP from/IN ?/.",,
sw08utt/sw_0858_2506.utt,2/sw2506,2506,154,sd,B,79,1,"[ I'm, + I'm ] originally from Lubbock. /","I/PRP 'm/VBP ,/, I/PRP 'm/VBP originally/RB from/IN Lubbock/NNP ./.",,
sw08utt/sw_0858_2506.utt,2/sw2506,2506,155,qy,A,80,1,Are you? /,Are/VBP you/PRP ?/.,,
sw08utt/sw_0858_2506.utt,2/sw2506,2506,156,ny,B,81,1,Yeah. /,Yeah/UH ./.,,
sw08utt/sw_0858_2506.utt,2/sw2506,2506,157,qw,A,82,1,"{C So, } why did you move up to Colorado? /","So/RB ,/, why/WRB did/VBD you/PRP move/VBP up/IN to/IN Colorado/NNP ?/.",,
sw08utt/sw_0858_2506.utt,2/sw2506,2506,158,sd,B,83,1,Seemed like the thing to do at the time. /,Seemed/VBN like/IN the/DT thing/NN to/TO do/VB at/IN the/DT time/NN ./.,,
sw08utt/sw_0858_2506.utt,2/sw2506,2506,159,sd,A,84,1,"{D Well, } it's real pretty up there.  /","Well/UH ,/, it/PRP 's/BES real/RB pretty/RB up/IN there/RB ./.",,
sw08utt/sw_0858_2506.utt,2/sw2506,2506,160,sd,A,84,2,"I have a friend,","I/PRP have/VBP a/DT friend/NN ,/,",,
sw08utt/sw_0858_2506.utt,2/sw2506,2506,161,sd,B,85,1,"{F Oh, } I love it,","Oh/UH ,/, I/PRP love/VBP it/PRP ,/,",,
sw08utt/sw_0858_2506.utt,2/sw2506,2506,162,+,A,86,1,in Denver. /,in/IN Denver/NNP ./.,,
sw08utt/sw_0858_2506.utt,2/sw2506,2506,163,+,B,87,1,the mountains.  /,the/DT mountains/NNS ./.,,
sw08utt/sw_0858_2506.utt,2/sw2506,2506,164,sd,B,87,2,"I love the mountains, /","I/PRP love/VBP the/DT mountains/NNS ,/,",,
sw08utt/sw_0858_2506.utt,2/sw2506,2506,165,qw,A,88,1,"What do you, -/","What/WP do/VBP you/PRP ,/,",,
sw08utt/sw_0858_2506.utt,2/sw2506,2506,166,ad,B,89,1,"{F uh, } back to the topic, /","uh/UH ,/, back/RB to/IN the/DT topic/NN ,/,",,
sw08utt/sw_0858_2506.utt,2/sw2506,2506,167,br,A,90,1,What? /,What/WP ?/.,,
sw08utt/sw_0858_2506.utt,2/sw2506,2506,168,sv,B,91,1,"it seems that, {F uh, } more and more people are not  ((   ))  owning traditional homes these days. /","it/PRP seems/VBZ that/IN ,/, uh/UH ,/, more/JJR and/CC more/JJR people/NNS are/VBP not/RB MUMBLEx/XX owning/VBG traditional/JJ homes/NNS these/DT days/NNS ./.",,
sw08utt/sw_0858_2506.utt,2/sw2506,2506,169,sv,A,92,1,"They're not owning homes, period. /","They/PRP 're/VBP not/RB owning/VBG homes/NNS ,/, period/NN ./.",,
sw08utt/sw_0858_2506.utt,2/sw2506,2506,170,b,B,93,1,"Yeah,  /","Yeah/UH ,/,",,
sw08utt/sw_0858_2506.utt,2/sw2506,2506,171,b^r,B,93,2,"yeah,  /","yeah/UH ,/,",,
sw08utt/sw_0858_2506.utt,2/sw2506,2506,172,sv,B,93,3,"{F uh, } everyone says, {D you know, } - /","uh/UH ,/, everyone/NN says/VBZ ,/, you/PRP know/VBP ,/,",,
sw08utt/sw_0858_2506.utt,2/sw2506,2506,173,sd(^q),B,93,4,"when I bought this several years ago when our local economy was good everyone said, no, no, you're crazy to buy a mobile home. /","when/WRB I/PRP bought/VBD this/DT several/JJ years/NNS ago/RB when/WRB our/PRP$ local/JJ economy/NN was/VBD good/JJ everyone/NN said/VBD ,/, no/UH ,/, no/UH ,/, you/PRP 're/VBP crazy/JJ to/TO buy/VB a/DT mobile/JJ home/NN ./.",,
sw08utt/sw_0858_2506.utt,2/sw2506,2506,174,b,A,94,1,Uh-huh. /,Uh-huh/UH ./.,,
sw08utt/sw_0858_2506.utt,2/sw2506,2506,175,sv,B,95,1,"<Breathing> {C But } now it seems that, {F uh, } with the local economy bad and T I - /","But/CC now/RB it/PRP seems/VBZ that/IN ,/, uh/UH ,/, with/IN the/DT local/JJ economy/NN bad/JJ and/CC T/NNP I/NNP",,
sw08utt/sw_0858_2506.utt,2/sw2506,2506,176,sv,B,95,2,"{C and }  (( strange ))  it seems that, {F uh, } -/","and/CC strange/JJ it/PRP seems/VBZ that/IN ,/, uh/UH ,/,",,
sw08utt/sw_0858_2506.utt,2/sw2506,2506,177,^2,A,96,1,It wasn't such a bad idea? /,It/PRP was/VBD n't/RB such/PDT a/DT bad/JJ idea/NN ?/.,,
sw08utt/sw_0858_2506.utt,2/sw2506,2506,178,sv,B,97,1,"{F Oh, } they're doing some back pedaling. /","Oh/UH ,/, they/PRP 're/VBP doing/VBG some/DT back/GW pedaling/^NN ./.",,
sw08utt/sw_0858_2506.utt,2/sw2506,2506,179,qy,A,98,1,"{C So, } have you got, {F uh, } land? /","So/RB ,/, have/VBP you/PRP got/VBN ,/, uh/UH ,/, land/NN ?/.",,
sw08utt/sw_0858_2506.utt,2/sw2506,2506,180,nn,B,99,1,"No,  /","No/UH ,/,",,
sw08utt/sw_0858_2506.utt,2/sw2506,2506,181,sd^e,B,99,2,"I'm renting at the time,  /","I/PRP 'm/VBP renting/VBG at/IN the/DT time/NN ,/,",,
sw08utt/sw_0858_2506.utt,2/sw2506,2506,182,%,B,99,3,{C so. } -/,so/RB ./.,,
sw08utt/sw_0858_2506.utt,2/sw2506,2506,183,sd,A,100,1,"I did that one year,  /","I/PRP did/VBD that/DT one/CD year/NN ,/,",,
sw08utt/sw_0858_2506.utt,2/sw2506,2506,184,sd,A,100,2,I lived with two other girls  /,I/PRP lived/VBD with/IN two/CD other/JJ girls/NNS,,
sw08utt/sw_0858_2506.utt,2/sw2506,2506,185,sd,A,100,3,{C and } we all taught.  /,and/CC we/PRP all/DT taught/VBD ./.,,
sw08utt/sw_0858_2506.utt,2/sw2506,2506,186,sd,A,100,4,"{C And } it was a two bedroom,  /","And/CC it/PRP was/VBD a/DT two/CD bedroom/NN ,/,",,
sw08utt/sw_0858_2506.utt,2/sw2506,2506,187,sd,A,100,5,"{C so, } we took turns, <laughter> {D you know, }","so/RB ,/, we/PRP took/VBD turns/NNS ,/, you/PRP know/VBP ,/,",,
sw08utt/sw_0858_2506.utt,2/sw2506,2506,188,ba,B,101,1,Gosh. /,Gosh/UH ./.,,
sw08utt/sw_0858_2506.utt,2/sw2506,2506,189,+,A,102,1,"[ having, + sharing ] the bedroom. /","having/VBG ,/, sharing/VBG the/DT bedroom/NN ./.",,
sw08utt/sw_0858_2506.utt,2/sw2506,2506,190,b,B,103,1,Yeah. /,Yeah/UH ./.,,
sw08utt/sw_0858_2506.utt,2/sw2506,2506,191,sd,A,104,1,I got to where I decided I wanted to pay more rent and get a private bedroom.  /,I/PRP got/VBD to/IN where/WRB I/PRP decided/VBD I/PRP wanted/VBD to/TO pay/VB more/JJR rent/NN and/CC get/VB a/DT private/JJ bedroom/NN ./.,,
sw08utt/sw_0858_2506.utt,2/sw2506,2506,192,sd,A,104,2,{C And then } we had two baths  /,And/CC then/RB we/PRP had/VBD two/CD baths/NNS,,
sw08utt/sw_0858_2506.utt,2/sw2506,2506,193,sd,A,104,3,"it was just, [ one, + ] the little bathroom, were the thing that really bothered me because I felt real closed in. /","it/PRP was/VBD just/RB ,/, one/CD ,/, the/DT little/JJ bathroom/NN ,/, were/VBD the/DT thing/NN that/WDT really/RB bothered/VBD me/PRP because/IN I/PRP felt/VBD real/RB closed/JJ in/RP ./.",,
sw08utt/sw_0858_2506.utt,2/sw2506,2506,194,sv,B,105,1,"{D Well, } mobile homes have changed a lot probably since you had one. /","Well/UH ,/, mobile/JJ homes/NNS have/VBP changed/VBN a/DT lot/NN probably/RB since/IN you/PRP had/VBD one/CD ./.",,
sw08utt/sw_0858_2506.utt,2/sw2506,2506,195,sd,A,106,1,That was in the seventies. /,That/DT was/VBD in/IN the/DT seventies/NNS ./.,,
sw08utt/sw_0858_2506.utt,2/sw2506,2506,196,sd,B,107,1,"[ Ours is wood s-, + ours is wood sided, ] /","Ours/PRP is/VBZ wood/NN s-/XX ,/, ours/PRP is/VBZ wood/NN sided/JJ ,/,",,
sw08utt/sw_0858_2506.utt,2/sw2506,2506,197,b,A,108,1,Uh-huh. /,Uh-huh/UH ./.,,
sw08utt/sw_0858_2506.utt,2/sw2506,2506,198,sd,B,109,1,"{C and } it has a traditional  (( V top )) ,","and/CC it/PRP has/VBZ a/DT traditional/JJ V/SYM top/NN ,/,",,
sw08utt/sw_0858_2506.utt,2/sw2506,2506,199,fa,A,110,1,<Sneezing> I'm sorry. /,I/PRP 'm/VBP sorry/JJ ./.,,
sw08utt/sw_0858_2506.utt,2/sw2506,2506,200,+,B,111,1,"roof,  /","roof/NN ,/,",,
sw08utt/sw_0858_2506.utt,2/sw2506,2506,201,sd,B,111,2,"{C and, } {F uh, } it's nine hundred and eighty square foot.  /","and/CC ,/, uh/UH ,/, it/PRP 's/BES nine/CD hundred/CD and/CC eighty/CD square/NN foot/NN ./.",,
sw08utt/sw_0858_2506.utt,2/sw2506,2506,202,qy^d,B,111,3,"What, two bedroom, one bath,","What/WP ,/, two/CD bedroom/NN ,/, one/CD bath/NN ,/,",,
sw08utt/sw_0858_2506.utt,2/sw2506,2506,203,ny,A,112,1,Uh-huh. /,Uh-huh/UH ./.,,
sw08utt/sw_0858_2506.utt,2/sw2506,2506,204,+,B,113,1,rooms are nice sized.  /,rooms/NNS are/VBP nice/JJ sized/JJ ./.,,
sw08utt/sw_0858_2506.utt,2/sw2506,2506,205,sd,B,113,2,"{D Well, } you can imagine nine hundred eighty square foot broke up into two bedrooms, one bath, /","Well/UH ,/, you/PRP can/MD imagine/VB nine/CD hundred/CD eighty/CD square/NN foot/NN broke/VBD up/RP into/IN two/CD bedrooms/NNS ,/, one/CD bath/NN ,/,",,
sw08utt/sw_0858_2506.utt,2/sw2506,2506,206,qy,A,114,1,"<Sneezing> {C So } [ have, +","So/RB have/VBP ,/,",,
sw08utt/sw_0858_2506.utt,2/sw2506,2506,207,sd,B,115,1,"[ it's, + it's ] comfy. /","it/PRP 's/BES ,/, it/PRP 's/BES comfy/JJ ./.",,
sw08utt/sw_0858_2506.utt,2/sw2506,2506,208,+,A,116,1,Have ] you got it under  ((   )) ? -/,Have/VBP you/PRP got/VBN it/PRP under/IN MUMBLEx/XX ?/.,,
sw08utt/sw_0858_2506.utt,2/sw2506,2506,209,ny,B,117,1,Yes. /,Yes/UH ./.,,
sw08utt/sw_0858_2506.utt,2/sw2506,2506,210,qy,A,118,1,Are you required to by law? /,Are/VBP you/PRP required/VBN to/TO by/IN law/NN ?/.,,
sw08utt/sw_0858_2506.utt,2/sw2506,2506,211,o@,B,119,1,"I,","I/PRP ,/,",,
sw08utt/sw_0858_2506.utt,2/sw2506,2506,212,sd,A,120,1,We were down here. /,We/PRP were/VBD down/IN here/RB ./.,,
sw08utt/sw_0858_2506.utt,2/sw2506,2506,213,+@,B,121,1,don't know whether it is or not.  /,do/VBP n't/RB know/VB whether/IN it/PRP is/VBZ or/CC not/RB ./.,,
sw08utt/sw_0858_2506.utt,2/sw2506,2506,214,sd,B,121,2,It was already setup when we bought it. /,It/PRP was/VBD already/RB setup/NN when/WRB we/PRP  bought/VBD it/PRP ./.,,
sw08utt/sw_0858_2506.utt,2/sw2506,2506,215,b,A,122,1,"Yeah,  /","Yeah/UH ,/,",,
sw08utt/sw_0858_2506.utt,2/sw2506,2506,216,sv,A,122,2,"{D well, } I bet it's not bad. /","well/UH ,/, I/PRP bet/VBP it/PRP 's/BES not/RB bad/JJ ./.",,
sw08utt/sw_0858_2506.utt,2/sw2506,2506,217,b,B,123,1,"{F Oh, } yeah,  /","Oh/UH ,/, yeah/UH ,/,",,
sw08utt/sw_0858_2506.utt,2/sw2506,2506,218,sd,B,123,2,"it's wood sided it has sheetrock everywhere,  /","it/PRP 's/BES wood/NN sided/JJ it/PRP has/VBZ sheetrock/NN everywhere/RB ,/,",,
sw08utt/sw_0858_2506.utt,2/sw2506,2506,219,sd,B,123,3,"[ {C and, } + {F uh, } {D you know, } {C so, } ] it's quieter than you remember mobile homes to be. /","and/CC ,/, uh/UH ,/, you/PRP know/VBP ,/, so/RB ,/, it/PRP 's/BES quieter/JJR than/IN you/PRP remember/VBP mobile/JJ homes/NNS to/TO be/VB ./.",,
sw08utt/sw_0858_2506.utt,2/sw2506,2506,220,b,A,124,1,"Okay,  /","Okay/UH ,/,",,
sw08utt/sw_0858_2506.utt,2/sw2506,2506,221,qw,A,124,2,{C but } how much is yours?  /,but/CC how/WRB much/NN is/VBZ yours/PRP ?/.,,
sw08utt/sw_0858_2506.utt,2/sw2506,2506,222,sd,A,124,3,"When we bought ours we were paying [ tw-, + ] {F uh, } three hundred twenty-nine dollars. /","When/WRB we/PRP bought/VBD ours/PRP we/PRP were/VBD paying/VBG tw-/XX ,/, uh/UH ,/, three/CD hundred/CD twenty-nine/CD dollars/NNS ./.",,
sw08utt/sw_0858_2506.utt,2/sw2506,2506,223,sd,B,125,1,"{F Oh, } our payments are like two twenty. /","Oh/UH ,/, our/PRP$ payments/NNS are/VBP like/IN two/CD twenty/CD ./.",,
sw08utt/sw_0858_2506.utt,2/sw2506,2506,224,qw,A,126,1,For how many years? /,For/IN how/WRB many/JJ years/NNS ?/.,,
sw08utt/sw_0858_2506.utt,2/sw2506,2506,225,sd,B,127,1,Fifteen. /,Fifteen/CD ./.,,
sw08utt/sw_0858_2506.utt,2/sw2506,2506,226,sv,A,128,1,"(( {F Oh, } {C so, } ))  it was still a lot cheaper, /","Oh/UH ,/, so/RB ,/, it/PRP was/VBD still/RB a/DT lot/NN cheaper/JJR ,/,",,
sw08utt/sw_0858_2506.utt,2/sw2506,2506,227,br,B,129,1,"{C And, } {F uh, } what? /","And/CC ,/, uh/UH ,/, what/WP ?/.",,
sw08utt/sw_0858_2506.utt,2/sw2506,2506,228,sv^r,A,130,1,"{C so, } it was still a lot cheaper than what we gave because ours is thirty years,  /","so/RB ,/, it/PRP was/VBD still/RB a/DT lot/NN cheaper/JJR than/IN what/WP we/PRP gave/VBD because/IN ours/PRP is/VBZ thirty/CD years/NNS ,/,",,
sw08utt/sw_0858_2506.utt,2/sw2506,2506,229,sd,A,130,2,"{C and } we bought one of the cheapest houses, {D you know, } a tract house. /","and/CC we/PRP bought/VBD one/CD of/IN the/DT cheapest/JJS houses/NNS ,/, you/PRP know/VBP ,/, a/DT tract/NN house/NN ./.",,
sw08utt/sw_0858_2506.utt,2/sw2506,2506,230,b,B,131,1,"Yeah,  /","Yeah/UH ,/,",,
sw08utt/sw_0858_2506.utt,2/sw2506,2506,231,b,B,131,2,"{F oh, } yes.  /","oh/UH ,/, yes/UH ./.",,
sw08utt/sw_0858_2506.utt,2/sw2506,2506,232,sd,B,131,3,"A mobile home's a heck of a lot cheaper,  /","A/DT mobile/JJ home/NN 's/BES a/DT heck/NN of/IN a/DT lot/NN cheaper/JJR ,/,",,
sw08utt/sw_0858_2506.utt,2/sw2506,2506,233,sd@,B,131,4,"{C and, } {D well, } {D actually } whenever we got ours we picked it up used, {D you know, } three or four years used,  <whispering> [ and, + ] {F uh, }","and/CC ,/, well/UH ,/, actually/UH whenever/WRB we/PRP got/VBD ours/PRP we/PRP picked/VBD it/PRP up/RP used/JJ ,/, you/PRP know/VBP ,/, three/CD or/CC four/CD years/NNS used/JJ ,/, and/CC ,/, uh/UH ,/,",,
sw08utt/sw_0858_2506.utt,2/sw2506,2506,234,qy^d,A,132,1,Which probably didn't make much difference. /,Which/WDT probably/RB did/VBD n't/RB make/VB much/JJ difference/NN ./.,,
sw08utt/sw_0858_2506.utt,2/sw2506,2506,235,+@,B,133,1,"{D Well, } yeah,  /","Well/UH ,/, yeah/UH ,/,",,
sw08utt/sw_0858_2506.utt,2/sw2506,2506,236,sd^e,B,133,2,it did. /,it/PRP did/VBD ./.,,
sw08utt/sw_0858_2506.utt,2/sw2506,2506,237,qy,A,134,1,(( have a ))   ((   ))  in it. -/,have/VBP a/DT MUMBLEx/XX in/IN it/PRP ./.,,
sw08utt/sw_0858_2506.utt,2/sw2506,2506,238,nn,B,135,1,"No,  /","No/UH ,/,",,
sw08utt/sw_0858_2506.utt,2/sw2506,2506,239,nn^r,B,135,2,"no,  /","no/UH ,/,",,
sw08utt/sw_0858_2506.utt,2/sw2506,2506,240,nn^r,B,135,3,no  /,no/UH,,
sw08utt/sw_0858_2506.utt,2/sw2506,2506,241,sd^e,B,135,4,"what I meant, not in quality, - /","what/WP I/PRP meant/VBD ,/, not/RB in/IN quality/NN ,/,",,
sw08utt/sw_0858_2506.utt,2/sw2506,2506,242,sd,B,135,5,"what I meant was,","what/WP I/PRP meant/VBD was/VBD ,/,",,
sw08utt/sw_0858_2506.utt,2/sw2506,2506,243,^2,A,136,1,In the price. /,In/IN the/DT price/NN ./.,,
sw08utt/sw_0858_2506.utt,2/sw2506,2506,244,+,B,137,1,four years equity costs five hundred dollars. /,four/CD years/NNS equity/NN costs/NNS five/CD hundred/CD dollars/NNS ./.,,
sw08utt/sw_0858_2506.utt,2/sw2506,2506,245,ba,A,138,1,"{D Gee, } nice, {F huh. }  /","Gee/UH ,/, nice/UH ,/, huh/UH ./.",,
sw08utt/sw_0858_2506.utt,2/sw2506,2506,246,ba,A,138,2,That sounds good. /,That/DT sounds/VBZ good/JJ ./.,,
sw08utt/sw_0858_2506.utt,2/sw2506,2506,247,sd,B,139,1,"{C So, } {D you know, } there's not that much time left on the loan  /","So/RB ,/, you/PRP know/VBP ,/, there/EX 's/BES not/RB that/RB much/JJ time/NN left/VBN on/IN the/DT loan/NN",,
sw08utt/sw_0858_2506.utt,2/sw2506,2506,248,%,B,139,2,"{C and, } -/","and/CC ,/,",,
sw08utt/sw_0858_2506.utt,2/sw2506,2506,249,qy,A,140,1,"{C So, } if the economy gets better, are you going to get [ another one, + another house? ] /","So/RB ,/, if/IN the/DT economy/NN gets/VBZ better/JJR ,/, are/VBP you/PRP going/VBG to/TO get/VB another/DT one/CD ,/, another/DT house/NN ?/.",,
sw08utt/sw_0858_2506.utt,2/sw2506,2506,250,h,B,141,1,"I, don't know. /","I/PRP ,/, do/VBP n't/RB know/VB ./.",,
sw08utt/sw_0858_2506.utt,2/sw2506,2506,251,^g,A,142,1,No? /,No/UH ?/.,,
sw08utt/sw_0858_2506.utt,2/sw2506,2506,252,ng,B,143,1,"{F Uh, } to tell you the truth right now it feels kind of comfy to have our mobile home and have it so close to paid for.  /","Uh/UH ,/, to/TO tell/VB you/PRP the/DT truth/NN right/RB now/RB it/PRP feels/VBZ kind/RB of/RB comfy/JJ to/TO have/VB our/PRP$ mobile/JJ home/NN and/CC have/VBP it/PRP so/RB close/RB to/IN paid/VBN for/RB ./.",,
sw08utt/sw_0858_2506.utt,2/sw2506,2506,253,sv,B,143,2,"{D You know, } it's like me to pickup and move [ somewhere else, + somewhere else ] is easy. /","You/PRP know/VBP ,/, it/PRP 's/BES like/IN me/PRP to/TO pickup/^VB^RP and/CC move/VB somewhere/RB else/RB ,/, somewhere/RB else/RB is/VBZ easy/JJ ./.",,
sw08utt/sw_0858_2506.utt,2/sw2506,2506,254,sd,A,144,1,"{C But } you wouldn't take that mobile home,  /","But/CC you/PRP would/MD n't/RB take/VB that/DT mobile/JJ home/NN ,/,",,
sw08utt/sw_0858_2506.utt,2/sw2506,2506,255,^g,A,144,2,right? /,right/UH ?/.,,
sw08utt/sw_0858_2506.utt,2/sw2506,2506,256,na,B,145,1,Sure. /,Sure/UH ./.,,
sw08utt/sw_0858_2506.utt,2/sw2506,2506,257,qy^d,A,146,1,You would? /,You/PRP would/MD ?/.,,
sw08utt/sw_0858_2506.utt,2/sw2506,2506,258,na,B,147,1,"Sure,  /","Sure/UH ,/,",,
sw08utt/sw_0858_2506.utt,2/sw2506,2506,259,na,B,147,2,absolutely. /,absolutely/UH ./.,,
sw08utt/sw_0858_2506.utt,2/sw2506,2506,260,qy^d,A,148,1,It would be cheaper to move that than buy another one. /,It/PRP would/MD be/VB cheaper/JJR to/TO move/VB that/DT than/IN buy/VB another/DT one/CD ./.,,
sw08utt/sw_0858_2506.utt,2/sw2506,2506,261,na,B,149,1,"{F Oh, } absolutely.  /","Oh/UH ,/, absolutely/UH ./.",,
sw08utt/sw_0858_2506.utt,2/sw2506,2506,262,sd,B,149,2,"[ When I, + {D you know, } when you ] talk about the deal {D like } I got, {D yeah, }  {D yeah, }  it would be cheaper.  /","When/WRB I/PRP ,/, you/PRP know/VBP ,/, when/WRB you/PRP talk/VBP about/IN the/DT deal/NN like/IN I/PRP got/VBD ,/, yeah/UH ,/, yeah/UH ,/, it/PRP would/MD be/VB cheaper/JJR ./.",,
sw08utt/sw_0858_2506.utt,2/sw2506,2506,263,sd,B,149,3,"{F Uh, } especially if it were a paid move or  something.  /","Uh/UH ,/, especially/RB if/IN it/PRP were/VBD a/DT paid/JJ move/NN or/CC something/NN ./.",,
sw08utt/sw_0858_2506.utt,2/sw2506,2506,264,sd,B,149,4,"{D You know, } there's some paid moves occasionally. /","You/PRP know/VBP ,/, there/EX 's/BES some/DT paid/JJ moves/NNS occasionally/RB ./.",,
sw08utt/sw_0858_2506.utt,2/sw2506,2506,265,qy,A,150,1,T I would pay to move you? /,T/NNP I/NNP would/MD pay/VB to/TO move/VB you/PRP ?/.,,
sw08utt/sw_0858_2506.utt,2/sw2506,2506,266,h,B,151,1,I don't know  /,I/PRP do/VBP n't/RB know/VB,,
sw08utt/sw_0858_2506.utt,2/sw2506,2506,267,sd,B,151,2,"{C but } they did, - /","but/CC they/PRP did/VBD ,/,",,
sw08utt/sw_0858_2506.utt,2/sw2506,2506,268,sd,B,151,3,"[ when I, + when I ] moved up here, - /","when/WRB I/PRP ,/, when/WRB I/PRP moved/VBD up/IN here/RB ,/,",,
sw08utt/sw_0858_2506.utt,2/sw2506,2506,269,sd,B,151,4,"{C so, } they might want to move away. /","so/RB ,/, they/PRP might/MD want/VB to/TO move/VB away/RB ./.",,
sw08utt/sw_0858_2506.utt,2/sw2506,2506,270,qw,A,152,1,"{C So, } how many years you been up there? /","So/RB ,/, how/WRB many/JJ years/NNS you/PRP been/VBN up/IN there/RB ?/.",,
sw08utt/sw_0858_2506.utt,2/sw2506,2506,271,sd,B,153,1,"{F Uh, } six or seven. /","Uh/UH ,/, six/CD or/CC seven/CD ./.",,
sw08utt/sw_0858_2506.utt,2/sw2506,2506,272,qy,A,154,1,Do you snow ski? /,Do/VBP you/PRP snow/NN ski/VB ?/.,,
sw08utt/sw_0858_2506.utt,2/sw2506,2506,273,na,B,155,1,"{F Uh, } a [ little bit, + little bit, ]  /","Uh/UH ,/, a/DT little/JJ bit/NN ,/, little/JJ bit/NN ,/,",,
sw08utt/sw_0858_2506.utt,2/sw2506,2506,274,sd,B,155,2,"mostly I just <noise>, love walking in the mountains, driving in the mountains. /","mostly/RB I/PRP just/RB ,/, love/VBP walking/VBG in/IN the/DT mountains/NNS ,/, driving/VBG in/IN the/DT mountains/NNS ./.",,
sw08utt/sw_0858_2506.utt,2/sw2506,2506,275,sd,A,156,1,It's real pretty.  /,It/PRP 's/BES real/RB pretty/RB ./.,,
sw08utt/sw_0858_2506.utt,2/sw2506,2506,276,sd,A,156,2,I went rock climbing one time. /,I/PRP went/VBD rock/NN climbing/VBG one/CD time/NN ./.,,
sw08utt/sw_0858_2506.utt,2/sw2506,2506,277,ba,B,157,1,"{F Oh, } that's exciting. /","Oh/UH ,/, that/DT 's/BES exciting/JJ ./.",,
sw08utt/sw_0858_2506.utt,2/sw2506,2506,278,sd,A,158,1,my friend talked me in that <laughter>.  /,my/PRP$ friend/NN talked/VBD me/PRP in/IN that/DT ./.,,
sw08utt/sw_0858_2506.utt,2/sw2506,2506,279,sd,A,158,2,"I'm a real, {F um, } scaredy when it comes to heights  /","I/PRP 'm/VBP a/DT real/RB ,/, um/UH ,/, scaredy/JJ when/WRB it/PRP comes/VBZ to/IN heights/NNS",,
sw08utt/sw_0858_2506.utt,2/sw2506,2506,280,sd,A,158,3,"{C but } once we got on top of the rocks it was quite, -/","but/CC once/RB we/PRP got/VBD on/IN top/NN of/IN the/DT rocks/NNS it/PRP was/VBD quite/RB ,/,",,
