swda_filename,ptb_basename,conversation_no,transcript_index,act_tag,caller,utterance_index,subutterance_index,text,pos,trees,ptb_treenumbers
sw08utt/sw_0848_4666.utt,4/sw4666,4666,0,%,B,1,1,"{D Actually, } I'm in, - /","Actually/UH ,/, I/PRP 'm/VBP in/IN ,/,",,
sw08utt/sw_0848_4666.utt,4/sw4666,4666,1,sd,B,1,2,"like I said, I'm in Minneapolis  /","like/IN I/PRP said/VBD ,/, I/PRP 'm/VBP in/IN Minneapolis/NNP",,
sw08utt/sw_0848_4666.utt,4/sw4666,4666,2,sd,B,1,3,"{C and } the big thing up here, of course, is the twins.  # {F Uh, } # /","and/CC the/DT big/JJ thing/NN up/IN here/RB ,/, of/IN course/NN ,/, is/VBZ the/DT twins/NNPS ./. Uh/UH ,/,",,
sw08utt/sw_0848_4666.utt,4/sw4666,4666,3,sv,A,2,1,# I # imagine you can't escape it <laughter>. /,I/PRP imagine/VBP you/PRP ca/MD n't/RB escape/VB it/PRP ./.,,
sw08utt/sw_0848_4666.utt,4/sw4666,4666,4,aa,B,3,1,"No,  /","No/UH ,/,",,
sw08utt/sw_0848_4666.utt,4/sw4666,4666,5,sv,B,3,2,"[ it's, + it's ] pretty pervasive.  /","it/PRP 's/BES ,/, it/PRP 's/BES pretty/RB pervasive/JJ ./.",,
sw08utt/sw_0848_4666.utt,4/sw4666,4666,6,sv,B,3,3,It kind of goes <laughter> into about all aspects of society I think up here.  /,It/PRP kind/RB of/RB goes/VBZ into/IN about/RB all/DT aspects/NNS of/IN society/NN I/PRP think/VBP up/IN here/RB ./.,,
sw08utt/sw_0848_4666.utt,4/sw4666,4666,7,qy^d,B,3,4,"{C But, } {F uh, } {D actually, } I don't know how much of the World Series you caught last year,  /","But/CC ,/, uh/UH ,/, actually/UH ,/, I/PRP do/VBP n't/RB know/VB how/WRB much/JJ of/IN the/DT World/NNP Series/NNP you/PRP caught/VBD last/JJ year/NN ,/,",,
sw08utt/sw_0848_4666.utt,4/sw4666,4666,8,sd,B,3,5,{C but } that was a lot of fun  ((   )) . /,but/CC that/DT was/VBD a/DT lot/NN of/IN fun/NN MUMBLEx/XX ./.,,
sw08utt/sw_0848_4666.utt,4/sw4666,4666,9,sv,A,4,1,"{D Well, } of course, it was fun for you <laughter>. /","Well/UH ,/, of/IN course/NN ,/, it/PRP was/VBD fun/JJ for/IN you/PRP ./.",,
sw08utt/sw_0848_4666.utt,4/sw4666,4666,10,sd,B,5,1,"<Laughter> {D Well, } to be honest with you, I'm not from Minneapolis.  /","Well/UH ,/, to/TO be/VB honest/JJ with/IN you/PRP ,/, I/PRP 'm/VBP not/RB from/IN Minneapolis/NNP ./.",,
sw08utt/sw_0848_4666.utt,4/sw4666,4666,11,sd,B,5,2,"In fact, I've only been up here a few months  /","In/IN fact/NN ,/, I/PRP 've/VBP only/RB been/VBN up/IN here/RB a/DT few/JJ months/NNS",,
sw08utt/sw_0848_4666.utt,4/sw4666,4666,12,sd,B,5,3,{C and } I'm going back at the end of next month. /,and/CC I/PRP 'm/VBP going/VBG back/RB at/IN the/DT end/NN of/IN next/JJ month/NN ./.,,
sw08utt/sw_0848_4666.utt,4/sw4666,4666,13,qw,A,6,1,To? /,To/IN ?/.,,
sw08utt/sw_0848_4666.utt,4/sw4666,4666,14,sd,B,7,1,"{F Uh, } Orlando, Florida. /","Uh/UH ,/, Orlando/NNP ,/, Florida/NNP ./.",,
sw08utt/sw_0848_4666.utt,4/sw4666,4666,15,b,A,8,1,"{F Oh, } really. /","Oh/UH ,/, really/UH ./.",,
sw08utt/sw_0848_4666.utt,4/sw4666,4666,16,sd,B,9,1,{C So } I'm not exactly a real Twins fan from birth or anything.  /,So/RB I/PRP 'm/VBP not/RB exactly/RB a/DT real/JJ Twins/NNPS fan/NN from/IN birth/NN or/CC anything/NN ./.,,
sw08utt/sw_0848_4666.utt,4/sw4666,4666,17,%,B,9,2,"{C But, } -/","But/CC ,/,",,
sw08utt/sw_0848_4666.utt,4/sw4666,4666,18,sd,A,10,1,"I was born and raised [ in, + ] {F uh, } near Miami  and, {F uh, } # spent the # --","I/PRP was/VBD born/VBN and/CC raised/VBN in/IN ,/, uh/UH ,/, near/RB Miami/NNP and/CC ,/, uh/UH ,/, spent/VBD the/DT --/:",,
sw08utt/sw_0848_4666.utt,4/sw4666,4666,19,b,B,11,1,"# {F Oh, } yeah. # /","Oh/UH ,/, yeah/UH ./.",,
sw08utt/sw_0848_4666.utt,4/sw4666,4666,20,+,A,12,1,-- last twenty years in Dallas --,--/: last/JJ twenty/CD years/NNS in/IN Dallas/NNP --/:,,
sw08utt/sw_0848_4666.utt,4/sw4666,4666,21,b,B,13,1,Oh. /,Oh/UH ./.,,
sw08utt/sw_0848_4666.utt,4/sw4666,4666,22,+,A,14,1,"-- {F uh, } where the Rangers played. /","--/: uh/UH ,/, where/WRB the/DT Rangers/NNPS played/VBD ./.",,
sw08utt/sw_0848_4666.utt,4/sw4666,4666,23,b,B,15,1,Uh-huh. /,Uh-huh/UH ./.,,
sw08utt/sw_0848_4666.utt,4/sw4666,4666,24,sd,A,16,1,"{C And, } {F uh, } # for the # --","And/CC ,/, uh/UH ,/, for/IN the/DT --/:",,
sw08utt/sw_0848_4666.utt,4/sw4666,4666,25,x,B,17,1,#  ((   )) . #,MUMBLEx/XX ./.,,
sw08utt/sw_0848_4666.utt,4/sw4666,4666,26,+,A,18,1,"-- last, {F uh, } [ what, + ] [  year, + roughly year, ] I've been in San Francisco where there are two teams.  The Oakland A -s and the San Francisco Giants. /","--/: last/JJ ,/, uh/UH ,/, what/WP ,/, year/NN ,/, roughly/RB year/NN ,/, I/PRP 've/VBP been/VBN in/IN San/NNP Francisco/NNP where/WRB there/EX are/VBP two/CD teams/NNS ./. The/DT Oakland/NNP A/NNP -s/NNPS and/CC the/DT San/NNP Francisco/NNP Giants/NNPS ./.",,
sw08utt/sw_0848_4666.utt,4/sw4666,4666,27,b,B,19,1,Right. /,Right/UH ./.,,
sw08utt/sw_0848_4666.utt,4/sw4666,4666,28,sd,A,20,1,"{F Uh, } {C but } honestly, {D you know, } [ I, + {F uh, } I ] do my duty and watch the sports # on, {F uh, } #","Uh/UH ,/, but/CC honestly/RB ,/, you/PRP know/VBP ,/, I/PRP ,/, uh/UH ,/, I/PRP do/VBP my/PRP$ duty/NN and/CC watch/VBP the/DT sports/NNS on/IN ,/, uh/UH ,/,",,
sw08utt/sw_0848_4666.utt,4/sw4666,4666,29,x,B,21,1,# <Laughter>. #,,,
sw08utt/sw_0848_4666.utt,4/sw4666,4666,30,+,A,22,1,the newscasts -- /,the/DT newscasts/NNS --/:,,
sw08utt/sw_0848_4666.utt,4/sw4666,4666,31,b,B,23,1,"{F Oh, } okay. /","Oh/UH ,/, okay/UH ./.",,
sw08utt/sw_0848_4666.utt,4/sw4666,4666,32,sd,A,24,1,-- {C but } that's about all the exposure I have to sports. /,--/: but/CC that/DT 's/BES about/RB all/PDT the/DT exposure/NN I/PRP have/VBP to/IN sports/NNS ./.,,
sw08utt/sw_0848_4666.utt,4/sw4666,4666,33,b,B,25,1,"Yeah,  /","Yeah/UH ,/,",,
sw08utt/sw_0848_4666.utt,4/sw4666,4666,34,sd,B,25,2,"I haven't followed it real closely at all.  {F Uh, } except like I said, last year when the World Series rolled around, [ I did, + I did ] follow that pretty religiously.  /","I/PRP have/VBP n't/RB followed/VBN it/PRP real/RB closely/RB at/IN all/DT ./. Uh/UH ,/, except/IN like/IN I/PRP said/VBD ,/, last/JJ year/NN when/WRB the/DT World/NNP Series/NNP rolled/VBD around/IN ,/, I/PRP did/VBD ,/, I/PRP did/VBD follow/VB that/DT pretty/RB religiously/RB ./.",,
sw08utt/sw_0848_4666.utt,4/sw4666,4666,35,sd,B,25,3,"Went out into the bars, {D you know } --","Went/VBD out/IN into/IN the/DT bars/NNS ,/, you/PRP know/VBP --/:",,
sw08utt/sw_0848_4666.utt,4/sw4666,4666,36,b,A,26,1,Uh-huh  /,Uh-huh/UH,,
sw08utt/sw_0848_4666.utt,4/sw4666.pos,4666,37,x@,A,26,2,<noise> <<sounds like a train>>.,./.
sw08utt/sw_0848_4666.utt,4/sw4666,4666,38,+,B,27,1,"-- drank a beer, watched the game, had [ a gir-, + a good ] time that way. /","--/: drank/VBD a/DT beer/NN ,/, watched/VBD the/DT game/NN ,/, had/VBD a/DT gir-/XX ,/, a/DT good/JJ time/NN that/DT way/NN ./.",,
sw08utt/sw_0848_4666.utt,4/sw4666,4666,39,+@,A,28,1,"{F Oh, } yeah,  /","Oh/UH ,/, yeah/UH ,/,",,
sw08utt/sw_0848_4666.utt,4/sw4666,4666,40,b,A,28,2,sure. /,sure/UH ./.,,
sw08utt/sw_0848_4666.utt,4/sw4666,4666,41,%,B,29,1,"# {C But, } {F uh, } # /","But/CC ,/, uh/UH ,/,",,
sw08utt/sw_0848_4666.utt,4/sw4666,4666,42,sv,A,30,1,"# {D Well, } I # guess the, {F uh, } San Francisco Giants and the Oakland A -s were {D like } the leading teams a couple of years ago. /","Well/UH ,/, I/PRP guess/VBP the/DT ,/, uh/UH ,/, San/NNP Francisco/NNP Giants/NNPS and/CC the/DT Oakland/NNP A/NNP -s/NNPS were/VBD like/IN the/DT leading/VBG teams/NNS a/DT couple/NN of/IN years/NNS ago/RB ./.",,
sw08utt/sw_0848_4666.utt,4/sw4666,4666,43,qy,B,31,1,Is that right? /,Is/VBZ that/DT right/JJ ?/.,,
sw08utt/sw_0848_4666.utt,4/sw4666,4666,44,%,A,32,1,"{D Well, } I th-, - /","Well/UH ,/, I/PRP th-/XX ,/,",,
sw08utt/sw_0848_4666.utt,4/sw4666,4666,45,h,A,32,2,{D well } I don't know.  /,well/UH I/PRP do/VBP n't/RB know/VB ./.,,
sw08utt/sw_0848_4666.utt,4/sw4666,4666,46,h,A,32,3,That's sort of what I gather. /,That/DT 's/BES sort/RB of/RB what/WP I/PRP gather/VBP ./.,,
sw08utt/sw_0848_4666.utt,4/sw4666,4666,47,b,B,33,1,Uh-huh. /,Uh-huh/UH ./.,,
sw08utt/sw_0848_4666.utt,4/sw4666,4666,48,h,A,34,1,"{F Um, } {C and, } {F uh, } I don't know.  /","Um/UH ,/, and/CC ,/, uh/UH ,/, I/PRP do/VBP n't/RB know/VB ./.",,
sw08utt/sw_0848_4666.utt,4/sw4666,4666,49,qw,A,34,2,"What is the prognosis for, {F uh, } this year? /","What/WP is/VBZ the/DT prognosis/NN for/IN ,/, uh/UH ,/, this/DT year/NN ?/.",,
sw08utt/sw_0848_4666.utt,4/sw4666,4666,50,sd,B,35,1,"{F Uh, } real good as far as I can tell.  /","Uh/UH ,/, real/JJ good/JJ as/RB far/RB as/IN I/PRP can/MD tell/VB ./.",,
sw08utt/sw_0848_4666.utt,4/sw4666,4666,51,sv,B,35,2,People # are pretty excited about it. # /,People/NNS are/VBP pretty/RB excited/JJ about/IN it/PRP ./.,,
sw08utt/sw_0848_4666.utt,4/sw4666,4666,52,ba,A,36,1,# Good.  /,Good/UH ./.,,
sw08utt/sw_0848_4666.utt,4/sw4666,4666,53,qy^d,A,36,2,"[  I, + I ] # assume that means good for the Minnesota </noise>, /","I/PRP ,/, I/PRP assume/VBP that/DT means/VBZ good/JJ for/IN the/DT Minnesota/NNP ,/,",,
sw08utt/sw_0848_4666.utt,4/sw4666,4666,54,ny,B,37,1,{D Well } yeah  /,Well/UH yeah/UH,,
sw08utt/sw_0848_4666.utt,4/sw4666.pos,4666,55,x,B,37,2,# <laughter>. #,./.
sw08utt/sw_0848_4666.utt,4/sw4666,4666,56,x,A,38,1,# <Laughter>. #,,,
sw08utt/sw_0848_4666.utt,4/sw4666,4666,57,fa,B,39,1,"Sorry about that,  /","Sorry/JJ about/IN that/DT ,/,",,
sw08utt/sw_0848_4666.utt,4/sw4666,4666,58,%,B,39,2,yeah.  /,yeah/UH ./.,,
sw08utt/sw_0848_4666.utt,4/sw4666,4666,59,sd,B,39,3,"{F Uh, } as far as the Twins are concerned, it seems to be real good. /","Uh/UH ,/, as/RB far/RB as/IN the/DT Twins/NNPS are/VBP concerned/JJ ,/, it/PRP seems/VBZ to/TO be/VB real/RB good/NN ./.",,
sw08utt/sw_0848_4666.utt,4/sw4666,4666,60,x,A,40,1,<Static>.,,,
sw08utt/sw_0848_4666.utt,4/sw4666,4666,61,sd,B,41,1,"{F Uh, } my roommate went and saw them play on their season opener a couple of nights ago  /","Uh/UH ,/, my/PRP$ roommate/NN went/VBD and/CC saw/VBD them/PRP play/VB on/IN their/PRP$ season/NN opener/NN a/DT couple/NN of/IN nights/NNS ago/RB",,
sw08utt/sw_0848_4666.utt,4/sw4666,4666,62,sd,B,41,2,"{C and } [ they, + they ] won that one seven to one,  /","and/CC they/PRP ,/, they/PRP won/VBD that/DT one/CD seven/CD to/IN one/CD ,/,",,
sw08utt/sw_0848_4666.utt,4/sw4666,4666,63,sd,B,41,3,"{C so, } {F uh, } that's pretty good I guess.  /","so/RB ,/, uh/UH ,/, that/DT 's/BES pretty/RB good/JJ I/PRP guess/VBP ./.",,
sw08utt/sw_0848_4666.utt,4/sw4666,4666,64,sd,B,41,4,It looks like they'll be doing pretty well.  /,It/PRP looks/VBZ like/IN they/PRP 'll/MD be/VB doing/VBG pretty/RB well/RB ./.,,
sw08utt/sw_0848_4666.utt,4/sw4666,4666,65,qy^c,B,41,5,Are you still there? /,Are/VBP you/PRP still/RB there/RB ?/.,,
sw08utt/sw_0848_4666.utt,4/sw4666,4666,66,ny^c,A,42,1,Yep </static>. /,Yep/UH ./.,,
sw08utt/sw_0848_4666.utt,4/sw4666,4666,67,b,B,43,1,Okay.  /,Okay/UH ./.,,
sw08utt/sw_0848_4666.utt,4/sw4666,4666,68,qy^d^c,B,43,2,I heard some noise on the line.  /,I/PRP heard/VBD some/DT noise/NN on/IN the/DT line/NN ./.,,
sw08utt/sw_0848_4666.utt,4/sw4666,4666,69,sd^c,B,43,3,Didn't know what happened. /,Did/VBD n't/RB know/VB what/WP happened/VBD ./.,,
sw08utt/sw_0848_4666.utt,4/sw4666,4666,70,sd^c,A,44,1,I think a train went by. /,I/PRP think/VBP a/DT train/NN went/VBN by/RB ./.,,
sw08utt/sw_0848_4666.utt,4/sw4666,4666,71,b,B,45,1,"{F Oh, } okay.  /","Oh/UH ,/, okay/UH ./.",,
sw08utt/sw_0848_4666.utt,4/sw4666,4666,72,b,B,45,2,All # right. # /,All/RB right/JJ ./.,,
sw08utt/sw_0848_4666.utt,4/sw4666,4666,73,sd^c,A,46,1,"# I # know a train went by,  /","I/PRP know/VBP a/DT train/NN went/VBD by/RB ,/,",,
sw08utt/sw_0848_4666.utt,4/sw4666,4666,74,sd^c,A,46,2,I don't know what the noise was  /,I/PRP do/VBP n't/RB know/VB what/WP the/DT noise/NN was/VBD,,
sw08utt/sw_0848_4666.utt,4/sw4666,4666,75,sd^c,A,46,3,"{C but } I think it probably was [ the, + the ] train. /","but/CC I/PRP think/VBP it/PRP probably/RB was/VBD the/DT ,/, the/DT train/NN ./.",,
sw08utt/sw_0848_4666.utt,4/sw4666,4666,76,b,B,47,1,Yeah. /,Yeah/UH ./.,,
sw08utt/sw_0848_4666.utt,4/sw4666,4666,77,h,A,48,1,"{D Well, } I don't know.  /","Well/UH ,/, I/PRP do/VBP n't/RB know/VB ./.",,
sw08utt/sw_0848_4666.utt,4/sw4666,4666,78,sd,A,48,2,"[ [  I, + I, ] + I ] don't even know, {F uh, } who has been winning [ in, + ] {F uh, } as far as the, {F uh, } San Francisco Giants and the Oakland A -s  /","I/PRP ,/, I/PRP ,/, I/PRP do/VBP n't/RB even/RB know/VB ,/, uh/UH ,/, who/WP has/VBZ been/VBN winning/VBG in/IN ,/, uh/UH ,/, as/RB far/RB as/IN the/DT ,/, uh/UH ,/, San/NNP Francisco/NNP Giants/NNPS and/CC the/DT Oakland/NNP A/NNP -s/NNPS",,
sw08utt/sw_0848_4666.utt,4/sw4666,4666,79,sd,A,48,3,{C but } I think they both won their opener.  /,but/CC I/PRP think/VBP they/PRP both/DT won/VBD their/PRP$ opener/NN ./.,,
sw08utt/sw_0848_4666.utt,4/sw4666,4666,80,sd,A,48,4,"I, {F uh, } sort of gathered that in my, {F uh, } subliminal memory. /","I/PRP ,/, uh/UH ,/, sort/RB of/RB gathered/VBD that/DT in/IN my/PRP$ ,/, uh/UH ,/, subliminal/JJ memory/NN ./.",,
sw08utt/sw_0848_4666.utt,4/sw4666,4666,81,b,B,49,1,Uh-huh  /,Uh-huh/UH,,
sw08utt/sw_0848_4666.utt,4/sw4666,4666,82,sv,B,49,2,"<laughter>.  {D Well } maybe that [ has, + has ] good tidings [ for their, + {F uh, } for their ] season coming up.  /","./. Well/UH maybe/RB that/DT has/VBZ ,/, has/VBZ good/JJ tidings/NNS for/IN their/PRP$ ,/, uh/UH ,/, for/IN their/PRP$ season/NN coming/VBG up/RP ./.",,
sw08utt/sw_0848_4666.utt,4/sw4666,4666,83,sd,B,49,3,I've {D actually } got a friend that's living in San Francisco right now.  /,I/PRP 've/VBP actually/UH got/VBN a/DT friend/NN that/WDT 's/BES living/VBG in/IN San/NNP Francisco/NNP right/RB now/RB ./.,,
sw08utt/sw_0848_4666.utt,4/sw4666,4666,84,sd,B,49,4,"{F Uh, } he's doing the same thing I'm doing which is, basically, {F uh, } an internship.  /","Uh/UH ,/, he/PRP 's/BES doing/VBG the/DT same/JJ thing/NN I/PRP 'm/VBP doing/VBG which/WDT is/VBZ ,/, basically/RB ,/, uh/UH ,/, an/DT internship/NN ./.",,
sw08utt/sw_0848_4666.utt,4/sw4666,4666,85,sd,B,49,5,"[  We, + we're ] both doctoral students  /","We/PRP ,/, we/PRP 're/VBP both/DT doctoral/JJ students/NNS",,
sw08utt/sw_0848_4666.utt,4/sw4666,4666,86,sd,B,49,6,{C and } # he's # --,and/CC he/PRP 's/BES --/:,,
sw08utt/sw_0848_4666.utt,4/sw4666,4666,87,b,A,50,1,# Huh. # /,Huh/UH ./.,,
sw08utt/sw_0848_4666.utt,4/sw4666,4666,88,+,B,51,1,-- doing his with I B M  /,--/: doing/VBG his/PRP with/IN I/NNP B/NNP M/NNP,,
sw08utt/sw_0848_4666.utt,4/sw4666,4666,89,sd,B,51,2,{C and } I'm doing mine with Honeywell.  /,and/CC I/PRP 'm/VBP doing/VBG mine/PRP with/IN Honeywell/NNP ./.,,
sw08utt/sw_0848_4666.utt,4/sw4666,4666,90,sd,B,51,3,"{C But, } {F uh, } [ I, + I ] think he kind of follows the sports  /","But/CC ,/, uh/UH ,/, I/PRP ,/, I/PRP think/VBP he/PRP kind/RB of/RB follows/VBZ the/DT sports/NNS",,
sw08utt/sw_0848_4666.utt,4/sw4666,4666,91,sd,B,51,4,"{C and } I think he's mentioned <noise> {F uh, } the Oakland A -s a couple of times.  /","and/CC I/PRP think/VBP he/PRP 's/HVS mentioned/VBN uh/UH ,/, the/DT Oakland/NNP A/NNP -s/NNPS a/DT couple/NN of/IN times/NNS ./.",,
sw08utt/sw_0848_4666.utt,4/sw4666,4666,92,sd,B,51,5,# {F Uh } # --,Uh/UH --/:,,
sw08utt/sw_0848_4666.utt,4/sw4666,4666,93,b,A,52,1,# Uh-huh. # /,Uh-huh/UH ./.,,
sw08utt/sw_0848_4666.utt,4/sw4666,4666,94,+,B,53,1,-- he may have watched them and seemed to think that they were pretty good. /,--/: he/PRP may/MD have/VB watched/VBN them/PRP and/CC seemed/VBD to/TO think/VB that/IN they/PRP were/VBD pretty/RB good/JJ ./.,,
sw08utt/sw_0848_4666.utt,4/sw4666,4666,95,sd,A,54,1,I guess they are different leagues.  /,I/PRP guess/VBP they/PRP are/VBP different/JJ leagues/NNS ./.,,
sw08utt/sw_0848_4666.utt,4/sw4666,4666,96,qy,A,54,2,Is that right?  /,Is/VBZ that/DT right/JJ ?/.,,
sw08utt/sw_0848_4666.utt,4/sw4666,4666,97,qy,A,54,3,The # A -s? # /,The/DT A/NNP -s/NNPS ?/.,,
sw08utt/sw_0848_4666.utt,4/sw4666,4666,98,na,B,55,1,"# As far # as I know,  /","As/RB far/RB as/IN I/PRP know/VBP ,/,",,
sw08utt/sw_0848_4666.utt,4/sw4666,4666,99,%,B,55,2,yeah. /,yeah/UH ./.,,
sw08utt/sw_0848_4666.utt,4/sw4666,4666,100,b,A,56,1,#  (( Yeah )) . # /,Yeah/UH ./.,,
sw08utt/sw_0848_4666.utt,4/sw4666,4666,101,sd,B,57,1,"# {C And } # in the major leagues, I guess there is a couple of different divisions  /","And/CC in/IN the/DT major/JJ leagues/NNS ,/, I/PRP guess/VBP there/EX is/VBZ a/DT couple/NN of/IN different/JJ divisions/NNS",,
sw08utt/sw_0848_4666.utt,4/sw4666,4666,102,sd,B,57,2,"{C and then, } of course, there's the minors.  /","and/CC then/RB ,/, of/IN course/NN ,/, there/EX 's/BES the/DT minors/NNS ./.",,
sw08utt/sw_0848_4666.utt,4/sw4666,4666,103,h,B,57,3,"{F Uh, } I don't know.  /","Uh/UH ,/, I/PRP do/VBP n't/RB know/VB ./.",,
sw08utt/sw_0848_4666.utt,4/sw4666,4666,104,sd,B,57,4,"[  I, + I ] guess I'm one of those people that if I really made a concentrated effort, I could really probably get into baseball. /","I/PRP ,/, I/PRP guess/VBP I/PRP 'm/VBP one/CD of/IN those/DT people/NNS that/IN if/IN I/PRP really/RB made/VBD a/DT concentrated/JJ effort/NN ,/, I/PRP could/MD really/RB probably/RB get/VB into/IN baseball/NN ./.",,
sw08utt/sw_0848_4666.utt,4/sw4666,4666,105,b,A,58,1,Uh-huh. /,Uh-huh/UH ./.,,
sw08utt/sw_0848_4666.utt,4/sw4666,4666,106,sd,B,59,1,"{F Uh, } {C but } I was talking to my roommate a couple of nights ago, right after that game,  /","Uh/UH ,/, but/CC I/PRP was/VBD talking/VBG to/IN my/PRP$ roommate/NN a/DT couple/NN of/IN nights/NNS ago/RB ,/, right/RB after/IN that/DT game/NN ,/,",,
sw08utt/sw_0848_4666.utt,4/sw4666,4666,107,sd,B,59,2,"{C and } he offered, {D you know, } to take me to one of the games because, apparently, [ he'd bought, + {F uh, } he and four other people from Honeywell had bought ] [ a seat, + {E or } a row of seats ] {D actually, } # for the home games. # /","and/CC he/PRP offered/VBD ,/, you/PRP know/VBP ,/, to/TO take/VB me/PRP to/IN one/CD of/IN the/DT games/NNS because/IN ,/, apparently/RB ,/, he/PRP 'd/VBD bought/VBN ,/, uh/UH ,/, he/PRP and/CC four/CD other/JJ people/NNS from/IN Honeywell/NNP had/VBD bought/VBN a/DT seat/NN ,/, or/CC a/DT row/NN of/IN seats/NNS actually/UH ,/, for/IN the/DT home/NN games/NNS ./.",,
sw08utt/sw_0848_4666.utt,4/sw4666,4666,108,b,A,60,1,"# Uh-huh,  /","Uh-huh/UH ,/,",,
sw08utt/sw_0848_4666.utt,4/sw4666,4666,109,b^r,A,60,2,uh-huh. # /,uh-huh/UH ./.,,
sw08utt/sw_0848_4666.utt,4/sw4666,4666,110,sd,B,61,1,"{C But } the thing is, there's like eighty-six home games per year.  /","But/CC the/DT thing/NN is/VBZ ,/, there/RB 's/BES like/UH eighty-six/CD home/NN games/NNS per/IN year/NN ./.",,
sw08utt/sw_0848_4666.utt,4/sw4666,4666,111,sd,B,61,2,"{C So } there's [ no, + no ] way that you can ever use them all. /","So/RB there/EX 's/BES no/DT ,/, no/DT way/NN that/IN you/PRP can/MD ever/RB use/VB them/PRP all/DT ./.",,
sw08utt/sw_0848_4666.utt,4/sw4666,4666,112,b^m,A,62,1,Eighty-six? /,Eighty-six/CD ?/.,,
sw08utt/sw_0848_4666.utt,4/sw4666,4666,113,sd^r,B,63,1,Eighty-six.  /,Eighty-six/CD ./.,,
sw08utt/sw_0848_4666.utt,4/sw4666,4666,114,sd,B,63,2,I was amazed to hear that. /,I/PRP was/VBD amazed/JJ to/TO hear/VB that/DT ./.,,
sw08utt/sw_0848_4666.utt,4/sw4666,4666,115,ba,A,64,1,Huh! /,Huh/UH !/.,,
sw08utt/sw_0848_4666.utt,4/sw4666,4666,116,sd,B,65,1,"{D You know, } that's just the home games  /","You/PRP know/VBP ,/, that/DT 's/BES just/RB the/DT home/NN games/NNS",,
sw08utt/sw_0848_4666.utt,4/sw4666,4666,117,sd,B,65,2,"{C and } [ I, + I ] thought it was a mistake  /","and/CC I/PRP ,/, I/PRP thought/VBD it/PRP was/VBD a/DT mistake/NN",,
sw08utt/sw_0848_4666.utt,4/sw4666,4666,118,sd(^q),B,65,3,{C but } he goes no #  ((   )) . # /,but/CC he/PRP goes/VBZ no/DT MUMBLEx/XX ./.,,
sw08utt/sw_0848_4666.utt,4/sw4666,4666,119,sv,A,66,1,# {D Well } they # must play every day then. /,Well/UH they/PRP must/MD play/VB every/DT day/NN then/RB ./.,,
sw08utt/sw_0848_4666.utt,4/sw4666,4666,120,b,B,67,1,Yeah.  /,Yeah/UH ./.,,
sw08utt/sw_0848_4666.utt,4/sw4666,4666,121,sd,B,67,2,"Well just about,  /","Well/UH just/RB about/RB ,/,",,
sw08utt/sw_0848_4666.utt,4/sw4666,4666,122,%,B,67,3,yeah. /,yeah/UH ./.,,
sw08utt/sw_0848_4666.utt,4/sw4666,4666,123,sd,A,68,1,I mean eighty-six times two --,I/PRP mean/VBP eighty-six/CD times/NNS two/CD --/:,,
sw08utt/sw_0848_4666.utt,4/sw4666,4666,124,b,B,69,1,Yeah. /,Yeah/UH ./.,,
sw08utt/sw_0848_4666.utt,4/sw4666,4666,125,+,A,70,1,-- is a hundred sixty. /,--/: is/VBZ a/DT hundred/CD sixty/CD ./.,,
sw08utt/sw_0848_4666.utt,4/sw4666,4666,126,%,B,71,1,"{C And } that's, {D you know, } - /","And/CC that/DT 's/BES ,/, you/PRP know/VBP ,/,",,
sw08utt/sw_0848_4666.utt,4/sw4666,4666,127,%,B,71,2,yeah  /,yeah/UH,,
sw08utt/sw_0848_4666.utt,4/sw4666,4666,128,%,B,71,3,"# that's almost, # -/","that/DT 's/BES almost/RB ,/,",,
sw08utt/sw_0848_4666.utt,4/sw4666,4666,129,sd,A,72,1,"# {C And } [ that's, + # {D Lord, } that's, ] {F uh, } over five months worth. /","And/CC that/DT 's/BES ,/, Lord/UH ,/, that/DT 's/BES ,/, uh/UH ,/, over/IN five/CD months/NNS worth/JJ ./.",,
sw08utt/sw_0848_4666.utt,4/sw4666,4666,130,sd,B,73,1,That's a lot of baseball. /,That/DT 's/BES a/DT lot/NN of/IN baseball/NN ./.,,
sw08utt/sw_0848_4666.utt,4/sw4666,4666,131,sd,A,74,1,"Even if they play every day, that's over five months worth. /","Even/RB if/IN they/PRP play/VBP every/DT day/NN ,/, that/DT 's/BES over/IN five/CD months/NNS worth/JJ ./.",,
sw08utt/sw_0848_4666.utt,4/sw4666,4666,132,sd,B,75,1,"{D Well, } [ [ you, + yo-, ] + [ if you, + if you ] ] consider it, the season  starts, - /","Well/UH ,/, you/PRP ,/, yo-/XX ,/, if/IN you/PRP ,/, if/IN you/PRP consider/VBP it/PRP ,/, the/DT season/NN starts/VBZ ,/,",,
sw08utt/sw_0848_4666.utt,4/sw4666,4666,133,%,B,75,2,"{D well } it's, - /","well/UH it/PRP 's/BES ,/,",,
sw08utt/sw_0848_4666.utt,4/sw4666,4666,134,sd,B,75,3,the season started about a week and a half ago  /,the/DT season/NN started/VBD about/IN a/DT week/NN and/CC a/DT half/NN ago/RB,,
sw08utt/sw_0848_4666.utt,4/sw4666,4666,135,sv,B,75,4,"{C and } it ends with the World Series which usually takes place, I believe, in December or January. /","and/CC it/PRP ends/VBZ with/IN the/DT World/NNP Series/NNP which/WDT usually/RB takes/VBZ place/NN ,/, I/PRP believe/VBP ,/, in/IN December/NNP or/CC January/NNP ./.",,
sw08utt/sw_0848_4666.utt,4/sw4666,4666,136,ar,A,76,1,No. /,No/UH ./.,,
sw08utt/sw_0848_4666.utt,4/sw4666,4666,137,ny,B,77,1,"Yeah,  /","Yeah/UH ,/,",,
sw08utt/sw_0848_4666.utt,4/sw4666,4666,138,sv^e,B,77,2,I think so.  /,I/PRP think/VBP so/RB ./.,,
sw08utt/sw_0848_4666.utt,4/sw4666,4666,139,qy,B,77,3,"It did last [ we-, + ] year, didn't it?  /","It/PRP did/VBD last/JJ we-/XX ,/, year/NN ,/, did/VBD n't/RB it/PRP ?/.",,
sw08utt/sw_0848_4666.utt,4/sw4666,4666,140,qy,B,77,4,{C Or } was it # November? # /,Or/CC was/VBD it/PRP November/NNP ?/.,,
sw08utt/sw_0848_4666.utt,4/sw4666,4666,141,sd,A,78,1,# That # was the Super Bowl. /,That/DT was/VBD the/DT Super/NNP Bowl/NNP ./.,,
sw08utt/sw_0848_4666.utt,4/sw4666,4666,142,sd,B,79,1,Maybe it was November I'm thinking about.  /,Maybe/RB it/PRP was/VBD November/NNP I/PRP 'm/VBP thinking/VBG about/RB ./.,,
sw08utt/sw_0848_4666.utt,4/sw4666,4666,143,sd,B,79,2,"I know it was doggone cold up here.  {F Uh, } /","I/PRP know/VBP it/PRP was/VBD doggone/JJ cold/NN up/IN here/RB ./. Uh/UH ,/,",,
sw08utt/sw_0848_4666.utt,4/sw4666,4666,144,sd,A,80,1,I don't feel so bad.  /,I/PRP do/VBP n't/RB feel/VB so/RB bad/JJ ./.,,
sw08utt/sw_0848_4666.utt,4/sw4666,4666,145,sv,A,80,2,"I think  [ you, +   you ] don't know all that much more than I do about baseball # <laughter>. # /","I/PRP think/VBP you/PRP ,/, you/PRP do/VBP n't/RB know/VB all/DT that/RB much/RB more/JJR than/IN I/PRP do/VBP about/IN baseball/NN ./.",,
sw08utt/sw_0848_4666.utt,4/sw4666,4666,146,sd,B,81,1,"# {D Well, } I know # for sure it was,  /","Well/UH ,/, I/PRP know/VBP for/IN sure/JJ it/PRP was/VBD ,/,",,
sw08utt/sw_0848_4666.utt,4/sw4666,4666,147,sd@,B,81,2,I know it was after September.,I/PRP know/VBP it/PRP was/VBD after/IN September/NNP ./.,,
sw08utt/sw_0848_4666.utt,4/sw4666,4666,148,x,A,82,1,<Sigh>.,,,
sw08utt/sw_0848_4666.utt,4/sw4666,4666,149,+@,B,83,1,Because that's when I got up here. /,Because/IN that/DT 's/BES when/WRB I/PRP got/VBD up/IN here/RB ./.,,
sw08utt/sw_0848_4666.utt,4/sw4666,4666,150,b,A,84,1,"I see,  /","I/PRP see/VBP ,/,",,
sw08utt/sw_0848_4666.utt,4/sw4666,4666,151,b,A,84,2,# okay. # /,okay/UH ./.,,
sw08utt/sw_0848_4666.utt,4/sw4666,4666,152,sd,B,85,1,"# [ {C And, } + # {C and } ] it was at least two months after I got up here. /","And/CC ,/, and/CC it/PRP was/VBD at/IN least/JJS two/CD months/NNS after/IN I/PRP got/VBD up/IN here/RB ./.",,
sw08utt/sw_0848_4666.utt,4/sw4666,4666,153,b,A,86,1,"{F Oh, } really,  /","Oh/UH ,/, really/UH ,/,",,
sw08utt/sw_0848_4666.utt,4/sw4666,4666,154,b,A,86,2,okay #  ((   )) . # /,okay/UH MUMBLEx/XX ./.,,
sw08utt/sw_0848_4666.utt,4/sw4666,4666,155,b,B,87,1,"# Yeah,  /","Yeah/UH ,/,",,
sw08utt/sw_0848_4666.utt,4/sw4666,4666,156,sd,B,87,2,# {C so } it had to be November anyway. /,so/RB it/PRP had/VBD to/TO be/VB November/NNP anyway/RB ./.,,
sw08utt/sw_0848_4666.utt,4/sw4666,4666,157,sd,A,88,1,"{D Well, } [ I, + I ] know, {F uh, } the Super Bowl, -/","Well/UH ,/, I/PRP ,/, I/PRP know/VBP ,/, uh/UH ,/, the/DT Super/NNP Bowl/NNP ,/,",,
