swda_filename,ptb_basename,conversation_no,transcript_index,act_tag,caller,utterance_index,subutterance_index,text,pos,trees,ptb_treenumbers
sw08utt/sw_0818_2528.utt,2/sw2528,2528,0,o,A,1,1,"Yeah,  /","Yeah/UH ,/,",,
sw08utt/sw_0818_2528.utt,2/sw2528,2528,1,qw,A,1,2,"{D so, } {F uh, } what are your favorite T V shows?/","so/UH ,/, uh/UH ,/, what/WP are/VBP your/PRP$ favorite/JJ T/NN V/NN shows/NNS ?/.",,
sw08utt/sw_0818_2528.utt,2/sw2528,2528,2,sd,B,2,1,One that I can't find anymore which is GABRIEL'S FIRE. /,One/CD that/WDT I/PRP ca/MD n't/RB find/VB anymore/RB which/WDT is/VBZ GABRIEL/NNP 'S/POS FIRE/NN ./.,,
sw08utt/sw_0818_2528.utt,2/sw2528,2528,3,sd,A,3,1,"{F Oh, } I haven't watched that very much,  /","Oh/UH ,/, I/PRP have/VBP n't/RB watched/VBN that/DT very/RB much/RB ,/,",,
sw08utt/sw_0818_2528.utt,2/sw2528,2528,4,qy,A,3,2,"is that, - /","is/VBZ that/DT ,/,",,
sw08utt/sw_0818_2528.utt,2/sw2528,2528,5,qy,A,3,3,do you like that? /,do/VBP you/PRP like/IN that/DT ?/.,,
sw08utt/sw_0818_2528.utt,2/sw2528,2528,6,ny,B,4,1,Yes. /,Yes/UH ./.,,
sw08utt/sw_0818_2528.utt,2/sw2528,2528,7,qw,A,5,1,When was that on? /,When/WRB was/VBD that/DT on/RP ?/.,,
sw08utt/sw_0818_2528.utt,2/sw2528,2528,8,sd,B,6,1,"It was usually on, {F um, } Thursday nights. /","It/PRP was/VBD usually/RB on/RP ,/, um/UH ,/, Thursday/NNP nights/NNS ./.",,
sw08utt/sw_0818_2528.utt,2/sw2528,2528,9,qy,A,7,1,On A B C? /,On/IN A/NNP B/NNP C/NNP ?/.,,
sw08utt/sw_0818_2528.utt,2/sw2528,2528,10,h,B,8,1,I don't know <laughter>. /,I/PRP do/VBP n't/RB know/VB ./.,,
sw08utt/sw_0818_2528.utt,2/sw2528,2528,11,b,A,9,1,"{F Oh, } {F oh, } yeah,  /","Oh/UH ,/, oh/UH ,/, yeah/UH ,/,",,
sw08utt/sw_0818_2528.utt,2/sw2528,2528,12,sv,A,9,2,"{D well, } {F um, } {F um, } it may be that, {F um, } it was recently replaced, by actually [ by, + {F um, } by ] what may be my favorite T V show  [ of, because  sort of, + ] {F uh, } {F um, } TWIN PEAKS. /","well/UH ,/, um/UH ,/, um/UH ,/, it/PRP may/MD be/VB that/IN ,/, um/UH ,/, it/PRP was/VBD recently/RB replaced/VBN ,/, by/IN actually/UH by/IN ,/, um/UH ,/, by/IN what/WP may/MD be/VB my/PRP$ favorite/JJ T/NN V/NN show/NN of/IN ,/, because/IN sort/NN of/IN ,/, uh/UH ,/, um/UH ,/, TWIN/NN PEAKS/NNS ./.",,
sw08utt/sw_0818_2528.utt,2/sw2528,2528,13,sd,B,10,1,"It was same time period,  /","It/PRP was/VBD same/JJ time/NN period/NN ,/,",,
sw08utt/sw_0818_2528.utt,2/sw2528,2528,14,aa,B,10,2,yes. /,yes/UH ./.,,
sw08utt/sw_0818_2528.utt,2/sw2528,2528,15,b,A,11,1,"Yeah,  /","Yeah/UH ,/,",,
sw08utt/sw_0818_2528.utt,2/sw2528,2528,16,sd,A,11,2,"{C so, } TWIN PEAKS, {F um, } what happened was, I think, TWIN PEAKS, {F um, } [ went, + went ] off,  they moved to a Saturday night for a while. [ And then put, + and then put ] something, I guess, GABRIEL'S FIRE on it, and at Thursday nights, /","so/RB ,/, TWIN/NN PEAKS/NNS ,/, um/UH ,/, what/WP happened/VBD was/VBD ,/, I/PRP think/VBP ,/, TWIN/NN PEAKS/NNS ,/, um/UH ,/, went/VBD ,/, went/VBD off/RP ,/, they/PRP moved/VBD to/IN a/DT Saturday/NNP night/NN for/IN a/DT while/NN ./. And/CC then/RB put/VB ,/, and/CC then/RB put/VB something/NN ,/, I/PRP guess/VBP ,/, GABRIEL/NNP 'S/POS  FIRE/NN on/IN it/PRP ,/, and/CC at/IN Thursday/NNP nights/NNS ,/,",,
sw08utt/sw_0818_2528.utt,2/sw2528,2528,17,sd,A,11,3,"{C and then } they moved, {F um, } - /","and/CC then/RB they/PRP moved/VBD ,/, um/UH ,/,",,
sw08utt/sw_0818_2528.utt,2/sw2528,2528,18,t1,A,11,4,"no,  /","no/UH ,/,",,
sw08utt/sw_0818_2528.utt,2/sw2528,2528,19,sv,A,11,5,"GABRIEL'S FIRE was on C B S, I think,  /","GABRIEL/NNP 'S/POS FIRE/NN was/VBD  on/IN C/NNP B/NNP S/NNP ,/, I/PRP think/VBP ,/,",,
sw08utt/sw_0818_2528.utt,2/sw2528,2528,20,sd,A,11,6,"[ I, + I ] take that back.  /","I/PRP ,/, I/PRP take/VBP that/DT back/RB ./.",,
sw08utt/sw_0818_2528.utt,2/sw2528,2528,21,h,A,11,7,"I'm not sure,  /","I/PRP 'm/VBP not/RB sure/JJ ,/,",,
sw08utt/sw_0818_2528.utt,2/sw2528,2528,22,sd,A,11,8,{C but } anyway they moved it back and forth  /,but/CC anyway/RB they/PRP moved/VBD it/PRP back/RB and/CC forth/RB,,
sw08utt/sw_0818_2528.utt,2/sw2528,2528,23,sd,A,11,9,{C and } that's when PEAKS was back in that time slot as well.  /,and/CC that/DT 's/BES when/WRB PEAKS/NNS was/VBD back/RB in/IN that/DT time/NN slot/NN as/IN well/RB ./.,,
sw08utt/sw_0818_2528.utt,2/sw2528,2528,24,h,A,11,10,"{C So, } I don't know. /","So/RB ,/, I/PRP do/VBP n't/RB know/VB ./.",,
sw08utt/sw_0818_2528.utt,2/sw2528,2528,25,qy,B,12,1,You don't know what happened to GABRIEL'S FIRE then? /,You/PRP do/VBP n't/RB know/VB what/WP happened/VBD to/IN GABRIEL/NNP 'S/POS FIRE/NN then/RB ?/.,,
sw08utt/sw_0818_2528.utt,2/sw2528,2528,26,nn,A,13,1,"No,  /","No/UH ,/,",,
sw08utt/sw_0818_2528.utt,2/sw2528,2528,27,sd^e,A,13,2,I have no idea.  /,I/PRP have/VBP no/DT idea/NN ./.,,
sw08utt/sw_0818_2528.utt,2/sw2528,2528,28,sd,A,13,3,"[  I don't think, + I don't think ] that was on A B C, anyway I don't know what happened to it though. /","I/PRP do/VBP n't/RB think/VB ,/, I/PRP do/VBP n't/RB think/VB that/DT was/VBD on/IN A/NNP B/NNP C/NNP ,/, anyway/RB I/PRP do/VBP n't/RB know/VB what/WP happened/VBD to/IN it/PRP though/RB ./.",,
sw08utt/sw_0818_2528.utt,2/sw2528,2528,29,sd,B,14,1,"I don't remember [ one, + from one ] station to another.  /","I/PRP do/VBP n't/RB remember/VB one/CD ,/, from/IN one/CD station/NN to/IN another/DT ./.",,
sw08utt/sw_0818_2528.utt,2/sw2528,2528,30,sd,B,14,2,I keep forgetting one station. /,I/PRP keep/VBP forgetting/VBG one/CD station/NN ./.,,
sw08utt/sw_0818_2528.utt,2/sw2528,2528,31,x,A,15,1,<Laughter>.,,,
sw08utt/sw_0818_2528.utt,2/sw2528,2528,32,qw,B,16,1,What's your second favorite? /,What/WP 's/BES your/PRP$ second/JJ favorite/NN ?/.,,
sw08utt/sw_0818_2528.utt,2/sw2528,2528,33,^h,A,17,1,"{F Um, } it's hard to say  /","Um/UH ,/, it/PRP 's/BES hard/JJ to/TO say/VB",,
sw08utt/sw_0818_2528.utt,2/sw2528,2528,34,sd,A,17,2,"<laughter> I'm sort of a very big TWIN PEAKS fan,/","I/PRP 'm/VBP sort/RB of/RB a/DT very/RB big/JJ TWIN/NN PEAKS/NNS fan/NN ,/,",,
sw08utt/sw_0818_2528.utt,2/sw2528,2528,35,sd,A,17,3,{C and } beyond that I just sort of watch anything that happens to be on.  /,and/CC beyond/IN that/DT I/PRP just/RB sort/RB of/RB watch/VBP anything/NN that/WDT happens/VBZ to/TO be/VB on/RP ./.,,
sw08utt/sw_0818_2528.utt,2/sw2528,2528,36,sd,A,17,4,"[ [  I'm, + I'm, ] +  half the time I'm ] a T V addict  /","I/PRP 'm/VBP ,/, I/PRP 'm/VBP ,/, half/PDT the/DT time/NN I/PRP 'm/VBP a/DT T/NN V/NN addict/NN",,
sw08utt/sw_0818_2528.utt,2/sw2528,2528,37,sd,A,17,5,{C and } the other half the time I just ignore it/,and/CC the/DT other/JJ half/PDT the/DT time/NN I/PRP just/RB ignore/VBP it/PRP,,
sw08utt/sw_0818_2528.utt,2/sw2528,2528,38,sd,A,17,6,<laughter> it's really bad.  /,it/PRP 's/BES really/RB bad/JJ ./.,,
sw08utt/sw_0818_2528.utt,2/sw2528,2528,39,%,A,17,7,"Yeah,  /","Yeah/UH ,/,",,
sw08utt/sw_0818_2528.utt,2/sw2528,2528,40,sd,A,17,8,"there's some new shows that I sort of like, {F um, } /","there/EX 's/BES some/DT new/JJ shows/NNS that/WDT I/PRP sort/RB of/RB like/VBP ,/, um/UH ,/,",,
sw08utt/sw_0818_2528.utt,2/sw2528,2528,41,qy^d,A,17,9,have you seen this  (( SHANNON FIELD SHOW ))  /,have/VBP you/PRP seen/VBN this/DT SHANNON/NNP FIELD/NNP SHOW/NN,,
sw08utt/sw_0818_2528.utt,2/sw2528,2528,42,sd,A,17,10,"{C or, } {F uh, } it's about a lawyer,  it's one of these lawyer shows, {D you know, }  /","or/CC ,/, uh/UH ,/, it/PRP 's/BES about/IN a/DT lawyer/NN ,/, it/PRP 's/BES one/CD of/IN these/DT lawyer/NN shows/NNS ,/, you/PRP know/VBP ,/,",,
sw08utt/sw_0818_2528.utt,2/sw2528,2528,43,sv,A,17,11,(( they seem ))  to be popular these days.  /,they/PRP seem/VBP to/TO be/VB popular/JJ these/DT days/NNS ./.,,
sw08utt/sw_0818_2528.utt,2/sw2528,2528,44,sv,A,17,12,(( {C And } there's ))  a lot of those  ((   )) (( Blair ))  shows floating around. /,And/CC there/EX 's/BES a/DT lot/NN of/IN those/DT MUMBLEx/XX Blair/NNP shows/NNS floating/VBG around/RB ./.,,
sw08utt/sw_0818_2528.utt,2/sw2528,2528,45,qy,B,18,1,"{F Oh, } is he the reformed, {F um, } gambler? /","Oh/UH ,/, is/VBZ he/PRP the/DT reformed/JJ ,/, um/UH ,/, gambler/NN ?/.",,
sw08utt/sw_0818_2528.utt,2/sw2528,2528,46,ny,A,19,1,Yeah. /,Yeah/UH ./.,,
sw08utt/sw_0818_2528.utt,2/sw2528,2528,47,aa,B,20,1,"Yes,  /","Yes/UH ,/,",,
sw08utt/sw_0818_2528.utt,2/sw2528,2528,48,aa^r,B,20,2,"yes,  /","yes/UH ,/,",,
sw08utt/sw_0818_2528.utt,2/sw2528,2528,49,aa^r,B,20,3,yes. /,yes/UH ./.,,
sw08utt/sw_0818_2528.utt,2/sw2528,2528,50,sd,A,21,1,"[ I just + (( {D like } ))  I just ] finished watching that a few minutes ago, <laughter>.  /","I/PRP just/RB like/VBP I/PRP just/RB finished/VBD watching/VBG that/DT a/DT few/JJ minutes/NNS ago/RB ,/, ./.",,
sw08utt/sw_0818_2528.utt,2/sw2528,2528,51,%,A,21,2,"{F Um, } {C and } it - /","Um/UH ,/, and/CC it/PRP",,
sw08utt/sw_0818_2528.utt,2/sw2528,2528,52,sd,A,21,3,"{C and, } [ that, + that's ] a interesting one.  /","and/CC ,/, that/DT ,/, that/DT 's/BES a/DT interesting/JJ one/CD ./.",,
sw08utt/sw_0818_2528.utt,2/sw2528,2528,53,sd,A,21,4,"[ [ I, + I, ] + I ] like  that,  (( because [ there's, + there ] are )) , - /","I/PRP ,/, I/PRP ,/, I/PRP like/VBP that/DT ,/, because/IN there/EX 's/BES ,/, there/EX are/VBP ,/,",,
sw08utt/sw_0818_2528.utt,2/sw2528,2528,54,sd,A,21,5,"[ I've noticed that every, every major + ] station now has their own law show.  /","I/PRP 've/VBP noticed/VBN that/DT every/DT ,/, every/DT major/JJ station/NN now/RB has/VBZ their/PRP$ own/JJ law/NN show/NN ./.",,
sw08utt/sw_0818_2528.utt,2/sw2528,2528,55,sd,A,21,6,"There's L A LAW,  /","There/EX 's/BES L/NNP A/NNP LAW/NN ,/,",,
sw08utt/sw_0818_2528.utt,2/sw2528,2528,56,sd,A,21,7,"{C and } there's, {F um, } EQUAL JUSTICE, some other one, LAW AND ORDER or something.  /","and/CC there/EX 's/BES ,/, um/UH ,/, EQUAL/JJ JUSTICE/NN ,/, some/DT other/JJ one/CD ,/, LAW/NN AND/CC ORDER/NN or/CC something/NN ./.",,
sw08utt/sw_0818_2528.utt,2/sw2528,2528,57,o@,A,21,8,"[ Lots of, + lots of ] these things that are floating around now.  They seem to be popular shows.  /","Lots/NNS of/IN ,/, lots/NNS of/IN these/DT things/NNS that/WDT are/VBP floating/VBG around/IN now/RB ./. They/PRP seem/VBP to/TO be/VB popular/JJ shows/NNS ./.",,
sw08utt/sw_0818_2528.utt,2/sw2528,2528,58,qy,A,21,9,Do you like the law shows  /,Do/VBP you/PRP like/IN the/DT law/NN shows/NNS,,
sw08utt/sw_0818_2528.utt,2/sw2528,2528,59,%,A,21,10,"{C or, } -/","or/CC ,/,",,
sw08utt/sw_0818_2528.utt,2/sw2528,2528,60,ng,B,22,1,"I really don't watch that much T V,  /","I/PRP really/RB do/VBP n't/RB watch/VB that/RB much/JJ T/NN V/NN ,/,",,
sw08utt/sw_0818_2528.utt,2/sw2528,2528,61,sd,B,22,2,"what I do is I tape the programs I want to watch,/","what/WP I/PRP do/VBP is/VBZ I/PRP tape/VBP the/DT programs/NNS I/PRP want/VBP to/TO watch/VB ,/,",,
sw08utt/sw_0818_2528.utt,2/sw2528,2528,62,sd,B,22,3,"{C and then } on the nights I can watch, I'll pick out something. /","and/CC then/RB on/IN the/DT nights/NNS I/PRP can/MD watch/VB ,/, I/PRP 'll/MD pick/VB out/RP something/NN ./.",,
sw08utt/sw_0818_2528.utt,2/sw2528,2528,63,ba,A,23,1,"[ That, + that ] makes  (( logic )) , /","That/DT ,/, that/DT makes/VBZ logic/NN ,/,",,
sw08utt/sw_0818_2528.utt,2/sw2528,2528,64,%,B,24,1,"{C But, } {F um, } -/","But/CC ,/, um/UH ,/,",,
sw08utt/sw_0818_2528.utt,2/sw2528,2528,65,sv,A,25,1,also  (( saves a lot of time ))  with commercials./,also/RB saves/VBZ a/DT lot/NN of/IN time/NN with/IN commercials/NNS ./.,,
sw08utt/sw_0818_2528.utt,2/sw2528,2528,66,aa,B,26,1,<Laughter> you're not kidding.  /,you/PRP 're/VBP not/RB kidding/VBG ./.,,
sw08utt/sw_0818_2528.utt,2/sw2528,2528,67,qy,B,26,2,Do you ever watch AMERICAN GLADIATORS? /,Do/VBP you/PRP ever/RB watch/VBP AMERICAN/JJ GLADIATORS/NNS ?/.,,
sw08utt/sw_0818_2528.utt,2/sw2528,2528,68,na,A,27,1,"{F Oh, } I have.  /","Oh/UH ,/, I/PRP have/VBP ./.",,
sw08utt/sw_0818_2528.utt,2/sw2528,2528,69,sd^e,A,27,2,"[ [  I've, + I've, ] + ] [ I + ] watched that late, {F um, }  /","I/PRP 've/VBP ,/, I/PRP 've/VBP ,/, I/PRP watched/VBD that/DT late/JJ ,/, um/UH ,/,",,
sw08utt/sw_0818_2528.utt,2/sw2528,2528,70,sd,A,27,3,"I guess it's on late Saturday nights or something,/","I/PRP guess/VBP it/PRP 's/BES on/IN late/JJ Saturday/NNP nights/NNS or/CC something/NN ,/,",,
sw08utt/sw_0818_2528.utt,2/sw2528,2528,71,bc,B,28,1,Midnight. /,Midnight/NN ./.,,
sw08utt/sw_0818_2528.utt,2/sw2528,2528,72,sd,A,29,1,(( that's entering ))  the day as well. /,that/WDT 's/BES entering/VBG the/DT day/NN as/IN well/RB ./.,,
sw08utt/sw_0818_2528.utt,2/sw2528,2528,73,bc^r,B,30,1,Midnight. /,Midnight/NN ./.,,
sw08utt/sw_0818_2528.utt,2/sw2528,2528,74,qy,A,31,1,"[  [ Have  you,  + have, ] + have ] you seen this often? /","Have/VBP you/PRP ,/, have/VBP ,/, have/VBP you/PRP seen/VBN this/DT often/RB ?/.",,
sw08utt/sw_0818_2528.utt,2/sw2528,2528,75,na,B,32,1,I tape it. /,I/PRP tape/VBP it/PRP ./.,,
sw08utt/sw_0818_2528.utt,2/sw2528,2528,76,bh,A,33,1,"{F Oh, } really? /","Oh/UH ,/, really/UH ?/.",,
sw08utt/sw_0818_2528.utt,2/sw2528,2528,77,ny,B,34,1,"Yeah,  /","Yeah/UH ,/,",,
sw08utt/sw_0818_2528.utt,2/sw2528,2528,78,sd^e,B,34,2,"I tape it because I don't stay up that late to watch it, /","I/PRP tape/VBP it/PRP because/IN I/PRP do/VBP n't/RB stay/VB up/RP that/RB late/JJ to/TO watch/VB it/PRP ,/,",,
sw08utt/sw_0818_2528.utt,2/sw2528,2528,79,b,A,35,1,Yeah. /,Yeah/UH ./.,,
sw08utt/sw_0818_2528.utt,2/sw2528,2528,80,sd^r,B,36,1,I tape it.  /,I/PRP tape/VBP it/PRP ./.,,
sw08utt/sw_0818_2528.utt,2/sw2528,2528,81,sd,B,36,2,"{C But } I understand, {F uh, } that in England, they play it at normal times because they don't consider that violent, /","But/CC I/PRP understand/VBP ,/, uh/UH ,/, that/IN in/IN England/NNP ,/, they/PRP play/VBP it/PRP at/IN normal/JJ times/NNS because/IN they/PRP do/VBP n't/RB consider/VB that/DT violent/JJ ,/,",,
sw08utt/sw_0818_2528.utt,2/sw2528,2528,82,sd,B,36,3,{C and } the reason they have it on here so late is because they consider it a violent program. /,and/CC the/DT reason/NN they/PRP have/VBP it/PRP on/IN here/RB so/RB late/JJ is/VBZ because/IN they/PRP consider/VBP it/PRP a/DT violent/JJ program/NN ./.,,
sw08utt/sw_0818_2528.utt,2/sw2528,2528,83,bh,A,37,1,Really?  /,Really/UH ?/.,,
sw08utt/sw_0818_2528.utt,2/sw2528,2528,84,sd@,A,37,2,I don't know that.  / *[[don't = didn't]],I/PRP do/VBP n't/RB know/VB that/DT ./.,,
sw08utt/sw_0818_2528.utt,2/sw2528,2528,85,%,A,37,3,"I, -/","I/PRP ,/,",,
sw08utt/sw_0818_2528.utt,2/sw2528,2528,86,sd,B,38,1,"{C And, } I'm like, I don't believe this. /","And/CC ,/, I/PRP 'm/VBP like/IN ,/, I/PRP do/VBP n't/RB believe/VB this/DT ./.",,
sw08utt/sw_0818_2528.utt,2/sw2528,2528,87,%,A,39,1,"That  (( don't, - /","That/DT do/NN n't/RB ,/,",,
sw08utt/sw_0818_2528.utt,2/sw2528,2528,88,sv,A,39,2,"[ [ it )) + , it, ] + it ] seems like, - /","it/PRP ,/, it/PRP ,/, it/PRP seems/VBZ like/IN ,/,",,
sw08utt/sw_0818_2528.utt,2/sw2528,2528,89,sv,A,39,3,"{E I mean, } if wrestling is prime time, professional wrestling, it seems like it's [ [ just, + just, ] + just ] like pros in a wrestling to me,  /","I/PRP mean/VBP ,/, if/IN wrestling/NN is/VBZ prime/JJ time/NN ,/, professional/JJ wrestling/NN ,/, it/PRP seems/VBZ like/IN it/PRP 's/BES just/RB ,/, just/RB ,/, just/RB like/IN pros/NNS in/IN a/DT wrestling/NN to/IN me/PRP ,/,",,
sw08utt/sw_0818_2528.utt,2/sw2528,2528,90,sv,A,39,4,"[ I don't, + I don't ] see any difference though, /","I/PRP do/VBP n't/RB ,/, I/PRP do/VBP n't/RB see/VB any/DT difference/NN though/RB ,/,",,
sw08utt/sw_0818_2528.utt,2/sw2528,2528,91,aa,B,40,1,I don't either. /,I/PRP do/VBP n't/RB either/RB ./.,,
sw08utt/sw_0818_2528.utt,2/sw2528,2528,92,sd,A,41,1,"[ I, + I ] don't understand it,  /","I/PRP ,/, I/PRP do/VBP n't/RB understand/VB it/PRP ,/,",,
sw08utt/sw_0818_2528.utt,2/sw2528,2528,93,sd,A,41,2,they consider it violent.  /,they/PRP consider/VBP it/PRP violent/JJ ./.,,
sw08utt/sw_0818_2528.utt,2/sw2528,2528,94,%,A,41,3,"I have  (( so ever )) , - /","I/PRP have/VBP so/RB ever/RB ,/,",,
sw08utt/sw_0818_2528.utt,2/sw2528,2528,95,sd,A,41,4,"I have seen it on,  (( where we are )) ,  /","I/PRP have/VBP seen/VBN it/PRP on/IN ,/, where/WRB we/PRP are/VBP ,/,",,
sw08utt/sw_0818_2528.utt,2/sw2528,2528,96,sd,A,41,5,"I live in,  (( {F uh } )) , Rochester, New York,  /","I/PRP live/VBP in/IN ,/, uh/UH ,/, Rochester/NNP ,/, New/NNP York/NNP ,/,",,
sw08utt/sw_0818_2528.utt,2/sw2528,2528,97,%,A,41,6,"{C and } I think a, -/","and/CC I/PRP think/VBP a/DT ,/,",,
sw08utt/sw_0818_2528.utt,2/sw2528,2528,98,qy,B,42,1,You're in New York? /,You/PRP 're/VBP in/IN New/NNP York/NNP ?/.,,
sw08utt/sw_0818_2528.utt,2/sw2528,2528,99,ny,A,43,1,Yes. /,Yes/UH ./.,,
sw08utt/sw_0818_2528.utt,2/sw2528,2528,100,b,B,44,1,Oh. /,Oh/UH ./.,,
sw08utt/sw_0818_2528.utt,2/sw2528,2528,101,qw,A,45,1,Where are you? /,Where/WRB are/VBP you/PRP ?/.,,
sw08utt/sw_0818_2528.utt,2/sw2528,2528,102,sd,B,46,1,"I'm in Dallas, Texas. /","I/PRP 'm/VBP in/IN Dallas/NNP ,/, Texas/NNP ./.",,
sw08utt/sw_0818_2528.utt,2/sw2528,2528,103,%,A,47,1,"You're, {F uh, } - /","You/PRP 're/VBP ,/, uh/UH ,/,",,
sw08utt/sw_0818_2528.utt,2/sw2528,2528,104,sd^t,A,47,2,"everybody I speak to is in Texas, {F oh, } {F oh, }/","everybody/NN I/PRP speak/VBP to/IN is/VBZ in/IN Texas/NNP ,/, oh/UH ,/, oh/UH ,/,",,
sw08utt/sw_0818_2528.utt,2/sw2528,2528,105,%,A,47,3,"yeah,  /","yeah/UH ,/,",,
sw08utt/sw_0818_2528.utt,2/sw2528,2528,106,sd,A,47,4,"{C but } [ I'm, + I'm ] in New York  /","but/CC I/PRP 'm/VBP ,/, I/PRP 'm/VBP in/IN New/NNP York/NNP",,
sw08utt/sw_0818_2528.utt,2/sw2528,2528,107,sd,A,47,5,"{C and, } {F uh, } [ we seem, + we seem ] to have, {F um, } - /","and/CC ,/, uh/UH ,/, we/PRP seem/VBP ,/, we/PRP seem/VBP to/TO have/VB ,/, um/UH ,/,",,
sw08utt/sw_0818_2528.utt,2/sw2528,2528,108,sd,A,47,6,"I think the AMERICAN GLADIATORS is on Sunday afternoons actually around here as well,","I/PRP think/VBP the/DT AMERICAN/JJ GLADIATORS/NNS is/VBZ on/IN Sunday/NNP afternoons/NNS actually/RB around/IN here/RB as/IN well/RB ,/,",,
sw08utt/sw_0818_2528.utt,2/sw2528,2528,109,bh,B,48,1,"{F Oh, } really? /","Oh/UH ,/, really/UH ?/.",,
sw08utt/sw_0818_2528.utt,2/sw2528,2528,110,+,A,49,1,sometimes.  /,sometimes/RB ./.,,
sw08utt/sw_0818_2528.utt,2/sw2528,2528,111,sd,A,49,2,"I think it's been on, - /","I/PRP think/VBP it/PRP 's/HVS been/VBN on/IN ,/,",,
sw08utt/sw_0818_2528.utt,2/sw2528,2528,112,sd,A,49,3,I think I've seen it during the day.  /,I/PRP think/VBP I/PRP 've/VBP seen/VBN it/PRP during/IN the/DT day/NN ./.,,
sw08utt/sw_0818_2528.utt,2/sw2528,2528,113,o@,A,49,4,I know I've seen it during the day in Florida.  When I was at my parents down there. /,I/PRP know/VBP I/PRP 've/VBP seen/VBN it/PRP during/IN the/DT day/NN in/IN Florida/NNP ./. When/WRB I/PRP was/VBD at/IN my/PRP$ parents/NNS down/IN there/RB ./.,,
sw08utt/sw_0818_2528.utt,2/sw2528,2528,114,b,B,50,1,Oh. /,Oh/UH ./.,,
sw08utt/sw_0818_2528.utt,2/sw2528,2528,115,sd,A,51,1,"Definitely seen it [ do-, + ] [ on, + on, ]  (( during the day down there )) ,  /","Definitely/RB seen/VBN it/PRP do-/XX ,/, on/IN ,/, on/IN ,/, during/IN the/DT day/NN down/IN there/RB ,/,",,
sw08utt/sw_0818_2528.utt,2/sw2528,2528,116,sv,A,51,2,"{C and } I don't think it's a very violent show,  /","and/CC I/PRP do/VBP n't/RB think/VB it/PRP 's/BES a/DT very/RB violent/JJ show/NN ,/,",,
sw08utt/sw_0818_2528.utt,2/sw2528,2528,117,sv,A,51,3,I think it's funny.  /,I/PRP think/VBP it/PRP 's/BES funny/JJ ./.,,
sw08utt/sw_0818_2528.utt,2/sw2528,2528,118,sv,A,51,4,"I think it's a real good concept,  /","I/PRP think/VBP it/PRP 's/BES a/DT real/RB good/JJ concept/NN ,/,",,
sw08utt/sw_0818_2528.utt,2/sw2528,2528,119,sv,A,51,5,I think it's something completely new. /,I/PRP think/VBP it/PRP 's/BES something/NN completely/RB new/JJ ./.,,
sw08utt/sw_0818_2528.utt,2/sw2528,2528,120,aa,B,52,1,I think it's great.  /,I/PRP think/VBP it/PRP 's/BES great/JJ ./.,,
sw08utt/sw_0818_2528.utt,2/sw2528,2528,121,sd,B,52,2,"I love watching a microbiologist fighting off with a policemen or something else, /","I/PRP love/VBP watching/VBG a/DT microbiologist/NN fighting/VBG off/RP with/IN a/DT policemen/NNS or/CC something/NN else/RB ,/,",,
sw08utt/sw_0818_2528.utt,2/sw2528,2528,122,x,A,53,1,<Laughter>.,,,
sw08utt/sw_0818_2528.utt,2/sw2528,2528,123,%*,B,54,1,{C and } competition. - /,and/CC competition/NN ./.,,
sw08utt/sw_0818_2528.utt,2/sw2528,2528,124,sd,B,54,2,"I'm going {F oh, } great, {D you know, } /","I/PRP 'm/VBP going/VBG oh/UH ,/, great/JJ ,/, you/PRP know/VBP ,/,",,
sw08utt/sw_0818_2528.utt,2/sw2528,2528,125,o@,A,55,1,"{D Well, }","Well/UH ,/,",,
sw08utt/sw_0818_2528.utt,2/sw2528,2528,126,sv,B,56,1,"[ it's a, + it's a ] great role model for everybody. /","it/PRP 's/BES a/DT ,/, it/PRP 's/BES a/DT great/JJ role/NN model/NN for/IN everybody/NN ./.",,
sw08utt/sw_0818_2528.utt,2/sw2528,2528,127,+@,A,57,1,"Yeah,  /","Yeah/UH ,/,",,
sw08utt/sw_0818_2528.utt,2/sw2528,2528,128,aa,A,57,2,"I think so,  /","I/PRP think/VBP so/RB ,/,",,
sw08utt/sw_0818_2528.utt,2/sw2528,2528,129,sv,A,57,3,"[ I think because people sort of get through, + {D you know, } {F um, } I think that people ] sort of learn the importance of sort of physical fitness [ as well as the, + as well as, ] {D you know, } some mental fitness  /","I/PRP think/VBP because/IN people/NNS sort/RB of/RB get/VB through/IN ,/, you/PRP know/VBP ,/, um/UH ,/, I/PRP think/VBP that/IN people/NNS sort/RB of/RB learn/VBP the/DT importance/NN of/IN sort/RB of/RB physical/JJ fitness/NN as/RB well/RB as/IN the/DT ,/, as/RB well/RB as/IN ,/, you/PRP know/VBP ,/, some/DT mental/JJ fitness/NN",,
sw08utt/sw_0818_2528.utt,2/sw2528,2528,130,sv,A,57,4,{C and } I think that people sort of learn good sportsmanship and so forth. /,and/CC I/PRP think/VBP that/IN people/NNS sort/RB of/RB learn/VBP good/JJ sportsmanship/NN and/CC so/RB forth/RB ./.,,
sw08utt/sw_0818_2528.utt,2/sw2528,2528,131,aa,B,58,1,"{F Oh, } yes,  /","Oh/UH ,/, yes/UH ,/,",,
sw08utt/sw_0818_2528.utt,2/sw2528,2528,132,sd,B,58,2,"{E I mean, } when I had, {F uh, } - /","I/PRP mean/VBP ,/, when/WRB I/PRP had/VBD ,/, uh/UH ,/,",,
sw08utt/sw_0818_2528.utt,2/sw2528,2528,133,sd,B,58,3,"[ I + ] was watching it, the, first time I ever saw a microbiologist on there I thought {D well, } it just goes to prove it has nothing to do with your physical capabilities./","I/PRP was/VBD watching/VBG it/PRP ,/, the/DT ,/, first/JJ time/NN I/PRP ever/RB saw/VBD a/DT microbiologist/NN on/IN there/RB I/PRP thought/VBD well/UH ,/, it/PRP just/RB goes/VBZ to/TO prove/VB it/PRP has/VBZ nothing/NN to/TO do/VB with/IN your/PRP$ physical/JJ capabilities/NNS ./.",,
sw08utt/sw_0818_2528.utt,2/sw2528,2528,134,sd,B,58,4,"{C And, } {F uh, } there she was terrific,  /","And/CC ,/, uh/UH ,/, there/EX she/PRP was/VBD terrific/JJ ,/,",,
sw08utt/sw_0818_2528.utt,2/sw2528,2528,135,sd^r,B,58,5,she was really terrific. /,she/PRP was/VBD really/RB terrific/JJ ./.,,
sw08utt/sw_0818_2528.utt,2/sw2528,2528,136,qy^d,A,59,1,"{D Well, } don't they take people who have some sort of, {F um, } big abilities like - /","Well/UH ,/, do/VBP n't/RB they/PRP take/VB people/NNS who/WP have/VBP some/DT sort/NN of/IN ,/, um/UH ,/, big/JJ abilities/NNS like/IN",,
sw08utt/sw_0818_2528.utt,2/sw2528,2528,137,sd,A,59,2,"[ {C and, } + {C and } ] at least they used to [ when it, + when it, ] - /","and/CC ,/, and/CC at/IN least/JJS they/PRP used/VBD to/TO when/WRB it/PRP ,/, when/WRB it/PRP ,/,",,
sw08utt/sw_0818_2528.utt,2/sw2528,2528,138,sd,A,59,3,"the first ones I saw they had, {F um, } a man on who [ was, + ] {F uh, } he played college football and almost went pro, /","the/DT first/JJ ones/NNS I/PRP saw/VBD they/PRP had/VBD ,/, um/UH ,/, a/DT man/NN on/IN who/WP was/VBD ,/, uh/UH ,/, he/PRP played/VBD college/NN football/NN and/CC almost/RB went/VBD pro/JJ ,/,",,
sw08utt/sw_0818_2528.utt,2/sw2528,2528,139,sd,A,59,4,"{C and } they had [ a, + a ] woman who was a black belt in karate  /","and/CC they/PRP had/VBD a/DT ,/, a/DT woman/NN who/WP was/VBD a/DT black/JJ belt/NN in/IN karate/NN",,
sw08utt/sw_0818_2528.utt,2/sw2528,2528,140,sd,A,59,5,"{C and } [ she was the, + {F uh, } she was in ] the junior Olympics or something  /","and/CC she/PRP was/VBD the/DT ,/, uh/UH ,/, she/PRP was/VBD in/IN the/DT junior/JJ Olympics/NNPS or/CC something/NN",,
sw08utt/sw_0818_2528.utt,2/sw2528,2528,141,sd,A,59,6,"{C or } they seem to have people who have very, very big sports backgrounds.  /","or/CC they/PRP seem/VBP to/TO have/VB people/NNS who/WP have/VBP very/RB ,/, very/RB big/JJ sports/NNS backgrounds/NNS ./.",,
sw08utt/sw_0818_2528.utt,2/sw2528,2528,142,%,A,59,7,To have - /,To/TO have/VB,,
sw08utt/sw_0818_2528.utt,2/sw2528,2528,143,sd,A,59,8,"they, [ le-, + leaned ] away from that sort of, /","they/PRP ,/, le-/XX ,/, leaned/VBD away/RB from/IN that/DT sort/NN of/IN ,/,",,
sw08utt/sw_0818_2528.utt,2/sw2528,2528,144,sd,B,60,1,"They hold competitions in Los Angeles in, {F um, } Florida and Minneapolis,  Minnea-, {F um, } - /","They/PRP hold/VBP competitions/NNS in/IN Los/NNP Angeles/NNP in/IN ,/, um/UH ,/, Florida/NNP and/CC Minneapolis/NNP ,/, Minnea-/NNP ,/, um/UH ,/,",,
sw08utt/sw_0818_2528.utt,2/sw2528,2528,145,h,B,60,2,"trying to think of, - /","trying/VBG to/TO think/VB of/IN ,/,",,
sw08utt/sw_0818_2528.utt,2/sw2528,2528,146,sv,B,60,3,I think it's in four places around the United States.  /,I/PRP think/VBP it/PRP 's/BES in/IN four/CD places/NNS around/IN the/DT United/NNP States/NNPS ./.,,
sw08utt/sw_0818_2528.utt,2/sw2528,2528,147,sd,B,60,4,They hold competition  /,They/PRP hold/VBP competition/NN,,
sw08utt/sw_0818_2528.utt,2/sw2528,2528,148,sd,B,60,5,"{C and } the only requirement is, of course, your skill of passing these tests, /","and/CC the/DT only/JJ requirement/NN is/VBZ ,/, of/IN course/NN ,/, your/PRP$ skill/NN of/IN passing/VBG these/DT tests/NNS ,/,",,
sw08utt/sw_0818_2528.utt,2/sw2528,2528,149,qy^d,A,61,1,"{F Oh, } that's # how they do it. # /","Oh/UH ,/, that/DT 's/BES how/WRB they/PRP do/VBP it/PRP ./.",,
sw08utt/sw_0818_2528.utt,2/sw2528,2528,150,na,B,62,1,# {C and } that's it. #  /,and/CC that/DT 's/BES it/PRP ./.,,
sw08utt/sw_0818_2528.utt,2/sw2528,2528,151,sd,B,62,2,{C And } we had a bar man from here in Dallas area that made it. /,And/CC we/PRP had/VBD a/DT bar/NN man/NN from/IN here/RB in/IN Dallas/NNP area/NN that/WDT made/VBD it/PRP ./.,,
sw08utt/sw_0818_2528.utt,2/sw2528,2528,152,bh,A,63,1,Really? /,Really/UH ?/.,,
sw08utt/sw_0818_2528.utt,2/sw2528,2528,153,sd,B,64,1,"There is a woman that, {F uh, } made, - /","There/EX is/VBZ a/DT woman/NN that/WDT ,/, uh/UH ,/, made/VBD ,/,",,
sw08utt/sw_0818_2528.utt,2/sw2528,2528,154,sd,B,64,2,"{D well, } she called herself a craft person  /","well/UH ,/, she/PRP called/VBD herself/PRP a/DT craft/NN person/NN",,
sw08utt/sw_0818_2528.utt,2/sw2528,2528,155,sd,B,64,3,"{C so, } I'm not quite sure what she made. /","so/RB ,/, I/PRP 'm/VBP not/RB quite/RB sure/JJ what/WP she/PRP made/VBD ./.",,
sw08utt/sw_0818_2528.utt,2/sw2528,2528,156,x,A,65,1,<Laughter>.,,,
sw08utt/sw_0818_2528.utt,2/sw2528,2528,157,sd,B,66,1,"{C And, } {F uh, } she made it.  /","And/CC ,/, uh/UH ,/, she/PRP made/VBD it/PRP ./.",,
sw08utt/sw_0818_2528.utt,2/sw2528,2528,158,%,B,66,2,"{E I mean } there is no, - /","I/PRP mean/VBP there/EX is/VBZ no/DT ,/,",,
sw08utt/sw_0818_2528.utt,2/sw2528,2528,159,sv,B,66,3,your occupation has nothing to do with it. /,your/PRP$ occupation/NN has/VBZ nothing/NN to/TO do/VB with/IN it/PRP ./.,,
sw08utt/sw_0818_2528.utt,2/sw2528,2528,160,b,A,67,1,"Yeah,  /","Yeah/UH ,/,",,
sw08utt/sw_0818_2528.utt,2/sw2528,2528,161,b,A,67,2,"okay,  /","okay/UH ,/,",,
sw08utt/sw_0818_2528.utt,2/sw2528,2528,162,sv,A,67,3,"I just thought they had some, -/","I/PRP just/RB thought/VBD they/PRP had/VBD some/DT ,/,",,
sw08utt/sw_0818_2528.utt,2/sw2528,2528,163,bf,B,68,1,Strictly your skill. /,Strictly/RB your/PRP$ skill/NN ./.,,
sw08utt/sw_0818_2528.utt,2/sw2528,2528,164,b,A,69,1,"yeah,  /","yeah/UH ,/,",,
sw08utt/sw_0818_2528.utt,2/sw2528,2528,165,sv,A,69,2,"I thought they had some sort of, - /","I/PRP thought/VBD they/PRP had/VBN some/DT sort/NN of/IN ,/,",,
sw08utt/sw_0818_2528.utt,2/sw2528,2528,166,sd,A,69,3,"{E I mean, } I thought they were just (( poor people like us ))  I guess not,  /","I/PRP mean/VBP ,/, I/PRP thought/VBD they/PRP were/VBD just/RB poor/JJ people/NNS like/IN us/PRP I/PRP guess/VBP not/RB ,/,",,
sw08utt/sw_0818_2528.utt,2/sw2528,2528,167,ba,A,69,4,that's great. /,that/DT 's/BES great/JJ ./.,,
sw08utt/sw_0818_2528.utt,2/sw2528,2528,168,b,B,70,1,Huh-uh. /,Huh-uh/UH ./.,,
sw08utt/sw_0818_2528.utt,2/sw2528,2528,169,cc,A,71,1,"{C But, } maybe I'll try it one day. /","But/CC ,/, maybe/RB I/PRP 'll/MD try/VB it/PRP one/CD day/NN ./.",,
sw08utt/sw_0818_2528.utt,2/sw2528,2528,170,x,B,72,1,<Laughter>.,,,
sw08utt/sw_0818_2528.utt,2/sw2528,2528,171,sd,A,73,1,"<Laughter> I'll get on there one day and see if I can, {F uh, } {F um, } - /","I/PRP 'll/MD get/VB on/IN there/RB one/CD day/NN and/CC see/VB if/IN I/PRP can/MD ,/, uh/UH ,/, um/UH ,/,",,
sw08utt/sw_0818_2528.utt,2/sw2528,2528,172,qw,A,73,2,"[ what, + what ] do they win,  /","what/WP ,/, what/WP do/VBP they/PRP win/VB ,/,",,
sw08utt/sw_0818_2528.utt,2/sw2528,2528,173,qy^g,A,73,3,"[ they, + they ] win money I think, don't they? /","they/PRP ,/, they/PRP win/VBP money/NN I/PRP think/VBP ,/, do/VBP n't/RB they/PRP ?/.",,
sw08utt/sw_0818_2528.utt,2/sw2528,2528,174,sd,B,74,1,I think the last I heard was it's up to about a hundred fifty thousand dollars. /,I/PRP think/VBP the/DT last/JJ I/PRP heard/VBD was/VBD it/PRP 's/BES up/IN to/IN about/RB a/DT hundred/CD fifty/CD thousand/CD dollars/NNS ./.,,
sw08utt/sw_0818_2528.utt,2/sw2528,2528,175,bh,A,75,1,Really? /,Really/UH ?/.,,
sw08utt/sw_0818_2528.utt,2/sw2528,2528,176,ny,B,76,1,Uh-huh. /,Uh-huh/UH ./.,,
sw08utt/sw_0818_2528.utt,2/sw2528,2528,177,ba,A,77,1,Wow.  /,Wow/UH ./.,,
sw08utt/sw_0818_2528.utt,2/sw2528,2528,178,qy^d,A,77,2,All that for getting tennis balls shot at you at a hundred miles an hour. /,All/DT that/DT for/IN getting/VBG tennis/NN balls/NNS shot/NN at/IN you/PRP at/IN a/DT hundred/CD miles/NNS an/DT hour/NN ./.,,
sw08utt/sw_0818_2528.utt,2/sw2528,2528,179,ny,B,78,1,"Yeah,  /","Yeah/UH ,/,",,
sw08utt/sw_0818_2528.utt,2/sw2528,2528,180,sd^e,B,78,2,"that's, {D you know, } just minor. /","that/DT 's/BES ,/, you/PRP know/VBP ,/, just/RB minor/JJ ./.",,
sw08utt/sw_0818_2528.utt,2/sw2528,2528,181,x,A,79,1,<Laughter>.,,,
sw08utt/sw_0818_2528.utt,2/sw2528,2528,182,sd,B,80,1,"Just minor little ball here or there, {D you know. } /","Just/RB minor/JJ little/JJ ball/NN here/RB or/CC there/RB ,/, you/PRP know/VBP ./.",,
sw08utt/sw_0818_2528.utt,2/sw2528,2528,183,sd^m,A,81,1,"One little ball here and there,  /","One/CD little/JJ ball/NN here/RB and/CC there/RB ,/,",,
sw08utt/sw_0818_2528.utt,2/sw2528,2528,184,%,A,81,2,"yeah,  /","yeah/UH ,/,",,
sw08utt/sw_0818_2528.utt,2/sw2528,2528,185,sd,A,81,3,"{C and } this guy's beating you up,  /","and/CC this/DT guy/NN 's/BES beating/VBG you/PRP up/RP ,/,",,
sw08utt/sw_0818_2528.utt,2/sw2528,2528,186,sv*,A,81,4,"{C so, } I don't know the beating up part.  /","so/RB ,/, I/PRP do/VBP n't/RB know/VB the/DT beating/VBG up/RP part/NN ./.",,
sw08utt/sw_0818_2528.utt,2/sw2528,2528,187,sv,A,81,5,"[  I, + I ] {D actually } feel the tennis balls would hurt. /","I/PRP ,/, I/PRP actually/RB feel/VBP the/DT tennis/NN balls/NNS would/MD hurt/VB ./.",,
sw08utt/sw_0818_2528.utt,2/sw2528,2528,188,sd,B,82,1,"{F Oh, } {D well, } [ they, +","Oh/UH ,/, well/UH ,/, they/PRP ,/,",,
sw08utt/sw_0818_2528.utt,2/sw2528,2528,189,sv,A,83,1,"They look like, -/","They/PRP look/VBP like/IN ,/,",,
sw08utt/sw_0818_2528.utt,2/sw2528,2528,190,+,B,84,1,they ] come out with a lot of bruises too. /,they/PRP come/VBP out/RB with/IN a/DT lot/NN of/IN bruises/NNS too/RB ./.,,
sw08utt/sw_0818_2528.utt,2/sw2528,2528,191,b,A,85,1,"Yeah,  /","Yeah/UH ,/,",,
sw08utt/sw_0818_2528.utt,2/sw2528,2528,192,sv,A,85,2,they seem like a tennis ball  /,they/PRP seem/VBP like/IN a/DT tennis/NN ball/NN,,
sw08utt/sw_0818_2528.utt,2/sw2528,2528,193,sv,A,85,3,(( {C but } it almost ))  doesn't look like it's almost livable  /,but/CC it/PRP almost/RB does/VBZ n't/RB look/VB like/IN it/PRP 's/BES almost/RB livable/JJ,,
sw08utt/sw_0818_2528.utt,2/sw2528,2528,194,%,A,85,4,"(( yeah,  /","yeah/UH ,/,",,
sw08utt/sw_0818_2528.utt,2/sw2528,2528,195,%,A,85,5,the best ))   ((   )) - /,the/DT best/JJS MUMBLEx/XX,,
sw08utt/sw_0818_2528.utt,2/sw2528,2528,196,sd,A,85,6,"[ I, + I ] don't think [ [ I could, + I, ] + I could ] handle those tennis balls.  /","I/PRP ,/, I/PRP do/VBP n't/RB think/VB I/PRP could/MD ,/, I/PRP ,/, I/PRP could/MD handle/VB those/DT tennis/NN balls/NNS ./.",,
sw08utt/sw_0818_2528.utt,2/sw2528,2528,197,qw,A,85,7,"{C So, } what else to you tape besides AMERICAN GLAD-, at, - /","So/RB ,/, what/WP else/RB to/VBP you/PRP tape/VBP  besides/IN AMERICAN/JJ GLAD-/NNS ,/, at/IN ,/,",,
sw08utt/sw_0818_2528.utt,2/sw2528,2528,198,qy,A,85,8,there anything else? /,there/EX anything/NN else/RB ?/.,,
sw08utt/sw_0818_2528.utt,2/sw2528,2528,199,b,B,86,1,"Hey, /","Hey/UH ,/,",,
sw08utt/sw_0818_2528.utt,2/sw2528,2528,200,br,A,87,1,Huh? /,Huh/UH ?/.,,
sw08utt/sw_0818_2528.utt,2/sw2528,2528,201,sd,B,88,1,{D see I } tape MURDER SHE WROTE. /,see/UH I/PRP tape/VB MURDER/NN SHE/PRP WROTE/VBD ./.,,
sw08utt/sw_0818_2528.utt,2/sw2528,2528,202,b,A,89,1,Okay. /,Okay/UH ./.,,
sw08utt/sw_0818_2528.utt,2/sw2528,2528,203,sd,B,90,1,I like mysteries. /,I/PRP like/VBP mysteries/NNS ./.,,
sw08utt/sw_0818_2528.utt,2/sw2528,2528,204,b,A,91,1,"{F Oh, } okay. /","Oh/UH ,/, okay/UH ./.",,
sw08utt/sw_0818_2528.utt,2/sw2528,2528,205,sd^r,B,92,1,I like mysteries.  /,I/PRP like/VBP mysteries/NNS ./.,,
sw08utt/sw_0818_2528.utt,2/sw2528,2528,206,sd,B,92,2,"I tape, {F um, } FATHER DOWLING,","I/PRP tape/VBP ,/, um/UH ,/, FATHER/NNP DOWLING/NNP ,/,",,
sw08utt/sw_0818_2528.utt,2/sw2528,2528,207,b,A,93,1,Uh-huh. /,Uh-huh/UH ./.,,
sw08utt/sw_0818_2528.utt,2/sw2528,2528,208,+,B,94,1,"because that's another mystery,  /","because/IN that/DT 's/BES another/DT mystery/NN ,/,",,
sw08utt/sw_0818_2528.utt,2/sw2528,2528,209,sd,B,94,2,{C and } I don't have to concentrate too hard on them. /,and/CC I/PRP do/VBP n't/RB have/VB to/TO concentrate/VB too/RB hard/JJ on/IN them/PRP ./.,,
sw08utt/sw_0818_2528.utt,2/sw2528,2528,210,sv,A,95,1,"<Laughter> {C But, } I'm sure that's fun. /","But/CC ,/, I/PRP 'm/VBP sure/JJ that/DT 's/BES fun/NN ./.",,
sw08utt/sw_0818_2528.utt,2/sw2528,2528,211,sd,B,96,1,"{F Um, } most of the lawyer programs like, {F uh, } LAW AND ORDER,","Um/UH ,/, most/RBS of/IN the/DT lawyer/NN programs/NNS like/IN ,/, uh/UH ,/, LAW/NN AND/CC ORDER/NN ,/,",,
sw08utt/sw_0818_2528.utt,2/sw2528,2528,212,b,A,97,1,Uh-huh. /,Uh-huh/UH ./.,,
sw08utt/sw_0818_2528.utt,2/sw2528,2528,213,+,B,98,1,"they're not on the times [ that I've got, + that I've ] watched because I haven't had  [ T got, + ] T V GUIDE around here in ages. /","they/PRP 're/VBP not/RB on/IN the/DT times/NNS that/WDT I/PRP 've/VBP got/VBN ,/, that/WDT I/PRP 've/VBP watched/VBN because/IN I/PRP have/VBP n't/RB had/VBN T/XX got/VBD ,/, T/NNP V/NNP GUIDE/NNP around/IN here/RB in/IN ages/NNS ./.",,
sw08utt/sw_0818_2528.utt,2/sw2528,2528,214,b,A,99,1,"{F Oh, } okay,  /","Oh/UH ,/, okay/UH ,/,",,
sw08utt/sw_0818_2528.utt,2/sw2528,2528,215,sd,A,99,2,"{D well, }  (( they seem ))  to be on later, /","well/UH ,/, they/PRP seem/VBP to/TO be/VB on/IN later/RB ,/,",,
sw08utt/sw_0818_2528.utt,2/sw2528,2528,216,b,B,100,1,Yeah. /,Yeah/UH ./.,,
sw08utt/sw_0818_2528.utt,2/sw2528,2528,217,%,A,101,1,"all, - /","all/DT ,/,",,
sw08utt/sw_0818_2528.utt,2/sw2528,2528,218,sd,A,101,2,"always [ right, + right ] before the news is when I catch them.  /","always/RB right/RB ,/, right/RB before/IN the/DT news/NN is/VBZ when/WRB I/PRP catch/VBP them/PRP ./.",,
sw08utt/sw_0818_2528.utt,2/sw2528,2528,219,sd,A,101,3,"[  I, + I ] tend to, if nothing else is in the town television at eleven o'clock just to watch the news, and [ or, + or ] NIGHTLINE or something, just sort of get [ [ a good, + {D you know, } a good, ] + a good ] think for the day./","I/PRP ,/, I/PRP tend/VBP to/TO ,/, if/IN nothing/NN else/RB is/VBZ in/IN the/DT town/NN television/NN at/IN eleven/CD o'clock/RB just/RB to/TO watch/VB the/DT news/NN ,/, and/CC or/CC ,/, or/CC NIGHTLINE/NN or/CC something/NN ,/, just/RB sort/RB of/RB get/VB a/DT good/JJ ,/, you/PRP know/VBP ,/, a/DT good/JJ ,/, a/DT good/JJ think/NN for/IN the/DT day/NN ./.",,
sw08utt/sw_0818_2528.utt,2/sw2528,2528,220,qy,B,102,1,Your news is on at eleven? /,Your/PRP$ news/NN is/VBZ on/IN at/IN eleven/CD ?/.,,
sw08utt/sw_0818_2528.utt,2/sw2528,2528,221,ny,A,103,1,Yes.  /,Yes/UH ./.,,
sw08utt/sw_0818_2528.utt,2/sw2528,2528,222,qw,A,103,2,When is yours on? /,When/WRB is/VBZ yours/PRP on/RP ?/.,,
sw08utt/sw_0818_2528.utt,2/sw2528,2528,223,sd,B,104,1,"Ten,  /","Ten/CD ,/,",,
sw08utt/sw_0818_2528.utt,2/sw2528,2528,224,sd,B,104,2,I was just in the middle of watching it. /,I/PRP was/VBD just/RB in/IN the/DT middle/NN of/IN watching/VBG it/PRP ./.,,
sw08utt/sw_0818_2528.utt,2/sw2528,2528,225,ba,A,105,1,"{F Oh, } gosh,  /","Oh/UH ,/, gosh/UH ,/,",,
sw08utt/sw_0818_2528.utt,2/sw2528,2528,226,fa,A,105,2,"{D well, } I'm sorry I interrupted, {F um, } /","well/UH ,/, I/PRP 'm/VBP sorry/JJ I/PRP interrupted/VBD ,/, um/UH ,/,",,
sw08utt/sw_0818_2528.utt,2/sw2528,2528,227,bd,B,106,1,"{F Oh, } that's okay. /","Oh/UH ,/, that/DT 's/BES okay/JJ ./.",,
sw08utt/sw_0818_2528.utt,2/sw2528,2528,228,b,A,107,1,"Yeah,  /","Yeah/UH ,/,",,
sw08utt/sw_0818_2528.utt,2/sw2528,2528,229,sd,A,107,2,"ours is on, -/","ours/PRP is/VBZ on/IN ,/,",,
sw08utt/sw_0818_2528.utt,2/sw2528,2528,230,bd,B,108,1,No problem. /,No/DT problem/NN ./.,,
sw08utt/sw_0818_2528.utt,2/sw2528,2528,231,%,A,109,1,"{D actually } it, - /","actually/UH it/PRP ,/,",,
sw08utt/sw_0818_2528.utt,2/sw2528,2528,232,sd,A,109,2,ours is on at eleven  /,ours/PRP is/VBZ on/IN at/IN eleven/CD,,
sw08utt/sw_0818_2528.utt,2/sw2528,2528,233,sd,A,109,3,"[ it, + it's, ] {F um, } eleven o'clock now here or eleven twenty-five now here in New York.  /","it/PRP ,/, it/PRP 's/BES ,/, um/UH ,/, eleven/CD o'clock/RB now/RB here/RB or/CC eleven/CD twenty-five/CD now/RB here/RB in/IN New/NNP York/NNP ./.",,
sw08utt/sw_0818_2528.utt,2/sw2528,2528,234,%,A,109,4,"{F Um, } I think [ they wo-, + they ] do that,  /","Um/UH ,/, I/PRP think/VBP they/PRP wo-/XX ,/, they/PRP do/VBP that/DT ,/,",,
sw08utt/sw_0818_2528.utt,2/sw2528,2528,235,sv,A,109,5,"I think they put things on at, {F um, } eleven o'clock here  /","I/PRP think/VBP they/PRP put/VBP things/NNS on/IN at/IN ,/, um/UH ,/, eleven/CD o'clock/RB here/RB",,
sw08utt/sw_0818_2528.utt,2/sw2528,2528,236,sd,A,109,6,"{C and } I think they put it like eleven o'clock, {F um, } California time, {D like } in California  /","and/CC I/PRP think/VBP they/PRP put/VBP it/PRP like/IN eleven/CD o'clock/RB ,/, um/UH ,/, California/NNP time/NN ,/, like/IN in/IN California/NNP",,
sw08utt/sw_0818_2528.utt,2/sw2528,2528,237,sd,A,109,7,"{C but } in the middle they sort of, {F um, } - /","but/CC in/IN the/DT middle/NN they/PRP sort/VBP of/IN ,/, um/UH ,/,",,
sw08utt/sw_0818_2528.utt,2/sw2528,2528,238,sd,A,109,8,"{D like } central time or mountain time they, they push things back.  /","like/IN central/JJ time/NN or/CC mountain/NN time/NN they/PRP ,/, they/PRP push/VBP things/NNS back/RB ./.",,
sw08utt/sw_0818_2528.utt,2/sw2528,2528,239,%,A,109,9,"{C So, } I was {D actually, } {D actually } - /","So/RB ,/, I/PRP was/VBD actually/UH ,/, actually/UH",,
sw08utt/sw_0818_2528.utt,2/sw2528,2528,240,h,A,109,10,(( I'm not sure )) - /,I/PRP 'm/VBP not/RB sure/JJ,,
sw08utt/sw_0818_2528.utt,2/sw2528,2528,241,sd,A,109,11,", [ I was in, + I was in ] Iowa awhile ago, and noticed that everything was an hour earlier,  /",",/, I/PRP was/VBD in/IN ,/, I/PRP was/VBD in/IN Iowa/NNP awhile/RB ago/RB ,/, and/CC noticed/VBD that/DT everything/NN was/VBD an/DT hour/NN earlier/RBR ,/,",,
sw08utt/sw_0818_2528.utt,2/sw2528,2528,242,qy,A,109,12,"{C so, } does your prime time start at seven o'clock? /","so/RB ,/, does/VBZ your/PRP$ prime/JJ time/NN start/NN at/IN seven/CD o'clock/RB ?/.",,
sw08utt/sw_0818_2528.utt,2/sw2528,2528,243,nn,B,110,1,"No,  /","No/UH ,/,",,
sw08utt/sw_0818_2528.utt,2/sw2528,2528,244,sd^e,B,110,2,"{D well, } they have it at six  /","well/UH ,/, they/PRP have/VBP it/PRP at/IN six/CD",,
sw08utt/sw_0818_2528.utt,2/sw2528,2528,245,sd,B,110,3,"{C and } they have it at nine, /","and/CC they/PRP have/VBP it/PRP at/IN nine/CD ,/,",,
sw08utt/sw_0818_2528.utt,2/sw2528,2528,246,ad,A,111,1,"# Wait,  /","Wait/VB ,/,",,
sw08utt/sw_0818_2528.utt,2/sw2528,2528,247,nn,A,111,2,"no,  /","no/UH ,/,",,
sw08utt/sw_0818_2528.utt,2/sw2528,2528,248,nn^r,A,111,3,"no, # /","no/UH ,/,",,
sw08utt/sw_0818_2528.utt,2/sw2528,2528,249,sd,B,112,1,# {C and } they have one at ten. # /,and/CC they/PRP have/VBP one/CD at/IN ten/CD ./.,,
sw08utt/sw_0818_2528.utt,2/sw2528,2528,250,sd,A,113,1,"[ not, + not ] even the news  /","not/RB ,/, not/RB even/RB the/DT news/NN",,
sw08utt/sw_0818_2528.utt,2/sw2528,2528,251,qy,A,113,2,"{C but } do they have {D like, } {F um, } - /","but/CC do/VBP they/PRP have/VB like/IN ,/, um/UH ,/,",,
sw08utt/sw_0818_2528.utt,2/sw2528,2528,252,qy,A,113,3,"do like sort of all the regular sitcoms and so forth, start at seven o'clock?  /","do/VBP like/UH sort/RB of/RB all/PDT the/DT regular/JJ sitcoms/NNS and/CC so/RB forth/RB ,/, start/VBP at/IN seven/CD o'clock/RB ?/.",,
sw08utt/sw_0818_2528.utt,2/sw2528,2528,253,%,A,113,4,"You, - /","You/PRP ,/,",,
sw08utt/sw_0818_2528.utt,2/sw2528,2528,254,qr,A,113,5,"{C so, } {D like, } {D you know, } the regular television shows [ that are, + that are ] very popular, do they start at,","so/RB ,/, like/UH ,/, you/PRP know/VBP ,/, the/DT regular/JJ television/NN shows/NNS that/WDT are/VBP ,/, that/WDT are/VBP very/RB popular/JJ ,/, do/VBP they/PRP start/VB at/IN ,/,",,
sw08utt/sw_0818_2528.utt,2/sw2528,2528,255,h,B,114,1,I'm trying to think. /,I/PRP 'm/VBP trying/VBG to/TO think/VB ./.,,
sw08utt/sw_0818_2528.utt,2/sw2528,2528,256,+,A,115,1,"seven [ or, + or ] at eight? /","seven/CD or/CC ,/, or/CC at/IN eight/CD ?/.",,
sw08utt/sw_0818_2528.utt,2/sw2528,2528,257,na,B,116,1,"Both,  /","Both/DT ,/,",,
sw08utt/sw_0818_2528.utt,2/sw2528,2528,258,^h,B,116,2,"{F um, } let's see they start, {F um, } - /","um/UH ,/, let/VB 's/PRP see/VB they/PRP start/VBP ,/, um/UH ,/,",,
sw08utt/sw_0818_2528.utt,2/sw2528,2528,259,sd,B,116,3,EVENING SHADE at seven  /,EVENING/NN SHADE/NN at/IN seven/CD,,
sw08utt/sw_0818_2528.utt,2/sw2528,2528,260,sd,B,116,4,"{C and then } it goes to, {F um, } - /","and/CC then/RB it/PRP goes/VBZ to/IN ,/, um/UH ,/,",,
sw08utt/sw_0818_2528.utt,2/sw2528,2528,261,t1,B,116,5,"what is it after EVENING, {F um, } /","what/WP is/VBZ it/PRP after/IN EVENING/NN ,/, um/UH ,/,",,
sw08utt/sw_0818_2528.utt,2/sw2528,2528,262,b,A,117,1,"Right,  /","Right/UH ,/,",,
sw08utt/sw_0818_2528.utt,2/sw2528,2528,263,sd,A,117,2,{C because } that would  ((   ))  the eight o'clock here. /,because/IN that/DT would/MD MUMBLEx/XX the/DT eight/CD o'clock/RB here/RB ./.,,
sw08utt/sw_0818_2528.utt,2/sw2528,2528,264,sd,B,118,1,that's MAJOR DAD at eight I think it is. /,that/DT 's/BES MAJOR/NNP DAD/NNP at/IN eight/CD I/PRP think/VBP it/PRP is/VBZ ./.,,
sw08utt/sw_0818_2528.utt,2/sw2528,2528,265,b,A,119,1,"Yeah,  /","Yeah/UH ,/,",,
sw08utt/sw_0818_2528.utt,2/sw2528,2528,266,sd,A,119,2,"[ [ that, + that ] would all start [ at, + at, ] + {F um, } that would all start [ at, + at ] ] eight o'clock here,/","that/DT ,/, that/DT would/MD all/DT start/VB at/IN ,/, at/IN ,/, um/UH ,/, that/DT would/MD all/DT start/VB at/IN ,/, at/IN eight/CD o'clock/RB here/RB ,/,",,
sw08utt/sw_0818_2528.utt,2/sw2528,2528,267,sd,A,119,3,that wouldn't start at seven.  /,that/DT would/MD n't/RB start/VB at/IN seven/CD ./.,,
sw08utt/sw_0818_2528.utt,2/sw2528,2528,268,%,A,119,4,"We have, {F um, } - /","We/PRP have/VBP ,/, um/UH ,/,",,
sw08utt/sw_0818_2528.utt,2/sw2528,2528,269,sd,A,119,5,"at seven o'clock we just have, {F um, } - /","at/IN seven/CD o'clock/RB we/PRP just/RB have/VBP ,/, um/UH ,/,",,
sw08utt/sw_0818_2528.utt,2/sw2528,2528,270,%,A,119,6,"the, - /","the/DT ,/,",,
sw08utt/sw_0818_2528.utt,2/sw2528,2528,271,sd,A,119,7,"[ they'll play, + {D you know, } they have ] old reruns of CHEERS or something from seven to seven thirty,  and then something else from seven thirty to eight  /","they/PRP 'll/MD play/VB ,/, you/PRP know/VBP ,/, they/PRP have/VBP old/JJ reruns/NNS of/IN CHEERS/NNP or/CC something/NN from/IN seven/CD to/IN seven/CD thirty/CD ,/, and/CC then/RB something/NN else/RB from/IN seven/CD thirty/CD to/IN eight/CD",,
sw08utt/sw_0818_2528.utt,2/sw2528,2528,272,sv@,A,119,8,"{C but then } [ at, + at ] eight o'clock is when everything starts.","but/CC then/RB at/IN ,/, at/IN eight/CD o'clock/RB is/VBZ when/WRB everything/NN starts/VBZ ./.",,
sw08utt/sw_0818_2528.utt,2/sw2528,2528,273,b,B,120,1,Huh. /,Huh/UH ./.,,
sw08utt/sw_0818_2528.utt,2/sw2528,2528,274,+@,A,121,1,"[ Which is, + which is ] strange, {E I mean, } because yours start at seven and end to ten  /","Which/WDT is/VBZ ,/, which/WDT is/VBZ strange/JJ ,/, I/PRP mean/VBP ,/, because/IN yours/PRP start/VBP at/IN seven/CD and/CC end/VBP to/IN ten/CD",,
sw08utt/sw_0818_2528.utt,2/sw2528,2528,275,sd,A,121,2,"{C and } ours start [ [ [ at, + at, ] + at, ] + at ] eight and end at eleven,  /","and/CC ours/PRP start/VBP at/IN ,/, at/IN ,/, at/IN ,/, at/IN eight/CD and/CC end/VBP at/IN eleven/CD ,/,",,
sw08utt/sw_0818_2528.utt,2/sw2528,2528,276,%,A,121,3,that's why we  (( )) - /,that/DT 's/BES why/WRB we/PRP MUMBLEx/XX,,
sw08utt/sw_0818_2528.utt,2/sw2528,2528,277,sv,A,121,4,". [ I, + I ] would actually like it better if everything started at seven and  ended at ten. /","./. I/PRP ,/, I/PRP would/MD actually/UH like/VB it/PRP better/JJR if/IN everything/NN started/VBD at/IN seven/CD and/CC ended/VBD at/IN ten/CD ./.",,
sw08utt/sw_0818_2528.utt,2/sw2528,2528,278,b,B,122,1,"Yeah,  /","Yeah/UH ,/,",,
sw08utt/sw_0818_2528.utt,2/sw2528,2528,279,sd,B,122,2,"[ it's, + it's ] stopped around here at ten {C  /","it/PRP 's/HVS ,/, it/PRP 's/HVS stopped/VBN around/IN here/RB at/IN ten/CD",,
sw08utt/sw_0818_2528.utt,2/sw2528,2528,280,sd,B,122,3,"and } it goes into night programs, at that point which could be one of, {D you know, } many different night programs /","and/CC it/PRP goes/VBZ into/IN night/NN programs/NNS ,/, at/IN that/DT point/NN which/WDT could/MD be/VB one/CD of/IN ,/, you/PRP know/VBP ,/, many/JJ different/JJ night/NN programs/NNS",,
sw08utt/sw_0818_2528.utt,2/sw2528,2528,281,sd,B,122,4,{C but } it goes into night programs. /,but/CC it/PRP goes/VBZ into/IN night/NN programs/NNS ./.,,
sw08utt/sw_0818_2528.utt,2/sw2528,2528,282,ba,A,123,1,"{F Oh, } that's great. /","Oh/UH ,/, that/DT 's/BES great/JJ ./.",,
sw08utt/sw_0818_2528.utt,2/sw2528,2528,283,qy,B,124,1,"{C But, } {F uh, } do you ever watch CHEERS? /","But/CC ,/, uh/UH ,/, do/VBP you/PRP ever/RB watch/VBP CHEERS/NNP ?/.",,
sw08utt/sw_0818_2528.utt,2/sw2528,2528,284,na,A,125,1,"{F Oh, } all the time. /","Oh/UH ,/, all/PDT the/DT time/NN ./.",,
sw08utt/sw_0818_2528.utt,2/sw2528,2528,285,x,B,126,1,<Laughter>.,,,
sw08utt/sw_0818_2528.utt,2/sw2528,2528,286,qy,A,127,1,Do you watch CHEERS  /,Do/VBP you/PRP watch/VBP CHEERS/NNP,,
sw08utt/sw_0818_2528.utt,2/sw2528,2528,287,%@,A,127,2,"{C or, }","or/CC ,/,",,
sw08utt/sw_0818_2528.utt,2/sw2528,2528,288,ny,B,128,1,"{F Oh, } yeah,  /","Oh/UH ,/, yeah/UH ,/,",,
sw08utt/sw_0818_2528.utt,2/sw2528,2528,289,ny^r,B,128,2,"{F oh, } yeah. /","oh/UH ,/, yeah/UH ./.",,
sw08utt/sw_0818_2528.utt,2/sw2528,2528,290,+@,A,129,1,"[  There's, + there's, ] - /","There/EX 's/BES ,/, there/EX 's/BES ,/,",,
sw08utt/sw_0818_2528.utt,2/sw2528,2528,291,%,A,129,2,"it's at, - /","it/PRP 's/BES at/IN ,/,",,
sw08utt/sw_0818_2528.utt,2/sw2528,2528,292,sd,A,129,3,"that was actually a big dilemma for me now because, {F um, } [ CHEERS, + CHEERS ] and TWIN PEAKS are now on the same time, /","that/DT was/VBD actually/RB a/DT big/JJ dilemma/NN for/IN me/PRP now/RB because/IN ,/, um/UH ,/, CHEERS/NNP ,/, CHEERS/NNP and/CC TWIN/NN PEAKS/NNS are/VBP now/RB on/IN the/DT same/JJ time/NN ,/,",,
