swda_filename,ptb_basename,conversation_no,transcript_index,act_tag,caller,utterance_index,subutterance_index,text,pos,trees,ptb_treenumbers
sw08utt/sw_0870_2888.utt,2/sw2888,2888,0,o,A,1,1,<Noise>  <<piano in background>> Okay. /,Okay/UH ./.,,
sw08utt/sw_0870_2888.utt,2/sw2888,2888,1,o,B,2,1,Okay.  /,Okay/UH ./.,,
sw08utt/sw_0870_2888.utt,2/sw2888,2888,2,sv,B,2,2,I guess we're set. /,I/PRP guess/VBP we/PRP 're/VBP set/VBN ./.,,
sw08utt/sw_0870_2888.utt,2/sw2888,2888,3,b,A,3,1,"{F Um, } /","Um/UH ,/,",,
sw08utt/sw_0870_2888.utt,2/sw2888,2888,4,sd^t,B,4,1,Current events. /,Current/JJ events/NNS ./.,,
sw08utt/sw_0870_2888.utt,2/sw2888,2888,5,sd,A,5,1,"I get my current events basically from news, {F uh, } just because I watch,","I/PRP get/VBP my/PRP$ current/JJ events/NNS basically/RB from/IN news/NN ,/, uh/UH ,/, just/RB because/IN I/PRP watch/VBP ,/,",,
sw08utt/sw_0870_2888.utt,2/sw2888,2888,6,^2,B,6,1,# Television news? # /,Television/NN news/NN ?/.,,
sw08utt/sw_0870_2888.utt,2/sw2888,2888,7,+,A,7,1,"# pretty much # a lot of television, {F um, } /","pretty/RB much/JJ a/DT lot/NN of/IN television/NN ,/, um/UH ,/,",,
sw08utt/sw_0870_2888.utt,2/sw2888,2888,8,qr,B,8,1,"Is it, {F uh, } C N N or HEADLINE NEWS or just local,","Is/VBZ it/PRP ,/, uh/UH ,/, C/NNP N/NNP N/NNP or/CC HEADLINE/NNP NEWS/NNP or/CC just/RB local/JJ ,/,",,
sw08utt/sw_0870_2888.utt,2/sw2888,2888,9,b,A,9,1,"# {F Uh, } # /","Uh/UH ,/,",,
sw08utt/sw_0870_2888.utt,2/sw2888,2888,10,+,B,10,1,# news #  /,news/NN,,
sw08utt/sw_0870_2888.utt,2/sw2888,2888,11,%,B,10,2,"{C or, } -/","or/CC ,/,",,
sw08utt/sw_0870_2888.utt,2/sw2888,2888,12,sd,A,11,1,I watch a little bit of everything.  /,I/PRP watch/VBP a/DT little/JJ bit/NN of/IN everything/NN ./.,,
sw08utt/sw_0870_2888.utt,2/sw2888,2888,13,sd,A,11,2,"I like to tune [ into, + to ] C N N because, {F uh, } {D you know, } you can tune in {D like } any time of day and pretty much get the update on,","I/PRP like/VBP to/TO tune/VB into/IN ,/, to/IN C/NNP N/NNP N/NNP because/IN ,/, uh/UH ,/, you/PRP know/VBP ,/, you/PRP can/MD tune/VB in/IN like/UH any/DT time/NN of/IN day/NN and/CC pretty/RB much/JJ get/VB the/DT update/NN on/IN ,/,",,
sw08utt/sw_0870_2888.utt,2/sw2888,2888,14,b,B,12,1,# Right. # /,Right/UH ./.,,
sw08utt/sw_0870_2888.utt,2/sw2888,2888,15,+,A,13,1,"# everything, #","everything/NN ,/,",,
sw08utt/sw_0870_2888.utt,2/sw2888,2888,16,b,B,14,1,# Right. # /,Right/UH ./.,,
sw08utt/sw_0870_2888.utt,2/sw2888,2888,17,+,A,15,1,# in # about five or ten minutes.  /,in/IN about/RB five/CD or/CC ten/CD minutes/NNS ./.,,
sw08utt/sw_0870_2888.utt,2/sw2888,2888,18,sv,A,15,2,"I think news today, {F um, } it's kind of losing its importance.  /","I/PRP think/VBP news/NN today/NN ,/, um/UH ,/, it/PRP 's/BES kind/RB of/RB losing/VBG its/PRP$ importance/NN ./.",,
sw08utt/sw_0870_2888.utt,2/sw2888,2888,19,sd,A,15,3,"{D Like } [ [ on, + in, ] + on ] radio, if you hear any news at all, it's like two seconds. /","Like/IN on/IN ,/, in/IN ,/, on/IN radio/NN ,/, if/IN you/PRP hear/VBP any/DT news/NN at/IN all/DT ,/, it/PRP 's/BES like/IN two/CD seconds/NNS ./.",,
sw08utt/sw_0870_2888.utt,2/sw2888,2888,20,b,B,16,1,Right. /,Right/UH ./.,,
sw08utt/sw_0870_2888.utt,2/sw2888,2888,21,sd,A,17,1,"{D You know, } really quickly,","You/PRP know/VBP ,/, really/RB quickly/RB ,/,",,
sw08utt/sw_0870_2888.utt,2/sw2888,2888,22,%,B,18,1,"# {D Well, } # -/","Well/UH ,/,",,
sw08utt/sw_0870_2888.utt,2/sw2888,2888,23,+,A,19,1,# on # regular stations. /,on/IN regular/JJ stations/NNS ./.,,
sw08utt/sw_0870_2888.utt,2/sw2888,2888,24,sd,B,20,1,"on commercial radio, I guess, [ I, + I ] tend to get more of my news from national public radio of the morning on the way to work,","on/IN commercial/JJ radio/NN ,/, I/PRP guess/VBP ,/, I/PRP ,/, I/PRP tend/VBP to/TO get/VB more/JJR of/IN my/PRP$ news/NN from/IN national/JJ public/JJ radio/NN of/IN the/DT morning/NN on/IN the/DT way/NN to/IN work/NN ,/,",,
sw08utt/sw_0870_2888.utt,2/sw2888,2888,25,b,A,21,1,"# Yeah,  /","Yeah/UH ,/,",,
sw08utt/sw_0870_2888.utt,2/sw2888,2888,26,ba,A,21,2,"that's good, too,  /","that/DT 's/BES good/JJ ,/, too/RB ,/,",,
sw08utt/sw_0870_2888.utt,2/sw2888,2888,27,b,A,21,3,uh-huh. # /,uh-huh/UH ./.,,
sw08utt/sw_0870_2888.utt,2/sw2888,2888,28,+,B,22,1,# or evening on the way # to school  /,or/CC evening/NN on/IN the/DT way/NN to/IN school/NN,,
sw08utt/sw_0870_2888.utt,2/sw2888,2888,29,sd,B,22,2,"[ {C so, } +","so/RB ,/,",,
sw08utt/sw_0870_2888.utt,2/sw2888,2888,30,sd,A,23,1,I like K R L D. /,I/PRP like/VBP K/NNP R/NNP L/NNP D/NNP ./.,,
sw08utt/sw_0870_2888.utt,2/sw2888,2888,31,+,B,24,1,"{C So, } ] [ I don't, + {F uh, }","So/RB ,/, I/PRP do/VBP n't/RB ,/, uh/UH ,/,",,
sw08utt/sw_0870_2888.utt,2/sw2888,2888,32,b,A,25,1,Uh-huh. /,Uh-huh/UH ./.,,
sw08utt/sw_0870_2888.utt,2/sw2888,2888,33,+,B,26,1,"I don't ] see much T V mostly when I'm in school,  /","I/PRP do/VBP n't/RB see/VB much/JJ T/NN V/NN mostly/RB when/WRB I/PRP 'm/VBP in/IN school/NN ,/,",,
sw08utt/sw_0870_2888.utt,2/sw2888,2888,34,sd,B,26,2,{C but } I do here. /,but/CC I/PRP do/VBP here/RB ./.,,
sw08utt/sw_0870_2888.utt,2/sw2888,2888,35,b,A,27,1,"Yeah,  /","Yeah/UH ,/,",,
sw08utt/sw_0870_2888.utt,2/sw2888,2888,36,qw,A,27,2,where do you go to school? /,where/WRB do/VBP you/PRP go/VB to/IN school/NN ?/.,,
sw08utt/sw_0870_2888.utt,2/sw2888,2888,37,sd,B,28,1,"{F Uh, } University of Texas at Dallas. /","Uh/UH ,/, University/NNP of/IN Texas/NNP at/IN Dallas/NNP ./.",,
sw08utt/sw_0870_2888.utt,2/sw2888,2888,38,bk,A,29,1,"{F Oh, } Okay.  /","Oh/UH ,/, Okay/UH ./.",,
sw08utt/sw_0870_2888.utt,2/sw2888,2888,39,sd,A,29,2,I went to U T at Austin. /,I/PRP went/VBD to/IN U/NNP T/NNP at/IN Austin/NNP ./.,,
sw08utt/sw_0870_2888.utt,2/sw2888,2888,40,b,B,30,1,Right. /,Right/UH ./.,,
sw08utt/sw_0870_2888.utt,2/sw2888,2888,41,sd,A,31,1,"{C But, } {F uh, } I'm a news reporter  /","But/CC ,/, uh/UH ,/, I/PRP 'm/VBP a/DT news/NN reporter/NN",,
sw08utt/sw_0870_2888.utt,2/sw2888,2888,42,sd,A,31,2,"{C so } [ I, + <laughter>  I ] should get all [ I  (( can )) + ] , my news [ from the new-, + from the ] T V. /","so/RB I/PRP ,/, I/PRP should/MD get/VB all/DT I/PRP can/MD ,/, my/PRP$ news/NN from/IN the/DT new-/XX ,/, from/IN the/DT T/NN V/NN ./.",,
sw08utt/sw_0870_2888.utt,2/sw2888,2888,43,b,B,32,1,Really. /,Really/UH ./.,,
sw08utt/sw_0870_2888.utt,2/sw2888,2888,44,%,A,33,1,"{C But, } {F um, } -/","But/CC ,/, um/UH ,/,",,
sw08utt/sw_0870_2888.utt,2/sw2888,2888,45,sd,B,34,1,"I do tend to throw on HEADLINE NEWS when I'm doing things around the house and just let it play,","I/PRP do/VBP tend/VB to/TO throw/VB on/RP HEADLINE/NNP NEWS/NNP when/WRB I/PRP 'm/VBP doing/VBG things/NNS around/IN the/DT house/NN and/CC just/RB let/VB it/PRP play/VB ,/,",,
sw08utt/sw_0870_2888.utt,2/sw2888,2888,46,b,A,35,1,"# Yeah, # /","Yeah/UH ,/,",,
sw08utt/sw_0870_2888.utt,2/sw2888,2888,47,+,B,36,1,"# and # listen,  /","and/CC listen/VB ,/,",,
sw08utt/sw_0870_2888.utt,2/sw2888,2888,48,%,B,36,2,"{C but, } {F uh, } -/","but/CC ,/, uh/UH ,/,",,
sw08utt/sw_0870_2888.utt,2/sw2888,2888,49,sd,A,37,1,"I usually don't intentionally.  Although [ I should, + I don't ] intentionally turn on the television to watch news. /","I/PRP usually/RB do/VBP n't/RB intentionally/RB ./. Although/IN I/PRP should/MD ,/, I/PRP do/VB n't/RB intentionally/RB turn/VB on/RP the/DT television/NN to/TO watch/VB news/NN ./.",,
sw08utt/sw_0870_2888.utt,2/sw2888,2888,50,b,B,38,1,Right. /,Right/UH ./.,,
sw08utt/sw_0870_2888.utt,2/sw2888,2888,51,sd,A,39,1,{C Or } I don't intentionally turn on the radio to listen to the news.  /,Or/CC I/PRP do/VBP n't/RB intentionally/RB turn/VB on/RP the/DT radio/NN to/TO listen/VB to/IN the/DT news/NN ./.,,
sw08utt/sw_0870_2888.utt,2/sw2888,2888,52,sd,A,39,2,"If it comes on, I just happen to hear it.  /","If/IN it/PRP comes/VBZ on/RP ,/, I/PRP just/RB happen/VBP to/TO hear/VB it/PRP ./.",,
sw08utt/sw_0870_2888.utt,2/sw2888,2888,53,sd,A,39,3,"{D Now, } I will intentionally buy a newspaper [ [ to wa-, + to, ] + <noise>  <<piano in background>> to ] look at the news.  /","Now/UH ,/, I/PRP will/MD intentionally/RB buy/VB a/DT newspaper/NN to/TO wa-/XX ,/, to/TO ,/, to/TO look/VB at/IN the/DT news/NN ./.",,
sw08utt/sw_0870_2888.utt,2/sw2888,2888,54,%,A,39,4,"{C But } # other, # -/","But/CC other/JJ ,/,",,
sw08utt/sw_0870_2888.utt,2/sw2888,2888,55,b,B,40,1,"# Yeah,  /","Yeah/UH ,/,",,
sw08utt/sw_0870_2888.utt,2/sw2888,2888,56,sd,B,40,2,# all I ever get out of the paper is a Sunday paper  /,all/DT I/PRP ever/RB get/VBP out/RP of/IN the/DT paper/NN is/VBZ a/DT Sunday/NNP paper/NN,,
sw08utt/sw_0870_2888.utt,2/sw2888,2888,57,o@,B,40,3,"{C so, }","so/RB ,/,",,
sw08utt/sw_0870_2888.utt,2/sw2888,2888,58,aa,A,41,1,"Yeah,  /","Yeah/UH ,/,",,
sw08utt/sw_0870_2888.utt,2/sw2888,2888,59,aa,A,41,2,that's true. /,that/DT 's/BES true/JJ ./.,,
sw08utt/sw_0870_2888.utt,2/sw2888,2888,60,+@,B,42,1,I read the comics. /,I/PRP read/VBP the/DT comics/NNS ./.,,
sw08utt/sw_0870_2888.utt,2/sw2888,2888,61,sd,A,43,1,<Laughter>  # That's about it. # /,That/DT 's/BES about/RB it/PRP ./.,,
sw08utt/sw_0870_2888.utt,2/sw2888,2888,62,sd^m,B,44,1,"# That's about it,  /","That/DT 's/BES about/RB it/PRP ,/,",,
sw08utt/sw_0870_2888.utt,2/sw2888,2888,63,%,B,44,2,# yeah. /,yeah/UH ./.,,
sw08utt/sw_0870_2888.utt,2/sw2888,2888,64,sd,A,45,1,"The Sunday paper, it's so full of stuff,  /","The/DT Sunday/NNP paper/NN ,/, it/PRP 's/BES so/RB full/JJ of/IN stuff/NN ,/,",,
sw08utt/sw_0870_2888.utt,2/sw2888,2888,65,sv,A,45,2,"{C but } you pick your favorite section,  /","but/CC you/PRP pick/VBP your/PRP$ favorite/JJ section/NN ,/,",,
sw08utt/sw_0870_2888.utt,2/sw2888,2888,66,sv,A,45,3,"{C and } the rest,","and/CC the/DT rest/NN ,/,",,
sw08utt/sw_0870_2888.utt,2/sw2888,2888,67,b,B,46,1,# Right. # /,Right/UH ./.,,
sw08utt/sw_0870_2888.utt,2/sw2888,2888,68,+,A,47,1,# you # throw away. /,you/PRP throw/VBP away/RB ./.,,
sw08utt/sw_0870_2888.utt,2/sw2888,2888,69,b,B,48,1,Right. /,Right/UH ./.,,
sw08utt/sw_0870_2888.utt,2/sw2888,2888,70,sd,A,49,1,"Although you paid, what, almost two dollars now to get it  /","Although/IN you/PRP paid/VBD ,/, what/WP ,/, almost/RB two/CD dollars/NNS now/RB to/TO get/VB it/PRP",,
sw08utt/sw_0870_2888.utt,2/sw2888,2888,71,%,A,49,2,"{C but, } -/","but/CC ,/,",,
sw08utt/sw_0870_2888.utt,2/sw2888,2888,72,sd,B,50,1,"I like to listen to, {F uh, } national public radio on the way to work because [ it's, + I don't know, it's ] variety,  /","I/PRP like/VBP to/TO listen/VB to/IN ,/, uh/UH ,/, national/JJ public/JJ radio/NN on/IN the/DT way/NN to/IN work/NN because/IN it/PRP 's/BES ,/, I/PRP do/VBP n't/RB know/VB ,/, it/PRP 's/BES variety/NN ,/,",,
sw08utt/sw_0870_2888.utt,2/sw2888,2888,73,o@,B,50,2,"{C and } now,","and/CC now/RB ,/,",,
sw08utt/sw_0870_2888.utt,2/sw2888,2888,74,b,A,51,1,# Uh-huh. # /,Uh-huh/UH ./.,,
sw08utt/sw_0870_2888.utt,2/sw2888,2888,75,+@,B,52,1,# they're # throwing in a little news and a little bit of other stuff.  /,they/PRP 're/VBP throwing/VBG in/IN a/DT little/JJ news/NN and/CC a/DT little/JJ bit/NN of/IN other/JJ stuff/NN ./.,,
sw08utt/sw_0870_2888.utt,2/sw2888,2888,76,sd,B,52,2,It --,It/PRP --/:,,
sw08utt/sw_0870_2888.utt,2/sw2888,2888,77,b,A,53,1,Yeah. /,Yeah/UH ./.,,
sw08utt/sw_0870_2888.utt,2/sw2888,2888,78,+,B,54,1,-- tends to get like HEADLINE NEWS if you listen to it for an hour  ((   )) . /,--/: tends/VBZ to/TO get/VB like/IN HEADLINE/NNP NEWS/NNP if/IN you/PRP listen/VBP to/IN it/PRP for/IN an/DT hour/NN MUMBLEx/XX ./.,,
sw08utt/sw_0870_2888.utt,2/sw2888,2888,79,qy,A,55,1,"[ Is it, + is it ] pretty good coverage on there? /","Is/VBZ it/PRP ,/, is/VBZ it/PRP pretty/RB good/JJ coverage/NN on/IN there/RB ?/.",,
sw08utt/sw_0870_2888.utt,2/sw2888,2888,80,ny,B,56,1,"Yeah,  /","Yeah/UH ,/,",,
sw08utt/sw_0870_2888.utt,2/sw2888,2888,81,sd^e,B,56,2,it usually is.  /,it/PRP usually/RB is/VBZ ./.,,
sw08utt/sw_0870_2888.utt,2/sw2888,2888,82,sd,B,56,3,"They throw in [ a lot of, + {D you know, } a lot of ] interviews and commentaries.  /","They/PRP throw/VBP in/IN a/DT lot/NN of/IN ,/, you/PRP know/VBP ,/, a/DT lot/NN of/IN interviews/NNS and/CC commentaries/NNS ./.",,
sw08utt/sw_0870_2888.utt,2/sw2888,2888,83,sv,B,56,4,It's kind of like getting a newspaper.  /,It/PRP 's/BES kind/RB of/RB like/IN getting/VBG a/DT newspaper/NN ./.,,
sw08utt/sw_0870_2888.utt,2/sw2888,2888,84,sd,B,56,5,There's a lot of --,There/EX 's/BES a/DT lot/NN of/IN --/:,,
sw08utt/sw_0870_2888.utt,2/sw2888,2888,85,b,A,57,1,"Yeah,  /","Yeah/UH ,/,",,
sw08utt/sw_0870_2888.utt,2/sw2888,2888,86,b^r,A,57,2,yeah. /,yeah/UH ./.,,
sw08utt/sw_0870_2888.utt,2/sw2888,2888,87,+,B,58,1,-- sections to it  /,--/: sections/NNS to/IN it/PRP,,
sw08utt/sw_0870_2888.utt,2/sw2888,2888,88,sd,B,58,2,{C and } --,and/CC --/:,,
sw08utt/sw_0870_2888.utt,2/sw2888,2888,89,b,A,59,1,{F Um. } /,Um/UH ./.,,
sw08utt/sw_0870_2888.utt,2/sw2888,2888,90,+,B,60,1,"-- [ they, + they ] present different sides of things. /","--/: they/PRP ,/, they/PRP present/VBP different/JJ sides/NNS of/IN things/NNS ./.",,
sw08utt/sw_0870_2888.utt,2/sw2888,2888,91,sd,A,61,1,"{C Because } I find like on K R L D, - /","Because/IN I/PRP find/VBP like/IN on/IN K/NNP R/NNP L/NNP D/NNP ,/,",,
sw08utt/sw_0870_2888.utt,2/sw2888,2888,92,sd,A,61,2,"I like to listen to that,  /","I/PRP like/VBP to/TO listen/VB to/IN that/DT ,/,",,
sw08utt/sw_0870_2888.utt,2/sw2888,2888,93,sd,A,61,3,"{C but } each story is {D like } no more than two or three lines, {D you know. } /","but/CC each/DT story/NN is/VBZ like/UH no/DT more/JJR than/IN two/CD or/CC three/CD lines/NNS ,/, you/PRP know/VBP ./.",,
sw08utt/sw_0870_2888.utt,2/sw2888,2888,94,sd,B,62,1,"{F Oh, } {D well } they spend a little more time, {D you know, }  /","Oh/UH ,/, well/UH they/PRP spend/VBP a/DT little/RB more/JJR time/NN ,/, you/PRP know/VBP ,/,",,
sw08utt/sw_0870_2888.utt,2/sw2888,2888,95,sd,B,62,2,"they cover the headlines, /","they/PRP cover/VBP the/DT headlines/NNS ,/,",,
sw08utt/sw_0870_2888.utt,2/sw2888,2888,96,b,A,63,1,# Yeah. # /,Yeah/UH ./.,,
sw08utt/sw_0870_2888.utt,2/sw2888,2888,97,sd,B,64,1,# {C and # then } they go into a lot of the issues and --,and/CC then/RB they/PRP go/VBP into/IN a/DT lot/NN of/IN the/DT issues/NNS and/CC --/:,,
sw08utt/sw_0870_2888.utt,2/sw2888,2888,98,b,A,65,1,Uh-huh. /,Uh-huh/UH ./.,,
sw08utt/sw_0870_2888.utt,2/sw2888,2888,99,+,B,66,1,"-- things where [ they, + they ] spend five or ten minutes discussing something  and,","--/: things/NNS where/WRB they/PRP ,/, they/PRP spend/VBP five/CD or/CC ten/CD minutes/NNS discussing/VBG something/NN and/CC ,/,",,
sw08utt/sw_0870_2888.utt,2/sw2888,2888,100,b,A,67,1,"# Yeah,  /","Yeah/UH ,/,",,
sw08utt/sw_0870_2888.utt,2/sw2888,2888,101,sd,A,67,2,that would probably be better. # /,that/DT would/MD probably/RB be/VB better/JJR ./.,,
sw08utt/sw_0870_2888.utt,2/sw2888,2888,102,+,B,68,1,# interviewing people.  /,interviewing/VBG people/NNS ./.,,
sw08utt/sw_0870_2888.utt,2/sw2888,2888,103,%,B,68,2,"{C And } it's, # -/","And/CC it/PRP 's/BES ,/,",,
sw08utt/sw_0870_2888.utt,2/sw2888,2888,104,sv,A,69,1,"Especially when you look for the, {D like, } popular radio stations like mostly the music stations, news [ is, + is ] pretty much nonexistent. /","Especially/RB when/WRB you/PRP look/VBP for/IN the/DT ,/, like/IN ,/, popular/JJ radio/NN stations/NNS like/IN mostly/RB the/DT music/NN stations/NNS ,/, news/NN is/VBZ ,/, is/VBZ pretty/RB much/JJ nonexistent/JJ ./.",,
sw08utt/sw_0870_2888.utt,2/sw2888,2888,105,b,B,70,1,Yeah. /,Yeah/UH ./.,,
sw08utt/sw_0870_2888.utt,2/sw2888,2888,106,sv,A,71,1,"They have [ little, + little, ] teeny-weeny news,","They/PRP have/VBP little/JJ ,/, little/JJ ,/, teeny-weeny/JJ news/NN ,/,",,
sw08utt/sw_0870_2888.utt,2/sw2888,2888,107,x,B,72,1,<Laughter>.,,,
sw08utt/sw_0870_2888.utt,2/sw2888,2888,108,+,A,73,1,"breaks, {D you know. } /","breaks/NNS ,/, you/PRP know/VBP ./.",,
sw08utt/sw_0870_2888.utt,2/sw2888,2888,109,b,B,74,1,"Yeah,  /","Yeah/UH ,/,",,
sw08utt/sw_0870_2888.utt,2/sw2888,2888,110,sd,B,74,2,"{C and } only in the morning, I guess, there's a little bit. /","and/CC only/RB in/IN the/DT morning/NN ,/, I/PRP guess/VBP ,/, there/EX 's/BES a/DT little/JJ bit/NN ./.",,
sw08utt/sw_0870_2888.utt,2/sw2888,2888,111,b,A,75,1,"Yeah,  /","Yeah/UH ,/,",,
sw08utt/sw_0870_2888.utt,2/sw2888,2888,112,b^r,A,75,2,"yeah,  /","yeah/UH ,/,",,
sw08utt/sw_0870_2888.utt,2/sw2888,2888,113,sd,A,75,3,basically. /,basically/UH ./.,,
sw08utt/sw_0870_2888.utt,2/sw2888,2888,114,sd,B,76,1,I haven't listened to a <breathing>  top forty radio station in so long I wouldn't know. /,I/PRP have/VBP n't/RB listened/VBN to/IN a/DT top/JJ forty/CD radio/NN station/NN in/IN so/RB long/JJ I/PRP would/MD n't/RB know/VB ./.,,
sw08utt/sw_0870_2888.utt,2/sw2888,2888,115,b,A,77,1,Yeah. /,Yeah/UH ./.,,
sw08utt/sw_0870_2888.utt,2/sw2888,2888,116,%,B,78,1,"{D So, } -/","So/UH ,/,",,
sw08utt/sw_0870_2888.utt,2/sw2888,2888,117,^h,A,79,1,"{C So } let's see, {F um, } /","So/RB let/VB 's/PRP see/VB ,/, um/UH ,/,",,
sw08utt/sw_0870_2888.utt,2/sw2888,2888,118,sd,B,80,1,"{C And } I guess I get some kinds of other, {D you know, } business related news through trade journals and things  /","And/CC I/PRP guess/VBP I/PRP get/VBP some/DT kinds/NNS of/IN other/JJ ,/, you/PRP know/VBP ,/, business/NN related/JJ news/NN through/IN trade/NN journals/NNS and/CC things/NNS",,
sw08utt/sw_0870_2888.utt,2/sw2888,2888,119,%,B,80,2,"{C but, } -/","but/CC ,/,",,
sw08utt/sw_0870_2888.utt,2/sw2888,2888,120,b,A,81,1,Uh-huh. /,Uh-huh/UH ./.,,
sw08utt/sw_0870_2888.utt,2/sw2888,2888,121,b,B,82,1,"{F Uh, } /","Uh/UH ,/,",,
sw08utt/sw_0870_2888.utt,2/sw2888,2888,122,sd@,A,83,1,The only reason I get trade journals is {D like } if I'm looking for a job or  something <laughter>.,The/DT only/JJ reason/NN I/PRP get/VBP trade/NN journals/NNS is/VBZ like/UH if/IN I/PRP 'm/VBP looking/VBG for/IN a/DT job/NN or/CC something/NN ./.,,
sw08utt/sw_0870_2888.utt,2/sw2888,2888,123,b,B,84,1,Right <laughter>. /,Right/UH ./.,,
sw08utt/sw_0870_2888.utt,2/sw2888,2888,124,+@,A,85,1,Which is what I'm doing now. /,Which/WDT is/VBZ what/WP I/PRP 'm/VBP doing/VBG now/RB ./.,,
sw08utt/sw_0870_2888.utt,2/sw2888,2888,125,b,B,86,1,"Yeah, /","Yeah/UH ,/,",,
sw08utt/sw_0870_2888.utt,2/sw2888,2888,126,%,A,87,1,"# {C But, } {F um, } # -/","But/CC ,/, um/UH ,/,",,
sw08utt/sw_0870_2888.utt,2/sw2888,2888,127,sv,B,88,1,# a lot # of people are. /,a/DT lot/NN of/IN people/NNS are/VBP ./.,,
sw08utt/sw_0870_2888.utt,2/sw2888,2888,128,b,A,89,1,"Yeah,  /","Yeah/UH ,/,",,
sw08utt/sw_0870_2888.utt,2/sw2888,2888,129,sv,A,89,2,<laughter> trying to get out of wherever they are  /,trying/VBG to/TO get/VB out/RP of/IN wherever/WRB they/PRP are/VBP,,
sw08utt/sw_0870_2888.utt,2/sw2888,2888,130,sv,A,89,3,"{C but, } {F um, } [ I think, + I think ] news is, - /","but/CC ,/, um/UH ,/, I/PRP think/VBP ,/, I/PRP think/VBP news/NN is/VBZ ,/,",,
sw08utt/sw_0870_2888.utt,2/sw2888,2888,131,sd,A,89,4,I'm wondering where it's going.  /,I/PRP 'm/VBP wondering/VBG where/WRB it/PRP 's/BES going/VBG ./.,,
sw08utt/sw_0870_2888.utt,2/sw2888,2888,132,%,A,89,5,"You know how, - /","You/PRP know/VBP how/WRB ,/,",,
sw08utt/sw_0870_2888.utt,2/sw2888,2888,133,sv,A,89,6,"I think it will be [ nonex-, + pretty much <breathing> nonexistent ] except maybe through the paper.  /","I/PRP think/VBP it/PRP will/MD be/VB nonex-/XX ,/, pretty/RB much/JJ nonexistent/JJ except/IN maybe/RB through/IN the/DT paper/NN ./.",,
sw08utt/sw_0870_2888.utt,2/sw2888,2888,134,sd,A,89,7,I know the newspaper used to be kind of the only source for news.  /,I/PRP know/VBP the/DT newspaper/NN used/VBD to/TO be/VB kind/RB of/RB the/DT only/JJ source/NN for/IN news/NN ./.,,
sw08utt/sw_0870_2888.utt,2/sw2888,2888,135,sv,A,89,8,"{C And } now, [ it's, +  it's ] kind of your final choice.  /","And/CC now/RB ,/, it/PRP 's/BES ,/, it/PRP 's/BES kind/RB of/RB your/PRP$ final/JJ choice/NN ./.",,
sw08utt/sw_0870_2888.utt,2/sw2888,2888,136,sv,A,89,9,"You watch, - /","You/PRP watch/VBP ,/,",,
sw08utt/sw_0870_2888.utt,2/sw2888,2888,137,sv,A,89,10,"first you go to C N N, then you go to radio or something like that. /","first/JJ you/PRP go/VBP to/IN C/NNP N/NNP N/NNP ,/, then/RB you/PRP go/VBP to/IN radio/NN or/CC something/NN like/IN that/DT ./.",,
sw08utt/sw_0870_2888.utt,2/sw2888,2888,138,b,B,90,1,"Yeah,  /","Yeah/UH ,/,",,
sw08utt/sw_0870_2888.utt,2/sw2888,2888,139,sv,B,90,2,"where nobody wants,","where/WRB nobody/NN wants/VBZ ,/,",,
sw08utt/sw_0870_2888.utt,2/sw2888,2888,140,%,A,91,1,"# {C And } I think it, # -/","And/CC I/PRP think/VBP it/PRP ,/,",,
sw08utt/sw_0870_2888.utt,2/sw2888,2888,141,+,B,92,1,# to sit down and # read. /,to/TO sit/VB down/RB and/CC read/VB ./.,,
sw08utt/sw_0870_2888.utt,2/sw2888,2888,142,b,A,93,1,"Yeah,  /","Yeah/UH ,/,",,
sw08utt/sw_0870_2888.utt,2/sw2888,2888,143,b^r,A,93,2,yeah. /,yeah/UH ./.,,
sw08utt/sw_0870_2888.utt,2/sw2888,2888,144,sd,B,94,1,"[ It's, + it ] takes a lot more time to read something, /","It/PRP 's/BES ,/, it/PRP takes/VBZ a/DT lot/NN more/JJR time/NN to/TO read/VB something/NN ,/,",,
sw08utt/sw_0870_2888.utt,2/sw2888,2888,145,b,A,95,1,# Yeah. # /,Yeah/UH ./.,,
sw08utt/sw_0870_2888.utt,2/sw2888,2888,146,sd,B,96,1,"# {C and } # you've got news,","and/CC you/PRP 've/VBP got/VBN news/NN ,/,",,
sw08utt/sw_0870_2888.utt,2/sw2888,2888,147,sv,A,97,1,# So much more effort.  # /,So/RB much/RB more/JJR effort/NN ./.,,
sw08utt/sw_0870_2888.utt,2/sw2888,2888,148,+,B,98,1,# bombarding you from everywhere # now. /,bombarding/VBG you/PRP from/IN everywhere/RB now/RB ./.,,
sw08utt/sw_0870_2888.utt,2/sw2888,2888,149,b,A,99,1,# Yeah. # /,Yeah/UH ./.,,
sw08utt/sw_0870_2888.utt,2/sw2888,2888,150,sd,B,100,1,"# {D You # know } you,","You/PRP know/VBP you/PRP ,/,",,
sw08utt/sw_0870_2888.utt,2/sw2888,2888,151,b,A,101,1,# Yeah. # /,Yeah/UH ./.,,
sw08utt/sw_0870_2888.utt,2/sw2888,2888,152,+,B,102,1,"# turn # on the T V, turn on the radio. -/","turn/VBP on/RP the/DT T/NN V/NN ,/, turn/VBP on/RP the/DT radio/NN ./.",,
sw08utt/sw_0870_2888.utt,2/sw2888,2888,153,sv,A,103,1,{C But } I think that soon the paper may be kind of the only source again. /,But/CC I/PRP think/VBP that/IN soon/RB the/DT paper/NN may/MD be/VB kind/RB of/RB the/DT only/JJ source/NN again/RB ./.,,
sw08utt/sw_0870_2888.utt,2/sw2888,2888,154,qw,B,104,1,Why is that? /,Why/WRB is/VBZ that/DT ?/.,,
sw08utt/sw_0870_2888.utt,2/sw2888,2888,155,%,A,105,1,"I don't, - /","I/PRP do/VBP n't/RB ,/,",,
sw08utt/sw_0870_2888.utt,2/sw2888,2888,156,sv,A,105,2,"{D well, } just because [ I'm, + I'm ] thinking that [ it, + it's ] getting so  short on radio.  /","well/UH ,/, just/RB because/IN I/PRP 'm/VBP ,/, I/PRP 'm/VBP thinking/VBG that/IN it/PRP ,/, it/PRP 's/BES getting/VBG so/RB short/JJ on/IN radio/NN ./.",,
sw08utt/sw_0870_2888.utt,2/sw2888,2888,157,sd,A,105,3,"[ You still, + you ] have two or three, - /","You/PRP still/RB ,/, you/PRP have/VBP two/CD or/CC three/CD ,/,",,
sw08utt/sw_0870_2888.utt,2/sw2888,2888,158,sd,A,105,4,"I know in Dallas you can probably get [ two, + two ] all news radio stations out of I don't how many popular radio stations.  /","I/PRP know/VBP in/IN Dallas/NNP you/PRP can/MD probably/RB get/VB two/CD ,/, two/CD all/DT news/NN radio/NN stations/NNS out/RP of/IN I/PRP do/VBP n't/RB how/WRB many/JJ popular/JJ radio/NN stations/NNS ./.",,
sw08utt/sw_0870_2888.utt,2/sw2888,2888,159,sd,A,105,5,"{C And then } on television, you have just the news at six and  ten. /","And/CC then/RB on/IN television/NN ,/, you/PRP have/VBP just/RB the/DT news/NN at/IN six/CD and/CC ten/CD ./.",,
sw08utt/sw_0870_2888.utt,2/sw2888,2888,160,b,B,106,1,"Yeah,  /","Yeah/UH ,/,",,
sw08utt/sw_0870_2888.utt,2/sw2888,2888,161,%,B,106,2,"I just, -/","I/PRP just/RB ,/,",,
sw08utt/sw_0870_2888.utt,2/sw2888,2888,162,sv,A,107,1,"{C And } [ I just, + I just ] see that dwindling [ in, + in, ] -/","And/CC I/PRP just/RB ,/, I/PRP just/RB see/VBP that/DT dwindling/VBG in/IN ,/, in/IN ,/,",,
sw08utt/sw_0870_2888.utt,2/sw2888,2888,163,sv,B,108,1,"I find it hard to believe that people will go back to reading over television, {E I mean, } just given the way society is.  /","I/PRP find/VBP it/PRP hard/JJ to/TO believe/VB that/IN people/NNS will/MD go/VB back/RB to/IN reading/NN over/IN television/NN ,/, I/PRP mean/VBP ,/, just/RB given/VBN the/DT way/NN society/NN is/NNS ./.",,
sw08utt/sw_0870_2888.utt,2/sw2888,2888,164,sd,B,108,2,"{C And } I enjoy reading,  /","And/CC I/PRP enjoy/VBP reading/VBG ,/,",,
sw08utt/sw_0870_2888.utt,2/sw2888,2888,165,sv,B,108,3,{C but } most --,but/CC most/RBS --/:,,
sw08utt/sw_0870_2888.utt,2/sw2888,2888,166,aa,A,109,1,"True,  /","True/UH ,/,",,
sw08utt/sw_0870_2888.utt,2/sw2888,2888,167,aa,A,109,2,yeah. /,yeah/UH ./.,,
sw08utt/sw_0870_2888.utt,2/sw2888,2888,168,+,B,110,1,"-- people would rather turn on the tube [ [ and, + and, ] + and, ]","--/: people/NNS would/MD rather/RB turn/VB on/RP the/DT tube/NN and/CC ,/, and/CC ,/, and/CC ,/,",,
sw08utt/sw_0870_2888.utt,2/sw2888,2888,169,aa,A,111,1,# True.  /,True/UH ./.,,
sw08utt/sw_0870_2888.utt,2/sw2888,2888,170,aa,A,111,2,"That's true, too,  /","That/DT 's/BES true/JJ ,/, too/RB ,/,",,
sw08utt/sw_0870_2888.utt,2/sw2888,2888,171,aa,A,111,3,yeah. # /,yeah/UH ./.,,
sw08utt/sw_0870_2888.utt,2/sw2888,2888,172,+,B,112,1,"# flip through the channels, {D you # know, }  and get the headline news at thirty minutes of, /","flip/VB through/IN the/DT channels/NNS ,/, you/PRP know/VBP ,/, and/CC get/VB the/DT headline/NN news/NN at/IN thirty/CD minutes/NNS of/IN ,/,",,
sw08utt/sw_0870_2888.utt,2/sw2888,2888,173,^2,A,113,1,Than sit down and take the effort to read --,Than/IN sit/VB down/RB and/CC take/VB the/DT effort/NN to/TO read/VB --/:,,
sw08utt/sw_0870_2888.utt,2/sw2888,2888,174,aa,B,114,1,Right. /,Right/UH ./.,,
sw08utt/sw_0870_2888.utt,2/sw2888,2888,175,+,A,115,1,-- the paper. /,--/: the/DT paper/NN ./.,,
sw08utt/sw_0870_2888.utt,2/sw2888,2888,176,sv,B,116,1,"{C And } they don't have to go get one, {D you know. } /","And/CC they/PRP do/VBP n't/RB have/VB to/TO go/VB get/VB one/CD ,/, you/PRP know/VBP ./.",,
sw08utt/sw_0870_2888.utt,2/sw2888,2888,177,sv,A,117,1,"One thing I like about the paper, {F um, } as opposed <noise>  <<piano in background>> to television is that, {F uh, } [ when I, + like when I ] report, because I'm in television, I have to get the basic, the main facts and that's it.  /","One/CD thing/NN I/PRP like/VBP about/IN the/DT paper/NN ,/, um/UH ,/, as/IN opposed/VBN to/IN television/NN is/VBZ that/IN ,/, uh/UH ,/, when/WRB I/PRP ,/, like/VBP when/WRB I/PRP report/VBP ,/, because/IN I/PRP 'm/VBP in/IN television/NN ,/, I/PRP have/VBP to/TO get/VB the/DT basic/NN ,/, the/DT main/JJ facts/NNS and/CC that/DT 's/BES it/PRP ./.",,
sw08utt/sw_0870_2888.utt,2/sw2888,2888,178,sv,A,117,2,That's all you have time for. /,That/DT 's/BES all/DT you/PRP have/VBP time/NN for/IN ./.,,
sw08utt/sw_0870_2888.utt,2/sw2888,2888,179,b,B,118,1,Right.  /,Right/UH ./.,,
sw08utt/sw_0870_2888.utt,2/sw2888,2888,180,b^r,B,118,2,Right. /,Right/UH ./.,,
sw08utt/sw_0870_2888.utt,2/sw2888,2888,181,sv,A,119,1,"Whereas in the paper, I like to read the articles because they get every side, every single side,  /","Whereas/IN in/IN the/DT paper/NN ,/, I/PRP like/VBP to/TO read/VB the/DT articles/NNS because/IN they/PRP get/VBP every/DT side/NN ,/, every/DT single/JJ side/NN ,/,",,
sw08utt/sw_0870_2888.utt,2/sw2888,2888,182,sd@,A,119,2,"[ {C and, } + {C and } ] every point they make, {D you know. }","and/CC ,/, and/CC every/DT point/NN they/PRP make/VBP ,/, you/PRP know/VBP ./.",,
sw08utt/sw_0870_2888.utt,2/sw2888,2888,183,b,B,120,1,Right. /,Right/UH ./.,,
sw08utt/sw_0870_2888.utt,2/sw2888,2888,184,+@,A,121,1,"[ [ And, + and ] + ] it's all there. /","And/CC ,/, and/CC it/PRP 's/BES all/DT there/RB ./.",,
sw08utt/sw_0870_2888.utt,2/sw2888,2888,185,sd,B,122,1,"{D Well, } that's why I like, {F uh, } national public radio --","Well/UH ,/, that/DT 's/BES why/WRB I/PRP like/VBP ,/, uh/UH ,/, national/JJ public/JJ radio/NN --/:",,
sw08utt/sw_0870_2888.utt,2/sw2888,2888,186,b,A,123,1,Uh-huh. /,Uh-huh/UH ./.,,
sw08utt/sw_0870_2888.utt,2/sw2888,2888,187,+,B,124,1,"-- because they get on one of these little things,  /","--/: because/IN they/PRP get/VBP on/IN one/CD of/IN these/DT little/JJ things/NNS ,/,",,
sw08utt/sw_0870_2888.utt,2/sw2888,2888,188,sd,B,124,2,"they give you headlines that are brief,  /","they/PRP give/VBP you/PRP headlines/NNS that/WDT are/VBP brief/JJ ,/,",,
sw08utt/sw_0870_2888.utt,2/sw2888,2888,189,%,B,124,3,"just, - /","just/RB ,/,",,
sw08utt/sw_0870_2888.utt,2/sw2888,2888,190,sd,B,124,4,they touch on what's going on.  /,they/PRP touch/VBP on/IN what/WP 's/BES going/VBG on/RP ./.,,
sw08utt/sw_0870_2888.utt,2/sw2888,2888,191,sd,B,124,5,{C And then } they'll get into something and really explore it. /,And/CC then/RB they/PRP 'll/MD get/VB into/IN something/NN and/CC really/RB explore/VB it/PRP ./.,,
sw08utt/sw_0870_2888.utt,2/sw2888,2888,192,b,A,125,1,"Uh-huh,  /","Uh-huh/UH ,/,",,
sw08utt/sw_0870_2888.utt,2/sw2888,2888,193,b^r,A,125,2,uh-huh. /,uh-huh/UH ./.,,
sw08utt/sw_0870_2888.utt,2/sw2888,2888,194,sv,B,126,1,"{C And } [ it's, + it's ] informative.  /","And/CC it/PRP 's/BES ,/, it/PRP 's/BES informative/JJ ./.",,
sw08utt/sw_0870_2888.utt,2/sw2888,2888,195,sv,B,126,2,"It's a lot more informative than, {D you know, } quick, half hour news shows that --","It/PRP 's/BES a/DT lot/NN more/RBR informative/JJ than/IN ,/, you/PRP know/VBP ,/, quick/JJ ,/, half/JJ hour/NN news/NN shows/NNS that/WDT --/:",,
sw08utt/sw_0870_2888.utt,2/sw2888,2888,196,b,A,127,1,Yeah. /,Yeah/UH ./.,,
sw08utt/sw_0870_2888.utt,2/sw2888,2888,197,+,B,128,1,-- they tell you what they want you to hear. /,--/: they/PRP tell/VBP you/PRP what/WP they/PRP want/VBP you/PRP to/TO hear/VB ./.,,
sw08utt/sw_0870_2888.utt,2/sw2888,2888,198,b,A,129,1,"Yeah,  /","Yeah/UH ,/,",,
sw08utt/sw_0870_2888.utt,2/sw2888,2888,199,sd,A,129,2,{C because } that's what we do.  /,because/IN that/DT 's/BES what/WP we/PRP do/VBP ./.,,
sw08utt/sw_0870_2888.utt,2/sw2888,2888,200,sd,A,129,3,"{E I mean } it's like each story is thirty seconds, {D you know. } /","I/PRP mean/VBP it/PRP 's/BES like/IN each/DT story/NN is/VBZ thirty/CD seconds/NNS ,/, you/PRP know/VBP ./.",,
sw08utt/sw_0870_2888.utt,2/sw2888,2888,201,b,B,130,1,Right. /,Right/UH ./.,,
sw08utt/sw_0870_2888.utt,2/sw2888,2888,202,sd,A,131,1,{C So } it's like you really have to tell as much as you can which is not much in that amount of time.  /,So/RB it/PRP 's/BES like/IN you/PRP really/RB have/VBP to/TO tell/VB as/RB much/JJ as/IN you/PRP can/MD which/WDT is/VBZ not/RB much/JJ in/IN that/DT amount/NN of/IN time/NN ./.,,
sw08utt/sw_0870_2888.utt,2/sw2888,2888,203,sv,A,131,2,"[ {C So, } + {C and } ] it will probably get shorter and shorter as the years go by I think.  /","So/RB ,/, and/CC it/PRP will/MD probably/RB get/VB shorter/JJR and/CC shorter/JJR as/IN the/DT years/NNS go/VBP by/IN I/PRP think/VBP ./.",,
sw08utt/sw_0870_2888.utt,2/sw2888,2888,204,h,A,131,3,I don't know. /,I/PRP do/VBP n't/RB know/VB ./.,,
sw08utt/sw_0870_2888.utt,2/sw2888,2888,205,b,B,132,1,"Yeah,  /","Yeah/UH ,/,",,
sw08utt/sw_0870_2888.utt,2/sw2888,2888,206,sd,B,132,2,there's so much going on in the world. /,there/EX 's/BES so/RB much/JJ going/VBG on/RP in/IN the/DT world/NN ./.,,
sw08utt/sw_0870_2888.utt,2/sw2888,2888,207,b,A,133,1,Uh-huh. /,Uh-huh/UH ./.,,
sw08utt/sw_0870_2888.utt,2/sw2888,2888,208,sv,B,134,1,"Communication, {D you know, } expands the world now. /","Communication/NN ,/, you/PRP know/VBP ,/, expands/VBZ the/DT world/NN now/RB ./.",,
sw08utt/sw_0870_2888.utt,2/sw2888,2888,209,b,A,135,1,"{F Oh, } yeah. /","Oh/UH ,/, yeah/UH ./.",,
sw08utt/sw_0870_2888.utt,2/sw2888,2888,210,sv,B,136,1,There's too much going on.  /,There/EX 's/BES too/RB much/JJ going/NN on/RP ./.,,
sw08utt/sw_0870_2888.utt,2/sw2888,2888,211,sv,B,136,2,You can't afford to give more than a couple of seconds here and there. /,You/PRP ca/MD n't/RB afford/VB to/TO give/VB more/JJR than/IN a/DT couple/NN of/IN seconds/NNS here/RB and/CC there/RB ./.,,
sw08utt/sw_0870_2888.utt,2/sw2888,2888,212,sv,A,137,1,"I think that is one good thing, one great thing, about news,  /","I/PRP think/VBP that/DT is/VBZ one/CD good/JJ thing/NN ,/, one/CD great/JJ thing/NN ,/, about/IN news/NN ,/,",,
sw08utt/sw_0870_2888.utt,2/sw2888,2888,213,sd,A,137,2,"{C and } we saw it during the war just now, is that we got all the information within minutes, {D you know. } /","and/CC we/PRP saw/VBD it/PRP during/IN the/DT war/NN just/RB now/RB ,/, is/VBZ that/IN we/PRP got/VBD all/PDT the/DT information/NN within/IN minutes/NNS ,/, you/PRP know/VBP ./.",,
sw08utt/sw_0870_2888.utt,2/sw2888,2888,214,b,B,138,1,Yeah. /,Yeah/UH ./.,,
sw08utt/sw_0870_2888.utt,2/sw2888,2888,215,sd,A,139,1,"Whatever happened, we knew about it about the same time that they knew about it. /","Whatever/WDT happened/VBD ,/, we/PRP knew/VBD about/IN it/PRP about/IN the/DT same/JJ time/NN that/IN they/PRP knew/VBD about/IN it/PRP ./.",,
sw08utt/sw_0870_2888.utt,2/sw2888,2888,216,qh,B,140,1,"{C And } the question is, [ how much of it + {E or } how, some of it, ] - /","And/CC the/DT question/NN is/VBZ ,/, how/WRB much/NN of/IN it/PRP or/CC how/WRB ,/, some/DT of/IN it/PRP ,/,",,
sw08utt/sw_0870_2888.utt,2/sw2888,2888,217,sv,B,140,2,"I guess, there's a lot of debate about censorship [ and -- +","I/PRP guess/VBP ,/, there/EX 's/BES a/DT lot/NN of/IN debate/NN about/IN censorship/NN and/CC --/:",,
sw08utt/sw_0870_2888.utt,2/sw2888,2888,218,b,A,141,1,"Yeah,  /","Yeah/UH ,/,",,
sw08utt/sw_0870_2888.utt,2/sw2888,2888,219,b^r,A,141,2,yeah. /,yeah/UH ./.,,
sw08utt/sw_0870_2888.utt,2/sw2888,2888,220,+,B,142,1,-- and ] what we're really seeing. /,--/: and/CC what/WP we/PRP 're/VBP really/RB seeing/VBG ./.,,
sw08utt/sw_0870_2888.utt,2/sw2888,2888,221,b,A,143,1,Uh-huh. /,Uh-huh/UH ./.,,
sw08utt/sw_0870_2888.utt,2/sw2888,2888,222,qh,B,144,1,"[ Is it, + is it ] the true story  /","Is/VBZ it/PRP ,/, is/VBZ it/PRP the/DT true/JJ story/NN",,
sw08utt/sw_0870_2888.utt,2/sw2888,2888,223,qrr,B,144,2,{C or } is it a --,or/CC is/VBZ it/PRP a/DT --/:,,
sw08utt/sw_0870_2888.utt,2/sw2888,2888,224,b,A,145,1,Yeah. /,Yeah/UH ./.,,
sw08utt/sw_0870_2888.utt,2/sw2888,2888,225,+,B,146,1,-- little bit biased. /,--/: little/JJ bit/NN biased/JJ ./.,,
sw08utt/sw_0870_2888.utt,2/sw2888,2888,226,sv,A,147,1,"{C Because } even though we do get the story right away, they were censored as to what they --","Because/IN even/RB though/IN we/PRP do/VBP get/VB the/DT story/NN right/RB away/RB ,/, they/PRP were/VBD censored/JJ as/IN to/IN what/WP they/PRP --/:",,
sw08utt/sw_0870_2888.utt,2/sw2888,2888,227,b,B,148,1,Right. /,Right/UH ./.,,
sw08utt/sw_0870_2888.utt,2/sw2888,2888,228,+,A,149,1,-- could tell us.  /,--/: could/MD tell/VB us/PRP ./.,,
sw08utt/sw_0870_2888.utt,2/sw2888,2888,229,qh,A,149,2,"{C So } all we had to sit here [ and, + and ] ask is {D well, } what aren't they telling us, {D you know. }  /","So/RB all/DT we/PRP had/VBD to/TO sit/VB here/RB and/CC ,/, and/CC ask/VB is/VBZ well/UH ,/, what/WP are/VBP n't/RB they/PRP telling/VBG us/PRP ,/, you/PRP know/VBP ./.",,
sw08utt/sw_0870_2888.utt,2/sw2888,2888,230,sd,A,149,3,"{C So } [ that, + that ] was pretty scary.  /","So/RB that/DT ,/, that/DT was/VBD pretty/RB scary/JJ ./.",,
sw08utt/sw_0870_2888.utt,2/sw2888,2888,231,%,A,149,4,"{C But } we, - /","But/CC we/PRP ,/,",,
sw08utt/sw_0870_2888.utt,2/sw2888,2888,232,sd,A,149,5,"I talked to one woman,  /","I/PRP talked/VBD to/IN one/CD woman/NN ,/,",,
sw08utt/sw_0870_2888.utt,2/sw2888,2888,233,sd,A,149,6,"{C and } she said that she didn't want to know what was going on because if she had a son over in Saudi Arabia, she wouldn't want to know, {D you know, } that they're bombing [ or, + or ] this and that's going on.  /","and/CC she/PRP said/VBD that/IN she/PRP did/VBD n't/RB want/VB to/TO know/VB what/WP was/VBD going/VBG on/RP because/IN if/IN she/PRP had/VBD a/DT son/NN over/IN in/IN Saudi/NNP Arabia/NNP ,/, she/PRP would/MD n't/RB want/VB to/TO know/VB ,/, you/PRP know/VBP ,/, that/IN they/PRP 're/VBP bombing/VBG or/CC ,/, or/CC this/DT and/CC that/DT 's/BES going/VBG on/RP ./.",,
sw08utt/sw_0870_2888.utt,2/sw2888,2888,234,sd,A,149,7,"{C And } at the same time, I talked to another woman,  /","And/CC at/IN the/DT same/JJ time/NN ,/, I/PRP talked/VBD to/IN another/DT woman/NN ,/,",,
sw08utt/sw_0870_2888.utt,2/sw2888,2888,235,sd,A,149,8,{C and } she was so happy to know because she lived through Vietnam.  /,and/CC she/PRP was/VBD so/RB happy/JJ to/TO know/VB because/IN she/PRP lived/VBD through/IN Vietnam/NNP ./.,,
sw08utt/sw_0870_2888.utt,2/sw2888,2888,236,sd,A,149,9,{C And } she didn't know what was happening at that time. /,And/CC she/PRP did/VBD n't/RB know/VB what/WP was/VBD happening/VBG at/IN that/DT time/NN ./.,,
sw08utt/sw_0870_2888.utt,2/sw2888,2888,237,b,B,150,1,Right. /,Right/UH ./.,,
sw08utt/sw_0870_2888.utt,2/sw2888,2888,238,sd,A,151,1,"{C And } she was so happy to get the information, {D you know. }  /","And/CC she/PRP was/VBD so/RB happy/JJ to/TO get/VB the/DT information/NN ,/, you/PRP know/VBP ./.",,
sw08utt/sw_0870_2888.utt,2/sw2888,2888,239,sd,A,151,2,{C So } there's just a lot of different opinions on that.  /,So/RB there/EX 's/BES just/RB a/DT lot/NN of/IN different/JJ opinions/NNS on/IN that/DT ./.,,
sw08utt/sw_0870_2888.utt,2/sw2888,2888,240,%,A,151,3,"{C But, } -/","But/CC ,/,",,
sw08utt/sw_0870_2888.utt,2/sw2888,2888,241,sd,B,152,1,"[ [ I, + I, ] + {D you know, }  I ] like [ to, + to ] know what's going on.  /","I/PRP ,/, I/PRP ,/, you/PRP know/VBP ,/, I/PRP like/VBP to/TO ,/, to/TO know/VB what/WP 's/BES going/VBG on/RP ./.",,
sw08utt/sw_0870_2888.utt,2/sw2888,2888,242,sv,B,152,2,Sometimes I think there's just a little bit too much. /,Sometimes/RB I/PRP think/VBP there/EX 's/BES just/RB a/DT little/JJ bit/NN too/RB much/JJ ./.,,
sw08utt/sw_0870_2888.utt,2/sw2888,2888,243,b,A,153,1,Yeah. /,Yeah/UH ./.,,
sw08utt/sw_0870_2888.utt,2/sw2888,2888,244,sv,B,154,1,"{D You know } you get in the habit of, like I say, turn on Headline News  /","You/PRP know/VBP you/PRP get/VBP in/IN the/DT habit/NN of/IN ,/, like/IN I/PRP say/VBP ,/, turn/VB on/RP Headline/NNP News/NNP",,
sw08utt/sw_0870_2888.utt,2/sw2888,2888,245,sd,B,154,2,"{C and } it will play over and over <laughter>, /","and/CC it/PRP will/MD play/VB over/RB and/CC over/RB ,/,",,
sw08utt/sw_0870_2888.utt,2/sw2888,2888,246,x,A,155,1,<Laughter>.,,,
sw08utt/sw_0870_2888.utt,2/sw2888,2888,247,sv,B,156,1,{C and } you just tune it out because it's the same thing  /,and/CC you/PRP just/RB tune/VBP it/PRP out/RP because/IN it/PRP 's/BES the/DT same/JJ thing/NN,,
sw08utt/sw_0870_2888.utt,2/sw2888,2888,248,%,B,156,2,"{C but, } -/","but/CC ,/,",,
sw08utt/sw_0870_2888.utt,2/sw2888,2888,249,sv,A,157,1,"{C And then, } too, a lot of times I think, {F uh, } especially on television they blow things completely out of proportion. /","And/CC then/RB ,/, too/RB ,/, a/DT lot/NN of/IN times/NNS I/PRP think/VBP ,/, uh/UH ,/, especially/RB on/IN television/NN they/PRP blow/VBP things/NNS completely/RB out/RP of/IN proportion/NN ./.",,
sw08utt/sw_0870_2888.utt,2/sw2888,2888,250,aa,B,158,1,"Yeah,  /","Yeah/UH ,/,",,
sw08utt/sw_0870_2888.utt,2/sw2888,2888,251,sv,B,158,2,"they tend to,","they/PRP tend/VBP to/TO ,/,",,
sw08utt/sw_0870_2888.utt,2/sw2888,2888,252,%,A,159,1,"# {D Like, } # -/","Like/IN ,/,",,
sw08utt/sw_0870_2888.utt,2/sw2888,2888,253,+,B,160,1,# dramatize # things. /,dramatize/VB things/NNS ./.,,
sw08utt/sw_0870_2888.utt,2/sw2888,2888,254,sd,A,161,1,"{D You know, } {D like } this Kennedy thing. /","You/PRP know/VBP ,/, like/IN this/DT Kennedy/NNP thing/NN ./.",,
sw08utt/sw_0870_2888.utt,2/sw2888,2888,255,b,B,162,1,Yeah. /,Yeah/UH ./.,,
sw08utt/sw_0870_2888.utt,2/sw2888,2888,256,sv,A,163,1,"<Clicking>  <<sounds like a keyboard>> It's just, {E I mean, } everywhere you turn.  /","It/PRP 's/BES just/RB ,/, I/PRP mean/VBP ,/, everywhere/RB you/PRP turn/VBP ./.",,
sw08utt/sw_0870_2888.utt,2/sw2888,2888,257,sd,A,163,2,"Kennedy,  /","Kennedy/NNP ,/,",,
sw08utt/sw_0870_2888.utt,2/sw2888,2888,258,sd^r,A,163,3,"Kennedy,  /","Kennedy/NNP ,/,",,
sw08utt/sw_0870_2888.utt,2/sw2888,2888,259,sd^r,A,163,4,Kennedy.  /,Kennedy/NNP ./.,,
sw08utt/sw_0870_2888.utt,2/sw2888,2888,260,sd(^q),A,163,5,"{D You know, } what kind of shoes did he wear on the night?  /","You/PRP know/VBP ,/, what/WDT kind/NN of/IN shoes/NNS did/VBD he/PRP wear/VBP on/IN the/DT night/NN ?/.",,
sw08utt/sw_0870_2888.utt,2/sw2888,2888,261,sd,A,163,6,"{C And } {D you know, } it's just like, okay, this is # ridiculous. # /","And/CC you/PRP know/VBP ,/, it/PRP 's/BES just/RB like/IN ,/, okay/UH ,/, this/DT is/VBZ ridiculous/JJ ./.",,
sw08utt/sw_0870_2888.utt,2/sw2888,2888,262,qh,B,164,1,# {D Like } who cares?  /,Like/IN who/WP cares/VBZ ?/.,,
sw08utt/sw_0870_2888.utt,2/sw2888,2888,263,b,B,164,2,# Really. /,Really/UH ./.,,
sw08utt/sw_0870_2888.utt,2/sw2888,2888,264,%,A,165,1,"{D So, } -/","So/UH ,/,",,
sw08utt/sw_0870_2888.utt,2/sw2888,2888,265,%,B,166,1,"{D Well, } -/","Well/UH ,/,",,
sw08utt/sw_0870_2888.utt,2/sw2888,2888,266,qw,A,167,1,{C But } what are you doing?  /,But/CC what/WP are/VBP you/PRP doing/VBG ?/.,,
sw08utt/sw_0870_2888.utt,2/sw2888,2888,267,qy,A,167,2,Sitting on a computer? /,Sitting/VBG on/IN a/DT computer/NN ?/.,,
sw08utt/sw_0870_2888.utt,2/sw2888,2888,268,ny,B,168,1,Yeah. /,Yeah/UH ./.,,
sw08utt/sw_0870_2888.utt,2/sw2888,2888,269,sd,A,169,1,<Laughter>  I heard the little clicking. /,I/PRP heard/VBD the/DT little/JJ clicking/NN ./.,,
sw08utt/sw_0870_2888.utt,2/sw2888,2888,270,sd^e,B,170,1,Trying to do some C programming. /,Trying/VBG to/TO do/VB some/DT C/SYM programming/NN ./.,,
sw08utt/sw_0870_2888.utt,2/sw2888,2888,271,bk,A,171,1,"{F Oh, } okay.  /","Oh/UH ,/, okay/UH ./.",,
sw08utt/sw_0870_2888.utt,2/sw2888,2888,272,fc,A,171,2,"{D Well, } it was nice talking to you. /","Well/UH ,/, it/PRP was/VBD nice/JJ talking/NN to/IN you/PRP ./.",,
sw08utt/sw_0870_2888.utt,2/sw2888,2888,273,fc,B,172,1,Okay <breathing>. /,Okay/UH ./.,,
sw08utt/sw_0870_2888.utt,2/sw2888,2888,274,fc^m,A,173,1,Okay. /,Okay/UH ./.,,
sw08utt/sw_0870_2888.utt,2/sw2888,2888,275,fc,B,174,1,Take # care. # /,Take/VB care/NN ./.,,
sw08utt/sw_0870_2888.utt,2/sw2888,2888,276,fc^m,A,175,1,# Take #  care. /,Take/VB care/NN ./.,,
sw08utt/sw_0870_2888.utt,2/sw2888,2888,277,fc,B,176,1,Bye-bye. /,Bye-bye/UH ./.,,
sw08utt/sw_0870_2888.utt,2/sw2888,2888,278,fc,A,177,1,"Uh-huh,  /","Uh-huh/UH ,/,",,
sw08utt/sw_0870_2888.utt,2/sw2888,2888,279,fc^m,A,177,2,bye. /,bye/UH ./.,,
