swda_filename,ptb_basename,conversation_no,transcript_index,act_tag,caller,utterance_index,subutterance_index,text,pos,trees,ptb_treenumbers
sw08utt/sw_0878_3189.utt,3/sw3189,3189,0,fp,B,1,1,"Hi, Clarice.  /","Hi/UH ,/, Clarice/NNP ./.",,
sw08utt/sw_0878_3189.utt,3/sw3189,3189,1,qy,B,1,2,"{F Um, } have you had a family reunion recently? /","Um/UH ,/, have/VBP you/PRP had/VBN a/DT family/NN reunion/NN recently/RB ?/.",,
sw08utt/sw_0878_3189.utt,3/sw3189,3189,2,ny,A,2,1,"Yes,  /","Yes/UH ,/,",,
sw08utt/sw_0878_3189.utt,3/sw3189,3189,3,sd^e,A,2,2,"just this last summer we went back to Utah,  /","just/RB this/DT last/JJ summer/NN we/PRP went/VBD back/RB to/IN Utah/NNP ,/,",,
sw08utt/sw_0878_3189.utt,3/sw3189,3189,4,sd,A,2,3,"{C and } we met, it was my,  /","and/CC we/PRP met/VBD ,/, it/PRP was/VBD my/PRP$ ,/,",,
sw08utt/sw_0878_3189.utt,3/sw3189,3189,5,sd,A,2,4,"we usually go to my family reunion,  /","we/PRP usually/RB go/VBP to/IN my/PRP$ family/NN reunion/NN ,/,",,
sw08utt/sw_0878_3189.utt,3/sw3189,3189,6,sd,A,2,5,{C but } this one was my husband's -- /,but/CC this/DT one/CD was/VBD my/PRP$ husband/NN 's/POS --/:,,
sw08utt/sw_0878_3189.utt,3/sw3189,3189,7,b,B,3,1,Uh-huh. /,Uh-huh/UH ./.,,
sw08utt/sw_0878_3189.utt,3/sw3189,3189,8,sd,A,4,1,"-- {C and } they're usually quite similar, I think. /","--/: and/CC they/PRP 're/VBP usually/RB quite/RB similar/JJ ,/, I/PRP think/VBP ./.",,
sw08utt/sw_0878_3189.utt,3/sw3189,3189,9,qy,B,5,1,Are you both from Utah originally? /,Are/VBP you/PRP both/DT from/IN Utah/NNP originally/RB ?/.,,
sw08utt/sw_0878_3189.utt,3/sw3189,3189,10,nn,A,6,1,"No,  /","No/UH ,/,",,
sw08utt/sw_0878_3189.utt,3/sw3189,3189,11,sd^e,A,6,2,he's from here -- /,he/PRP 's/BES from/IN here/RB --/:,,
sw08utt/sw_0878_3189.utt,3/sw3189,3189,12,bk,B,7,1,"{F Oh, } uh-huh. /","Oh/UH ,/, uh-huh/UH ./.",,
sw08utt/sw_0878_3189.utt,3/sw3189,3189,13,sd,A,8,1,"-- {C but, } {F uh, } most of his people are from Oregon,  /","--/: but/CC ,/, uh/UH ,/, most/RBS of/IN his/PRP$ people/NNS are/VBP from/IN Oregon/NNP ,/,",,
sw08utt/sw_0878_3189.utt,3/sw3189,3189,14,sd,A,8,2,{C so } we kind of met halfway -- /,so/RB we/PRP kind/RB of/RB met/VBD halfway/RB --/:,,
sw08utt/sw_0878_3189.utt,3/sw3189,3189,15,b,B,9,1,Uh-huh. /,Uh-huh/UH ./.,,
sw08utt/sw_0878_3189.utt,3/sw3189,3189,16,sd,A,10,1,"-- {C and so, } this was one, - /","--/: and/CC so/RB ,/, this/DT was/VBD one/CD ,/,",,
sw08utt/sw_0878_3189.utt,3/sw3189,3189,17,sd,A,10,2,"{C and } they, {F um, } planned it up in the mountains and got a cabin --","and/CC they/PRP ,/, um/UH ,/, planned/VBD it/PRP up/IN in/IN the/DT mountains/NNS and/CC got/VBD a/DT cabin/NN --/:",,
sw08utt/sw_0878_3189.utt,3/sw3189,3189,18,ba,B,11,1,"{F Oh, } how nice. /","Oh/UH ,/, how/WRB nice/JJ ./.",,
sw08utt/sw_0878_3189.utt,3/sw3189,3189,19,+,A,12,1,"-- and had, {D you know, } - /","--/: and/CC had/VBD ,/, you/PRP know/VBP ,/,",,
sw08utt/sw_0878_3189.utt,3/sw3189,3189,20,sv,A,12,2,"things like that have to be planned,  /","things/NNS like/IN that/DT have/VBP to/TO be/VB planned/VBN ,/,",,
sw08utt/sw_0878_3189.utt,3/sw3189,3189,21,sd,A,12,3,{D like } they had planned - /,like/IN they/PRP had/VBD planned/VBN,,
sw08utt/sw_0878_3189.utt,3/sw3189,3189,22,sd,A,12,4,"[ that, + ] we went to the reunion in end of [ Jul-, + ] June and first of July --","that/DT ,/, we/PRP went/VBD to/IN the/DT reunion/NN in/IN end/NN of/IN Jul-/NNP ,/, June/NNP and/CC first/JJ of/IN July/NNP --/:",,
sw08utt/sw_0878_3189.utt,3/sw3189,3189,23,b,B,13,1,Uh-huh. /,Uh-huh/UH ./.,,
sw08utt/sw_0878_3189.utt,3/sw3189,3189,24,+,A,14,1,-- that part --,--/: that/DT part/NN --/:,,
sw08utt/sw_0878_3189.utt,3/sw3189,3189,25,b,B,15,1,Uh-huh. /,Uh-huh/UH ./.,,
sw08utt/sw_0878_3189.utt,3/sw3189,3189,26,+,A,16,1,"-- the fourth of July weekend,  /","--/: the/DT fourth/JJ of/IN July/NNP weekend/NN ,/,",,
sw08utt/sw_0878_3189.utt,3/sw3189,3189,27,sd,A,16,2,"{C but } we had to plan everything {D like } clear in December, January --","but/CC we/PRP had/VBD to/TO plan/VB everything/NN like/UH clear/RB in/IN December/NNP ,/, January/NNP --/:",,
sw08utt/sw_0878_3189.utt,3/sw3189,3189,28,b,B,17,1,"Sure,  /","Sure/UH ,/,",,
sw08utt/sw_0878_3189.utt,3/sw3189,3189,29,b^r,B,17,2,"sure, /","sure/UH ,/,",,
sw08utt/sw_0878_3189.utt,3/sw3189,3189,30,+,A,18,1,-- to reserve that. /,--/: to/TO reserve/VB that/DT ./.,,
sw08utt/sw_0878_3189.utt,3/sw3189,3189,31,qr,B,19,1,"{D Now } was this his entire family, cousins, aunts, uncles --","Now/UH was/VBD this/DT his/PRP$ entire/JJ family/NN ,/, cousins/NNS ,/, aunts/NNS ,/, uncles/NNS --/:",,
sw08utt/sw_0878_3189.utt,3/sw3189,3189,32,b,A,20,1,Uh-huh. /,Uh-huh/UH ./.,,
sw08utt/sw_0878_3189.utt,3/sw3189,3189,33,+,B,21,1,-- like that or his immediate family? /,--/: like/IN that/DT or/CC his/PRP$ immediate/JJ family/NN ?/.,,
sw08utt/sw_0878_3189.utt,3/sw3189,3189,34,nn,A,22,1,No -- /,No/UH --/:,,
sw08utt/sw_0878_3189.utt,3/sw3189,3189,35,ba,B,23,1,"{F Oh, } wow. /","Oh/UH ,/, wow/UH ./.",,
sw08utt/sw_0878_3189.utt,3/sw3189,3189,36,sd,A,24,1,-- this was everybody. /,--/: this/DT was/VBD everybody/NN ./.,,
sw08utt/sw_0878_3189.utt,3/sw3189,3189,37,ba,B,25,1,"{F Oh } wow,  /","Oh/UH wow/UH ,/,",,
sw08utt/sw_0878_3189.utt,3/sw3189,3189,38,qw,B,25,2,how many people were there? /,how/WRB many/JJ people/NNS were/VBD there/RB ?/.,,
sw08utt/sw_0878_3189.utt,3/sw3189,3189,39,sd,A,26,1,"{F Oh, } [ [ I, + {F oh, } I, ] + jeez, I ] think over, {F um, } three hundred --","Oh/UH ,/, I/PRP ,/, oh/UH ,/, I/PRP ,/, jeez/UH ,/, I/PRP think/VBP over/IN ,/, um/UH ,/, three/CD hundred/CD --/:",,
sw08utt/sw_0878_3189.utt,3/sw3189,3189,40,ba,B,27,1,Wow. /,Wow/UH ./.,,
sw08utt/sw_0878_3189.utt,3/sw3189,3189,41,+,A,28,1,-- were there.  /,--/: were/VBD there/RB ./.,,
sw08utt/sw_0878_3189.utt,3/sw3189,3189,42,sd,A,28,2,It was quite a large -- -/,It/PRP was/VBD quite/RB a/DT large/JJ --/:,,
sw08utt/sw_0878_3189.utt,3/sw3189,3189,43,ba,B,29,1,Wow. /,Wow/UH ./.,,
sw08utt/sw_0878_3189.utt,3/sw3189,3189,44,sd,A,30,1,"-- it was a great big lodge,  /","--/: it/PRP was/VBD a/DT great/JJ big/JJ lodge/NN ,/,",,
sw08utt/sw_0878_3189.utt,3/sw3189,3189,45,sd,A,30,2,"{C and so } we had plenty of room and  everything,  /","and/CC so/RB we/PRP had/VBD plenty/JJ of/IN room/NN and/CC everything/NN ,/,",,
sw08utt/sw_0878_3189.utt,3/sw3189,3189,46,sd,A,30,3,"{C and } some of them live in that area,  /","and/CC some/DT of/IN them/PRP live/VBP in/IN that/DT area/NN ,/,",,
sw08utt/sw_0878_3189.utt,3/sw3189,3189,47,sd,A,30,4,{C so } it wasn't too hard for them to come in the day and leave. /,so/RB it/PRP was/VBD n't/RB too/RB hard/JJ for/IN them/PRP to/TO come/VB in/IN the/DT day/NN and/CC leave/VB ./.,,
sw08utt/sw_0878_3189.utt,3/sw3189,3189,48,b,B,31,1,Uh-huh. /,Uh-huh/UH ./.,,
sw08utt/sw_0878_3189.utt,3/sw3189,3189,49,sd,A,32,1,"{C But, } {F um, } that was a great big thing,  /","But/CC ,/, um/UH ,/, that/DT was/VBD a/DT great/JJ big/JJ thing/NN ,/,",,
sw08utt/sw_0878_3189.utt,3/sw3189,3189,50,sd,A,32,2,"{C and } we do that with his family about every five years,","and/CC we/PRP do/VBP that/DT with/IN his/PRP$ family/NN about/RB every/DT five/CD years/NNS ,/,",,
sw08utt/sw_0878_3189.utt,3/sw3189,3189,51,o@,B,33,1,"{F Oh } that's,","Oh/UH that/DT 's/BES ,/,",,
sw08utt/sw_0878_3189.utt,3/sw3189,3189,52,+,A,34,1,# a great big one. # /,a/DT great/JJ big/JJ one/CD ./.,,
sw08utt/sw_0878_3189.utt,3/sw3189,3189,53,+@,B,35,1,"# wonderful, {F oh. } # /","wonderful/JJ ,/, oh/UH ./.",,
sw08utt/sw_0878_3189.utt,3/sw3189,3189,54,sd,A,36,1,"{C And then } {D like } immediate family [ we do, + {D like } we try ] to do one thing once a year. /","And/CC then/RB like/UH immediate/JJ family/NN we/PRP do/VBP ,/, like/UH we/PRP try/VBP to/TO do/VB one/CD thing/NN once/RB a/DT year/NN ./.",,
sw08utt/sw_0878_3189.utt,3/sw3189,3189,55,qw,B,37,1,"{D Now } [ how many, + how many ] people are in his immediate family? /","Now/UH how/WRB many/JJ ,/, how/WRB many/JJ people/NNS are/VBP in/IN his/PRP$ immediate/JJ family/NN ?/.",,
sw08utt/sw_0878_3189.utt,3/sw3189,3189,56,sv,A,38,1,"{D Well, } he has eight brothers and sisters -- /","Well/UH ,/, he/PRP has/VBZ eight/CD brothers/NNS and/CC sisters/NNS --/:",,
sw08utt/sw_0878_3189.utt,3/sw3189,3189,57,ba,B,39,1,"{F Oh, } wow. /","Oh/UH ,/, wow/UH ./.",,
sw08utt/sw_0878_3189.utt,3/sw3189,3189,58,sd,A,40,1,-- {C so } that's big by itself. /,--/: so/RB that/DT 's/BES big/JJ by/IN itself/PRP ./.,,
sw08utt/sw_0878_3189.utt,3/sw3189,3189,59,ba,B,41,1,"Wow,  /","Wow/UH ,/,",,
sw08utt/sw_0878_3189.utt,3/sw3189,3189,60,aa,B,41,2,"it really is, /","it/PRP really/RB is/VBZ ,/,",,
sw08utt/sw_0878_3189.utt,3/sw3189,3189,61,x,A,42,1,<Laughter>.,,,
sw08utt/sw_0878_3189.utt,3/sw3189,3189,62,qy^d,B,43,1,{C and } you get together once a year. /,and/CC you/PRP get/VBP together/RB once/RB a/DT year/NN ./.,,
sw08utt/sw_0878_3189.utt,3/sw3189,3189,63,ny,A,44,1,Yeah. /,Yeah/UH ./.,,
sw08utt/sw_0878_3189.utt,3/sw3189,3189,64,ba,B,45,1,"Wow, /","Wow/UH ,/,",,
sw08utt/sw_0878_3189.utt,3/sw3189,3189,65,sd,A,46,1,{C So } we have a little shindig with them. /,So/RB we/PRP have/VBP a/DT little/JJ shindig/NN with/IN them/PRP ./.,,
sw08utt/sw_0878_3189.utt,3/sw3189,3189,66,qy,B,47,1,"Are they all here in the area,  /","Are/VBP they/PRP all/DT here/RB in/IN the/DT area/NN ,/,",,
sw08utt/sw_0878_3189.utt,3/sw3189,3189,67,qrr,B,47,2,{C or } are they --,or/CC are/VBP they/PRP --/:,,
sw08utt/sw_0878_3189.utt,3/sw3189,3189,68,sd,A,48,1,{F Um } --,Um/UH --/:,,
sw08utt/sw_0878_3189.utt,3/sw3189,3189,69,+,B,49,1,-- scattered? /,--/: scattered/JJ ?/.,,
sw08utt/sw_0878_3189.utt,3/sw3189,3189,70,+,A,50,1,"-- they're [ close, + in a close ] proximity.  /","--/: they/PRP 're/VBP close/RB ,/, in/IN a/DT close/JJ proximity/NN ./.",,
sw08utt/sw_0878_3189.utt,3/sw3189,3189,71,^h,A,50,2,"{F Um, } let's see,  /","Um/UH ,/, let/VB 's/PRP see/VB ,/,",,
sw08utt/sw_0878_3189.utt,3/sw3189,3189,72,sd,A,50,3,"there are four of them who live here in Texas, and his mom and dad. /","there/EX are/VBP four/CD of/IN them/PRP who/WP live/VBP here/RB in/IN Texas/NNP ,/, and/CC his/PRP$ mom/NN and/CC dad/NN ./.",,
sw08utt/sw_0878_3189.utt,3/sw3189,3189,73,b,B,51,1,Uh-huh. /,Uh-huh/UH ./.,,
sw08utt/sw_0878_3189.utt,3/sw3189,3189,74,sd,A,52,1,"{C So, } {F um, } the others live in close neighboring, {F um, } states, like Nevada, Arizona --","So/RB ,/, um/UH ,/, the/DT others/NNS live/VBP in/IN close/JJ neighboring/JJ ,/, um/UH ,/, states/NNS ,/, like/IN Nevada/NNP ,/, Arizona/NNP --/:",,
sw08utt/sw_0878_3189.utt,3/sw3189,3189,75,b,B,53,1,Uh-huh. /,Uh-huh/UH ./.,,
sw08utt/sw_0878_3189.utt,3/sw3189,3189,76,+,A,54,1,"-- I think like that,  /","--/: I/PRP think/VBP like/IN that/DT ,/,",,
sw08utt/sw_0878_3189.utt,3/sw3189,3189,77,%,A,54,2,yeah -- /,yeah/UH --/:,,
sw08utt/sw_0878_3189.utt,3/sw3189,3189,78,ba,B,55,1,"{F Oh } wow,  /","Oh/UH wow/UH ,/,",,
sw08utt/sw_0878_3189.utt,3/sw3189,3189,79,sd,B,55,2,that's wonderful. /,that/DT 's/BES wonderful/JJ ./.,,
sw08utt/sw_0878_3189.utt,3/sw3189,3189,80,sd,A,56,1,"-- {C so, } it's been fun.  /","--/: so/RB ,/, it/PRP 's/HVS been/VBN fun/JJ ./.",,
sw08utt/sw_0878_3189.utt,3/sw3189,3189,81,qo,A,56,2,How about you? /,How/WRB about/IN you/PRP ?/.,,
sw08utt/sw_0878_3189.utt,3/sw3189,3189,82,sd,B,57,1,"{D Well, } we don't really get together,  /","Well/UH ,/, we/PRP do/VBP n't/RB really/RB get/VB together/RB ,/,",,
sw08utt/sw_0878_3189.utt,3/sw3189,3189,83,sd,B,57,2,"[ I, + I ] would love to,  /","I/PRP ,/, I/PRP would/MD love/VB to/TO ,/,",,
sw08utt/sw_0878_3189.utt,3/sw3189,3189,84,sd,B,57,3,"{C and } that's why I checked that I wanted to do that, because I would love to plan a family reunion sometime.  /","and/CC that/DT 's/BES why/WRB I/PRP checked/VBD that/DT I/PRP wanted/VBD to/TO do/VB that/DT ,/, because/IN I/PRP would/MD love/VB to/TO plan/VB a/DT family/NN reunion/NN sometime/RB ./.",,
sw08utt/sw_0878_3189.utt,3/sw3189,3189,85,sd,B,57,4,"{F Um, } I have a sister in Colorado, and, {F uh, } a sister in upstate New York, and a sister in Connecticut, and here I am in Texas.  /","Um/UH ,/, I/PRP have/VBP a/DT sister/NN in/IN Colorado/NNP ,/, and/CC ,/, uh/UH ,/, a/DT sister/NN in/IN upstate/JJ New/NNP York/NNP ,/, and/CC a/DT sister/NN in/IN Connecticut/NNP ,/, and/CC here/RB I/PRP am/VBP in/IN Texas/NNP ./.",,
sw08utt/sw_0878_3189.utt,3/sw3189,3189,86,sd,B,57,5,{C So } we're kind of scattered right now. /,So/RB we/PRP 're/VBP kind/RB of/RB scattered/JJ right/RB now/RB ./.,,
sw08utt/sw_0878_3189.utt,3/sw3189,3189,87,b,A,58,1,Uh-huh. /,Uh-huh/UH ./.,,
sw08utt/sw_0878_3189.utt,3/sw3189,3189,88,sd,B,59,1,"{C And, } {F uh, } [ my, + my ] cousins [ have a, + ] {D you know, } they put on a family reunion, {F um, } once a year,  /","And/CC ,/, uh/UH ,/, my/PRP$ ,/, my/PRP$ cousins/NNS have/VBP a/DT ,/, you/PRP know/VBP ,/, they/PRP put/VBP on/IN a/DT family/NN reunion/NN ,/, um/UH ,/, once/RB a/DT year/NN ,/,",,
sw08utt/sw_0878_3189.utt,3/sw3189,3189,89,sd,B,59,2,"{C but } it's always like the second week in September,  /","but/CC it/PRP 's/BES always/RB like/IN the/DT second/JJ week/NN in/IN September/NNP ,/,",,
sw08utt/sw_0878_3189.utt,3/sw3189,3189,90,%,B,59,3,"{C so } it's, - /","so/RB it/PRP 's/BES ,/,",,
sw08utt/sw_0878_3189.utt,3/sw3189,3189,91,sd,B,59,4,the kids are already back in school -- /,the/DT kids/NNS are/VBP already/RB back/RB in/IN school/NN --/:,,
sw08utt/sw_0878_3189.utt,3/sw3189,3189,92,b,A,60,1,Uh-huh. /,Uh-huh/UH ./.,,
sw08utt/sw_0878_3189.utt,3/sw3189,3189,93,sd,B,61,1,"-- [ {C and so, } + {C and } ] that's back in the -- -/","--/: and/CC so/RB ,/, and/CC that/DT 's/BES back/RB in/IN the/DT --/:",,
sw08utt/sw_0878_3189.utt,3/sw3189,3189,94,ba,A,62,1,That's hard. /,That/DT 's/BES hard/JJ ./.,,
sw08utt/sw_0878_3189.utt,3/sw3189,3189,95,sd,B,63,1,"-- {C and } that's in New York,  /","--/: and/CC that/DT 's/BES in/IN New/NNP York/NNP ,/,",,
sw08utt/sw_0878_3189.utt,3/sw3189,3189,96,sd,B,63,2,"{C and } [ there's no way, + {E I mean } there's --","and/CC there/EX 's/BES no/DT way/NN ,/, I/PRP mean/VBP there/EX 's/BES --/:",,
sw08utt/sw_0878_3189.utt,3/sw3189,3189,97,b,A,64,1,"Yeah, /","Yeah/UH ,/,",,
sw08utt/sw_0878_3189.utt,3/sw3189,3189,98,+,B,65,1,-- just no possible way. ] /,--/: just/RB no/DT possible/JJ way/NN ./.,,
sw08utt/sw_0878_3189.utt,3/sw3189,3189,99,b,A,66,1,Yeah. /,Yeah/UH ./.,,
sw08utt/sw_0878_3189.utt,3/sw3189,3189,100,sd,B,67,1,"{C And } it's not really a weekend,  /","And/CC it/PRP 's/BES not/RB really/RB a/DT weekend/NN ,/,",,
sw08utt/sw_0878_3189.utt,3/sw3189,3189,101,sd,B,67,2,"it's just like a day kind of thing, because most of them are, {D you know, } {F um, } - /","it/PRP 's/BES just/RB like/IN a/DT day/NN kind/NN of/IN thing/NN ,/, because/IN most/JJS of/IN them/PRP are/VBP ,/, you/PRP know/VBP ,/, um/UH ,/,",,
sw08utt/sw_0878_3189.utt,3/sw3189,3189,102,sd,B,67,3,"my family moved to Connecticut,  /","my/PRP$ family/NN moved/VBD to/IN Connecticut/NNP ,/,",,
sw08utt/sw_0878_3189.utt,3/sw3189,3189,103,sd,B,67,4,the rest of the family stayed in New York --,the/DT rest/NN of/IN the/DT family/NN stayed/VBD in/IN New/NNP York/NNP --/:,,
sw08utt/sw_0878_3189.utt,3/sw3189,3189,104,b,A,68,1,Uh-huh. /,Uh-huh/UH ./.,,
sw08utt/sw_0878_3189.utt,3/sw3189,3189,105,+,B,69,1,"-- and, {F uh, } on Long Island,  /","--/: and/CC ,/, uh/UH ,/, on/IN Long/NNP Island/NNP ,/,",,
sw08utt/sw_0878_3189.utt,3/sw3189,3189,106,sd,B,69,2,"{C and so, } they're all kind of local and close,  /","and/CC so/RB ,/, they/PRP 're/VBP all/DT kind/RB of/RB local/JJ and/CC close/RB ,/,",,
sw08utt/sw_0878_3189.utt,3/sw3189,3189,107,sd,B,69,3,"{C and so } they just have [ a, + {D you know, } a ] day picnic,  /","and/CC so/RB they/PRP just/RB have/VBP a/DT ,/, you/PRP know/VBP ,/, a/DT day/NN picnic/NN ,/,",,
sw08utt/sw_0878_3189.utt,3/sw3189,3189,108,sd,B,69,4,"{C and, } {F uh, } I've always thought it would be so neat, even if it were just my immediate family, to have like a weekend type thing -- /","and/CC ,/, uh/UH ,/, I/PRP 've/VBP always/RB thought/VBN it/PRP would/MD be/VB so/RB neat/JJ ,/, even/RB if/IN it/PRP were/VBD just/RB my/PRP$ immediate/JJ family/NN ,/, to/TO have/VB like/IN a/DT weekend/NN type/NN thing/NN --/:",,
sw08utt/sw_0878_3189.utt,3/sw3189,3189,109,b,A,70,1,Yeah. /,Yeah/UH ./.,,
sw08utt/sw_0878_3189.utt,3/sw3189,3189,110,sd,B,71,1,-- that would be so wonderful <laughter>. /,--/: that/WDT would/MD be/VB so/RB wonderful/JJ ./.,,
sw08utt/sw_0878_3189.utt,3/sw3189,3189,111,sd,A,72,1,"It really is fun,  /","It/PRP really/RB is/VBZ fun/JJ ,/,",,
sw08utt/sw_0878_3189.utt,3/sw3189,3189,112,sd,A,72,2,"{C and } my mom's family does it once a year, just like you said -- /","and/CC my/PRP$ mom/NN 's/POS family/NN does/VBZ it/PRP once/RB a/DT year/NN ,/, just/RB like/IN you/PRP said/VBD --/:",,
sw08utt/sw_0878_3189.utt,3/sw3189,3189,113,b,B,73,1,Uh-huh. /,Uh-huh/UH ./.,,
sw08utt/sw_0878_3189.utt,3/sw3189,3189,114,sd,A,74,1,"-- once a year, {F um, } they have [ [ a, + a, ] + a ] Wednesday through [ a, + a ] Saturday type thing.  /","--/: once/RB a/DT year/NN ,/, um/UH ,/, they/PRP have/VBP a/DT ,/, a/DT ,/, a/DT Wednesday/NNP through/IN a/DT ,/, a/DT Saturday/NNP type/NN thing/NN ./.",,
sw08utt/sw_0878_3189.utt,3/sw3189,3189,115,sd,A,74,2,You can come and go as you please type thing. /,You/PRP can/MD come/VB and/CC go/VB as/IN you/PRP please/VBP type/NN thing/NN ./.,,
sw08utt/sw_0878_3189.utt,3/sw3189,3189,116,ba,B,75,1,"{F Oh, } wow. /","Oh/UH ,/, wow/UH ./.",,
sw08utt/sw_0878_3189.utt,3/sw3189,3189,117,sd,A,76,1,{C And } they do that once a year.  /,And/CC they/PRP do/VBP that/DT once/RB a/DT year/NN ./.,,
sw08utt/sw_0878_3189.utt,3/sw3189,3189,118,sd,A,76,2,"I kind of missed it this year, and felt bad,  /","I/PRP kind/RB of/RB missed/VBD it/PRP this/DT year/NN ,/, and/CC felt/VBD bad/JJ ,/,",,
sw08utt/sw_0878_3189.utt,3/sw3189,3189,119,sv,A,76,3,"{C but } you can't go every year,  /","but/CC you/PRP ca/MD n't/RB go/VB every/DT year/NN ,/,",,
sw08utt/sw_0878_3189.utt,3/sw3189,3189,120,sv,A,76,4,you just --,you/PRP just/RB --/:,,
sw08utt/sw_0878_3189.utt,3/sw3189,3189,121,b,B,77,1,"Yeah,  /","Yeah/UH ,/,",,
sw08utt/sw_0878_3189.utt,3/sw3189,3189,122,b^r,B,77,2,"yeah, /","yeah/UH ,/,",,
sw08utt/sw_0878_3189.utt,3/sw3189,3189,123,+,A,78,1,-- cannot do that. /,--/: can/MD not/RB do/VB that/DT ./.,,
sw08utt/sw_0878_3189.utt,3/sw3189,3189,124,b,B,79,1,Yeah. /,Yeah/UH ./.,,
sw08utt/sw_0878_3189.utt,3/sw3189,3189,125,b,A,80,1,{F Um. } /,Um/UH ./.,,
sw08utt/sw_0878_3189.utt,3/sw3189,3189,126,qy,B,81,1,"{C And } do [ they, + they ] have a  hotel,  /","And/CC do/VBP they/PRP ,/, they/PRP have/VBP a/DT hotel/NN ,/,",,
sw08utt/sw_0878_3189.utt,3/sw3189,3189,127,qrr,B,81,2,{C or } where do you stay? /,or/CC where/WRB do/VBP you/PRP stay/VB ?/.,,
sw08utt/sw_0878_3189.utt,3/sw3189,3189,128,sd,A,82,1,"{F Um, } basically, they just stay with each other, brothers or  sisters.  /","Um/UH ,/, basically/RB ,/, they/PRP just/RB stay/VBP with/IN each/DT other/NN ,/, brothers/NNS or/CC sisters/NNS ./.",,
sw08utt/sw_0878_3189.utt,3/sw3189,3189,129,sd,A,82,2,"There are enough in the area [ to, + to ] just kind of span yourself out. /","There/EX are/VBP enough/RB in/IN the/DT area/NN to/TO ,/, to/TO just/RB kind/RB of/RB span/VB yourself/PRP out/RP ./.",,
sw08utt/sw_0878_3189.utt,3/sw3189,3189,130,^2,B,83,1,"Take everybody,  /","Take/VB everybody/NN ,/,",,
sw08utt/sw_0878_3189.utt,3/sw3189,3189,131,%,B,83,2,yeah. /,yeah/UH ./.,,
sw08utt/sw_0878_3189.utt,3/sw3189,3189,132,sd,A,84,1,"Whoever's mom and dad it is, you usually go and stay with them,  /","Whoever/WP 's/POS mom/NN and/CC dad/NN it/PRP is/VBZ ,/, you/PRP usually/RB go/VBP and/CC stay/VBP with/IN them/PRP ,/,",,
sw08utt/sw_0878_3189.utt,3/sw3189,3189,133,sd,A,84,2,"{D like } I go stay with my mother,  /","like/IN I/PRP go/VBP stay/VB with/IN my/PRP$ mother/NN ,/,",,
sw08utt/sw_0878_3189.utt,3/sw3189,3189,134,sd,A,84,3,"{C and } my cousins, they just go stay with their mom and dad, {D you know } --","and/CC my/PRP$ cousins/NNS ,/, they/PRP just/RB go/VBP stay/VB with/IN their/PRP$ mom/NN and/CC dad/NN ,/, you/PRP know/VBP --/:",,
sw08utt/sw_0878_3189.utt,3/sw3189,3189,135,b,B,85,1,"Uh-huh,  /","Uh-huh/UH ,/,",,
sw08utt/sw_0878_3189.utt,3/sw3189,3189,136,b^r,B,85,2,uh-huh. /,uh-huh/UH ./.,,
sw08utt/sw_0878_3189.utt,3/sw3189,3189,137,+,A,86,1,-- kind of thing.  /,--/: kind/RB of/RB thing/NN ./.,,
sw08utt/sw_0878_3189.utt,3/sw3189,3189,138,sd,A,86,2,"{C And so } it's not hard [ in, + in ] that respect because they all are pretty centralized in one Utah area -- /","And/CC so/RB it/PRP 's/BES not/RB hard/JJ in/IN ,/, in/IN that/DT respect/NN because/IN they/PRP all/DT are/VBP pretty/RB centralized/JJ in/IN one/CD Utah/NNP area/NN --/:",,
sw08utt/sw_0878_3189.utt,3/sw3189,3189,139,b,B,87,1,"Yeah,  /","Yeah/UH ,/,",,
sw08utt/sw_0878_3189.utt,3/sw3189,3189,140,b^r,B,87,2,"yeah, /","yeah/UH ,/,",,
sw08utt/sw_0878_3189.utt,3/sw3189,3189,141,sd,A,88,1,"-- {C so } that's not hard,  /","--/: so/RB that/DT 's/BES not/RB hard/JJ ,/,",,
sw08utt/sw_0878_3189.utt,3/sw3189,3189,142,sd,A,88,2,{C but } --,but/CC --/:,,
sw08utt/sw_0878_3189.utt,3/sw3189,3189,143,ba,B,89,1,"{F Oh, } that sounds so wonderful,  /","Oh/UH ,/, that/DT sounds/VBZ so/RB wonderful/JJ ,/,",,
sw08utt/sw_0878_3189.utt,3/sw3189,3189,144,qh,B,89,2,isn't that nice. /,is/VBZ n't/RB that/RB nice/JJ ./.,,
sw08utt/sw_0878_3189.utt,3/sw3189,3189,145,+,A,90,1,"-- the real planning, that's the real key -- /","--/: the/DT real/JJ planning/NN ,/, that/DT 's/BES the/DT real/JJ key/JJ --/:",,
sw08utt/sw_0878_3189.utt,3/sw3189,3189,146,b,B,91,1,Yeah. /,Yeah/UH ./.,,
sw08utt/sw_0878_3189.utt,3/sw3189,3189,147,sd,A,92,1,"-- {C and } they send out, - /","--/: and/CC they/PRP send/VBP out/RP ,/,",,
sw08utt/sw_0878_3189.utt,3/sw3189,3189,148,sd,A,92,2,"my mom's family now, - /","my/PRP$ mom/NN 's/POS family/NN now/RB ,/,",,
sw08utt/sw_0878_3189.utt,3/sw3189,3189,149,sd,A,92,3,"this is the first reunion with my husband's family I've really been involved with,  /","this/DT is/VBZ the/DT first/JJ reunion/NN with/IN my/PRP$ husband/NN 's/POS family/NN I/PRP 've/VBP really/RB been/VBN involved/JJ with/IN ,/,",,
sw08utt/sw_0878_3189.utt,3/sw3189,3189,150,sd,A,92,4,"{C but } my mom's family, each brother and sister takes a turn one year,  /","but/CC my/PRP$ mom/NN 's/POS family/NN ,/, each/DT brother/NN and/CC sister/NN takes/VBZ a/DT turn/NN one/CD year/NN ,/,",,
sw08utt/sw_0878_3189.utt,3/sw3189,3189,151,sd,A,92,5,{C and } that's how they divide it up -- /,and/CC that/DT 's/BES how/WRB they/PRP divide/VBP it/PRP up/PRP --/:,,
sw08utt/sw_0878_3189.utt,3/sw3189,3189,152,b,B,93,1,Uh-huh. /,Uh-huh/UH ./.,,
sw08utt/sw_0878_3189.utt,3/sw3189,3189,153,o@,A,94,1,"-- {C and then, }","--/: and/CC then/RB ,/,",,
sw08utt/sw_0878_3189.utt,3/sw3189,3189,154,sd,B,95,1,{C But } then one brother and sister from each family. -/,But/CC then/RB one/CD brother/NN and/CC sister/NN from/IN each/DT family/NN ./.,,
sw08utt/sw_0878_3189.utt,3/sw3189,3189,155,+@,A,96,1,"{F Um, } she has ten in that family -- /","Um/UH ,/, she/PRP has/VBZ ten/CD in/IN that/DT family/NN --/:",,
sw08utt/sw_0878_3189.utt,3/sw3189,3189,156,b,B,97,1,Uh-huh. /,Uh-huh/UH ./.,,
sw08utt/sw_0878_3189.utt,3/sw3189,3189,157,sd,A,98,1,-- {C and } each one of them take their turn. /,--/: and/CC each/DT one/CD of/IN them/PRP take/VBP their/PRP$ turn/NN ./.,,
sw08utt/sw_0878_3189.utt,3/sw3189,3189,158,ba,B,99,1,"{F Oh, } wow,  /","Oh/UH ,/, wow/UH ,/,",,
sw08utt/sw_0878_3189.utt,3/sw3189,3189,159,b,B,99,2,uh-huh. /,uh-huh/UH ./.,,
sw08utt/sw_0878_3189.utt,3/sw3189,3189,160,sd,A,100,1,"{C And then }  [ the, + the ] parent who's turn it is,  [ the child whose turn it is + ]  --","And/CC then/RB the/DT ,/, the/DT parent/NN who/WP 's/POS turn/NN it/PRP is/VBZ ,/, the/DT child/NN whose/WP$ turn/NN it/PRP is/VBZ --/:",,
sw08utt/sw_0878_3189.utt,3/sw3189,3189,161,b,B,101,1,Uh-huh. /,Uh-huh/UH ./.,,
sw08utt/sw_0878_3189.utt,3/sw3189,3189,162,+,A,102,1,"-- her children help her,  /","--/: her/PRP$ children/NNS help/VBP her/PRP$ ,/,",,
sw08utt/sw_0878_3189.utt,3/sw3189,3189,163,sd,A,102,2,{D like } if it was my mother's turn --,like/IN if/IN it/PRP was/VBD my/PRP$ mother/NN 's/POS turn/NN --/:,,
sw08utt/sw_0878_3189.utt,3/sw3189,3189,164,ba,B,103,1,"{F Oh, } I see, uh-huh. /","Oh/UH ,/, I/PRP see/VBP ,/, uh-huh/UH ./.",,
sw08utt/sw_0878_3189.utt,3/sw3189,3189,165,+,A,104,1,-- all of us children would help her --,--/: all/DT of/IN us/PRP children/NNS would/MD help/VB her/PRP$ --/:,,
sw08utt/sw_0878_3189.utt,3/sw3189,3189,166,b,B,105,1,Uh-huh. /,Uh-huh/UH ./.,,
sw08utt/sw_0878_3189.utt,3/sw3189,3189,167,+,A,106,1,-- put it on --,--/: put/VB it/PRP on/IN --/:,,
sw08utt/sw_0878_3189.utt,3/sw3189,3189,168,b,B,107,1,Uh-huh. /,Uh-huh/UH ./.,,
sw08utt/sw_0878_3189.utt,3/sw3189,3189,169,+,A,108,1,-- kind of thing. /,--/: kind/RB of/RB thing/NN ./.,,
sw08utt/sw_0878_3189.utt,3/sw3189,3189,170,ba,B,109,1,"{F Oh, } wow, /","Oh/UH ,/, wow/UH ,/,",,
sw08utt/sw_0878_3189.utt,3/sw3189,3189,171,b,A,110,1,"Yeah,  /","Yeah/UH ,/,",,
sw08utt/sw_0878_3189.utt,3/sw3189,3189,172,sd,A,110,2,"{C and, } {F um, } the thing is, that, {F um, } [ the, + the ] real part is there are two mailings that go out,  /","and/CC ,/, um/UH ,/, the/DT thing/NN is/VBZ ,/, that/IN ,/, um/UH ,/, the/DT ,/, the/DT real/JJ part/NN is/VBZ there/EX are/VBP two/CD mailings/NNS that/WDT go/VBP out/RB ,/,",,
sw08utt/sw_0878_3189.utt,3/sw3189,3189,173,sd,A,110,3,"{C and } the first one is to just kind of give an approximate date and time so you can start making, -/","and/CC the/DT first/JJ one/CD is/VBZ to/TO just/RB kind/RB of/RB give/VB an/DT approximate/JJ date/NN and/CC time/NN so/IN you/PRP can/MD start/VB making/VBG ,/,",,
