swda_filename,ptb_basename,conversation_no,transcript_index,act_tag,caller,utterance_index,subutterance_index,text,pos,trees,ptb_treenumbers
sw09utt/sw_0967_2340.utt,2/sw2340,2340,0,fp,B,1,1,Hello. /,Hello/UH ./.,,
sw09utt/sw_0967_2340.utt,2/sw2340,2340,1,fp^m,A,2,1,"Hello,  /","Hello/UH ,/,",,
sw09utt/sw_0967_2340.utt,2/sw2340,2340,2,fp,A,2,2,this is Jim in Dallas.  /,this/DT is/VBZ Jim/NNP in/IN Dallas/NNP ./.,,
sw09utt/sw_0967_2340.utt,2/sw2340,2340,3,fp,A,2,3,"{F Uh, } how you doing? /","Uh/UH ,/, how/WRB you/PRP doing/VBG ?/.",,
sw09utt/sw_0967_2340.utt,2/sw2340,2340,4,fp,B,3,1,Fine.  /,Fine/UH ./.,,
sw09utt/sw_0967_2340.utt,2/sw2340,2340,5,fp,B,3,2,I'm Callie in Garland. /,I/PRP 'm/VBP Callie/NNP in/IN Garland/NNP ./.,,
sw09utt/sw_0967_2340.utt,2/sw2340,2340,6,qy^d,A,4,1,"{F Oh, } you're right here,  /","Oh/UH ,/, you/PRP 're/VBP right/RB here/RB ,/,",,
sw09utt/sw_0967_2340.utt,2/sw2340,2340,7,%,A,4,2,okay -- /,okay/UH --/:,,
sw09utt/sw_0967_2340.utt,2/sw2340,2340,8,ny,B,5,1,Yes. /,Yes/UH ./.,,
sw09utt/sw_0967_2340.utt,2/sw2340,2340,9,b,A,6,1,"-- yeah,  /","--/: yeah/UH ,/,",,
sw09utt/sw_0967_2340.utt,2/sw2340,2340,10,sd,A,6,2,"I'm actually working tonight,  /","I/PRP 'm/VBP actually/UH working/VBG tonight/RB ,/,",,
sw09utt/sw_0967_2340.utt,2/sw2340,2340,11,sd,A,6,3,"I just, {F uh, } called and came in. /","I/PRP just/RB ,/, uh/UH ,/, called/VBD and/CC came/VBD in/RB ./.",,
sw09utt/sw_0967_2340.utt,2/sw2340,2340,12,b,B,7,1,{F Oh } are you. /,Oh/UH are/VBP you/PRP ./.,,
sw09utt/sw_0967_2340.utt,2/sw2340,2340,13,qy,A,8,1,Do you work at T I? /,Do/VBP you/PRP work/VB at/IN T/NNP I/NNP ?/.,,
sw09utt/sw_0967_2340.utt,2/sw2340,2340,14,ny,B,9,1,"Yeah,  /","Yeah/UH ,/,",,
sw09utt/sw_0967_2340.utt,2/sw2340,2340,15,qy,B,9,2,you? /,you/PRP ?/.,,
sw09utt/sw_0967_2340.utt,2/sw2340,2340,16,ny,A,10,1,"Yeah,  /","Yeah/UH ,/,",,
sw09utt/sw_0967_2340.utt,2/sw2340,2340,17,sd^e,A,10,2,"I [ just got a little booklet, + {F uh, } {A this not what we're supposed to talk about, } just got a little booklet ] in the mail with the gifts,  /","I/PRP just/RB got/VBD a/DT little/JJ booklet/NN ,/, uh/UH ,/, this/DT not/RB what/WP we/PRP 're/VBP supposed/VBN to/TO talk/VB about/IN ,/, just/RB got/VBD a/DT little/JJ booklet/NN in/IN the/DT mail/NN with/IN the/DT gifts/NNS ,/,",,
sw09utt/sw_0967_2340.utt,2/sw2340,2340,18,sd^t,A,10,3,"{C and } I thought, I better make some calls. /","and/CC I/PRP thought/VBD ,/, I/PRP better/JJR make/VB some/DT calls/NNS ./.",,
sw09utt/sw_0967_2340.utt,2/sw2340,2340,19,aa,B,11,1,"I know,  /","I/PRP know/VBP ,/,",,
sw09utt/sw_0967_2340.utt,2/sw2340,2340,20,aa^r,B,11,2,"I know,  /","I/PRP know/VBP ,/,",,
sw09utt/sw_0967_2340.utt,2/sw2340,2340,21,%,B,11,3,((   ))  they. /,MUMBLEx/XX they/PRP ./.,,
sw09utt/sw_0967_2340.utt,2/sw2340,2340,22,b,A,12,1,<Laughter> Yeah.  /,Yeah/UH ./.,,
sw09utt/sw_0967_2340.utt,2/sw2340,2340,23,sd,A,12,2,"{D Well, } [ I haven't had a chance, + I haven't got a chance ] to look at them yet. /","Well/UH ,/, I/PRP have/VBP n't/RB had/VBN a/DT chance/NN ,/, I/PRP have/VBP n't/RB got/VBN a/DT chance/NN to/TO look/VB at/IN them/PRP yet/RB ./.",,
sw09utt/sw_0967_2340.utt,2/sw2340,2340,24,sd,B,13,1,It was a lot nicer than I expected. /,It/PRP was/VBD a/DT lot/NN nicer/JJR than/IN I/PRP expected/VBD ./.,,
sw09utt/sw_0967_2340.utt,2/sw2340,2340,25,sd^t,A,14,1,"My daughter, {F uh, } got a few calls at home.  /","My/PRP$ daughter/NN ,/, uh/UH ,/, got/VBD a/DT few/JJ calls/NNS at/IN home/NN ./.",,
sw09utt/sw_0967_2340.utt,2/sw2340,2340,26,sd^t,A,14,2,"She talked to some student in, - /","She/PRP talked/VBD to/IN some/DT student/NN in/IN ,/,",,
sw09utt/sw_0967_2340.utt,2/sw2340,2340,27,sd^t,A,14,3,"I guess they give them to computer students, too, in, {F uh, } Virginia, something like that.  /","I/PRP guess/VBP they/PRP give/VBP them/PRP to/IN computer/NN students/NNS ,/, too/RB ,/, in/IN ,/, uh/UH ,/, Virginia/NNP ,/, something/NN like/IN that/DT ./.",,
sw09utt/sw_0967_2340.utt,2/sw2340,2340,28,sd^t,A,14,4,She's talked to two students. /,She/PRP 's/HVS talked/VBN to/IN two/CD students/NNS ./.,,
sw09utt/sw_0967_2340.utt,2/sw2340,2340,29,sd^t,B,15,1,"I've talked to, - /","I/PRP 've/VBP talked/VBN to/IN ,/,",,
sw09utt/sw_0967_2340.utt,2/sw2340,2340,30,sd^t,B,15,2,"I don't think they were students,  /","I/PRP do/VBP n't/RB think/VB they/PRP were/VBD students/NNS ,/,",,
sw09utt/sw_0967_2340.utt,2/sw2340,2340,31,sd^t,B,15,3,"one, I think, worked at a [ university, + university -- ]","one/CD ,/, I/PRP think/VBP ,/, worked/VBD at/IN a/DT university/NN ,/, university/NN --/:",,
sw09utt/sw_0967_2340.utt,2/sw2340,2340,32,b,A,16,1,Yeah. /,Yeah/UH ./.,,
sw09utt/sw_0967_2340.utt,2/sw2340,2340,33,+,B,17,1,"-- {F um, } {C and } the furthest away I've talked to someone has been New York. /","--/: um/UH ,/, and/CC the/DT furthest/RBS away/RB I/PRP 've/VBP talked/VBN to/IN someone/NN has/VBZ been/VBN New/NNP York/NNP ./.",,
sw09utt/sw_0967_2340.utt,2/sw2340,2340,34,b,A,18,1,"{F Oh, } yeah,  /","Oh/UH ,/, yeah/UH ,/,",,
sw09utt/sw_0967_2340.utt,2/sw2340,2340,35,ba,A,18,2,great.  /,great/UH ./.,,
sw09utt/sw_0967_2340.utt,2/sw2340,2340,36,ad^t,A,18,3,"{F Uh, } we're supposed to talk about the elderly now, I guess, {F uh, } /","Uh/UH ,/, we/PRP 're/VBP supposed/VBN to/TO talk/VB about/IN the/DT elderly/NNS now/RB ,/, I/PRP guess/VBP ,/, uh/UH ,/,",,
sw09utt/sw_0967_2340.utt,2/sw2340,2340,37,aa,B,19,1,"Yes,  /","Yes/UH ,/,",,
sw09utt/sw_0967_2340.utt,2/sw2340,2340,38,aa,B,19,2,we are. /,we/PRP are/VBP ./.,,
sw09utt/sw_0967_2340.utt,2/sw2340,2340,39,qy,A,20,1,"Do you have anybody that you, {F uh, } are close to that decision on, or  anything,  /","Do/VBP you/PRP have/VB anybody/NN that/WDT you/PRP ,/, uh/UH ,/, are/VBP close/RB to/IN that/DT decision/NN on/IN ,/, or/CC anything/NN ,/,",,
sw09utt/sw_0967_2340.utt,2/sw2340,2340,40,sd,A,20,2,"{C or, } I've thought about it for myself and all,  /","or/CC ,/, I/PRP 've/VBP thought/VBN about/IN it/PRP for/IN myself/PRP and/CC all/DT ,/,",,
sw09utt/sw_0967_2340.utt,2/sw2340,2340,41,sd,A,20,3,"{C and } [ my wi-, + my wife's ] mother is in a retirement home.  /","and/CC my/PRP$ wi-/NN ,/, my/PRP$ wife/NN 's/POS mother/NN is/VBZ in/IN a/DT retirement/NN home/NN ./.",,
sw09utt/sw_0967_2340.utt,2/sw2340,2340,42,sd,A,20,4,She's not in a nursing home.  {F Uh. } /,She/PRP 's/BES not/RB in/IN a/DT nursing/NN home/NN ./. Uh/UH ./.,,
sw09utt/sw_0967_2340.utt,2/sw2340,2340,43,%,B,21,1,"{F Oh, } well that's a, - /","Oh/UH ,/, well/UH that/DT 's/BES a/DT ,/,",,
sw09utt/sw_0967_2340.utt,2/sw2340,2340,44,qy^t,B,21,2,did you push the button? /,did/VBD you/PRP push/VB the/DT button/NN ?/.,,
sw09utt/sw_0967_2340.utt,2/sw2340,2340,45,ny,A,22,1,"Yeah,  /","Yeah/UH ,/,",,
sw09utt/sw_0967_2340.utt,2/sw2340,2340,46,qy^t,A,22,2,"[ did I, + didn't we ] push? /","did/VBD I/PRP ,/, did/VBD n't/RB we/PRP push/VB ?/.",,
sw09utt/sw_0967_2340.utt,2/sw2340,2340,47,qy^d,B,23,1,"Did we, /","Did/VBD we/PRP ,/,",,
sw09utt/sw_0967_2340.utt,2/sw2340,2340,48,sd^t,A,24,1,"[ Let me, + <beep> I'll ] hit it again just in case. /","Let/VB me/PRP ,/, I/PRP 'll/MD hit/VB it/PRP again/RB just/RB in/IN case/NN ./.",,
sw09utt/sw_0967_2340.utt,2/sw2340,2340,49,b,B,25,1,"Okay,  /","Okay/UH ,/,",,
sw09utt/sw_0967_2340.utt,2/sw2340,2340,50,sd^m,B,25,2,just in case <laughter>. /,just/RB in/IN case/NN ./.,,
sw09utt/sw_0967_2340.utt,2/sw2340,2340,51,sd^t,A,26,1,"I did it as she said,  /","I/PRP did/VBD it/PRP as/IN she/PRP said/VBD ,/,",,
sw09utt/sw_0967_2340.utt,2/sw2340,2340,52,%,A,26,2,yes.  /,yes/UH ./.,,
sw09utt/sw_0967_2340.utt,2/sw2340,2340,53,sd,A,26,3,"{C But, } {F uh, } [ she's -- +","But/CC ,/, uh/UH ,/, she/PRP 's/BES --/:",,
sw09utt/sw_0967_2340.utt,2/sw2340,2340,54,%,B,27,1,"{D Now, } what, -/","Now/UH ,/, what/WP ,/,",,
sw09utt/sw_0967_2340.utt,2/sw2340,2340,55,+,A,28,1,-- she's ] down in San Antonio -- /,--/: she/PRP 's/BES down/RB in/IN San/NNP Antonio/NNP --/:,,
sw09utt/sw_0967_2340.utt,2/sw2340,2340,56,b,B,29,1,Oh. /,Oh/UH ./.,,
sw09utt/sw_0967_2340.utt,2/sw2340,2340,57,sd,A,30,1,"-- {C and } [ [ it's, + it's a, ] + {F uh, } it's a ] brand new one.  /","--/: and/CC it/PRP 's/BES ,/, it/PRP 's/BES a/DT ,/, uh/UH ,/, it/PRP 's/BES a/DT brand/RB new/JJ one/NN ./.",,
sw09utt/sw_0967_2340.utt,2/sw2340,2340,58,sd,A,30,2,"It's a Catholic, {F uh, } retirement home for nuns.  /","It/PRP 's/BES a/DT Catholic/JJ ,/, uh/UH ,/, retirement/NN home/NN for/IN nuns/NNS ./.",,
sw09utt/sw_0967_2340.utt,2/sw2340,2340,59,sd,A,30,3,"It's at, {F uh } --","It/PRP 's/BES at/IN ,/, uh/UH --/:",,
sw09utt/sw_0967_2340.utt,2/sw2340,2340,60,b,B,31,1,Oh. /,Oh/UH ./.,,
sw09utt/sw_0967_2340.utt,2/sw2340,2340,61,+,A,32,1,"-- Trinity, {F uh, }  /","--/: Trinity/NNP ,/, uh/UH ,/,",,
sw09utt/sw_0967_2340.utt,2/sw2340,2340,62,ar,A,32,2,"no,  /","no/UH ,/,",,
sw09utt/sw_0967_2340.utt,2/sw2340,2340,63,^h,A,32,3,"let me see, Trinity,  /","let/VB me/PRP see/VB ,/, Trinity/NNP ,/,",,
sw09utt/sw_0967_2340.utt,2/sw2340,2340,64,sd,A,32,4,"I keep calling it Trini-, - /","I/PRP keep/VBP calling/VBG it/PRP Trini-/NNP ,/,",,
sw09utt/sw_0967_2340.utt,2/sw2340,2340,65,ar,A,32,5,"it's not Trinity,  /","it/PRP 's/BES not/RB Trinity/NNP ,/,",,
sw09utt/sw_0967_2340.utt,2/sw2340,2340,66,%,A,32,6,"I'll think of, - /","I/PRP 'll/MD think/VB of/IN ,/,",,
sw09utt/sw_0967_2340.utt,2/sw2340,2340,67,sd,A,32,7,"Incarnate Word,  /","Incarnate/NNP Word/NNP ,/,",,
sw09utt/sw_0967_2340.utt,2/sw2340,2340,68,sd,A,32,8,{C and } they have a retirement home for the nuns -- /,and/CC they/PRP have/VBP a/DT retirement/NN home/NN for/IN the/DT nuns/NNS --/:,,
sw09utt/sw_0967_2340.utt,2/sw2340,2340,69,ba,B,33,1,"{D Well, } isn't that neat. /","Well/UH ,/, is/VBZ n't/RB that/DT neat/JJ ./.",,
sw09utt/sw_0967_2340.utt,2/sw2340,2340,70,sd,A,34,1,-- {C and } they take some lay people. /,--/: and/CC they/PRP take/VBP some/DT lay/JJ people/NNS ./.,,
sw09utt/sw_0967_2340.utt,2/sw2340,2340,71,ba,B,35,1,Isn't that neat. /,Is/VBZ n't/RB that/DT neat/JJ ./.,,
sw09utt/sw_0967_2340.utt,2/sw2340,2340,72,aa,A,36,1,"Yeah,  /","Yeah/UH ,/,",,
sw09utt/sw_0967_2340.utt,2/sw2340,2340,73,sd,A,36,2,{C and } that one's really super.  /,and/CC that/DT one/NN 's/BES really/RB super/JJ ./.,,
sw09utt/sw_0967_2340.utt,2/sw2340,2340,74,sd,A,36,3,"{D Now } [ I, + I ] know what they're talking about on regular retirement.  /","Now/UH I/PRP ,/, I/PRP know/VBP what/WP they/PRP 're/VBP talking/VBG about/IN on/IN regular/JJ retirement/NN ./.",,
sw09utt/sw_0967_2340.utt,2/sw2340,2340,75,%,A,36,4,"Yeah,  /","Yeah/UH ,/,",,
sw09utt/sw_0967_2340.utt,2/sw2340,2340,76,%,A,36,5,"there's not too many, - /","there/EX 's/BES not/RB too/RB many/JJ ,/,",,
sw09utt/sw_0967_2340.utt,2/sw2340,2340,77,sd,A,36,6,"they do have a wing where the people who are really sick, {D you know } --","they/PRP do/VBP have/VB a/DT wing/NN where/WRB the/DT people/NNS who/WP are/VBP really/RB sick/JJ ,/, you/PRP know/VBP --/:",,
sw09utt/sw_0967_2340.utt,2/sw2340,2340,78,b,B,37,1,Uh-huh. /,Uh-huh/UH ./.,,
sw09utt/sw_0967_2340.utt,2/sw2340,2340,79,+,A,38,1,-- have nurses. /,--/: have/VBP nurses/NNS ./.,,
sw09utt/sw_0967_2340.utt,2/sw2340,2340,80,ba,B,39,1,"{F Oh, } that's good. /","Oh/UH ,/, that/DT 's/BES good/JJ ./.",,
sw09utt/sw_0967_2340.utt,2/sw2340,2340,81,sd,A,40,1,"{C And then } they have other wings that we visited, {F uh, } that are very nice.  /","And/CC then/RB they/PRP have/VBP other/JJ wings/NNS that/WDT we/PRP visited/VBD ,/, uh/UH ,/, that/WDT are/VBP very/RB nice/JJ ./.",,
sw09utt/sw_0967_2340.utt,2/sw2340,2340,82,sd,A,40,2,{E I mean } it's just super. /,I/PRP mean/VBP it/PRP 's/BES just/RB super/JJ ./.,,
sw09utt/sw_0967_2340.utt,2/sw2340,2340,83,ba,B,41,1,That's neat.  /,That/DT 's/BES neat/JJ ./.,,
sw09utt/sw_0967_2340.utt,2/sw2340,2340,84,qy^d,B,41,2,"Just supervised more or less than anything and security, I guess. /","Just/RB supervised/JJ more/RBR or/CC less/RBR than/IN anything/NN and/CC security/NN ,/, I/PRP guess/VBP ./.",,
sw09utt/sw_0967_2340.utt,2/sw2340,2340,85,ny,A,42,1,"{F Oh, } yeah,  /","Oh/UH ,/, yeah/UH ,/,",,
sw09utt/sw_0967_2340.utt,2/sw2340,2340,86,sd^e,A,42,2,"[ [ they, + they, ] + they ] have, {F uh, } {D like, } {F uh, } a guard with locks.  /","they/PRP ,/, they/PRP ,/, they/PRP have/VBP ,/, uh/UH ,/, like/UH ,/, uh/UH ,/, a/DT guard/NN with/IN locks/NNS ./.",,
sw09utt/sw_0967_2340.utt,2/sw2340,2340,87,sd,A,42,3,We've been there once at night at Christmas.  /,We/PRP 've/VBP been/VBN there/RB once/RB at/IN night/NN at/IN Christmas/NNP ./.,,
sw09utt/sw_0967_2340.utt,2/sw2340,2340,88,sd,A,42,4,She just went in last year. /,She/PRP just/RB went/VBD in/IN last/JJ year/NN ./.,,
sw09utt/sw_0967_2340.utt,2/sw2340,2340,89,bk,B,43,1,Oh. /,Oh/UH ./.,,
sw09utt/sw_0967_2340.utt,2/sw2340,2340,90,sd,A,44,1,"She drives and everything,  /","She/PRP drives/VBZ and/CC everything/NN ,/,",,
sw09utt/sw_0967_2340.utt,2/sw2340,2340,91,sd,A,44,2,"[ [ she, + she, ] + she's ] perfectly healthy. /","she/PRP ,/, she/PRP ,/, she/PRP 's/BES perfectly/RB healthy/JJ ./.",,
sw09utt/sw_0967_2340.utt,2/sw2340,2340,92,b,B,45,1,Uh-huh. /,Uh-huh/UH ./.,,
sw09utt/sw_0967_2340.utt,2/sw2340,2340,93,b,A,46,1,"{F Uh, } /","Uh/UH ,/,",,
sw09utt/sw_0967_2340.utt,2/sw2340,2340,94,qw,B,47,1,"[ What made you all decide to put her, + {E or } what made her decide to go? ] /","What/WP made/VBD you/PRP all/DT decide/VB to/TO put/VB her/PRP$ ,/, or/CC what/WP made/VBD her/PRP$ decide/VB to/TO go/VB ?/.",,
sw09utt/sw_0967_2340.utt,2/sw2340,2340,95,sd,A,48,1,"{D Well, } her husband died.  /","Well/UH ,/, her/PRP$ husband/NN died/VBD ./.",,
sw09utt/sw_0967_2340.utt,2/sw2340,2340,96,sd,A,48,2,"They were in the military together,  /","They/PRP were/VBD in/IN the/DT military/NN together/RB ,/,",,
sw09utt/sw_0967_2340.utt,2/sw2340,2340,97,sd,A,48,3,{C and } she just did not want to take care of the house -- /,and/CC she/PRP just/RB did/VBD not/RB want/VB to/TO take/VB care/NN of/IN the/DT house/NN --/:,,
sw09utt/sw_0967_2340.utt,2/sw2340,2340,98,b,B,49,1,Right  /,Right/UH,,
sw09utt/sw_0967_2340.utt,2/sw2340,2340,99,x,B,49,2,"((   )) ,","MUMBLEx/XX ,/,",,
sw09utt/sw_0967_2340.utt,2/sw2340,2340,100,sd,A,50,1,"-- {C and } she visited the place, and then fell in love with it, and decided to just shun all responsibilities of any kind,","--/: and/CC she/PRP visited/VBD the/DT place/NN ,/, and/CC then/RB fell/VBD in/IN love/NN with/IN it/PRP ,/, and/CC decided/VBD to/TO just/RB shun/VB all/DT responsibilities/NNS of/IN any/DT kind/NN ,/,",,
sw09utt/sw_0967_2340.utt,2/sw2340,2340,101,x,B,51,1,<Laughter>.,,,
sw09utt/sw_0967_2340.utt,2/sw2340,2340,102,+,A,52,1,"so to speak,  /","so/RB to/TO speak/VB ,/,",,
sw09utt/sw_0967_2340.utt,2/sw2340,2340,103,sd,A,52,2,{C and so } --,and/CC so/RB --/:,,
sw09utt/sw_0967_2340.utt,2/sw2340,2340,104,ba,B,53,1,"{D Well, } that's good. /","Well/UH ,/, that/DT 's/BES good/JJ ./.",,
sw09utt/sw_0967_2340.utt,2/sw2340,2340,105,+,A,54,1,"-- she's happy [ as, + as ] heck,  /","--/: she/PRP 's/BES happy/JJ as/IN ,/, as/IN heck/NN ,/,",,
sw09utt/sw_0967_2340.utt,2/sw2340,2340,106,sd,A,54,2,"{C and } they  ((   ))  serve meals, of course. /","and/CC they/PRP MUMBLEx/XX serve/VBP meals/NNS ,/, of/IN course/NN ./.",,
sw09utt/sw_0967_2340.utt,2/sw2340,2340,107,ba,B,55,1,That's great. /,That/DT 's/BES great/JJ ./.,,
sw09utt/sw_0967_2340.utt,2/sw2340,2340,108,sd,A,56,1,"They have clubs and a swimming pool,  /","They/PRP have/VBP clubs/NNS and/CC a/DT swimming/NN pool/NN ,/,",,
sw09utt/sw_0967_2340.utt,2/sw2340,2340,109,ba,A,56,2,{C so } that's nice.  /,so/RB that/DT 's/BES nice/JJ ./.,,
sw09utt/sw_0967_2340.utt,2/sw2340,2340,110,sd,A,56,3,"{D Now } [ I, + I ] know the ones where you're really ill, we visited a long time ago when --","Now/UH I/PRP ,/, I/PRP know/VBP the/DT ones/NNS where/WRB you/PRP 're/VBP really/RB ill/JJ ,/, we/PRP visited/VBD a/DT long/JJ time/NN ago/RB when/WRB --/:",,
sw09utt/sw_0967_2340.utt,2/sw2340,2340,111,b,B,57,1,Uh-huh. /,Uh-huh/UH ./.,,
sw09utt/sw_0967_2340.utt,2/sw2340,2340,112,+,A,58,1,-- she had a grandmother that was in one.  /,--/: she/PRP had/VBD a/DT grandmother/NN that/WDT was/VBD in/IN one/CD ./.,,
sw09utt/sw_0967_2340.utt,2/sw2340,2340,113,sd,A,58,2,{C And } they were all more or less hospitalized type --,And/CC they/PRP were/VBD all/DT more/RBR or/CC less/RBR hospitalized/VBN type/NN --/:,,
sw09utt/sw_0967_2340.utt,2/sw2340,2340,114,b,B,59,1,Right. /,Right/UH ./.,,
sw09utt/sw_0967_2340.utt,2/sw2340,2340,115,+,A,60,1,"-- {D you know, } really, really sick. /","--/: you/PRP know/VBP ,/, really/RB ,/, really/RB sick/JJ ./.",,
sw09utt/sw_0967_2340.utt,2/sw2340,2340,116,%,B,61,1,"Shut-ins and, -/","Shut-ins/NNS and/CC ,/,",,
sw09utt/sw_0967_2340.utt,2/sw2340,2340,117,sv,A,62,1,It's a tough question. /,It/PRP 's/BES a/DT tough/JJ question/NN ./.,,
sw09utt/sw_0967_2340.utt,2/sw2340,2340,118,aa,B,63,1,"Yeah,  /","Yeah/UH ,/,",,
sw09utt/sw_0967_2340.utt,2/sw2340,2340,119,aa,B,63,2,it really is.  /,it/PRP really/RB is/VBZ ./.,,
sw09utt/sw_0967_2340.utt,2/sw2340,2340,120,sd,B,63,3,I worked in one as a teenager.  /,I/PRP worked/VBD in/IN one/CD as/IN a/DT teenager/NN ./.,,
sw09utt/sw_0967_2340.utt,2/sw2340,2340,121,sd,B,63,4,"I volunteered, /","I/PRP volunteered/VBD ,/,",,
sw09utt/sw_0967_2340.utt,2/sw2340,2340,122,sd,A,64,1,"{F Oh, } you got  ((   ))  more experience than I do then on it. /","Oh/UH ,/, you/PRP got/VBD MUMBLEx/XX more/JJR experience/NN than/IN I/PRP do/VBP then/RB on/IN it/PRP ./.",,
sw09utt/sw_0967_2340.utt,2/sw2340,2340,123,sd,B,65,1,"{D Well, } [ it was really, + it was really ] sad, heartbreaking, I guess. /","Well/UH ,/, it/PRP was/VBD really/RB ,/, it/PRP was/VBD really/RB sad/JJ ,/, heartbreaking/JJ ,/, I/PRP guess/VBP ./.",,
sw09utt/sw_0967_2340.utt,2/sw2340,2340,124,aa,A,66,1,"Yeah,  /","Yeah/UH ,/,",,
sw09utt/sw_0967_2340.utt,2/sw2340,2340,125,aa^r,A,66,2,yeah. /,yeah/UH ./.,,
sw09utt/sw_0967_2340.utt,2/sw2340,2340,126,sd,B,67,1,"{C And, } {F uh, } [ I just, + {F oh, } I just ] felt for those people, especially the ones that never got visited. /","And/CC ,/, uh/UH ,/, I/PRP just/RB ,/, oh/UH ,/, I/PRP just/RB felt/VBD for/IN those/DT people/NNS ,/, especially/RB the/DT ones/NNS that/WDT never/RB got/VBD visited/VBN ./.",,
sw09utt/sw_0967_2340.utt,2/sw2340,2340,127,sv,A,68,1,"# {F Oh, } that would be awful. # /","Oh/UH ,/, that/DT would/MD be/VB awful/JJ ./.",,
sw09utt/sw_0967_2340.utt,2/sw2340,2340,128,sd,B,69,1,# That just bothered me. # /,That/DT just/RB bothered/VBD me/PRP ./.,,
sw09utt/sw_0967_2340.utt,2/sw2340,2340,129,sd,A,70,1,"I never thought about that, {D you know. } /","I/PRP never/RB thought/VBD about/IN that/DT ,/, you/PRP know/VBP ./.",,
sw09utt/sw_0967_2340.utt,2/sw2340,2340,130,sd,B,71,1,"That just bothered me so much, especially, {D you know, } at my age,  /","That/DT just/RB bothered/VBD me/PRP so/RB much/JJ ,/, especially/RB ,/, you/PRP know/VBP ,/, at/IN my/PRP$ age/NN ,/,",,
sw09utt/sw_0967_2340.utt,2/sw2340,2340,131,sd,B,71,2,I was probably about fourteen. /,I/PRP was/VBD probably/RB about/IN fourteen/CD ./.,,
sw09utt/sw_0967_2340.utt,2/sw2340,2340,132,b,A,72,1,Uh-huh. /,Uh-huh/UH ./.,,
sw09utt/sw_0967_2340.utt,2/sw2340,2340,133,sd,B,73,1,{C And } that really made a bad impression on me <laughter>.  /,And/CC that/DT really/RB made/VBD a/DT bad/JJ impression/NN on/IN me/PRP ./.,,
sw09utt/sw_0967_2340.utt,2/sw2340,2340,134,sd,B,73,2,"I always thought, not really bad of them, {E I mean, } because [ they are, + most of them I believe are ] probably pretty good for the people,  /","I/PRP always/RB thought/VBD ,/, not/RB really/RB bad/JJ of/IN them/PRP ,/, I/PRP mean/VBP ,/, because/IN they/PRP are/VBP ,/, most/JJS of/IN them/PRP I/PRP believe/VBP are/VBP probably/RB pretty/RB good/JJ for/IN the/DT people/NNS ,/,",,
sw09utt/sw_0967_2340.utt,2/sw2340,2340,135,h,B,73,3,"{C but, } I don't know.  /","but/CC ,/, I/PRP do/VBP n't/RB know/VB ./.",,
sw09utt/sw_0967_2340.utt,2/sw2340,2340,136,sv,B,73,4,"[ It's just a, + it would be a ] tough, tough decision. /","It/PRP 's/BES just/RB a/DT ,/, it/PRP would/MD be/VB a/DT tough/JJ ,/, tough/JJ decision/NN ./.",,
sw09utt/sw_0967_2340.utt,2/sw2340,2340,137,aa,A,74,1,"Yeah,  /","Yeah/UH ,/,",,
sw09utt/sw_0967_2340.utt,2/sw2340,2340,138,sv,A,74,2,"I think that, {F uh, } hopefully we as a country are learning a little more about it,  /","I/PRP think/VBP that/IN ,/, uh/UH ,/, hopefully/RB we/PRP as/IN a/DT country/NN are/VBP learning/VBG a/DT little/RB more/JJR about/IN it/PRP ,/,",,
sw09utt/sw_0967_2340.utt,2/sw2340,2340,139,sv,A,74,3,{C and } they're getting nicer. /,and/CC they/PRP 're/VBP getting/VBG nicer/JJR ./.,,
sw09utt/sw_0967_2340.utt,2/sw2340,2340,140,b,B,75,1,Right. /,Right/UH ./.,,
sw09utt/sw_0967_2340.utt,2/sw2340,2340,141,sd,A,76,1,"I've seen on T V where they take animals and young children,  /","I/PRP 've/VBP seen/VBN on/IN T/NN V/NN where/WRB they/PRP take/VBP animals/NNS and/CC young/JJ children/NNS ,/,",,
sw09utt/sw_0967_2340.utt,2/sw2340,2340,142,sd,A,76,2,in fact my daughter is one.  /,in/IN fact/NN my/PRP$ daughter/NN is/VBZ one/NN ./.,,
sw09utt/sw_0967_2340.utt,2/sw2340,2340,143,sd,A,76,3,"My wife took my daughters one year when they were getting some points for school, took them to an elderly home,  /","My/PRP$ wife/NN took/VBD my/PRP$ daughters/NNS one/CD year/NN when/WRB they/PRP were/VBD getting/VBG some/DT points/NNS for/IN school/NN ,/, took/VBD them/PRP to/IN an/DT elderly/NNS home/NN ,/,",,
sw09utt/sw_0967_2340.utt,2/sw2340,2340,144,sv,A,76,4,{C and } boy that really pumps them up. /,and/CC boy/UH that/DT really/RB pumps/VBZ them/PRP up/RP ./.,,
sw09utt/sw_0967_2340.utt,2/sw2340,2340,145,aa,B,77,1,"Helps,  /","Helps/VBZ ,/,",,
sw09utt/sw_0967_2340.utt,2/sw2340,2340,146,aa,B,77,2,yeah. /,yeah/UH ./.,,
sw09utt/sw_0967_2340.utt,2/sw2340,2340,147,sv,A,78,1,That is very nice to see young people.  /,That/DT is/VBZ very/RB nice/JJ to/TO see/VB young/JJ people/NNS ./.,,
sw09utt/sw_0967_2340.utt,2/sw2340,2340,148,sv,A,78,2,"I think that's one of the sad things, is when you're in an older home. /","I/PRP think/VBP that/DT 's/BES one/CD of/IN the/DT sad/JJ things/NNS ,/, is/VBZ when/WRB you/PRP 're/VBP in/IN an/DT older/JJR home/NN ./.",,
sw09utt/sw_0967_2340.utt,2/sw2340,2340,149,aa,B,79,1,"Uh-huh,  /","Uh-huh/UH ,/,",,
sw09utt/sw_0967_2340.utt,2/sw2340,2340,150,aa^r,B,79,2,uh-huh. /,uh-huh/UH ./.,,
sw09utt/sw_0967_2340.utt,2/sw2340,2340,151,sv,A,80,1,"If you just have people your own age, you never get a chance to see kids or  anything --","If/IN you/PRP just/RB have/VBP people/NNS your/PRP$ own/JJ age/NN ,/, you/PRP never/RB get/VBP a/DT chance/NN to/TO see/VB kids/NNS or/CC anything/NN --/:",,
sw09utt/sw_0967_2340.utt,2/sw2340,2340,152,b,B,81,1,Right. /,Right/UH ./.,,
sw09utt/sw_0967_2340.utt,2/sw2340,2340,153,+,A,82,1,"-- or animals or anything, {D you know } -- /","--/: or/CC animals/NNS or/CC anything/NN ,/, you/PRP know/VBP --/:",,
sw09utt/sw_0967_2340.utt,2/sw2340,2340,154,b,B,83,1,Right. /,Right/UH ./.,,
sw09utt/sw_0967_2340.utt,2/sw2340,2340,155,sv,A,84,1,"-- you can't take care of them,  /","--/: you/PRP ca/MD n't/RB take/VB care/NN of/IN them/PRP ,/,",,
sw09utt/sw_0967_2340.utt,2/sw2340,2340,156,sv,A,84,2,kind of obvious you can't take care of children or animals --,kind/RB of/RB obvious/JJ you/PRP ca/MD n't/RB take/VB care/NN of/IN children/NNS or/CC animals/NNS --/:,,
sw09utt/sw_0967_2340.utt,2/sw2340,2340,157,b,B,85,1,Right. /,Right/UH ./.,,
sw09utt/sw_0967_2340.utt,2/sw2340,2340,158,+,A,86,1,"-- in a nursing home,  /","--/: in/IN a/DT nursing/NN home/NN ,/,",,
sw09utt/sw_0967_2340.utt,2/sw2340,2340,159,sv,A,86,2,{C but } it's nice to have them visit and everything. /,but/CC it/PRP 's/BES nice/JJ to/TO have/VB them/PRP visit/VB and/CC everything/NN ./.,,
sw09utt/sw_0967_2340.utt,2/sw2340,2340,160,aa,B,87,1,"Yeah,  /","Yeah/UH ,/,",,
sw09utt/sw_0967_2340.utt,2/sw2340,2340,161,sv,B,87,2,and get that youth back. /,and/CC get/VB that/DT youth/NN back/RP ./.,,
sw09utt/sw_0967_2340.utt,2/sw2340,2340,162,b,A,88,1,Yeah. /,Yeah/UH ./.,,
sw09utt/sw_0967_2340.utt,2/sw2340,2340,163,sv,B,89,1,"{D You know, } sometimes that even helps them, just being around young people to, because some of them are so, {F um, } just stationary -- /","You/PRP know/VBP ,/, sometimes/RB that/DT even/RB helps/VBZ them/PRP ,/, just/RB being/VBG around/IN young/JJ people/NNS to/TO ,/, because/IN some/DT of/IN  them/PRP are/VBP so/RB ,/, um/UH ,/, just/RB stationary/JJ --/:",,
sw09utt/sw_0967_2340.utt,2/sw2340,2340,164,b,A,90,1,Right. /,Right/UH ./.,,
sw09utt/sw_0967_2340.utt,2/sw2340,2340,165,sv,B,91,1,"-- {E I mean, } they'll get in a wheelchair  /","--/: I/PRP mean/VBP ,/, they/PRP 'll/MD get/VB in/IN a/DT wheelchair/NN",,
sw09utt/sw_0967_2340.utt,2/sw2340,2340,166,sv,B,91,2,{C or } they'll just sit in a chair  /,or/CC they/PRP 'll/MD just/RB sit/VB in/IN a/DT chair/NN,,
sw09utt/sw_0967_2340.utt,2/sw2340,2340,167,sv,B,91,3,"[ {C and, } + {C and, } ] until you come along and really try and pump them up, they're just stationary,  /","and/CC ,/, and/CC ,/, until/IN you/PRP come/VBP along/RP and/CC really/RB try/VBP and/CC pump/VBP them/PRP up/RP ,/, they/PRP 're/VBP just/RB stationary/JJ ,/,",,
sw09utt/sw_0967_2340.utt,2/sw2340,2340,168,sd(^q),B,91,4,"{C and } I feel like, gosh, that's all they do all day long.  /","and/CC I/PRP feel/VBP like/IN ,/, gosh/UH ,/, that/DT 's/BES all/DT they/PRP do/VBP all/DT day/NN long/JJ ./.",,
sw09utt/sw_0967_2340.utt,2/sw2340,2340,169,sd,B,91,5,"{C So } I do, love to see young kids go [ and, + and ] men take the pets and everything.  /","So/RB I/PRP do/VBP ,/, love/VB to/TO see/VB young/JJ kids/NNS go/VB and/CC ,/, and/CC men/NNS take/VB the/DT pets/NNS and/CC everything/NN ./.",,
sw09utt/sw_0967_2340.utt,2/sw2340,2340,170,sv,B,91,6,"I think that's a real, real neat idea. /","I/PRP think/VBP that/DT 's/BES a/DT real/RB ,/, real/RB neat/JJ idea/NN ./.",,
sw09utt/sw_0967_2340.utt,2/sw2340,2340,171,aa,A,92,1,"Yeah,  /","Yeah/UH ,/,",,
sw09utt/sw_0967_2340.utt,2/sw2340,2340,172,sv,A,92,2,"I think you do get more [ by stimul-, + by stimulation. ]  /","I/PRP think/VBP you/PRP do/VBP get/VB more/JJR by/IN stimul-/NN ,/, by/IN stimulation/NN ./.",,
sw09utt/sw_0967_2340.utt,2/sw2340,2340,173,sd,A,92,3,"[ My, + in fact, my ] mother in law just visited.  /","My/PRP$ ,/, in/IN fact/NN ,/, my/PRP$ mother/NN in/IN law/NN just/RB visited/VBD ./.",,
sw09utt/sw_0967_2340.utt,2/sw2340,2340,174,sd,A,92,4,"She's just about seventy-five.  {D Again, } perfectly fine. /","She/PRP 's/BES just/RB about/RB seventy-five/CD ./. Again/RB ,/, perfectly/RB fine/JJ ./.",,
sw09utt/sw_0967_2340.utt,2/sw2340,2340,175,b,B,93,1,Yeah. /,Yeah/UH ./.,,
sw09utt/sw_0967_2340.utt,2/sw2340,2340,176,sd,A,94,1,"[ [ {C But, } one, + {C and, } ] + {C and } ] she visited us here [ in, + in ] Dallas.  /","But/CC ,/, one/CD ,/, and/CC ,/, and/CC she/PRP visited/VBD us/PRP here/RB in/IN ,/, in/IN Dallas/NNP ./.",,
sw09utt/sw_0967_2340.utt,2/sw2340,2340,177,sd,A,94,2,"[ When she went back, + every time she goes back ] to, {F uh, } San Antonio, {A my wife has two sisters there, too, } she said she's much better,  /","When/WRB she/PRP went/VBD back/RB ,/, every/DT time/NN she/PRP goes/VBZ back/RB to/IN ,/, uh/UH ,/, San/NNP Antonio/NNP ,/, my/PRP$ wife/NN has/VBZ two/CD sisters/NNS there/RB ,/, too/RB ,/, she/PRP said/VBD she/PRP 's/BES much/RB better/JJR ,/,",,
sw09utt/sw_0967_2340.utt,2/sw2340,2340,178,sd,A,94,3,"she's much more alive [ and, + and, ] {F uh, } active when she's been on a visit --","she/PRP 's/BES much/RB more/RBR alive/JJ and/CC ,/, and/CC ,/, uh/UH ,/, active/JJ when/WRB she/PRP 's/HVS been/VBN on/IN a/DT visit/NN --/:",,
sw09utt/sw_0967_2340.utt,2/sw2340,2340,179,%,B,95,1,"That's, -/","That/DT 's/BES ,/,",,
sw09utt/sw_0967_2340.utt,2/sw2340,2340,180,+,A,96,1,"-- with somebody else, {D you know } -- /","--/: with/IN somebody/NN else/RB ,/, you/PRP know/VBP --/:",,
sw09utt/sw_0967_2340.utt,2/sw2340,2340,181,b,B,97,1,Yeah. /,Yeah/UH ./.,,
sw09utt/sw_0967_2340.utt,2/sw2340,2340,182,sd,A,98,1,"-- [ {C and, } + {C and } ] our routine has  ((   ))  obviously hectic with teenagers and  everything -- /","--/: and/CC ,/, and/CC our/PRP$ routine/NN has/VBZ MUMBLEx/XX obviously/RB hectic/JJ with/IN teenagers/NNS and/CC everything/NN --/:",,
sw09utt/sw_0967_2340.utt,2/sw2340,2340,183,b,B,99,1,Right. /,Right/UH ./.,,
sw09utt/sw_0967_2340.utt,2/sw2340,2340,184,%,A,100,1,"-- {C and } she's much, - /","--/: and/CC she/PRP 's/BES much/JJ ,/,",,
sw09utt/sw_0967_2340.utt,2/sw2340,2340,185,sv,A,100,2,"{C and so } the stimulation part is really important.  I think, like any animal, anything -- /","and/CC so/RB the/DT stimulation/NN part/NN is/VBZ really/RB important/JJ ./. I/PRP think/VBP ,/, like/IN any/DT animal/NN ,/, anything/NN --/:",,
sw09utt/sw_0967_2340.utt,2/sw2340,2340,186,b,B,101,1,Right. /,Right/UH ./.,,
sw09utt/sw_0967_2340.utt,2/sw2340,2340,187,sv,A,102,1,"-- you just lay around, {F uh, } that's the fastest way to die, I think, {D you know. } /","--/: you/PRP just/RB lay/VBP around/RP ,/, uh/UH ,/, that/DT 's/BES the/DT fastest/JJS way/NN to/TO die/VB ,/, I/PRP think/VBP ,/, you/PRP know/VBP ./.",,
sw09utt/sw_0967_2340.utt,2/sw2340,2340,188,aa,B,103,1,Stagnant <laughter>.  /,Stagnant/JJ ./.,,
sw09utt/sw_0967_2340.utt,2/sw2340,2340,189,aa,B,103,2,"Yeah,  /","Yeah/UH ,/,",,
sw09utt/sw_0967_2340.utt,2/sw2340,2340,190,aa,B,103,3,that's exactly right.  /,that/DT 's/BES exactly/RB right/JJ ./.,,
sw09utt/sw_0967_2340.utt,2/sw2340,2340,191,sv,B,103,4,I think they're really neat.  /,I/PRP think/VBP they/PRP 're/VBP really/RB neat/JJ ./.,,
sw09utt/sw_0967_2340.utt,2/sw2340,2340,192,sd,B,103,5,"{F Um, } of course I've seen those reports on T V, the horrible ones -- /","Um/UH ,/, of/IN course/NN I/PRP 've/VBP seen/VBN those/DT reports/NNS on/IN T/NN V/NN ,/, the/DT horrible/JJ ones/NNS --/:",,
sw09utt/sw_0967_2340.utt,2/sw2340,2340,193,b,A,104,1,"{F Oh, } yeah. /","Oh/UH ,/, yeah/UH ./.",,
sw09utt/sw_0967_2340.utt,2/sw2340,2340,194,sd,B,105,1,-- {C and } that scares me. /,--/: and/CC that/DT scares/VBZ me/PRP ./.,,
sw09utt/sw_0967_2340.utt,2/sw2340,2340,195,sd,A,106,1,I'm afraid I'm a T V flipper.  /,I/PRP 'm/VBP afraid/JJ I/PRP 'm/VBP a/DT T/NN V/NN flipper/NN ./.,,
sw09utt/sw_0967_2340.utt,2/sw2340,2340,196,sd,A,106,2,"Anything bad, [ [ I like, + I like to,","Anything/NN bad/JJ ,/, I/PRP like/VBP ,/, I/PRP like/VBP to/TO ,/,",,
sw09utt/sw_0967_2340.utt,2/sw2340,2340,197,x,B,107,1,<Laughter>.,,,
sw09utt/sw_0967_2340.utt,2/sw2340,2340,198,+,A,108,1,"flip, ] + <laughter> I flip it ] off.  /","flip/VB ,/, I/PRP flip/VBP it/PRP off/RB ./.",,
sw09utt/sw_0967_2340.utt,2/sw2340,2340,199,sv,A,108,2,"{C But } it's sad,  /","But/CC it/PRP 's/BES sad/JJ ,/,",,
sw09utt/sw_0967_2340.utt,2/sw2340,2340,200,sv^r,A,108,3,"it's sad,  /","it/PRP 's/BES sad/JJ ,/,",,
sw09utt/sw_0967_2340.utt,2/sw2340,2340,201,%,A,108,4,yeah. /,yeah/UH ./.,,
sw09utt/sw_0967_2340.utt,2/sw2340,2340,202,sv,B,109,1,"It's sad to think that we would do that to people,  /","It/PRP 's/BES sad/JJ to/TO think/VB that/IN we/PRP would/MD do/VB that/DT to/IN people/NNS ,/,",,
sw09utt/sw_0967_2340.utt,2/sw2340,2340,203,sd,B,109,2,"{C and } {D you know, } I've seen them on T V with, {F uh, } bed sores,  /","and/CC you/PRP know/VBP ,/, I/PRP 've/VBP seen/VBN them/PRP on/IN T/NN V/NN with/IN ,/, uh/UH ,/, bed/NN sores/NNS ,/,",,
sw09utt/sw_0967_2340.utt,2/sw2340,2340,204,sd,B,109,3,{C and } --,and/CC --/:,,
sw09utt/sw_0967_2340.utt,2/sw2340,2340,205,b,A,110,1,"{F Oh, } yeah. /","Oh/UH ,/, yeah/UH ./.",,
sw09utt/sw_0967_2340.utt,2/sw2340,2340,206,+,B,111,1,"-- {F oh, } they just stay in the same clothes or the same sheets and not do laundry.  /","--/: oh/UH ,/, they/PRP just/RB stay/VBP in/IN the/DT same/JJ clothes/NNS or/CC the/DT same/JJ sheets/NNS and/CC not/RB do/VB laundry/NN ./.",,
sw09utt/sw_0967_2340.utt,2/sw2340,2340,207,sd(^q),B,111,2,"{C And } I just think, how can you do that?  /","And/CC I/PRP just/RB think/VBP ,/, how/WRB can/MD you/PRP do/VB that/DT ?/.",,
sw09utt/sw_0967_2340.utt,2/sw2340,2340,208,sv,B,111,3,"These people have given so  much of their lives, {D you know, } [ to, + to ] America --","These/DT people/NNS have/VBP given/VBN so/RB much/JJ of/IN their/PRP$ lives/NNS ,/, you/PRP know/VBP ,/, to/IN ,/, to/IN America/NNP --/:",,
sw09utt/sw_0967_2340.utt,2/sw2340,2340,209,b,A,112,1,Yeah. /,Yeah/UH ./.,,
sw09utt/sw_0967_2340.utt,2/sw2340,2340,210,+,B,113,1,"-- {D you know, } whatever,  /","--/: you/PRP know/VBP ,/, whatever/WP ,/,",,
sw09utt/sw_0967_2340.utt,2/sw2340,2340,211,sv,B,113,2,{C and } here is how we treat them.  /,and/CC here/RB is/VBZ how/WRB we/PRP treat/VBP them/PRP ./.,,
sw09utt/sw_0967_2340.utt,2/sw2340,2340,212,sv,B,113,3,Just put them in a home and leave them. /,Just/RB put/VB them/PRP in/IN a/DT home/NN and/CC leave/VB them/PRP ./.,,
sw09utt/sw_0967_2340.utt,2/sw2340,2340,213,aa,A,114,1,Right.  /,Right/UH ./.,,
sw09utt/sw_0967_2340.utt,2/sw2340,2340,214,sd,A,114,2,"When I was, {F uh, } younger, [ we, + I ] lived in the East,  /","When/WRB I/PRP was/VBD ,/, uh/UH ,/, younger/JJR ,/, we/PRP ,/, I/PRP lived/VBD in/IN the/DT East/NN ,/,",,
sw09utt/sw_0967_2340.utt,2/sw2340,2340,215,sd,A,114,3,"I'm from the East really,  /","I/PRP 'm/VBP from/IN the/DT East/NN really/UH ,/,",,
sw09utt/sw_0967_2340.utt,2/sw2340,2340,216,sd,A,114,4,"{C and } it seemed like there were several people that I knew that had their, {F uh, } parents, {A I guess they would be, but well in their seve-, - /","and/CC it/PRP seemed/VBD like/IN there/EX were/VBD several/JJ people/NNS that/WDT I/PRP knew/VBD that/WDT had/VBD their/PRP$ ,/, uh/UH ,/, parents/NNS ,/, I/PRP guess/VBP they/PRP would/MD be/VB ,/, but/CC well/UH in/IN their/PRP$ seve-/NNS ,/,",,
sw09utt/sw_0967_2340.utt,2/sw2340,2340,217,sd,A,114,5,} living with them. /,living/VBG with/IN them/PRP ./.,,
sw09utt/sw_0967_2340.utt,2/sw2340,2340,218,b,B,115,1,Uh-huh <noise> <<water sound>>. /,Uh-huh/UH ./.,,
sw09utt/sw_0967_2340.utt,2/sw2340,2340,219,sd,A,116,1,"{C And } one of them was even a woman who was fairly old,  /","And/CC one/CD of/IN them/PRP was/VBD even/RB a/DT woman/NN who/WP was/VBD fairly/RB old/JJ ,/,",,
sw09utt/sw_0967_2340.utt,2/sw2340,2340,220,sd,A,116,2,"{C and } I guess [ she, + <noise> <<water sound>> she ] had her own separate room.  /","and/CC I/PRP guess/VBP she/PRP ,/, she/PRP had/VBD her/PRP$ own/JJ separate/JJ room/NN ./.",,
sw09utt/sw_0967_2340.utt,2/sw2340,2340,221,sd,A,116,3,"{C And } I think, whether it's more a custom up there, or maybe because I was younger -- -/","And/CC I/PRP think/VBP ,/, whether/IN it/PRP 's/BES more/JJR a/DT custom/NN up/IN there/RB ,/, or/CC maybe/RB because/IN I/PRP was/VBD younger/JJR --/:",,
sw09utt/sw_0967_2340.utt,2/sw2340,2340,222,b,B,117,1,Right. /,Right/UH ./.,,
sw09utt/sw_0967_2340.utt,2/sw2340,2340,223,sv,A,118,1,"-- {C and } it's just not a custom anymore to have, {F uh, } {D you know, } the grandparents live with you anymore.  /","--/: and/CC it/PRP 's/BES just/RB not/RB a/DT custom/NN anymore/RB to/TO have/VB ,/, uh/UH ,/, you/PRP know/VBP ,/, the/DT grandparents/NNS live/VB with/IN you/PRP anymore/RB ./.",,
sw09utt/sw_0967_2340.utt,2/sw2340,2340,224,sv,A,118,2,"I guess that, {F uh } --","I/PRP guess/VBP that/IN ,/, uh/UH --/:",,
sw09utt/sw_0967_2340.utt,2/sw2340,2340,225,%,B,119,1,"I think, -/","I/PRP think/VBP ,/,",,
sw09utt/sw_0967_2340.utt,2/sw2340,2340,226,+,A,120,1,"-- {D well, } we aren't getting away from that, which is not right. /","--/: well/UH ,/, we/PRP are/VBP n't/RB getting/VBG away/RB from/IN that/DT ,/, which/WDT is/VBZ not/RB right/JJ ./.",,
sw09utt/sw_0967_2340.utt,2/sw2340,2340,227,aa,B,121,1,Right.  /,Right/UH ./.,,
sw09utt/sw_0967_2340.utt,2/sw2340,2340,228,sv,B,121,2,I think it's neat.  /,I/PRP think/VBP it/PRP 's/BES neat/JJ ./.,,
sw09utt/sw_0967_2340.utt,2/sw2340,2340,229,sv,B,121,3,"I think, {F uh, } you learn a lot from them --","I/PRP think/VBP ,/, uh/UH ,/, you/PRP learn/VBP a/DT lot/NN from/IN them/PRP --/:",,
sw09utt/sw_0967_2340.utt,2/sw2340,2340,230,b,A,122,1,"{F Oh, } yeah. /","Oh/UH ,/, yeah/UH ./.",,
sw09utt/sw_0967_2340.utt,2/sw2340,2340,231,+,B,123,1,"-- from all their experiences,  /","--/: from/IN all/DT their/PRP$ experiences/NNS ,/,",,
sw09utt/sw_0967_2340.utt,2/sw2340,2340,232,sd,B,123,2,"[ {C and, } + {C and } ] that's one of my favorite things to do is sit around and listen to their stories. /","and/CC ,/, and/CC that/DT 's/BES one/CD of/IN my/PRP$ favorite/JJ things/NNS to/TO do/VB is/VBZ sit/VB around/RP and/CC listen/VB to/IN their/PRP$ stories/NNS ./.",,
sw09utt/sw_0967_2340.utt,2/sw2340,2340,233,b,A,124,1,"{F Oh, } right,  /","Oh/UH ,/, right/UH ,/,",,
sw09utt/sw_0967_2340.utt,2/sw2340,2340,234,b^r,A,124,2,right. /,right/UH ./.,,
sw09utt/sw_0967_2340.utt,2/sw2340,2340,235,sv,B,125,1,"I think that's neat,  /","I/PRP think/VBP that/DT 's/BES neat/JJ ,/,",,
sw09utt/sw_0967_2340.utt,2/sw2340,2340,236,sv,B,125,2,"{C because } they really have a lot of good [ i-, + insights -- ]","because/IN they/PRP really/RB have/VBP a/DT lot/NN of/IN good/JJ i-/NNS ,/, insights/NNS --/:",,
sw09utt/sw_0967_2340.utt,2/sw2340,2340,237,b,A,126,1,Yeah. /,Yeah/UH ./.,,
sw09utt/sw_0967_2340.utt,2/sw2340,2340,238,+,B,127,1,"-- [ that + ] [ my fa-, + my husband's father ] is really old.  /","--/: that/IN my/PRP$ fa-/NN ,/, my/PRP$ husband/NN 's/POS father/NN is/VBZ really/RB old/JJ ./.",,
sw09utt/sw_0967_2340.utt,2/sw2340,2340,239,sd,B,127,2,"[ He, + he ] had him late in life,  /","He/PRP ,/, he/PRP had/VBD him/PRP late/RB in/IN life/NN ,/,",,
sw09utt/sw_0967_2340.utt,2/sw2340,2340,240,sd,B,127,3,"{C and } [ he's, + he'll ] be eighty this year. /","and/CC he/PRP 's/BES ,/, he/PRP 'll/MD be/VB eighty/CD this/DT year/NN ./.",,
sw09utt/sw_0967_2340.utt,2/sw2340,2340,241,b,A,128,1,Oh. /,Oh/UH ./.,,
sw09utt/sw_0967_2340.utt,2/sw2340,2340,242,sd,B,129,1,"{C And } [ I just, + {F uh, } he ] lives with different, {D you know, } people in the family.  /","And/CC I/PRP just/RB ,/, uh/UH ,/, he/PRP lives/VBZ with/IN different/JJ ,/, you/PRP know/VBP ,/, people/NNS in/IN the/DT family/NN ./.",,
sw09utt/sw_0967_2340.utt,2/sw2340,2340,243,sd,B,129,2,He'll switch from time to time.  /,He/PRP 'll/MD switch/VB from/IN time/NN to/IN time/NN ./.,,
sw09utt/sw_0967_2340.utt,2/sw2340,2340,244,%,B,129,3,"I just, -/","I/PRP just/RB ,/,",,
sw09utt/sw_0967_2340.utt,2/sw2340,2340,245,ba,A,130,1,"{D Well, } that's nice in a lot of ways. /","Well/UH ,/, that/DT 's/BES nice/JJ in/IN a/DT lot/NN of/IN ways/NNS ./.",,
sw09utt/sw_0967_2340.utt,2/sw2340,2340,246,aa,B,131,1,"Yeah,  /","Yeah/UH ,/,",,
sw09utt/sw_0967_2340.utt,2/sw2340,2340,247,sd,B,131,2,"I just couldn't imagine locking, - /","I/PRP just/RB could/MD n't/RB imagine/VB locking/VBG ,/,",,
sw09utt/sw_0967_2340.utt,2/sw2340,2340,248,sd,B,131,3,"not locking him up, but putting him in a home and just, -/","not/RB locking/VBG him/PRP up/RP ,/, but/CC putting/VBG him/PRP in/IN a/DT home/NN and/CC just/RB ,/,",,
sw09utt/sw_0967_2340.utt,2/sw2340,2340,249,qy^d,A,132,1,Bet you were surprised that you said that by mistake.  /,Bet/VBP you/PRP were/VBD surprised/JJ that/IN you/PRP said/VBD that/DT by/IN mistake/NN ./.,,
sw09utt/sw_0967_2340.utt,2/sw2340,2340,250,%,A,132,2,"Yeah,  /","Yeah/UH ,/,",,
sw09utt/sw_0967_2340.utt,2/sw2340,2340,251,%,A,132,3,"right, /","right/UH ,/,",,
sw09utt/sw_0967_2340.utt,2/sw2340,2340,252,sd,B,133,1,Lock him up. /,Lock/VB him/PRP up/RP ./.,,
sw09utt/sw_0967_2340.utt,2/sw2340,2340,253,sd,A,134,1,"That's what I think about it for me,  /","That/DT 's/BES what/WP I/PRP think/VBP about/IN it/PRP for/IN me/PRP ,/,",,
sw09utt/sw_0967_2340.utt,2/sw2340,2340,254,sd(^q),A,134,2,"I think, {D Well, } my kids better not do that to me. /","I/PRP think/VBP ,/, Well/UH ,/, my/PRP$ kids/NNS better/RBR not/RB do/VB that/DT to/IN me/PRP ./.",,
sw09utt/sw_0967_2340.utt,2/sw2340,2340,255,aa,B,135,1,"I know,  /","I/PRP know/VBP ,/,",,
sw09utt/sw_0967_2340.utt,2/sw2340,2340,256,aa^r,B,135,2,I know. /,I/PRP know/VBP ./.,,
sw09utt/sw_0967_2340.utt,2/sw2340,2340,257,sd,A,136,1,"I don't want that, {D you know. }  /","I/PRP do/VBP n't/RB want/VB that/DT ,/, you/PRP know/VBP ./.",,
sw09utt/sw_0967_2340.utt,2/sw2340,2340,258,sd(^q),A,136,2,"{C So } [ I, + I ] think of it, {D Well, } how would I want to be treated --","So/RB I/PRP ,/, I/PRP think/VBP of/IN it/PRP ,/, Well/UH ,/, how/WRB would/MD I/PRP want/VB to/TO be/VB treated/VBN --/:",,
sw09utt/sw_0967_2340.utt,2/sw2340,2340,259,aa,B,137,1,"Right,  /","Right/UH ,/,",,
sw09utt/sw_0967_2340.utt,2/sw2340,2340,260,aa,B,137,2,exactly. /,exactly/UH ./.,,
sw09utt/sw_0967_2340.utt,2/sw2340,2340,261,+,A,138,1,"-- rather than, {D well, } - /","--/: rather/IN than/IN ,/, well/UH ,/,",,
sw09utt/sw_0967_2340.utt,2/sw2340,2340,262,sv(^q),A,138,2,"it's easy to say, {F Oh, } yeah,  /","it/PRP 's/BES easy/JJ to/TO say/VB ,/, Oh/UH ,/, yeah/UH ,/,",,
sw09utt/sw_0967_2340.utt,2/sw2340,2340,263,^q,A,138,3,"let's put these old folks in a home,  /","let/VB 's/PRP put/VB these/DT old/JJ folks/NNS in/IN a/DT home/NN ,/,",,
sw09utt/sw_0967_2340.utt,2/sw2340,2340,264,sd,A,138,4,"{C but } when I think I don't want to do that, {D you know. } - /","but/CC when/WRB I/PRP think/VBP I/PRP do/VBP n't/RB want/VB to/TO do/VB that/DT ,/, you/PRP know/VBP ./.",,
sw09utt/sw_0967_2340.utt,2/sw2340,2340,265,sd,A,138,5,I don't want to be -- -/,I/PRP do/VBP n't/RB want/VB to/TO be/VB --/:,,
sw09utt/sw_0967_2340.utt,2/sw2340,2340,266,aa,B,139,1,That's right. /,That/DT 's/BES right/JJ ./.,,
sw09utt/sw_0967_2340.utt,2/sw2340,2340,267,sd,A,140,1,-- I'd want to have my little home.  /,--/: I/PRP 'd/MD want/VB to/TO have/VB my/PRP$ little/JJ home/NN ./.,,
sw09utt/sw_0967_2340.utt,2/sw2340,2340,268,sd,A,140,2,"I always threaten my daughters,  /","I/PRP always/RB threaten/VBP my/PRP$ daughters/NNS ,/,",,
sw09utt/sw_0967_2340.utt,2/sw2340,2340,269,sd(^q),A,140,3,"I say, {D Well, } I'm going to build a little house behind yours, /","I/PRP say/VBP ,/, Well/UH ,/, I/PRP 'm/VBP going/VBG to/TO build/VB a/DT little/JJ house/NN behind/IN yours/PRP ,/,",,
sw09utt/sw_0967_2340.utt,2/sw2340,2340,270,x,B,141,1,<Laughter>.,,,
sw09utt/sw_0967_2340.utt,2/sw2340,2340,271,sd(^q),A,142,1,"{C and } I'll take care of your lawn, he says,  /","and/CC I/PRP 'll/MD take/VB care/NN of/IN your/PRP$ lawn/NN ,/, he/PRP says/VBZ ,/,",,
sw09utt/sw_0967_2340.utt,2/sw2340,2340,272,^q,A,142,2,{C but } I'm not <laughter> going to one of those places. /,but/CC I/PRP 'm/VBP not/RB going/VBG to/TO one/CD of/IN those/DT places/NNS ./.,,
sw09utt/sw_0967_2340.utt,2/sw2340,2340,273,^q,B,143,1,"{F Oh, } you're going to put me away. /","Oh/UH ,/, you/PRP 're/VBP going/VBG to/TO put/VB me/PRP away/RB ./.",,
sw09utt/sw_0967_2340.utt,2/sw2340,2340,274,aa,A,144,1,"Right,  /","Right/UH ,/,",,
sw09utt/sw_0967_2340.utt,2/sw2340,2340,275,aa,A,144,2,yeah. /,yeah/UH ./.,,
sw09utt/sw_0967_2340.utt,2/sw2340,2340,276,sd,B,145,1,"That's what my mother, - /","That/DT 's/BES what/WP my/PRP$ mother/NN ,/,",,
sw09utt/sw_0967_2340.utt,2/sw2340,2340,277,%,B,145,2,"she always, - /","she/PRP always/RB ,/,",,
sw09utt/sw_0967_2340.utt,2/sw2340,2340,278,^q,B,145,3,"You're going to lock me up one day, aren't you. /","You/PRP 're/VBP going/VBG to/TO lock/VB me/PRP up/RP one/CD day/NN ,/, are/VBP n't/RB you/PRP ./.",,
sw09utt/sw_0967_2340.utt,2/sw2340,2340,279,x,A,146,1,<Laughter>.,,,
sw09utt/sw_0967_2340.utt,2/sw2340,2340,280,^q,B,147,1,"I can tell,  /","I/PRP can/MD tell/VB ,/,",,
sw09utt/sw_0967_2340.utt,2/sw2340,2340,281,^q,B,147,2,you're going to lock me up. /,you/PRP 're/VBP going/VBG to/TO lock/VB me/PRP up/RP ./.,,
sw09utt/sw_0967_2340.utt,2/sw2340,2340,282,sv,A,148,1,"[ That's what we, + that's the way we ] call it, which is really wrong. /","That/DT 's/BES what/WP we/PRP ,/, that/DT 's/BES the/DT way/NN we/PRP call/VBP it/PRP ,/, which/WDT is/VBZ really/RB wrong/JJ ./.",,
sw09utt/sw_0967_2340.utt,2/sw2340,2340,283,aa,B,149,1,I know. /,I/PRP know/VBP ./.,,
sw09utt/sw_0967_2340.utt,2/sw2340,2340,284,sd,A,150,1,"{C But } my wife's mother, [ and the one, + she's ] in San Ant-, - /","But/CC my/PRP$ wife/NN 's/POS mother/NN ,/, and/CC the/DT one/NN ,/, she/PRP 's/BES in/IN San/NNP Ant-/NN ,/,",,
sw09utt/sw_0967_2340.utt,2/sw2340,2340,285,sd,A,150,2,it's everything but.  /,it/PRP 's/BES everything/NN but/CC ./.,,
sw09utt/sw_0967_2340.utt,2/sw2340,2340,286,sd,A,150,3,The opposite of what you've seen.  /,The/DT opposite/NN of/IN what/WP you/PRP 've/VBP seen/VBN ./.,,
sw09utt/sw_0967_2340.utt,2/sw2340,2340,287,sd,A,150,4,{E I mean } --,I/PRP mean/VBP --/:,,
sw09utt/sw_0967_2340.utt,2/sw2340,2340,288,b,B,151,1,Right. /,Right/UH ./.,,
sw09utt/sw_0967_2340.utt,2/sw2340,2340,289,+,A,152,1,"-- it's a little hotel, you might say. /","--/: it/PRP 's/BES a/DT little/JJ hotel/NN ,/, you/PRP might/MD say/VB ./.",,
sw09utt/sw_0967_2340.utt,2/sw2340,2340,290,ba,B,153,1,That's great. /,That/DT 's/BES great/JJ ./.,,
sw09utt/sw_0967_2340.utt,2/sw2340,2340,291,sd,A,154,1,"{D Again, } a swimming pool, and grounds,  /","Again/UH ,/, a/DT swimming/NN pool/NN ,/, and/CC grounds/NNS ,/,",,
sw09utt/sw_0967_2340.utt,2/sw2340,2340,292,sd,A,154,2,{C and } she has enough room.  /,and/CC she/PRP has/VBZ enough/JJ room/NN ./.,,
sw09utt/sw_0967_2340.utt,2/sw2340,2340,293,sd,A,154,3,"She has two bedrooms, [ and a, + and a -- ]","She/PRP has/VBZ two/CD bedrooms/NNS ,/, and/CC a/DT ,/, and/CC a/DT --/:",,
sw09utt/sw_0967_2340.utt,2/sw2340,2340,294,ba,B,155,1,Gosh. /,Gosh/UH ./.,,
sw09utt/sw_0967_2340.utt,2/sw2340,2340,295,+,A,156,1,-- separate living area.  /,--/: separate/JJ living/NN area/NN ./.,,
sw09utt/sw_0967_2340.utt,2/sw2340,2340,296,sd,A,156,2,They don't have kitchens or anything -- /,They/PRP do/VBP n't/RB have/VB kitchens/NNS or/CC anything/NN --/:,,
sw09utt/sw_0967_2340.utt,2/sw2340,2340,297,b,B,157,1,Right. /,Right/UH ./.,,
sw09utt/sw_0967_2340.utt,2/sw2340,2340,298,sd,A,158,1,"-- {C but } [ they have little, + it's like {F uh, } on each floor they have a little ] kitchen area --","--/: but/CC they/PRP have/VBP little/JJ ,/, it/PRP 's/BES like/IN uh/UH ,/, on/IN each/DT floor/NN they/PRP have/VBP a/DT little/JJ kitchen/NN area/NN --/:",,
sw09utt/sw_0967_2340.utt,2/sw2340,2340,299,b,B,159,1,Yes. /,Yes/UH ./.,,
sw09utt/sw_0967_2340.utt,2/sw2340,2340,300,+,A,160,1,-- where you can go down and [ have a -- +,--/: where/WRB you/PRP can/MD go/VB down/RB and/CC have/VB a/DT --/:,,
sw09utt/sw_0967_2340.utt,2/sw2340,2340,301,^2,B,161,1,"Prepare your, -/","Prepare/VB your/PRP$ ,/,",,
sw09utt/sw_0967_2340.utt,2/sw2340,2340,302,+,A,162,1,"-- make a ] meal, {D you know. } /","--/: make/VB a/DT meal/NN ,/, you/PRP know/VBP ./.",,
sw09utt/sw_0967_2340.utt,2/sw2340,2340,303,ba,B,163,1,"{D Well, } that's great.  /","Well/UH ,/, that/DT 's/BES great/JJ ./.",,
sw09utt/sw_0967_2340.utt,2/sw2340,2340,304,qy,B,163,2,"Now can she leave, {F um, } on a day by herself? /","Now/UH can/MD she/PRP leave/VB ,/, um/UH ,/, on/IN a/DT day/NN by/IN herself/PRP ?/.",,
sw09utt/sw_0967_2340.utt,2/sw2340,2340,305,ny,A,164,1,"{F Oh, } yeah,  /","Oh/UH ,/, yeah/UH ,/,",,
sw09utt/sw_0967_2340.utt,2/sw2340,2340,306,sd^e,A,164,2,"[ [ it's, + it's, ] + it's ] nothing like that.  /","it/PRP 's/BES ,/, it/PRP 's/BES ,/, it/PRP 's/BES nothing/NN like/IN that/DT ./.",,
sw09utt/sw_0967_2340.utt,2/sw2340,2340,307,sd,A,164,3,It's like living in the hotel.  /,It/PRP 's/BES like/IN living/VBG in/IN the/DT hotel/NN ./.,,
sw09utt/sw_0967_2340.utt,2/sw2340,2340,308,sd,A,164,4,{E I mean } --,I/PRP mean/VBP --/:,,
sw09utt/sw_0967_2340.utt,2/sw2340,2340,309,ba,B,165,1,"{F Oh, } man. /","Oh/UH ,/, man/UH ./.",,
sw09utt/sw_0967_2340.utt,2/sw2340,2340,310,+,A,166,1,-- she's totally on her own. /,--/: she/PRP 's/BES totally/RB on/IN her/PRP$ own/JJ ./.,,
sw09utt/sw_0967_2340.utt,2/sw2340,2340,311,ba,B,167,1,That's neat. /,That/DT 's/BES neat/JJ ./.,,
sw09utt/sw_0967_2340.utt,2/sw2340,2340,312,sd,A,168,1,"{F Uh, } {C and } she still drives, which [ we do, + does scare us ] some, because she has dented a few things, {D you know, } /","Uh/UH ,/, and/CC she/PRP still/RB drives/VBZ ,/, which/WDT we/PRP do/VBP ,/, does/VBZ scare/VB us/PRP some/DT ,/, because/IN she/PRP has/VBZ dented/VBN a/DT few/JJ things/NNS ,/, you/PRP know/VBP ,/,",,
sw09utt/sw_0967_2340.utt,2/sw2340,2340,313,x,B,169,1,<Laughter>.,,,
sw09utt/sw_0967_2340.utt,2/sw2340,2340,314,sd,A,170,1,"{C and } we keep thinking about that, {D you know } -- /","and/CC we/PRP keep/VBP thinking/VBG about/IN that/DT ,/, you/PRP know/VBP --/:",,
sw09utt/sw_0967_2340.utt,2/sw2340,2340,315,b,B,171,1,Right. /,Right/UH ./.,,
sw09utt/sw_0967_2340.utt,2/sw2340,2340,316,sv,A,172,1,"-- {C because } [ she, + they ] get less alert,  /","--/: because/IN she/PRP ,/, they/PRP get/VBP less/RBR alert/JJ ,/,",,
sw09utt/sw_0967_2340.utt,2/sw2340,2340,317,sv,A,172,2,"{C and } they don't care,  /","and/CC they/PRP do/VBP n't/RB care/VB ,/,",,
sw09utt/sw_0967_2340.utt,2/sw2340,2340,318,sd,A,172,3,"{C and } I've seen some of these elderly people on T V {D you know, } the ones from Florida that just run into people  /","and/CC I/PRP 've/VBP seen/VBN some/DT of/IN these/DT elderly/JJ people/NNS on/IN T/NN V/NN you/PRP know/VBP ,/, the/DT ones/NNS from/IN Florida/NNP that/WDT just/RB run/VBP into/IN people/NNS",,
sw09utt/sw_0967_2340.utt,2/sw2340,2340,319,sd,A,172,4,{C and } they don't even --,and/CC they/PRP do/VBP n't/RB even/RB --/:,,
sw09utt/sw_0967_2340.utt,2/sw2340,2340,320,b,B,173,1,Right. /,Right/UH ./.,,
sw09utt/sw_0967_2340.utt,2/sw2340,2340,321,+,A,174,1,"-- understand what happened, {D you know. } /","--/: understand/VB what/WP happened/VBD ,/, you/PRP know/VBP ./.",,
sw09utt/sw_0967_2340.utt,2/sw2340,2340,322,aa,B,175,1,"I know,  /","I/PRP know/VBP ,/,",,
sw09utt/sw_0967_2340.utt,2/sw2340,2340,323,ba,B,175,2,"bless their hearts,  /","bless/VB their/PRP$ hearts/NNS ,/,",,
sw09utt/sw_0967_2340.utt,2/sw2340,2340,324,sv,B,175,3,"you hate to hurt them by doing that,  /","you/PRP hate/VBP to/TO hurt/VB them/PRP by/IN doing/VBG that/DT ,/,",,
sw09utt/sw_0967_2340.utt,2/sw2340,2340,325,sv,B,175,4,that's --,that/DT 's/BES --/:,,
sw09utt/sw_0967_2340.utt,2/sw2340,2340,326,aa,A,176,1,I know. /,I/PRP know/VBP ./.,,
sw09utt/sw_0967_2340.utt,2/sw2340,2340,327,+,B,177,1,"-- {D like } their one last thing that they can still do,  /","--/: like/UH their/PRP$ one/CD last/JJ thing/NN that/WDT they/PRP can/MD still/RB do/VB ,/,",,
sw09utt/sw_0967_2340.utt,2/sw2340,2340,328,sv,B,177,2,{C and } you take away that driving ability  /,and/CC you/PRP take/VBP away/RB that/DT driving/NN ability/NN,,
sw09utt/sw_0967_2340.utt,2/sw2340,2340,329,sv,B,177,3,{C and } that would really be hard.  /,and/CC that/DT would/MD really/RB be/VB hard/JJ ./.,,
sw09utt/sw_0967_2340.utt,2/sw2340,2340,330,sd,B,177,4,"[ We've, +","We/PRP 've/VBP ,/,",,
sw09utt/sw_0967_2340.utt,2/sw2340,2340,331,aa,A,178,1,"[ I, + I ] know.  /","I/PRP ,/, I/PRP know/VBP ./.",,
sw09utt/sw_0967_2340.utt,2/sw2340,2340,332,ad,A,178,2,"Go ahead,  /","Go/VB ahead/RB ,/,",,
sw09utt/sw_0967_2340.utt,2/sw2340,2340,333,fa,A,178,3,I'm sorry. /,I/PRP 'm/VBP sorry/JJ ./.,,
sw09utt/sw_0967_2340.utt,2/sw2340,2340,334,+,B,179,1,"{D Well, } we've ] thought about doing that for my husband's father, because he, -/","Well/UH ,/, we/PRP 've/VBP thought/VBN about/IN doing/VBG that/DT for/IN my/PRP$ husband/NN 's/POS father/NN ,/, because/IN he/PRP ,/,",,
sw09utt/sw_0967_2340.utt,2/sw2340,2340,335,qy,A,180,1,"{F Oh, } he still drives? /","Oh/UH ,/, he/PRP still/RB drives/VBZ ?/.",,
sw09utt/sw_0967_2340.utt,2/sw2340,2340,336,ny,B,181,1,Yeah. /,Yeah/UH ./.,,
sw09utt/sw_0967_2340.utt,2/sw2340,2340,337,ba,A,182,1,"[ That's gre-, + {D well, } it's wonderful ] in one respect,  /","That/DT 's/BES gre/JJ ,/, well/UH ,/, it/PRP 's/BES wonderful/JJ in/IN one/CD respect/NN ,/,",,
sw09utt/sw_0967_2340.utt,2/sw2340,2340,338,qy^d,A,182,2,"{C but } I don't know if you can afford the insurance,  /","but/CC I/PRP do/VBP n't/RB know/VB if/IN you/PRP can/MD afford/VB the/DT insurance/NN ,/,",,
sw09utt/sw_0967_2340.utt,2/sw2340,2340,339,%,A,182,3,yeah. /,yeah/UH ./.,,
sw09utt/sw_0967_2340.utt,2/sw2340,2340,340,nd,B,183,1,"{D Well, } luckily he drives a big old tank <laughter>. /","Well/UH ,/, luckily/RB he/PRP drives/VBZ a/DT big/JJ old/JJ tank/NN ./.",,
sw09utt/sw_0967_2340.utt,2/sw2340,2340,341,b,A,184,1,Yeah. /,Yeah/UH ./.,,
sw09utt/sw_0967_2340.utt,2/sw2340,2340,342,sv,B,185,1,"{C So, }  [ he, + {E I mean, } I don't think [ he, + he ] ] could get hurt.  /","So/RB ,/, he/PRP ,/, I/PRP mean/VBP ,/, I/PRP do/VBP n't/RB think/VB he/PRP ,/, he/PRP could/MD get/VB hurt/VBN ./.",,
sw09utt/sw_0967_2340.utt,2/sw2340,2340,343,sd,B,185,2,I just hope to God he doesn't ever hurt anyone.  /,I/PRP just/RB hope/VBP to/IN God/NNP he/PRP does/VBZ n't/RB ever/RB hurt/VB anyone/NN ./.,,
sw09utt/sw_0967_2340.utt,2/sw2340,2340,344,sd,B,185,3,{C But } [ he -- +,But/CC he/PRP --/:,,
sw09utt/sw_0967_2340.utt,2/sw2340,2340,345,b,A,186,1,Right. /,Right/UH ./.,,
sw09utt/sw_0967_2340.utt,2/sw2340,2340,346,+,B,187,1,-- he ] hasn't had any accidents luckily. /,--/: he/PRP has/VBZ n't/RB had/VBN any/DT accidents/NNS luckily/RB ./.,,
sw09utt/sw_0967_2340.utt,2/sw2340,2340,347,ba,A,188,1,That's good.  /,That/DT 's/BES good/JJ ./.,,
sw09utt/sw_0967_2340.utt,2/sw2340,2340,348,sv,A,188,2,"{E I mean, } people are all different. /","I/PRP mean/VBP ,/, people/NNS are/VBP all/DT different/JJ ./.",,
sw09utt/sw_0967_2340.utt,2/sw2340,2340,349,aa,B,189,1,"Yeah,  /","Yeah/UH ,/,",,
sw09utt/sw_0967_2340.utt,2/sw2340,2340,350,aa^r,B,189,2,yeah. /,yeah/UH ./.,,
sw09utt/sw_0967_2340.utt,2/sw2340,2340,351,sv,A,190,1,"[ I, + I ] wonder if they should give them a test, or at least [ maybe not take their licen-, + maybe give them ] a refresher driving course, [ and + ] just to see how well they are every five years. /","I/PRP ,/, I/PRP wonder/VBP if/IN they/PRP should/MD give/VB them/PRP a/DT test/NN ,/, or/CC at/IN least/JJS maybe/RB not/RB take/VB their/PRP$ licen-/NN ,/, maybe/RB give/VB them/PRP a/DT refresher/NN driving/NN course/NN ,/, and/CC just/RB to/TO see/VB how/WRB well/RB they/PRP are/VBP every/DT five/CD years/NNS ./.",,
sw09utt/sw_0967_2340.utt,2/sw2340,2340,352,sd,B,191,1,I saw that on TWENTY TWENTY. /,I/PRP saw/VBD that/DT on/IN TWENTY/CD TWENTY/CD ./.,,
sw09utt/sw_0967_2340.utt,2/sw2340,2340,353,qy,A,192,1,Are they doing it? /,Are/VBP they/PRP doing/VBG it/PRP ?/.,,
sw09utt/sw_0967_2340.utt,2/sw2340,2340,354,no,B,193,1,"[ [ They, + {F um, } {D you know, } they're testing that, ] + they're, {D you know, } thinking of doing that. ]  /","They/PRP ,/, um/UH ,/, you/PRP know/VBP ,/, they/PRP 're/VBP testing/VBG that/DT ,/, they/PRP 're/VBP ,/, you/PRP know/VBP ,/, thinking/VBG of/IN doing/VBG that/DT ./.",,
sw09utt/sw_0967_2340.utt,2/sw2340,2340,355,sv,B,193,2,"{C And } I think that would be a great idea, because I think they do, [ come, + become ] less aware,  /","And/CC I/PRP think/VBP that/DT would/MD be/VB a/DT great/JJ idea/NN ,/, because/IN I/PRP think/VBP they/PRP do/VBP ,/, come/VB ,/, become/VB less/RBR aware/JJ ,/,",,
sw09utt/sw_0967_2340.utt,2/sw2340,2340,356,sv,B,193,3,"[ [ {C and } they just, + I don't know, they, ] + {C and } they ] don't hear as well, for one thing -- /","and/CC they/PRP just/RB ,/, I/PRP do/VBP n't/RB know/VB ,/, they/PRP ,/, and/CC they/PRP do/VBP n't/RB hear/VB as/RB well/RB ,/, for/IN one/CD thing/NN --/:",,
sw09utt/sw_0967_2340.utt,2/sw2340,2340,357,b,A,194,1,Yeah. /,Yeah/UH ./.,,
sw09utt/sw_0967_2340.utt,2/sw2340,2340,358,sv,B,195,1,-- {C and } that doesn't help. /,--/: and/CC that/DT does/VBZ n't/RB help/VB ./.,,
sw09utt/sw_0967_2340.utt,2/sw2340,2340,359,sv,A,196,1,"{D Well, } everybody needs retraining.  /","Well/UH ,/, everybody/NN needs/VBZ retraining/NN ./.",,
sw09utt/sw_0967_2340.utt,2/sw2340,2340,360,sv,A,196,2,"It doesn't hurt, {F uh, }","It/PRP does/VBZ n't/RB hurt/VB ,/, uh/UH ,/,",,
sw09utt/sw_0967_2340.utt,2/sw2340,2340,361,x,B,197,1,<Laughter>.,,,
sw09utt/sw_0967_2340.utt,2/sw2340,2340,362,+,A,198,1,"{D you know, }  /","you/PRP know/VBP ,/,",,
sw09utt/sw_0967_2340.utt,2/sw2340,2340,363,sv,A,198,2,"the best football players and all the opera singers still have coaches,  /","the/DT best/JJS football/NN players/NNS and/CC all/PDT the/DT opera/NN singers/NNS still/RB have/VBP coaches/NNS ,/,",,
sw09utt/sw_0967_2340.utt,2/sw2340,2340,364,sv,A,198,3,{C and } I don't know why you couldn't after sixty-five every five years have a refresher course and then take another driving. /,and/CC I/PRP do/VBP n't/RB know/VB why/WRB you/PRP could/MD n't/RB after/IN sixty-five/CD every/DT five/CD years/NNS have/VB a/DT refresher/NN course/NN and/CC then/RB take/VB another/DT driving/NN ./.,,
sw09utt/sw_0967_2340.utt,2/sw2340,2340,365,b,B,199,1,Right. /,Right/UH ./.,,
sw09utt/sw_0967_2340.utt,2/sw2340,2340,366,sv,A,200,1,"[ It would sure, + the insurance companies [ would, + would ] probably ] help pay for some of that, {D you know. } /","It/PRP would/MD sure/RB ,/, the/DT insurance/NN companies/NNS would/MD ,/, would/MD probably/RB help/VB pay/VB for/IN some/DT of/IN that/DT ,/, you/PRP know/VBP ./.",,
sw09utt/sw_0967_2340.utt,2/sw2340,2340,367,sv,B,201,1,At least that way the burden is not on the family of taking their license or their car away <laughter>. /,At/IN least/JJS that/DT way/NN the/DT burden/NN is/VBZ not/RB on/IN the/DT family/NN of/IN taking/VBG their/PRP$ license/NN or/CC their/PRP$ car/NN away/RB ./.,,
sw09utt/sw_0967_2340.utt,2/sw2340,2340,368,aa,A,202,1,"Right,  /","Right/UH ,/,",,
sw09utt/sw_0967_2340.utt,2/sw2340,2340,369,ba,A,202,2,"there you go,  /","there/RB you/PRP go/VBP ,/,",,
sw09utt/sw_0967_2340.utt,2/sw2340,2340,370,ba,A,202,3,there's a good point -- /,there/RB 's/BES a/DT good/JJ point/NN --/:,,
sw09utt/sw_0967_2340.utt,2/sw2340,2340,371,sv,B,203,1,It's on the state <laughter>. /,It/PRP 's/BES on/IN the/DT state/NN ./.,,
sw09utt/sw_0967_2340.utt,2/sw2340,2340,372,ba,A,204,1,-- very good point.  /,--/: very/RB good/JJ point/NN ./.,,
sw09utt/sw_0967_2340.utt,2/sw2340,2340,373,ba^r,A,204,2,Very good point.  /,Very/RB good/JJ point/NN ./.,,
sw09utt/sw_0967_2340.utt,2/sw2340,2340,374,sv,A,204,3,"{C But } I think they maybe, should do that,  /","But/CC I/PRP think/VBP they/PRP maybe/RB ,/, should/MD do/VB that/DT ,/,",,
sw09utt/sw_0967_2340.utt,2/sw2340,2340,375,%,A,204,4,"{C and then } the families, -/","and/CC then/RB the/DT families/NNS ,/,",,
