swda_filename,ptb_basename,conversation_no,transcript_index,act_tag,caller,utterance_index,subutterance_index,text,pos,trees,ptb_treenumbers
sw09utt/sw_0933_2662.utt,2/sw2662,2662,0,sd,A,1,1,"{F Uh, } I don't go to the movies a whole lot,  /","Uh/UH ,/, I/PRP do/VBP n't/RB go/VB to/IN the/DT movies/NNS a/DT whole/JJ lot/NN ,/,",,
sw09utt/sw_0933_2662.utt,2/sw2662,2662,1,sd,A,1,2,"{C but, } {F uh, } I went two or three weeks ago for the first time in a long time and saw DANCES WITH WOLVES, which turned out to be an extremely good movie. /","but/CC ,/, uh/UH ,/, I/PRP went/VBD two/CD or/CC three/CD weeks/NNS ago/RB for/IN the/DT first/JJ time/NN in/IN a/DT long/JJ time/NN and/CC saw/VBD DANCES/VBZ WITH/IN WOLVES/NNS ,/, which/WDT turned/VBD out/RP to/TO be/VB an/DT extremely/RB good/JJ movie/NN ./.",,
sw09utt/sw_0933_2662.utt,2/sw2662,2662,2,sd,B,2,1,I haven't seen that yet.  /,I/PRP have/VBP n't/RB seen/VBN that/DT yet/RB ./.,,
sw09utt/sw_0933_2662.utt,2/sw2662,2662,3,%,B,2,2,"[ [ I, + I, ] + I ] hear, - /","I/PRP ,/, I/PRP ,/, I/PRP hear/VBP ,/,",,
sw09utt/sw_0933_2662.utt,2/sw2662,2662,4,sd,B,2,3,"[ we, + a whole bunch of us ] were going to go see it.  /","we/PRP ,/, a/DT whole/JJ bunch/NN of/IN us/PRP were/VBD going/VBG to/TO go/VB see/VB it/PRP ./.",,
sw09utt/sw_0933_2662.utt,2/sw2662,2662,5,sd,B,2,4,"It's playing at school {D actually } in about two weeks, I guess.  /","It/PRP 's/BES playing/VBG at/IN school/NN actually/UH in/IN about/RB two/CD weeks/NNS ,/, I/PRP guess/VBP ./.",,
sw09utt/sw_0933_2662.utt,2/sw2662,2662,6,sd,B,2,5,{C So }  we're going to go see that.  /,So/RB we/PRP 're/VBP going/VBG to/TO go/VB see/VB that/DT ./.,,
sw09utt/sw_0933_2662.utt,2/sw2662,2662,7,qy,B,2,6,{C But } you enjoyed that? /,But/CC you/PRP enjoyed/VBD that/DT ?/.,,
sw09utt/sw_0933_2662.utt,2/sw2662,2662,8,ny,A,3,1,"Yeah,  /","Yeah/UH ,/,",,
sw09utt/sw_0933_2662.utt,2/sw2662,2662,9,sd^e,A,3,2,"[ it's, + it's ] something that, {F uh, } - /","it/PRP 's/BES ,/, it/PRP 's/BES something/NN that/WDT ,/, uh/UH ,/,",,
sw09utt/sw_0933_2662.utt,2/sw2662,2662,10,sd,A,3,3,"my brother lives over in Fort Worth,  /","my/PRP$ brother/NN lives/VBZ over/IN in/IN Fort/NNP Worth/NNP ,/,",,
sw09utt/sw_0933_2662.utt,2/sw2662,2662,11,sd,A,3,4,"{C and } I was telling him about a couple of weeks ago,  /","and/CC I/PRP was/VBD telling/VBG him/PRP about/RB a/DT couple/NN of/IN weeks/NNS ago/RB ,/,",,
sw09utt/sw_0933_2662.utt,2/sw2662,2662,12,sd(^q),A,3,5,"{C and } he said, {D Well } I'll wait until it comes out on, {F uh, } tape and [ rent, + rent ] the video.  /","and/CC he/PRP said/VBD ,/, Well/UH I/PRP 'll/MD wait/VB until/IN it/PRP comes/VBZ out/RP on/IN ,/, uh/UH ,/, tape/NN and/CC rent/VB ,/, rent/VB the/DT video/NN ./.",,
sw09utt/sw_0933_2662.utt,2/sw2662,2662,13,sd(^q),A,3,6,"{C And } I said, no,  /","And/CC I/PRP said/VBD ,/, no/UH ,/,",,
sw09utt/sw_0933_2662.utt,2/sw2662,2662,14,^q,A,3,7,this is not one that you want to do that with. /,this/DT is/VBZ not/RB one/NN that/WDT you/PRP want/VBP to/TO do/VB that/DT with/IN ./.,,
sw09utt/sw_0933_2662.utt,2/sw2662,2662,15,sd,B,4,1,"That's what I heard,  /","That/DT 's/BES what/WP I/PRP heard/VBD ,/,",,
sw09utt/sw_0933_2662.utt,2/sw2662,2662,16,%,B,4,2,yeah. /,yeah/UH ./.,,
sw09utt/sw_0933_2662.utt,2/sw2662,2662,17,sd,A,5,1,"[ It's, + {F uh, } the scenery ] and the landscape and the country that they're in needs a big screen.  /","It/PRP 's/BES ,/, uh/UH ,/, the/DT scenery/NN and/CC the/DT landscape/NN and/CC the/DT country/NN that/WDT they/PRP 're/VBP in/IN needs/VBZ a/DT big/JJ screen/NN ./.",,
sw09utt/sw_0933_2662.utt,2/sw2662,2662,18,sd,A,5,2,"It's just beautiful country with the hills and the trees and the buffalo and the whole thing,  /","It/PRP 's/BES just/RB beautiful/JJ country/NN with/IN the/DT hills/NNS and/CC the/DT trees/NNS and/CC the/DT buffalo/NNS and/CC the/DT whole/JJ thing/NN ,/,",,
sw09utt/sw_0933_2662.utt,2/sw2662,2662,19,sd,A,5,3,"it's [ just, + {F uh, } just ] amazing, amazing picture. /","it/PRP 's/BES just/RB ,/, uh/UH ,/, just/RB amazing/JJ ,/, amazing/JJ picture/NN ./.",,
sw09utt/sw_0933_2662.utt,2/sw2662,2662,20,b,B,6,1,"Yeah,  /","Yeah/UH ,/,",,
sw09utt/sw_0933_2662.utt,2/sw2662,2662,21,sd,B,6,2,"I've heard [ [ it, + it, ] + it's ] not one for the videos. /","I/PRP 've/VBP heard/VBN it/PRP ,/, it/PRP ,/, it/PRP 's/BES not/RB one/CD for/IN the/DT videos/NNS ./.",,
sw09utt/sw_0933_2662.utt,2/sw2662,2662,22,aa,A,7,1,"No,  /","No/UH ,/,",,
sw09utt/sw_0933_2662.utt,2/sw2662,2662,23,%,A,7,2,"it's one I think, - /","it/PRP 's/BES one/CD I/PRP think/VBP ,/,",,
sw09utt/sw_0933_2662.utt,2/sw2662,2662,24,sv(^q),A,7,3,"{C but, } {D you know, } every now and then you find one that you say, yeah,  /","but/CC ,/, you/PRP know/VBP ,/, every/DT now/RB and/CC then/RB you/PRP find/VBP one/CD that/WDT you/PRP say/VBP ,/, yeah/UH ,/,",,
sw09utt/sw_0933_2662.utt,2/sw2662,2662,25,^q,A,7,4,this is my favorite movie.  /,this/DT is/VBZ my/PRP$ favorite/JJ movie/NN ./.,,
sw09utt/sw_0933_2662.utt,2/sw2662,2662,26,sd,A,7,5,"{D Well, } this is the one for me this time. /","Well/UH ,/, this/DT is/VBZ the/DT one/CD for/IN me/PRP this/DT time/NN ./.",,
sw09utt/sw_0933_2662.utt,2/sw2662,2662,27,bh,B,8,1,Really. /,Really/UH ./.,,
sw09utt/sw_0933_2662.utt,2/sw2662,2662,28,ny,A,9,1,Yeah.  /,Yeah/UH ./.,,
sw09utt/sw_0933_2662.utt,2/sw2662,2662,29,qw,A,9,2,What have you been to lately? /,What/WP have/VBP you/PRP been/VBN to/IN lately/RB ?/.,,
sw09utt/sw_0933_2662.utt,2/sw2662,2662,30,^h,B,10,1,"{F Um, } let's see.  /","Um/UH ,/, let/VB 's/PRP see/VB ./.",,
sw09utt/sw_0933_2662.utt,2/sw2662,2662,31,sd,B,10,2,"{D Well, } <laughter> {F uh, } this is almost, sort of funny.  /","Well/UH ,/, uh/UH ,/, this/DT is/VBZ almost/RB ,/, sort/RB of/RB funny/JJ ./.",,
sw09utt/sw_0933_2662.utt,2/sw2662,2662,32,sd,B,10,3,"I was just sit-, {F um, } - /","I/PRP was/VBD just/RB sit-/XX ,/, um/UH ,/,",,
sw09utt/sw_0933_2662.utt,2/sw2662,2662,33,sd,B,10,4,friend and I went to see OUT FOR JUSTICE --,friend/NN and/CC I/PRP went/VBD to/TO see/VB OUT/RB FOR/IN JUSTICE/NN --/:,,
sw09utt/sw_0933_2662.utt,2/sw2662,2662,34,b,A,11,1,Yeah. /,Yeah/UH ./.,,
sw09utt/sw_0933_2662.utt,2/sw2662,2662,35,+,B,12,1,"-- which is Steven Segal, because, {F uh, } we're both big karate fans. /","--/: which/WDT is/VBZ Steven/NNP Segal/NNP ,/, because/IN ,/, uh/UH ,/, we/PRP 're/VBP both/DT big/JJ karate/NN fans/NNS ./.",,
sw09utt/sw_0933_2662.utt,2/sw2662,2662,36,b,A,13,1,"{F Oh, } yeah. /","Oh/UH ,/, yeah/UH ./.",,
sw09utt/sw_0933_2662.utt,2/sw2662,2662,37,sd,B,14,1,{C So } we wanted to see what this is like.  /,So/RB we/PRP wanted/VBD to/TO see/VB what/WP this/DT is/VBZ like/IN ./.,,
sw09utt/sw_0933_2662.utt,2/sw2662,2662,38,sd,B,14,2,"{C And, } {F uh, }  ((   ))  impressed with {D actually. } /","And/CC ,/, uh/UH ,/, MUMBLEx/XX impressed/JJ with/IN actually/UH ./.",,
sw09utt/sw_0933_2662.utt,2/sw2662,2662,39,bh,A,15,1,Is that right? /,Is/VBZ that/DT right/JJ ?/.,,
sw09utt/sw_0933_2662.utt,2/sw2662,2662,40,ny,B,16,1,"Yeah,  /","Yeah/UH ,/,",,
sw09utt/sw_0933_2662.utt,2/sw2662,2662,41,sd^e,B,16,2,"[ I wasn't, + {E I mean, } I've seen ] his other movies,  /","I/PRP was/VBD n't/RB ,/, I/PRP mean/VBP ,/, I/PRP 've/VBP seen/VBN his/PRP$ other/JJ movies/NNS ,/,",,
sw09utt/sw_0933_2662.utt,2/sw2662,2662,42,sv,B,16,3,{C and } I just think he's pretty good. /,and/CC I/PRP just/RB think/VBP he/PRP 's/BES pretty/RB good/JJ ./.,,
sw09utt/sw_0933_2662.utt,2/sw2662,2662,43,b,A,17,1,Yeah. /,Yeah/UH ./.,,
sw09utt/sw_0933_2662.utt,2/sw2662,2662,44,%,B,18,1,"{C But, } {F uh, } this movie, - /","But/CC ,/, uh/UH ,/, this/DT movie/NN ,/,",,
sw09utt/sw_0933_2662.utt,2/sw2662,2662,45,sd,B,18,2,I'm convinced now he can act. /,I/PRP 'm/VBP convinced/JJ now/RB he/PRP can/MD act/VB ./.,,
sw09utt/sw_0933_2662.utt,2/sw2662,2662,46,b,A,19,1,Uh-huh.  /,Uh-huh/UH ./.,,
sw09utt/sw_0933_2662.utt,2/sw2662,2662,47,qw,A,19,2,How's his karate? /,How/WRB 's/BES his/PRP$ karate/NN ?/.,,
sw09utt/sw_0933_2662.utt,2/sw2662,2662,48,sd,B,20,1,"{F Oh, } [ [ his, + his, ] + his ] karate is pretty good.  /","Oh/UH ,/, his/PRP$ ,/, his/PRP$ ,/, his/PRP$ karate/NN is/VBZ pretty/RB good/JJ ./.",,
sw09utt/sw_0933_2662.utt,2/sw2662,2662,49,sv,B,20,2,I think in this one it wasn't so  good.  /,I/PRP think/VBP in/IN this/DT one/NN it/PRP was/VBD n't/RB so/RB good/JJ ./.,,
sw09utt/sw_0933_2662.utt,2/sw2662,2662,50,%,B,20,3,"I generally, {F um, } - /","I/PRP generally/RB ,/, um/UH ,/,",,
sw09utt/sw_0933_2662.utt,2/sw2662,2662,51,sd,B,20,4,"movies like that scare me, though.  /","movies/NNS like/IN that/DT scare/VBP me/PRP ,/, though/RB ./.",,
sw09utt/sw_0933_2662.utt,2/sw2662,2662,52,sv,B,20,5,"I'd be just fine without them, because, {D you know, } kids come running out wanting to beat each other up. /","I/PRP 'd/MD be/VB just/RB fine/JJ without/IN them/PRP ,/, because/IN ,/, you/PRP know/VBP ,/, kids/NNS come/VBP running/VBG out/RB wanting/VBG to/TO beat/VB each/DT other/JJ up/RP ./.",,
sw09utt/sw_0933_2662.utt,2/sw2662,2662,53,aa,A,21,1,"[ {D Well, } + {D well } ] they do,  /","Well/UH ,/, well/UH they/PRP do/VBP ,/,",,
sw09utt/sw_0933_2662.utt,2/sw2662,2662,54,sv,A,21,2,they get -- -/,they/PRP get/VBP --/:,,
sw09utt/sw_0933_2662.utt,2/sw2662,2662,55,^2,B,22,1,Fighting. /,Fighting/VBG ./.,,
sw09utt/sw_0933_2662.utt,2/sw2662,2662,56,sd,A,23,1,"-- [ I remember when we used to go to see, + {D well } I remember when GRAND PRIX came out ] when I was a kid, and some other movies like that.  /","--/: I/PRP remember/VBP when/WRB we/PRP used/VBD to/TO go/VB to/TO see/VB ,/, well/UH I/PRP remember/VBP when/WRB GRAND/NNP PRIX/NNP came/VBD out/RP when/WRB I/PRP was/VBD a/DT kid/NN ,/, and/CC some/DT other/JJ movies/NNS like/IN that/DT ./.",,
sw09utt/sw_0933_2662.utt,2/sw2662,2662,57,sd,A,23,2,We wanted to jump in the cars and race. /,We/PRP wanted/VBD to/TO jump/VB in/IN the/DT cars/NNS and/CC race/VB ./.,,
sw09utt/sw_0933_2662.utt,2/sw2662,2662,58,b,B,24,1,Right. /,Right/UH ./.,,
sw09utt/sw_0933_2662.utt,2/sw2662,2662,59,sv,A,25,1,{C And } I suspect today what they see is bound to be what they want to do when they get out of it. /,And/CC I/PRP suspect/VBP today/NN what/WP they/PRP see/VBP is/VBZ bound/VBN to/TO be/VB what/WP they/PRP want/VBP to/TO do/VB when/WRB they/PRP get/VBP out/IN of/IN it/PRP ./.,,
sw09utt/sw_0933_2662.utt,2/sw2662,2662,60,aa,B,26,1,"Yeah,  /","Yeah/UH ,/,",,
sw09utt/sw_0933_2662.utt,2/sw2662,2662,61,aa^r,B,26,2,"yeah,  /","yeah/UH ,/,",,
sw09utt/sw_0933_2662.utt,2/sw2662,2662,62,sd,B,26,3,"{D well, } [ that, + that ] was number one for the week {D actually, } too,  /","well/UH ,/, that/DT ,/, that/DT was/VBD number/NN one/CD for/IN the/DT week/NN actually/RB ,/, too/RB ,/,",,
sw09utt/sw_0933_2662.utt,2/sw2662,2662,63,%,B,26,4,"[ {C so, } +  {C so } ] it was a little bit, {F uh, } - /","so/RB ,/, so/RB it/PRP was/VBD a/DT little/JJ bit/NN ,/, uh/UH ,/,",,
sw09utt/sw_0933_2662.utt,2/sw2662,2662,64,sd(^q),B,26,5,"I was thinking, Wow,  /","I/PRP was/VBD thinking/VBG ,/, Wow/UH ,/,",,
sw09utt/sw_0933_2662.utt,2/sw2662,2662,65,^q,B,26,6,people must be into crime movies again.  /,people/NNS must/MD be/VB into/IN crime/NN movies/NNS again/RB ./.,,
sw09utt/sw_0933_2662.utt,2/sw2662,2662,66,sd,B,26,7,"[ {C But, } + {C but } ] in the middle of that conversation we sort or picked  [ an, + {F um, } an ] interesting point.  /","But/CC ,/, but/CC in/IN the/DT middle/NN of/IN that/DT conversation/NN we/PRP sort/RB or/RB picked/VBD an/DT  ,/, um/UH ,/, an/DT interesting/JJ point/NN ./.",,
sw09utt/sw_0933_2662.utt,2/sw2662,2662,67,sd,B,26,8,Last year's number one movie for the year was GHOSTS. /,Last/JJ year/NN 's/POS number/NN one/CD movie/NN for/IN the/DT year/NN was/VBD GHOSTS/NNS ./.,,
sw09utt/sw_0933_2662.utt,2/sw2662,2662,68,bh,A,27,1,Is that right? /,Is/VBZ that/DT right/JJ ?/.,,
sw09utt/sw_0933_2662.utt,2/sw2662,2662,69,qy^d,B,28,1,I don't know if you saw GHOSTS or not. /,I/PRP do/VBP n't/RB know/VB if/IN you/PRP saw/VBD GHOSTS/NNS or/CC not/RB ./.,,
sw09utt/sw_0933_2662.utt,2/sw2662,2662,70,na,A,29,1,I did see GHOSTS. /,I/PRP did/VBD see/VB GHOSTS/NNS ./.,,
sw09utt/sw_0933_2662.utt,2/sw2662,2662,71,b,B,30,1,"Yeah,  /","Yeah/UH ,/,",,
sw09utt/sw_0933_2662.utt,2/sw2662,2662,72,sd,B,30,2,"[ [ {C and, } + {C and, } ] + {C and } ] [ [ that was, + that, ] + that ] helped us sort of feel good [ about, + {D you know, } about ] ourselves and about  ((   ))  one around us, in that [ at least, + at least, ] if everyone's running around seeing karate movies and stuff like that, at least they're still going to see the real good movies, {D you know. } /","and/CC ,/, and/CC ,/, and/CC that/DT was/VBD ,/, that/DT ,/, that/DT helped/VBD us/PRP sort/RB of/RB feel/VB good/JJ about/IN ,/, you/PRP know/VBP ,/, about/IN ourselves/PRP and/CC about/IN MUMBLEx/XX one/CD around/IN us/PRP ,/, in/IN that/DT at/IN least/JJS ,/, at/IN least/JJS ,/, if/IN everyone/NN 's/BES running/VBG around/RB seeing/VBG karate/NN movies/NNS and/CC stuff/NN like/IN that/DT ,/, at/IN least/JJS they/PRP 're/VBP still/RB going/VBG to/TO see/VB the/DT real/RB good/JJ movies/NNS ,/, you/PRP know/VBP ./.",,
sw09utt/sw_0933_2662.utt,2/sw2662,2662,73,b,A,31,1,Yeah.  /,Yeah/UH ./.,,
sw09utt/sw_0933_2662.utt,2/sw2662,2662,74,sv,A,31,2,I think that GHOSTS was one of those that a lot of people didn't think was going to be any good. /,I/PRP think/VBP that/IN GHOSTS/NNS was/VBD one/CD of/IN those/DT that/WDT a/DT lot/NN of/IN people/NNS did/VBD n't/RB think/VB was/VBD going/VBG to/TO be/VB any/DT good/JJ ./.,,
sw09utt/sw_0933_2662.utt,2/sw2662,2662,75,b,B,32,1,Yeah. /,Yeah/UH ./.,,
sw09utt/sw_0933_2662.utt,2/sw2662,2662,76,sv,A,33,1,{C And } it turned out to be an excellent movie. /,And/CC it/PRP turned/VBD out/RP to/TO be/VB an/DT excellent/JJ movie/NN ./.,,
sw09utt/sw_0933_2662.utt,2/sw2662,2662,77,aa,B,34,1,Yeah.  /,Yeah/UH ./.,,
sw09utt/sw_0933_2662.utt,2/sw2662,2662,78,sd,B,34,2,"[ [ It was, + it, ] + I ] was absolutely enthralled by it. /","It/PRP was/VBD ,/, it/PRP ,/, I/PRP was/VBD absolutely/RB enthralled/VBN by/IN it/PRP ./.",,
sw09utt/sw_0933_2662.utt,2/sw2662,2662,79,sd,A,35,1,"I've forgotten the guy's name who was in it, who had the lead role. /","I/PRP 've/VBP forgotten/VBN the/DT guy/NN 's/POS name/NN who/WP was/VBD in/IN it/PRP ,/, who/WP had/VBD the/DT lead/NN role/NN ./.",,
sw09utt/sw_0933_2662.utt,2/sw2662,2662,80,qy,B,36,1,"{F Oh, } Patrick Swayze? /","Oh/UH ,/, Patrick/NNP Swayze/NNP ?/.",,
sw09utt/sw_0933_2662.utt,2/sw2662,2662,81,ny,A,37,1,"Yeah,  /","Yeah/UH ,/,",,
sw09utt/sw_0933_2662.utt,2/sw2662,2662,82,sd^e,A,37,2,{C and } I especially like him. /,and/CC I/PRP especially/RB like/VBP him/PRP ./.,,
sw09utt/sw_0933_2662.utt,2/sw2662,2662,83,b,B,38,1,"Yeah,  /","Yeah/UH ,/,",,
sw09utt/sw_0933_2662.utt,2/sw2662,2662,84,sv,B,38,2,he's very good. /,he/PRP 's/BES very/RB good/JJ ./.,,
sw09utt/sw_0933_2662.utt,2/sw2662,2662,85,aa,A,39,1,He's a really good guy.  /,He/PRP 's/BES a/DT really/RB good/JJ guy/NN ./.,,
sw09utt/sw_0933_2662.utt,2/sw2662,2662,86,sd,A,39,2,"Other than that, DANCES WITH WOLVES seems like to be the only thing I've seen in the past several months to have any, -/","Other/JJ than/IN that/DT ,/, DANCES/VBZ WITH/IN WOLVES/NNS seems/VBZ like/IN to/TO be/VB the/DT only/JJ thing/NN I/PRP 've/VBP seen/VBN in/IN the/DT past/JJ several/JJ months/NNS to/TO have/VB any/DT ,/,",,
sw09utt/sw_0933_2662.utt,2/sw2662,2662,87,b,B,40,1,"Really,  /","Really/UH ,/,",,
sw09utt/sw_0933_2662.utt,2/sw2662,2662,88,sd,B,40,2,I'm trying to think what else I've seen recently.  /,I/PRP 'm/VBP trying/VBG to/TO think/VB what/WP else/RB I/PRP 've/VBP seen/VBN recently/RB ./.,,
sw09utt/sw_0933_2662.utt,2/sw2662,2662,89,t1,B,40,3,What else have we seen recently.  /,What/WP else/RB have/VBP we/PRP seen/VBN recently/RB ./.,,
sw09utt/sw_0933_2662.utt,2/sw2662,2662,90,qh,B,40,4,"{F Oh, } you know, what's pretty cute {D actually. }  {F Um, }  /","Oh/UH ,/, you/PRP know/VBP ,/, what/WP 's/BES pretty/RB cute/JJ actually/RB ./. Um/UH ,/,",,
sw09utt/sw_0933_2662.utt,2/sw2662,2662,91,sd,B,40,5,DEFENDING YOUR LIFE. /,DEFENDING/VBG YOUR/PRP$ LIFE/NN ./.,,
sw09utt/sw_0933_2662.utt,2/sw2662,2662,92,bh,A,41,1,Is that right. /,Is/VBZ that/DT right/JJ ./.,,
sw09utt/sw_0933_2662.utt,2/sw2662,2662,93,qy,B,42,1,Have you heard of it? /,Have/VBP you/PRP heard/VBN of/IN it/PRP ?/.,,
sw09utt/sw_0933_2662.utt,2/sw2662,2662,94,na,A,43,1,"[ I've, + I've ] seen the ads for it,  /","I/PRP 've/VBP ,/, I/PRP 've/VBP seen/VBN the/DT ads/NNS for/IN it/PRP ,/,",,
sw09utt/sw_0933_2662.utt,2/sw2662,2662,95,sd,A,43,2,{C but } I'm not real sure what it's about. /,but/CC I/PRP 'm/VBP not/RB real/RB sure/JJ what/WP it/PRP 's/BES about/IN ./.,,
sw09utt/sw_0933_2662.utt,2/sw2662,2662,96,b,B,44,1,"Yeah, {F um, }  /","Yeah/UH ,/, um/UH ,/,",,
sw09utt/sw_0933_2662.utt,2/sw2662,2662,97,sd,B,44,2,"I actually hadn't heard anything about it,  /","I/PRP actually/RB had/VBD n't/RB heard/VBN anything/NN about/IN it/PRP ,/,",,
sw09utt/sw_0933_2662.utt,2/sw2662,2662,98,sd(^q),B,44,3,"{C and } some friends called up and said do you want to go see this movie,  /","and/CC some/DT friends/NNS called/VBD up/RP and/CC said/VBD do/VBP you/PRP want/VB to/TO go/VB see/VB this/DT movie/NN ,/,",,
sw09utt/sw_0933_2662.utt,2/sw2662,2662,99,sd,B,44,4,"[ {C and, } + {C and } ] they said it starred, {F um, } Meryl Streep and Mel Brooks,  /","and/CC ,/, and/CC they/PRP said/VBD it/PRP starred/VBD ,/, um/UH ,/, Meryl/NNP Streep/NNP and/CC Mel/NNP Brooks/NNP ,/,",,
sw09utt/sw_0933_2662.utt,2/sw2662,2662,100,sd,B,44,5,at first they told me. /,at/IN first/JJ they/PRP told/VBD me/PRP ./.,,
sw09utt/sw_0933_2662.utt,2/sw2662,2662,101,b,A,45,1,Yeah. /,Yeah/UH ./.,,
sw09utt/sw_0933_2662.utt,2/sw2662,2662,102,sd(^q),B,46,1,"{C And } I thought, what a strange combination,  /","And/CC I/PRP thought/VBD ,/, what/WP a/DT strange/JJ combination/NN ,/,",,
sw09utt/sw_0933_2662.utt,2/sw2662,2662,103,^q,B,46,2,Mel Brooks and Meryl Streep. /,Mel/NNP Brooks/NNP and/CC Meryl/NNP Streep/NNP ./.,,
sw09utt/sw_0933_2662.utt,2/sw2662,2662,104,aa,A,47,1,That is a strange combination. /,That/DT is/VBZ a/DT strange/JJ combination/NN ./.,,
sw09utt/sw_0933_2662.utt,2/sw2662,2662,105,sd,B,48,1,"{D Well, } {D actually, } [ [ [ it starred, + that, ] + that ] + it's ] {D actually } Albert Brooks,  /","Well/UH ,/, actually/RB ,/, it/PRP starred/VBD ,/, that/DT ,/, that/DT it/PRP 's/BES actually/RB Albert/NNP Brooks/NNP ,/,",,
sw09utt/sw_0933_2662.utt,2/sw2662,2662,106,sv,B,48,2,{C so } it's lot better.  /,so/RB it/PRP 's/BES lot/NN better/JJR ./.,,
sw09utt/sw_0933_2662.utt,2/sw2662,2662,107,qy^d,B,48,3,Mel Brooks you probably know. /,Mel/NNP Brooks/NNP you/PRP probably/RB know/VBP ./.,,
sw09utt/sw_0933_2662.utt,2/sw2662,2662,108,ny,A,49,1,Yeah. /,Yeah/UH ./.,,
sw09utt/sw_0933_2662.utt,2/sw2662,2662,109,bk,B,50,1,"I know,  /","I/PRP know/VBP ,/,",,
sw09utt/sw_0933_2662.utt,2/sw2662,2662,110,sv,B,50,2,"{C so } [ it, + it ] was a strange combination.  /","so/RB it/PRP ,/, it/PRP was/VBD a/DT strange/JJ combination/NN ./.",,
sw09utt/sw_0933_2662.utt,2/sw2662,2662,111,sd,B,50,3,{C But } it turned out to be a very cute movie.  /,But/CC it/PRP turned/VBD out/RP to/TO be/VB a/DT very/RB cute/JJ movie/NN ./.,,
sw09utt/sw_0933_2662.utt,2/sw2662,2662,112,sd,B,50,4,"{E I mean, } the whole premise is that they go out  /","I/PRP mean/VBP ,/, the/DT whole/JJ premise/NN is/VBZ that/IN they/PRP go/VBP out/RB",,
sw09utt/sw_0933_2662.utt,2/sw2662,2662,113,sd,B,50,5,"[ {C and, } + {C and } ] they die -- /","and/CC ,/, and/CC they/PRP die/VBP --/:",,
sw09utt/sw_0933_2662.utt,2/sw2662,2662,114,b,A,51,1,"{F Oh, } yeah. /","Oh/UH ,/, yeah/UH ./.",,
sw09utt/sw_0933_2662.utt,2/sw2662,2662,115,sd,B,52,1,"-- {C and } they have to, -/","--/: and/CC they/PRP have/VBP to/TO ,/,",,
sw09utt/sw_0933_2662.utt,2/sw2662,2662,116,qy^d,A,53,1,Both of them. /,Both/DT of/IN them/PRP ./.,,
sw09utt/sw_0933_2662.utt,2/sw2662,2662,117,na,B,54,1,Right.  /,Right/UH ./.,,
sw09utt/sw_0933_2662.utt,2/sw2662,2662,118,sd,B,54,2,"Both of them are dead,  /","Both/DT of/IN them/PRP are/VBP dead/JJ ,/,",,
sw09utt/sw_0933_2662.utt,2/sw2662,2662,119,sd,B,54,3,"{C and } they happen to meet in [ this, + this ] town, {F um, } [ this, + this ] sort of city where you're set up.  /","and/CC they/PRP happen/VBP to/TO meet/VB in/IN this/DT ,/, this/DT town/NN ,/, um/UH ,/, this/DT ,/, this/DT sort/RB of/RB city/NN where/WRB you/PRP 're/VBP set/VBN up/RP ./.",,
sw09utt/sw_0933_2662.utt,2/sw2662,2662,120,sd,B,54,4,"{D You know, } they <noise> <<dishes rattling>> go  /","You/PRP know/VBP ,/, they/PRP go/VBP",,
sw09utt/sw_0933_2662.utt,2/sw2662,2662,121,sd,B,54,5,{C and } they decide if you can move up to the next level. /,and/CC they/PRP decide/VBP if/IN you/PRP can/MD move/VB up/RB to/IN the/DT next/JJ level/NN ./.,,
sw09utt/sw_0933_2662.utt,2/sw2662,2662,122,b,A,55,1,Oh. /,Oh/UH ./.,,
sw09utt/sw_0933_2662.utt,2/sw2662,2662,123,qy^d,B,56,1,"I don't know if you've ever read Jonathan Livingston Seagull,  /","I/PRP do/VBP n't/RB know/VB if/IN you/PRP 've/VBP ever/RB read/VBN Jonathan/NNP Livingston/NNP Seagull/NNP ,/,",,
sw09utt/sw_0933_2662.utt,2/sw2662,2662,124,sd,B,56,2,{C but } --,but/CC --/:,,
sw09utt/sw_0933_2662.utt,2/sw2662,2662,125,ny,A,57,1,"Yeah,  /","Yeah/UH ,/,",,
sw09utt/sw_0933_2662.utt,2/sw2662,2662,126,sd^e,A,57,2,years ago. /,years/NNS ago/RB ./.,,
sw09utt/sw_0933_2662.utt,2/sw2662,2662,127,+,B,58,1,-- it's something like that.  /,--/: it/PRP 's/BES something/NN like/IN that/DT ./.,,
sw09utt/sw_0933_2662.utt,2/sw2662,2662,128,sd,B,58,2,"They sort of move up to levels,  /","They/PRP sort/RB of/RB move/VBP up/RB to/IN levels/NNS ,/,",,
sw09utt/sw_0933_2662.utt,2/sw2662,2662,129,sd,B,58,3,"[ {C and, } + {C and } ] they have to decide whether or not they're good enough,  /","and/CC ,/, and/CC they/PRP have/VBP to/TO decide/VB whether/IN or/CC not/RB they/PRP 're/VBP good/JJ enough/RB ,/,",,
sw09utt/sw_0933_2662.utt,2/sw2662,2662,130,sd,B,58,4,"{C and } as it turns out, {D you know, } they meet there and fall in love and stuff like that. /","and/CC as/IN it/PRP turns/VBZ out/RP ,/, you/PRP know/VBP ,/, they/PRP meet/VBP there/RB and/CC fall/VBP in/IN love/NN and/CC stuff/NN like/IN that/DT ./.",,
sw09utt/sw_0933_2662.utt,2/sw2662,2662,131,b,A,59,1,Oh. /,Oh/UH ./.,,
sw09utt/sw_0933_2662.utt,2/sw2662,2662,132,ad,B,60,1,{C So } you can guess the rest of the plot.  /,So/RB you/PRP can/MD guess/VB the/DT rest/NN of/IN the/DT plot/NN ./.,,
sw09utt/sw_0933_2662.utt,2/sw2662,2662,133,sd,B,60,2,"[ [ It {D actually, } + it's, ] + it's ] really funny because [ they run through, + {D you know, } what they have them do is sit down and see ] scenes of their lives. /","It/PRP actually/RB ,/, it/PRP 's/BES ,/, it/PRP 's/BES really/RB funny/JJ because/IN they/PRP run/VBP through/IN ,/, you/PRP know/VBP ,/, what/WP they/PRP have/VBP them/PRP do/VB is/VBZ sit/VB down/RB and/CC see/VB scenes/NNS of/IN their/PRP$ lives/NNS ./.",,
sw09utt/sw_0933_2662.utt,2/sw2662,2662,134,b,A,61,1,"{F Oh, } yeah.  /","Oh/UH ,/, yeah/UH ./.",,
sw09utt/sw_0933_2662.utt,2/sw2662,2662,135,qy^d,A,61,2,And then defend it. /,And/CC then/RB defend/VB it/PRP ./.,,
sw09utt/sw_0933_2662.utt,2/sw2662,2662,136,sd,B,62,1,{C And } that's pretty good {D actually. } /,And/CC that/DT 's/BES pretty/RB good/JJ actually/RB ./.,,
sw09utt/sw_0933_2662.utt,2/sw2662,2662,137,qy^d,A,63,1,"{D Well, } I guess that's where the title comes from then. /","Well/UH ,/, I/PRP guess/VBP that/DT 's/BES where/WRB the/DT title/NN comes/VBZ from/IN then/RB ./.",,
sw09utt/sw_0933_2662.utt,2/sw2662,2662,138,ny,B,64,1,Yeah.  /,Yeah/UH ./.,,
sw09utt/sw_0933_2662.utt,2/sw2662,2662,139,sd^e,B,64,2,{C And } it's  ((   ))  /,And/CC it/PRP 's/BES MUMBLEx/XX,,
sw09utt/sw_0933_2662.utt,2/sw2662,2662,140,sd,B,64,3,you actually have to go up there  /,you/PRP actually/RB have/VBP to/TO go/VB up/IN there/RB,,
sw09utt/sw_0933_2662.utt,2/sw2662,2662,141,sd,B,64,4,"{C and } [ you have a, + they  have an ] [ attorney for, + {D you know, } attorney for ] you and attorney,  /","and/CC you/PRP have/VBP a/DT ,/, they/PRP have/VBP an/DT attorney/NN for/IN ,/, you/PRP know/VBP ,/, attorney/NN for/IN you/PRP and/CC attorney/NN ,/,",,
sw09utt/sw_0933_2662.utt,2/sw2662,2662,142,sd,B,64,5,"a defense and a  prosecution,  /","a/DT defense/NN and/CC a/DT prosecution/NN ,/,",,
sw09utt/sw_0933_2662.utt,2/sw2662,2662,143,sd,B,64,6,"{C and } {D you know, } the prosecutor's job is to make sure you don't move up a level,  /","and/CC you/PRP know/VBP ,/, the/DT prosecutor/NN 's/POS job/NN is/VBZ to/TO make/VB sure/JJ you/PRP do/VBP n't/RB move/VB up/IN a/DT level/NN ,/,",,
sw09utt/sw_0933_2662.utt,2/sw2662,2662,144,sd,B,64,7,"{C and } the defense's job is to make sure that [ you, + you ] do, {D you know. }  /","and/CC the/DT defense/NN 's/POS job/NN is/VBZ to/TO make/VB sure/JJ that/IN you/PRP ,/, you/PRP do/VBP ,/, you/PRP know/VBP ./.",,
sw09utt/sw_0933_2662.utt,2/sw2662,2662,145,sd,B,64,8,"[ It's, + {F uh, } it's ] a neat little story actually. /","It/PRP 's/BES ,/, uh/UH ,/, it/PRP 's/BES a/DT neat/JJ little/JJ story/NN actually/RB ./.",,
sw09utt/sw_0933_2662.utt,2/sw2662,2662,146,aa,A,65,1,"Yeah,  /","Yeah/UH ,/,",,
sw09utt/sw_0933_2662.utt,2/sw2662,2662,147,aa,A,65,2,it is. /,it/PRP is/VBZ ./.,,
sw09utt/sw_0933_2662.utt,2/sw2662,2662,148,sd(^q),B,66,1,"[ [ I was, + I was, ] + I went ] thinking it'll be okay, not great, <noise> <<dishes rattling>>  /","I/PRP was/VBD ,/, I/PRP was/VBD ,/, I/PRP went/VBD thinking/VBG it/PRP 'll/MD be/VB okay/JJ ,/, not/RB great/JJ ,/,",,
sw09utt/sw_0933_2662.utt,2/sw2662,2662,149,sd(^q),B,66,2,{C and then } I actually came away thinking it was really pretty good.  /,and/CC then/RB I/PRP actually/RB came/VBD away/RB thinking/VBG it/PRP was/VBD really/RB pretty/RB good/JJ ./.,,
sw09utt/sw_0933_2662.utt,2/sw2662,2662,150,%,B,66,3,"{C So, } -/","So/RB ,/,",,
sw09utt/sw_0933_2662.utt,2/sw2662,2662,151,ba,A,67,1,"It's funny,  /","It/PRP 's/BES funny/JJ ,/,",,
sw09utt/sw_0933_2662.utt,2/sw2662,2662,152,sd,A,67,2,"we've got a couple of movies out recently, GHOSTS and DEFENDING YOUR LIFE, that have to do with, {F uh, } after life, I guess. /","we/PRP 've/VBP got/VBN a/DT couple/NN of/IN movies/NNS out/RP recently/RB ,/, GHOSTS/NNS and/CC DEFENDING/VBG YOUR/PRP$ LIFE/NN ,/, that/WDT have/VBP to/TO do/VB with/IN ,/, uh/UH ,/, after/GW life/^NN ,/, I/PRP guess/VBP ./.",,
sw09utt/sw_0933_2662.utt,2/sw2662,2662,153,b,B,68,1,Yeah. /,Yeah/UH ./.,,
sw09utt/sw_0933_2662.utt,2/sw2662,2662,154,sv,A,69,1,"{C And } it kind of makes you wonder,  /","And/CC it/PRP kind/RB of/RB makes/VBZ you/PRP wonder/VBP ,/,",,
sw09utt/sw_0933_2662.utt,2/sw2662,2662,155,sd,A,69,2,"[ I'm also, + besides working at T I, I'm ] a graduate student at North Texas and working on master's in communication.  /","I/PRP 'm/VBP also/RB ,/, besides/IN working/VBG at/IN T/NNP I/NNP ,/, I/PRP 'm/VBP a/DT graduate/JJ student/NN at/IN North/NNP Texas/NNP and/CC working/VBG on/IN master/NN 's/POS in/IN communication/NN ./.",,
sw09utt/sw_0933_2662.utt,2/sw2662,2662,156,sd,A,69,3,"It's the behavioral science part of communication,  /","It/PRP 's/BES the/DT behavioral/JJ science/NN part/NN of/IN communication/NN ,/,",,
sw09utt/sw_0933_2662.utt,2/sw2662,2662,157,sd,A,69,4,"{C and } I think about these things and people trying to define their own world view,  /","and/CC I/PRP think/VBP about/IN these/DT things/NNS and/CC people/NNS trying/VBG to/TO define/VB their/PRP$ own/JJ world/NN view/NN ,/,",,
sw09utt/sw_0933_2662.utt,2/sw2662,2662,158,qh,A,69,5,"{C and, } {F uh } --","and/CC ,/, uh/UH --/:",,
sw09utt/sw_0933_2662.utt,2/sw2662,2662,159,b,B,70,1,{F Um. } /,Um/UH ./.,,
sw09utt/sw_0933_2662.utt,2/sw2662,2662,160,+,A,71,1,"-- what exactly [ do we, + {D you know, } do we ] see about this world,  /","--/: what/WP exactly/RB do/VBP we/PRP ,/, you/PRP know/VBP ,/, do/VBP we/PRP see/VB about/IN this/DT world/NN ,/,",,
sw09utt/sw_0933_2662.utt,2/sw2662,2662,161,qh,A,71,2,{C or } why are we so fascinated with the other world.  /,or/CC why/WRB are/VBP we/PRP so/RB fascinated/VBD with/IN the/DT other/JJ world/NN ./.,,
sw09utt/sw_0933_2662.utt,2/sw2662,2662,162,qh,A,71,3,Is it supposed to be better? /,Is/VBZ it/PRP supposed/VBN to/TO be/VB better/JJR ?/.,,
sw09utt/sw_0933_2662.utt,2/sw2662,2662,163,b,B,72,1,"The other world,  /","The/DT other/JJ world/NN ,/,",,
sw09utt/sw_0933_2662.utt,2/sw2662,2662,164,%,B,72,2,yeah. /,yeah/UH ./.,,
sw09utt/sw_0933_2662.utt,2/sw2662,2662,165,sv,A,73,1,Sometimes I think we think it is.  /,Sometimes/RB I/PRP think/VBP we/PRP think/VBP it/PRP is/VBZ ./.,,
sw09utt/sw_0933_2662.utt,2/sw2662,2662,166,sv,A,73,2,We like those things that way. /,We/PRP like/VBP those/DT things/NNS that/DT way/NN ./.,,
sw09utt/sw_0933_2662.utt,2/sw2662,2662,167,%,B,74,1,"{F Um, } [ I'm, + I'm ] sure that it seems like, - /","Um/UH ,/, I/PRP 'm/VBP ,/, I/PRP 'm/VBP sure/JJ that/IN it/PRP seems/VBZ like/IN ,/,",,
sw09utt/sw_0933_2662.utt,2/sw2662,2662,168,sv,B,74,2,"it certainly [ would, + would ] explain the preoccupation with  ((   )) ,  /","it/PRP certainly/RB would/MD ,/, would/MD explain/VB the/DT preoccupation/NN with/IN MUMBLEx/XX ,/,",,
sw09utt/sw_0933_2662.utt,2/sw2662,2662,169,sv,B,74,3,{C but } I suspect it's always been a preoccupation with that sort of things. /,but/CC I/PRP suspect/VBP it/PRP 's/HVS always/RB been/VBN a/DT preoccupation/NN with/IN that/DT sort/NN of/IN things/NNS ./.,,
sw09utt/sw_0933_2662.utt,2/sw2662,2662,170,aa,A,75,1,"{D Well, } it has.  /","Well/UH ,/, it/PRP has/VBZ ./.",,
sw09utt/sw_0933_2662.utt,2/sw2662,2662,171,sv,A,75,2,"All the way through history, there's, I guess, - /","All/DT the/DT way/NN through/IN history/NN ,/, there/EX 's/BES ,/, I/PRP guess/VBP ,/,",,
sw09utt/sw_0933_2662.utt,2/sw2662,2662,172,sv,A,75,3,if you want to call its mysticism or the occult or whatever. It's always fascinated.  /,if/IN you/PRP want/VBP to/TO call/VB its/PRP$ mysticism/NN or/CC  the/DT occult/NN or/CC whatever/WP ./. It/PRP 's/HVS always/RB fascinated/VBN ./.,,
sw09utt/sw_0933_2662.utt,2/sw2662,2662,173,sv,A,75,4,"I  guess because we don't know,  /","I/PRP guess/VBP because/IN we/PRP do/VBP n't/RB know/VB ,/,",,
sw09utt/sw_0933_2662.utt,2/sw2662,2662,174,sv,A,75,5,{C and } there's no real way of finding out. /,and/CC there/EX 's/BES no/DT real/JJ way/NN of/IN finding/VBG out/RP ./.,,
sw09utt/sw_0933_2662.utt,2/sw2662,2662,175,aa,B,76,1,"Right,  /","Right/UH ,/,",,
sw09utt/sw_0933_2662.utt,2/sw2662,2662,176,%,B,76,2,{D well. } -/,well/UH ./.,,
sw09utt/sw_0933_2662.utt,2/sw2662,2662,177,sv,A,77,1,There's only one way of finding it. /,There/EX 's/BES only/JJ one/CD way/NN of/IN finding/VBG it/PRP ./.,,
sw09utt/sw_0933_2662.utt,2/sw2662,2662,178,qy,B,78,1,"{D Well } did you ever see, {F um, } FLATLINERS. /","Well/UH did/VBD you/PRP ever/RB see/VB ,/, um/UH ,/, FLATLINERS/NNS ./.",,
sw09utt/sw_0933_2662.utt,2/sw2662,2662,179,nn,A,79,1,"No,  /","No/UH ,/,",,
sw09utt/sw_0933_2662.utt,2/sw2662,2662,180,sd^e,A,79,2,"I [ did, + {F uh, } did ] not.  /","I/PRP did/VBD ,/, uh/UH ,/, did/VBD not/RB ./.",,
sw09utt/sw_0933_2662.utt,2/sw2662,2662,181,sd,A,79,3,"The girl next to me saw it,  /","The/DT girl/NN next/RB to/IN me/PRP saw/VBD it/PRP ,/,",,
sw09utt/sw_0933_2662.utt,2/sw2662,2662,182,sd,A,79,4,{C and } she really liked it. /,and/CC she/PRP really/RB liked/VBD it/PRP ./.,,
sw09utt/sw_0933_2662.utt,2/sw2662,2662,183,%,B,80,1,"[ [ That's, + that's, ] + that's ] probably one of those ones that, {D you know, } - /","That/DT 's/BES ,/, that/DT 's/BES ,/, that/DT 's/BES probably/RB one/CD of/IN those/DT ones/NNS that/WDT ,/, you/PRP know/VBP ,/,",,
sw09utt/sw_0933_2662.utt,2/sw2662,2662,184,sd,B,80,2,"it's on video now, I think. /","it/PRP 's/BES on/IN video/NN now/RB ,/, I/PRP think/VBP ./.",,
sw09utt/sw_0933_2662.utt,2/sw2662,2662,185,aa,A,81,1,"Yeah,  /","Yeah/UH ,/,",,
sw09utt/sw_0933_2662.utt,2/sw2662,2662,186,aa,A,81,2,it is. /,it/PRP is/VBZ ./.,,
sw09utt/sw_0933_2662.utt,2/sw2662,2662,187,sv,B,82,1,"[ Probably, + probably ] worth seeing on video.  /","Probably/RB ,/, probably/RB worth/JJ seeing/VBG on/IN video/NN ./.",,
sw09utt/sw_0933_2662.utt,2/sw2662,2662,188,sd,B,82,2,"{D Actually } we really enjoyed it,  /","Actually/RB we/PRP really/RB enjoyed/VBD it/PRP ,/,",,
sw09utt/sw_0933_2662.utt,2/sw2662,2662,189,sd,B,82,3,{C but } it was also right along the same lines.  /,but/CC it/PRP was/VBD also/RB right/RB along/IN the/DT same/JJ lines/NNS ./.,,
sw09utt/sw_0933_2662.utt,2/sw2662,2662,190,sd,B,82,4,{E I mean } --,I/PRP mean/VBP --/:,,
sw09utt/sw_0933_2662.utt,2/sw2662,2662,191,b,A,83,1,Yeah. /,Yeah/UH ./.,,
sw09utt/sw_0933_2662.utt,2/sw2662,2662,192,+,B,84,1,"-- [ they, + they ] would go ahead and kill themselves for three or four minutes to see what happens. /","--/: they/PRP ,/, they/PRP would/MD go/VB ahead/RB and/CC kill/VB themselves/PRP for/IN three/CD or/CC four/CD minutes/NNS to/TO see/VB what/WP happens/VBZ ./.",,
sw09utt/sw_0933_2662.utt,2/sw2662,2662,193,b,A,85,1,"Yeah,  /","Yeah/UH ,/,",,
sw09utt/sw_0933_2662.utt,2/sw2662,2662,194,sd,A,85,2,"[ they said, + she said ] that this was almost believable  /","they/PRP said/VBD ,/, she/PRP said/VBD that/IN this/DT was/VBD almost/RB believable/JJ",,
sw09utt/sw_0933_2662.utt,2/sw2662,2662,195,sd,A,85,3,that could really happen.  /,that/DT could/MD really/RB happen/VB ./.,,
sw09utt/sw_0933_2662.utt,2/sw2662,2662,196,sv,A,85,4,"{D You know, } you get the medical profession doing these kinds of things,  /","You/PRP know/VBP ,/, you/PRP get/VBP the/DT medical/JJ profession/NN doing/VBG these/DT kinds/NNS of/IN things/NNS ,/,",,
sw09utt/sw_0933_2662.utt,2/sw2662,2662,197,sv,A,85,5,{C and } you never know. /,and/CC you/PRP never/RB know/VBP ./.,,
sw09utt/sw_0933_2662.utt,2/sw2662,2662,198,aa,B,86,1,"Almost,  /","Almost/RB ,/,",,
sw09utt/sw_0933_2662.utt,2/sw2662,2662,199,aa,B,86,2,"yeah,  /","yeah/UH ,/,",,
sw09utt/sw_0933_2662.utt,2/sw2662,2662,200,sv,B,86,3,"[ [ I, + I, ] + it's ] a little far fetched to,","I/PRP ,/, I/PRP ,/, it/PRP 's/BES a/DT little/JJ far/GW fetched/^JJ to/TO ,/,",,
sw09utt/sw_0933_2662.utt,2/sw2662,2662,201,x,A,87,1,<Sneezing>.,,,
sw09utt/sw_0933_2662.utt,2/sw2662,2662,202,+,B,88,1,"find a bunch of medical students doing it,  /","find/VB a/DT bunch/NN of/IN medical/JJ students/NNS doing/VBG it/PRP ,/,",,
sw09utt/sw_0933_2662.utt,2/sw2662,2662,203,sd,B,88,2,[ {C but } -- +,but/CC --/:,,
sw09utt/sw_0933_2662.utt,2/sw2662,2662,204,b,A,89,1,Yeah. /,Yeah/UH ./.,,
sw09utt/sw_0933_2662.utt,2/sw2662,2662,205,+,B,90,1,"-- {C but, } ] [ [ it was, + {F um, } it was, ] + it was ] odd enough, {D you know, }  /","--/: but/CC ,/, it/PRP was/VBD ,/, um/UH ,/, it/PRP was/VBD ,/, it/PRP was/VBD odd/JJ enough/RB ,/, you/PRP know/VBP ,/,",,
sw09utt/sw_0933_2662.utt,2/sw2662,2662,206,sd,B,90,2,{C and } they didn't just sort of make it silly.  /,and/CC they/PRP did/VBD n't/RB just/RB sort/RB of/RB make/VB it/PRP silly/JJ ./.,,
sw09utt/sw_0933_2662.utt,2/sw2662,2662,207,sd,B,90,3,"[ It was, + {D you know, } it was ] done fairly well, I think.  /","It/PRP was/VBD ,/, you/PRP know/VBP ,/, it/PRP was/VBD done/VBN fairly/RB well/RB ,/, I/PRP think/VBP ./.",,
sw09utt/sw_0933_2662.utt,2/sw2662,2662,208,sd,B,90,4,"{C So. } {D Actually, } I actually enjoyed that as well. /","So/RB ./. Actually/UH ,/, I/PRP actually/RB enjoyed/VBD that/DT as/IN well/RB ./.",,
sw09utt/sw_0933_2662.utt,2/sw2662,2662,209,b,A,91,1,Yeah.  /,Yeah/UH ./.,,
sw09utt/sw_0933_2662.utt,2/sw2662,2662,210,sd,A,91,2,I like it when they will do something and not get too silly.  /,I/PRP like/VBP it/PRP when/WRB they/PRP will/MD do/VB something/NN and/CC not/RB get/VB too/RB silly/JJ ./.,,
sw09utt/sw_0933_2662.utt,2/sw2662,2662,211,sd,A,91,3,"I've been disappointed in some movies that, they don't know how to end it, it seems like,  /","I/PRP 've/VBP been/VBN disappointed/VBN in/IN some/DT movies/NNS that/WDT ,/, they/PRP do/VBP n't/RB know/VB how/WRB to/TO end/VB it/PRP ,/, it/PRP seems/VBZ like/IN ,/,",,
sw09utt/sw_0933_2662.utt,2/sw2662,2662,212,sd,A,91,4,{C so } then they get crazy  /,so/RB then/RB they/PRP get/VBP crazy/JJ,,
sw09utt/sw_0933_2662.utt,2/sw2662,2662,213,sd,A,91,5,"[ {C and, } + {C and } ] it doesn't end like the story has been going. /","and/CC ,/, and/CC it/PRP does/VBZ n't/RB end/VB like/IN the/DT story/NN has/VBZ been/VBN going/VBG ./.",,
sw09utt/sw_0933_2662.utt,2/sw2662,2662,214,aa,B,92,1,The story sort of keeps going and going. /,The/DT story/NN sort/RB of/RB keeps/VBZ going/VBG and/CC going/VBG ./.,,
sw09utt/sw_0933_2662.utt,2/sw2662,2662,215,fc^t,A,93,1,{D Well } I guess that covers our topic. /,Well/UH I/PRP guess/VBP that/DT covers/VBZ our/PRP$ topic/NN ./.,,
sw09utt/sw_0933_2662.utt,2/sw2662,2662,216,fc,B,94,1,"Yeah,  /","Yeah/UH ,/,",,
sw09utt/sw_0933_2662.utt,2/sw2662,2662,217,fc,B,94,2,great.  /,great/UH ./.,,
sw09utt/sw_0933_2662.utt,2/sw2662,2662,218,fc,B,94,3,"{D Well, } it was, [ n-, + nice ] talking to you. /","Well/UH ,/, it/PRP was/VBD ,/, n/JJ ,/, nice/JJ talking/VBG to/IN you/PRP ./.",,
sw09utt/sw_0933_2662.utt,2/sw2662,2662,219,fc^m,A,95,1,Nice talking to you.  /,Nice/JJ talking/VBG to/IN you/PRP ./.,,
sw09utt/sw_0933_2662.utt,2/sw2662,2662,220,fc,A,95,2,Bye. /,Bye/UH ./.,,
sw09utt/sw_0933_2662.utt,2/sw2662,2662,221,fc,B,96,1,Bye-bye. /,Bye-bye/UH ./.,,
