swda_filename,ptb_basename,conversation_no,transcript_index,act_tag,caller,utterance_index,subutterance_index,text,pos,trees,ptb_treenumbers
sw09utt/sw_0991_3855.utt,3/sw3855,3855,0,sd^t,A,1,1,I pushed it. /,I/PRP pushed/VBD it/PRP ./.,,
sw09utt/sw_0991_3855.utt,3/sw3855,3855,1,b,B,2,1,Okay. /,Okay/UH ./.,,
sw09utt/sw_0991_3855.utt,3/sw3855,3855,2,qo,A,3,1,"{D So, } how do you use your credit cards? /","So/UH ,/, how/WRB do/VBP you/PRP use/VB your/PRP$ credit/NN cards/NNS ?/.",,
sw09utt/sw_0991_3855.utt,3/sw3855,3855,3,sd,B,4,1,"{F Oh, } we use them for,","Oh/UH ,/, we/PRP use/VBP them/PRP for/IN ,/,",,
sw09utt/sw_0991_3855.utt,3/sw3855,3855,4,x,A,5,1,<Throat_clearing>.,,,
sw09utt/sw_0991_3855.utt,3/sw3855,3855,5,+,B,6,1,"paying our gas and for paying, {F uh, } just about anything, because, {F um, } we don't like to pay for our checks <laughter>.  /","paying/VBG our/PRP$ gas/NN and/CC for/IN paying/VBG ,/, uh/UH ,/, just/RB about/RB anything/NN ,/, because/IN ,/, um/UH ,/, we/PRP do/VBP n't/RB like/VB to/TO pay/VB for/IN our/PRP$ checks/NNS ./.",,
sw09utt/sw_0991_3855.utt,3/sw3855,3855,6,sd,B,6,2,{C So } we use it quite a bit -- /,So/RB we/PRP use/VBP it/PRP quite/PDT a/DT bit/NN --/:,,
sw09utt/sw_0991_3855.utt,3/sw3855,3855,7,b,A,7,1,Uh-huh. /,Uh-huh/UH ./.,,
sw09utt/sw_0991_3855.utt,3/sw3855,3855,8,sd,B,8,1,"-- {C but } [ we, + we ] pay off every month, though,  /","--/: but/CC we/PRP ,/, we/PRP pay/VBP off/RP every/DT month/NN ,/, though/RB ,/,",,
sw09utt/sw_0991_3855.utt,3/sw3855,3855,9,sd,B,8,2,{C so } we never have to pay interest  /,so/IN we/PRP never/RB have/VBP to/TO pay/VB interest/NN,,
sw09utt/sw_0991_3855.utt,3/sw3855,3855,10,sd,B,8,3,"{C and } [ we always, + we never ] get [ the, + the ] credit cards if there's a monthly, or a yearly charge.  /","and/CC we/PRP always/RB ,/, we/PRP never/RB get/VBP the/DT ,/, the/DT credit/NN cards/NNS if/IN there/EX 's/BES a/DT monthly/NN ,/, or/CC a/DT yearly/JJ charge/NN ./.",,
sw09utt/sw_0991_3855.utt,3/sw3855,3855,11,sd,B,8,4,We always get it through our bank or somewhere where it's free.  /,We/PRP always/RB get/VBP it/PRP through/IN our/PRP$ bank/NN or/CC somewhere/RB where/WRB it/PRP 's/BES free/JJ ./.,,
sw09utt/sw_0991_3855.utt,3/sw3855,3855,12,sd,B,8,5,{C So } we never have to pay anything extra. /,So/RB we/PRP never/RB have/VBP to/TO pay/VB anything/NN extra/JJ ./.,,
sw09utt/sw_0991_3855.utt,3/sw3855,3855,13,b,A,9,1,"Yeah,  /","Yeah/UH ,/,",,
sw09utt/sw_0991_3855.utt,3/sw3855,3855,14,sd,A,9,2,that's me.  /,that/DT 's/BES me/PRP ./.,,
sw09utt/sw_0991_3855.utt,3/sw3855,3855,15,sd,A,9,3,I won't use one that I have to pay an annual fee -- /,I/PRP wo/MD n't/RB use/VB one/CD that/WDT I/PRP have/VBP to/TO pay/VB an/DT annual/JJ fee/NN --/:,,
sw09utt/sw_0991_3855.utt,3/sw3855,3855,16,b,B,10,1,"Yeah,  /","Yeah/UH ,/,",,
sw09utt/sw_0991_3855.utt,3/sw3855,3855,17,sd,B,10,2,we just don't think it's worth it.  /,we/PRP just/RB do/VBP n't/RB think/VB it/PRP 's/BES worth/JJ it/PRP ./.,,
sw09utt/sw_0991_3855.utt,3/sw3855,3855,18,%,B,10,3,{C So. } -/,So/RB ./.,,
sw09utt/sw_0991_3855.utt,3/sw3855,3855,19,sd,A,11,1,"-- {D you know, } {C and, } {F um, } [ I'm, + {F uh, } like you. [ I, + I ] ] use it, {D well, } to buy my gas with,  /","--/: you/PRP know/VBP ,/, and/CC ,/, um/UH ,/, I/PRP 'm/VBP ,/, uh/UH ,/, like/IN you/PRP ./. I/PRP ,/, I/PRP use/VBP it/PRP ,/, well/UH ,/, to/TO buy/VB my/PRP$ gas/NN with/IN ,/,",,
sw09utt/sw_0991_3855.utt,3/sw3855,3855,20,sd,A,11,2,"[ my Sh-, + my Shell ] credit card, I use that,  /","my/PRP$ Sh-/NNP ,/, my/PRP$ Shell/NNP credit/NN card/NN ,/, I/PRP use/VBP that/DT ,/,",,
sw09utt/sw_0991_3855.utt,3/sw3855,3855,21,sd,A,11,3,"{C and then } {D like } my Emporium card and, {F uh, } Weinstocks card, I use that,  /","and/CC then/RB like/UH my/PRP$ Emporium/NNP card/NN and/CC ,/, uh/UH ,/, Weinstocks/NNP card/NN ,/, I/PRP use/VBP that/DT ,/,",,
sw09utt/sw_0991_3855.utt,3/sw3855,3855,22,sd,A,11,4,{C but } I'm like you.  /,but/CC I/PRP 'm/VBP like/IN you/PRP ./.,,
sw09utt/sw_0991_3855.utt,3/sw3855,3855,23,sd,A,11,5,I usually pay it off as soon as I get my bill.  /,I/PRP usually/RB pay/VBP it/PRP off/RP as/RB soon/RB as/IN I/PRP get/VBP my/PRP$ bill/NN ./.,,
sw09utt/sw_0991_3855.utt,3/sw3855,3855,24,sd,A,11,6,"Why I don't just write a check, I don't know. /","Why/WRB I/PRP do/VBP n't/RB just/RB write/VB a/DT check/NN ,/, I/PRP do/VBP n't/RB know/VB ./.",,
sw09utt/sw_0991_3855.utt,3/sw3855,3855,25,sd,B,12,1,"{D See, } {D well, } [ you, + I ] don't do it either <laughter>. /","See/UH ,/, well/UH ,/, you/PRP ,/, I/PRP do/VBP n't/RB do/VB it/PRP either/RB ./.",,
sw09utt/sw_0991_3855.utt,3/sw3855,3855,26,sv,A,13,1,"{D You know, } it's just really weird,  /","You/PRP know/VBP ,/, it/PRP 's/BES just/RB really/RB weird/JJ ,/,",,
sw09utt/sw_0991_3855.utt,3/sw3855,3855,27,sd,A,13,2,"{C but } [ I, + I ] don't carry a lot of cash with me, because I'm --","but/CC I/PRP ,/, I/PRP do/VBP n't/RB carry/VB a/DT lot/NN of/IN cash/NN with/IN me/PRP ,/, because/IN I/PRP 'm/VBP --/:",,
sw09utt/sw_0991_3855.utt,3/sw3855,3855,28,b,B,14,1,Yeah. /,Yeah/UH ./.,,
sw09utt/sw_0991_3855.utt,3/sw3855,3855,29,+,A,15,1,-- always afraid that someone's going to steal my purse. /,--/: always/RB afraid/JJ that/IN someone/NN 's/BES going/VBG to/TO steal/VB my/PRP$ purse/NN ./.,,
sw09utt/sw_0991_3855.utt,3/sw3855,3855,30,aa,B,16,1,"Yes,  /","Yes/UH ,/,",,
sw09utt/sw_0991_3855.utt,3/sw3855,3855,31,aa,B,16,2,"exactly,  /","exactly/UH ,/,",,
sw09utt/sw_0991_3855.utt,3/sw3855,3855,32,sd,B,16,3,"that's how I fe-,  /","that/DT 's/BES how/WRB I/PRP fe/VBP ,/,",,
sw09utt/sw_0991_3855.utt,3/sw3855,3855,33,sd,B,16,4,"{E I mean, } it's a rare day when I even have seventy-five cents in my purse. /","I/PRP mean/VBP ,/, it/PRP 's/BES a/DT rare/JJ day/NN when/WRB I/PRP even/RB have/VBP seventy-five/CD cents/NNS in/IN my/PRP$ purse/NN ./.",,
sw09utt/sw_0991_3855.utt,3/sw3855,3855,34,b,A,17,1,"Yeah,  /","Yeah/UH ,/,",,
sw09utt/sw_0991_3855.utt,3/sw3855,3855,35,sd,A,17,2,"{D you know, } enough for a phone call  /","you/PRP know/VBP ,/, enough/JJ for/IN a/DT phone/NN call/NN",,
sw09utt/sw_0991_3855.utt,3/sw3855,3855,36,sd,A,17,3,{C and } that's about all. /,and/CC that/DT 's/BES about/RB all/DT ./.,,
sw09utt/sw_0991_3855.utt,3/sw3855,3855,37,b,B,18,1,Yeah. /,Yeah/UH ./.,,
sw09utt/sw_0991_3855.utt,3/sw3855,3855,38,sd,A,19,1,"{C But, } {F uh, } other than that, [ that's the, + that's the ] way I use them.  /","But/CC ,/, uh/UH ,/, other/JJ than/IN that/DT ,/, that/DT 's/BES the/DT ,/, that/DT 's/BES the/DT way/NN I/PRP use/VBP them/PRP ./.",,
sw09utt/sw_0991_3855.utt,3/sw3855,3855,39,sd,A,19,2,"I know some people that uses them so bad that every one of them that they've got, [ they c-, + they can't ] charge any more,","I/PRP know/VBP some/DT people/NNS that/WDT uses/VBZ them/PRP so/RB bad/RB that/IN every/DT one/NN of/IN them/PRP that/WDT they/PRP 've/VBP got/VBN ,/, they/PRP c/MD ,/, they/PRP ca/MD n't/RB charge/VB any/GW more/^RB ,/,",,
sw09utt/sw_0991_3855.utt,3/sw3855,3855,40,x,B,20,1,<Laughter>.,,,
sw09utt/sw_0991_3855.utt,3/sw3855,3855,41,+,A,21,1,"{D you know, }  /","you/PRP know/VBP ,/,",,
sw09utt/sw_0991_3855.utt,3/sw3855,3855,42,sv,A,21,2,{C and } I think that's terrible. /,and/CC I/PRP think/VBP that/DT 's/BES terrible/JJ ./.,,
sw09utt/sw_0991_3855.utt,3/sw3855,3855,43,aa,B,22,1,"Yeah,  /","Yeah/UH ,/,",,
sw09utt/sw_0991_3855.utt,3/sw3855,3855,44,sv,B,22,2,"{C because } [ [ it's really, + it helps your, ] + if you have good credit, {D you know, } it helps you ] in the long run # when you want to go make a # --","because/IN it/PRP 's/BES really/RB ,/, it/PRP helps/VBZ your/PRP$ ,/, if/IN you/PRP have/VBP good/JJ credit/NN ,/, you/PRP know/VBP ,/, it/PRP helps/VBZ you/PRP in/IN the/DT long/JJ run/NN when/WRB you/PRP want/VBP to/TO go/VB make/VB a/DT --/:",,
sw09utt/sw_0991_3855.utt,3/sw3855,3855,45,b,A,23,1,"# {F Oh, } yeah. # /","Oh/UH ,/, yeah/UH ./.",,
sw09utt/sw_0991_3855.utt,3/sw3855,3855,46,+,B,24,1,-- bigger purchase or something. /,--/: bigger/JJR purchase/NN or/CC something/NN ./.,,
sw09utt/sw_0991_3855.utt,3/sw3855,3855,47,aa,A,25,1,"Yeah,  /","Yeah/UH ,/,",,
sw09utt/sw_0991_3855.utt,3/sw3855,3855,48,sv,A,25,2,"{C because } if anything ever happens that you do need to, {D you know, } you have excellent credit,  /","because/IN if/IN anything/NN ever/RB happens/VBZ that/IN you/PRP do/VBP need/VB to/TO ,/, you/PRP know/VBP ,/, you/PRP have/VBP excellent/JJ credit/NN ,/,",,
sw09utt/sw_0991_3855.utt,3/sw3855,3855,49,sv,A,25,3,"{D why, } it really does help. /","why/WRB ,/, it/PRP really/RB does/VBZ help/VB ./.",,
sw09utt/sw_0991_3855.utt,3/sw3855,3855,50,aa,B,26,1,"Yeah,  /","Yeah/UH ,/,",,
sw09utt/sw_0991_3855.utt,3/sw3855,3855,51,sv,B,26,2,"{C and } I think it's more convenient, too, in a lot of cases,  /","and/CC I/PRP think/VBP it/PRP 's/BES more/RBR convenient/JJ ,/, too/RB ,/, in/IN a/DT lot/NN of/IN cases/NNS ,/,",,
sw09utt/sw_0991_3855.utt,3/sw3855,3855,52,sd,B,26,3,"{D like } whenever we go on trips, we always, {D you know, } use [ our, + our ] Visa or our Mastercard or whatever. /","like/UH whenever/WRB we/PRP go/VBP on/IN trips/NNS ,/, we/PRP always/RB ,/, you/PRP know/VBP ,/, use/VBP our/PRP$ ,/, our/PRP$ Visa/NNP or/CC our/PRP$ Mastercard/NNP or/CC whatever/WP ./.",,
sw09utt/sw_0991_3855.utt,3/sw3855,3855,53,b,A,27,1,((   ))  <whispering>.  Yeah. /,MUMBLEx/XX ./. Yeah/UH ./.,,
sw09utt/sw_0991_3855.utt,3/sw3855,3855,54,sd,B,28,1,"{C And then, } {F um, } {D you know, } we really don't have to pay for it out of our own pockets until about a month later -- /","And/CC then/RB ,/, um/UH ,/, you/PRP know/VBP ,/, we/PRP really/RB do/VBP n't/RB have/VB to/TO pay/VB for/IN it/PRP out/IN of/IN our/PRP$ own/JJ pockets/NNS until/IN about/RB a/DT month/NN later/RB --/:",,
sw09utt/sw_0991_3855.utt,3/sw3855,3855,55,b,A,29,1,"Uh-huh,  /","Uh-huh/UH ,/,",,
sw09utt/sw_0991_3855.utt,3/sw3855,3855,56,b^r,A,29,2,# uh-huh. # /,uh-huh/UH ./.,,
sw09utt/sw_0991_3855.utt,3/sw3855,3855,57,sd,B,30,1,"-- # {C and so } # it helps us gain interest in the bank [ that + ] when we do it,  /","--/: and/CC so/RB it/PRP helps/VBZ us/PRP gain/VB interest/NN in/IN the/DT bank/NN that/IN when/WRB we/PRP do/VBP it/PRP ,/,",,
sw09utt/sw_0991_3855.utt,3/sw3855,3855,58,sd,B,30,2,"we come out [ a lit-, + even a little ] bit ahead because we've been able to use whatever, # first off, and then pay # --","we/PRP come/VBP out/RP a/DT lit/JJ ,/, even/RB a/DT little/JJ bit/NN ahead/RB because/IN we/PRP 've/VBP been/VBN able/JJ to/TO use/VB whatever/WP ,/, first/JJ off/RP ,/, and/CC then/RB pay/VB --/:",,
sw09utt/sw_0991_3855.utt,3/sw3855,3855,59,b,A,31,1,"# Uh-huh,  /","Uh-huh/UH ,/,",,
sw09utt/sw_0991_3855.utt,3/sw3855,3855,60,b^r,A,31,2,"uh-huh, # -- /","uh-huh/UH ,/, --/:",,
sw09utt/sw_0991_3855.utt,3/sw3855,3855,61,+,B,32,1,-- for it later. /,--/: for/IN it/PRP later/RB ./.,,
sw09utt/sw_0991_3855.utt,3/sw3855,3855,62,b,A,33,1,-- uh-huh.  /,--/: uh-huh/UH ./.,,
sw09utt/sw_0991_3855.utt,3/sw3855,3855,63,b,A,33,2,"Yeah,  /","Yeah/UH ,/,",,
sw09utt/sw_0991_3855.utt,3/sw3855,3855,64,sv,A,33,3,"{D well, } I think it's better to use credit cards, too, like  I say, because [ yo-, + there's ] so many people around any more that's watching what you're doing -- /","well/UH ,/, I/PRP think/VBP it/PRP 's/BES better/JJR to/TO use/VB credit/NN cards/NNS ,/, too/RB ,/, like/IN I/PRP say/VBP ,/, because/IN yo-/XX ,/, there/EX 's/BES so/RB many/JJ people/NNS around/RB any/GW more/^RB that/WDT 's/BES watching/VBG what/WP you/PRP 're/VBP doing/VBG --/:",,
sw09utt/sw_0991_3855.utt,3/sw3855,3855,65,b,B,34,1,"{F Oh, } yeah. /","Oh/UH ,/, yeah/UH ./.",,
sw09utt/sw_0991_3855.utt,3/sw3855,3855,66,sv,A,35,1,"-- {C and } if you pull a wad of money out of your pocket, they're going to hit you over the head. /","--/: and/CC if/IN you/PRP pull/VBP a/DT wad/NN of/IN money/NN out/IN of/IN your/PRP$ pocket/NN ,/, they/PRP 're/VBP going/VBG to/TO hit/VB you/PRP over/IN the/DT head/NN ./.",,
sw09utt/sw_0991_3855.utt,3/sw3855,3855,67,aa,B,36,1,"Yeah,  /","Yeah/UH ,/,",,
sw09utt/sw_0991_3855.utt,3/sw3855,3855,68,sv,B,36,2,"even if it's five bucks, even. /","even/RB if/IN it/PRP 's/BES five/CD bucks/NNS ,/, even/RB ./.",,
sw09utt/sw_0991_3855.utt,3/sw3855,3855,69,aa,A,37,1,I know.  /,I/PRP know/VBP ./.,,
sw09utt/sw_0991_3855.utt,3/sw3855,3855,70,sv,A,37,2,"[ It just, + {F uh, } {D you know, } it just ] seems like [ they're, + somebody's ] always watching.  /","It/PRP just/RB ,/, uh/UH ,/, you/PRP know/VBP ,/, it/PRP just/RB seems/VBZ like/IN they/PRP 're/VBP ,/, somebody/NN 's/BES always/RB watching/VBG ./.",,
sw09utt/sw_0991_3855.utt,3/sw3855,3855,71,sd,A,37,3,"{C So, } [ I just don't, + I don't ] carry money.  /","So/RB ,/, I/PRP just/RB do/VBP n't/RB ,/, I/PRP do/VBP n't/RB carry/VB money/NN ./.",,
sw09utt/sw_0991_3855.utt,3/sw3855,3855,72,sd,A,37,4,I'd just soon use my credit cards and --,I/PRP 'd/MD just/RB soon/RB use/VB my/PRP$ credit/NN cards/NNS and/CC --/:,,
sw09utt/sw_0991_3855.utt,3/sw3855,3855,73,b,B,38,1,Yeah. /,Yeah/UH ./.,,
sw09utt/sw_0991_3855.utt,3/sw3855,3855,74,+,A,39,1,"-- just pay them off, {D you know. } /","--/: just/RB pay/VB them/PRP off/RP ,/, you/PRP know/VBP ./.",,
sw09utt/sw_0991_3855.utt,3/sw3855,3855,75,sd,B,40,1,"{C And } also, [ if you, + if someone ] did happen to steal your credit card, my husband was saying that if, {D you know, } you notice it within, I think it's twenty-four hours, you can report it in,  /","And/CC also/RB ,/, if/IN you/PRP ,/, if/IN someone/NN did/VBD happen/VB to/TO steal/VB your/PRP$ credit/NN card/NN ,/, my/PRP$ husband/NN was/VBD saying/VBG that/IN if/IN ,/, you/PRP know/VBP ,/, you/PRP notice/VBP it/PRP within/IN ,/, I/PRP think/VBP it/PRP 's/BES twenty-four/CD hours/NNS ,/, you/PRP can/MD report/VB it/PRP in/RP ,/,",,
sw09utt/sw_0991_3855.utt,3/sw3855,3855,76,sd,B,40,2,"{C and } [ I, + he ] said the most you'd ever have to pay is fifty dollars for them to cancel, {D you know, } whatever payments you had,  /","and/CC I/PRP ,/, he/PRP said/VBD the/DT most/JJS you/PRP 'd/MD ever/RB have/VB to/TO pay/VB is/VBZ fifty/CD dollars/NNS for/IN them/PRP to/TO cancel/VB ,/, you/PRP know/VBP ,/, whatever/WDT payments/NNS you/PRP had/VBD ,/,",,
sw09utt/sw_0991_3855.utt,3/sw3855,3855,77,sd,B,40,3,{C and } if --,and/CC if/IN --/:,,
sw09utt/sw_0991_3855.utt,3/sw3855,3855,78,b,A,41,1,Right. /,Right/UH ./.,,
sw09utt/sw_0991_3855.utt,3/sw3855,3855,79,+,B,42,1,"-- whoever tried to, {F uh, } {D you know, } credit it to the hilt, you'd only have to pay fifty dollars of it,  /","--/: whoever/WP tried/VBD to/TO ,/, uh/UH ,/, you/PRP know/VBP ,/, credit/VB it/PRP to/IN the/DT hilt/NN ,/, you/PRP 'd/MD only/RB have/VB to/TO pay/VB fifty/CD dollars/NNS of/IN it/PRP ,/,",,
sw09utt/sw_0991_3855.utt,3/sw3855,3855,80,sv,B,42,2,{C and then } --,and/CC then/RB --/:,,
sw09utt/sw_0991_3855.utt,3/sw3855,3855,81,b,A,43,1,Yeah. /,Yeah/UH ./.,,
sw09utt/sw_0991_3855.utt,3/sw3855,3855,82,+,B,44,1,"-- {D you know, } you can have your card back with --","--/: you/PRP know/VBP ,/, you/PRP can/MD have/VB your/PRP$ card/NN back/RB with/IN --/:",,
sw09utt/sw_0991_3855.utt,3/sw3855,3855,83,b,A,45,1,"Yeah,  /","Yeah/UH ,/,",,
sw09utt/sw_0991_3855.utt,3/sw3855,3855,84,b,A,45,2,right. /,right/UH ./.,,
sw09utt/sw_0991_3855.utt,3/sw3855,3855,85,+,B,46,1,"-- pretty good rating, {D you know, } because you can pay fifty dollars, but  not, {D you know } --","--/: pretty/RB good/JJ rating/NN ,/, you/PRP know/VBP ,/, because/IN you/PRP can/MD pay/VB fifty/CD dollars/NNS ,/, but/CC not/RB ,/, you/PRP know/VBP --/:",,
sw09utt/sw_0991_3855.utt,3/sw3855,3855,86,aa,A,47,1,"# Yeah,  /","Yeah/UH ,/,",,
sw09utt/sw_0991_3855.utt,3/sw3855,3855,87,aa,A,47,2,right. # /,right/UH ./.,,
sw09utt/sw_0991_3855.utt,3/sw3855,3855,88,+,B,48,1,-- # maybe five # thousand or whatever. /,--/: maybe/RB five/CD thousand/CD or/CC whatever/WP ./.,,
sw09utt/sw_0991_3855.utt,3/sw3855,3855,89,sv,A,49,1,"{C And, } {D you know, } some of those stores don't even seem to check your signature or anything --","And/CC ,/, you/PRP know/VBP ,/, some/DT of/IN those/DT stores/NNS do/VBP n't/RB even/RB seem/VB to/TO check/VB your/PRP$ signature/NN or/CC anything/NN --/:",,
sw09utt/sw_0991_3855.utt,3/sw3855,3855,90,aa,B,50,1,I know. /,I/PRP know/VBP ./.,,
sw09utt/sw_0991_3855.utt,3/sw3855,3855,91,+,A,51,1,"-- {D you know, }  /","--/: you/PRP know/VBP ,/,",,
sw09utt/sw_0991_3855.utt,3/sw3855,3855,92,sv,A,51,2,"I don't know why they don't, unless you have to spend a certain amou-,  /","I/PRP do/VBP n't/RB know/VB why/WRB they/PRP do/VBP n't/RB ,/, unless/IN you/PRP have/VBP to/TO spend/VB a/DT certain/JJ amou-/NN ,/,",,
sw09utt/sw_0991_3855.utt,3/sw3855,3855,93,h,A,51,3,"I don't know,  /","I/PRP do/VBP n't/RB know/VB ,/,",,
sw09utt/sw_0991_3855.utt,3/sw3855,3855,94,sd,A,51,4,"{A but } I notice that some of them don't even look,    {D you know, }  /","but/CC I/PRP notice/VBP that/IN some/DT of/IN them/PRP do/VBP n't/RB even/RB look/VB ,/, you/PRP know/VBP ,/,",,
sw09utt/sw_0991_3855.utt,3/sw3855,3855,95,sd,A,51,5,they just slide it in there and pass it back to you --,they/PRP just/RB slide/VBP it/PRP in/IN there/RB and/CC pass/VBP it/PRP back/RB to/IN you/PRP --/:,,
sw09utt/sw_0991_3855.utt,3/sw3855,3855,96,aa,B,52,1,"Yeah,  /","Yeah/UH ,/,",,
sw09utt/sw_0991_3855.utt,3/sw3855,3855,97,aa,B,52,2,exactly. /,exactly/UH ./.,,
sw09utt/sw_0991_3855.utt,3/sw3855,3855,98,+,A,53,1,"-- {D you know, }  /","--/: you/PRP know/VBP ,/,",,
sw09utt/sw_0991_3855.utt,3/sw3855,3855,99,sv,A,53,2,{C so } I don't think that's right.  /,so/RB I/PRP do/VBP n't/RB think/VB that/DT 's/BES right/JJ ./.,,
sw09utt/sw_0991_3855.utt,3/sw3855,3855,100,sv,A,53,3,"I think they should check it to make sure that the signature at least matches, {D you know. } /","I/PRP think/VBP they/PRP should/MD check/VB it/PRP to/TO make/VB sure/JJ that/IN the/DT signature/NN at/IN least/JJS matches/VBZ ,/, you/PRP know/VBP ./.",,
sw09utt/sw_0991_3855.utt,3/sw3855,3855,101,aa,B,54,1,"Yeah,  /","Yeah/UH ,/,",,
sw09utt/sw_0991_3855.utt,3/sw3855,3855,102,aa,B,54,2,sure.  /,sure/UH ./.,,
sw09utt/sw_0991_3855.utt,3/sw3855,3855,103,sv,B,54,3,{E I mean } it's just a precaution for everybody. /,I/PRP mean/VBP it/PRP 's/BES just/RB a/DT precaution/NN for/IN everybody/NN ./.,,
sw09utt/sw_0991_3855.utt,3/sw3855,3855,104,aa,A,55,1,"Uh-huh,  /","Uh-huh/UH ,/,",,
sw09utt/sw_0991_3855.utt,3/sw3855,3855,105,aa^r,A,55,2,uh-huh. /,uh-huh/UH ./.,,
sw09utt/sw_0991_3855.utt,3/sw3855,3855,106,b,B,56,1,"Yeah,  /","Yeah/UH ,/,",,
sw09utt/sw_0991_3855.utt,3/sw3855,3855,107,%,B,56,2,{D so. } -/,so/UH ./.,,
sw09utt/sw_0991_3855.utt,3/sw3855,3855,108,^h,A,57,1,"{D Well, } let's see,  /","Well/UH ,/, let/VB 's/PRP see/VB ,/,",,
sw09utt/sw_0991_3855.utt,3/sw3855,3855,109,t1,A,57,2,what else can I say about credit cards. /,what/WP else/RB can/MD I/PRP say/VB about/IN credit/NN cards/NNS ./.,,
sw09utt/sw_0991_3855.utt,3/sw3855,3855,110,b,B,58,1,{F Um. } /,Um/UH ./.,,
sw09utt/sw_0991_3855.utt,3/sw3855,3855,111,b^m,A,59,1,{F Um. } /,Um/UH ./.,,
sw09utt/sw_0991_3855.utt,3/sw3855,3855,112,sd,B,60,1,"{F Oh, } I also [ use, + like to use ] Discover when I can, because they give you some money back every year. /","Oh/UH ,/, I/PRP also/RB use/VBP ,/, like/VBP to/TO use/VB Discover/NNP when/WRB I/PRP can/MD ,/, because/IN they/PRP give/VBP you/PRP some/DT money/NN back/RB every/DT year/NN ./.",,
sw09utt/sw_0991_3855.utt,3/sw3855,3855,113,b,A,61,1,"Yeah,  /","Yeah/UH ,/,",,
sw09utt/sw_0991_3855.utt,3/sw3855,3855,114,%,A,61,2,"[ I don't, + I don't, ] {F uh, } - /","I/PRP do/VBP n't/RB ,/, I/PRP do/VBP n't/RB ,/, uh/UH ,/,",,
sw09utt/sw_0991_3855.utt,3/sw3855,3855,115,qy^d,A,61,3,"[ that, + that's that ] Sears Discovery Card,  /","that/DT ,/, that/DT 's/BES that/DT Sears/NNP Discovery/NNP Card/NNP ,/,",,
sw09utt/sw_0991_3855.utt,3/sw3855,3855,116,qy,A,61,4,is that what that? /,is/VBZ that/DT what/WP that/DT ?/.,,
sw09utt/sw_0991_3855.utt,3/sw3855,3855,117,ny,B,62,1,"Yeah,  /","Yeah/UH ,/,",,
sw09utt/sw_0991_3855.utt,3/sw3855,3855,118,ny^r,B,62,2,# yeah. # /,yeah/UH ./.,,
sw09utt/sw_0991_3855.utt,3/sw3855,3855,119,b^m,A,63,1,# Yeah.  /,Yeah/UH ./.,,
sw09utt/sw_0991_3855.utt,3/sw3855,3855,120,sd,A,63,2,"#  {D Now } I don't have that one, {D you know. } /","Now/UH I/PRP do/VBP n't/RB have/VB that/DT one/NN ,/, you/PRP know/VBP ./.",,
sw09utt/sw_0991_3855.utt,3/sw3855,3855,121,sd,B,64,1,"{D Well, } we just started doing that,  /","Well/UH ,/, we/PRP just/RB started/VBD doing/VBG that/DT ,/,",,
sw09utt/sw_0991_3855.utt,3/sw3855,3855,122,qh,B,64,2,# {C and } # --,and/CC --/:,,
sw09utt/sw_0991_3855.utt,3/sw3855,3855,123,b,A,65,1,# Uh-huh. # /,Uh-huh/UH ./.,,
sw09utt/sw_0991_3855.utt,3/sw3855,3855,124,+,B,66,1,"-- you know, what  /","--/: you/PRP know/VBP ,/, what/WP",,
sw09utt/sw_0991_3855.utt,3/sw3855,3855,125,sd,B,66,2,"it comes in handy for when you're buying things like, {F um, } tickets for the train or, {F um, } airplanes --","it/PRP comes/VBZ in/IN handy/JJ for/IN when/WRB you/PRP 're/VBP buying/VBG things/NNS like/IN ,/, um/UH ,/, tickets/NNS for/IN the/DT train/NN or/CC ,/, um/UH ,/, airplanes/NNS --/:",,
sw09utt/sw_0991_3855.utt,3/sw3855,3855,126,b,A,67,1,Uh-huh. /,Uh-huh/UH ./.,,
sw09utt/sw_0991_3855.utt,3/sw3855,3855,127,+,B,68,1,"-- because they'll give you some money back, {D you know, }  /","--/: because/IN they/PRP 'll/MD give/VB you/PRP some/DT money/NN back/RB ,/, you/PRP know/VBP ,/,",,
sw09utt/sw_0991_3855.utt,3/sw3855,3855,128,sv,B,68,2,"{C and } it's only a little bit,  /","and/CC it/PRP 's/BES only/RB a/DT little/JJ bit/NN ,/,",,
sw09utt/sw_0991_3855.utt,3/sw3855,3855,129,sv,B,68,3,"{C but, } {E I mean, } it's still something.  /","but/CC ,/, I/PRP mean/VBP ,/, it/PRP 's/BES still/RB something/NN ./.",,
sw09utt/sw_0991_3855.utt,3/sw3855,3855,130,sd,B,68,4,We got two fifty last year -- /,We/PRP got/VBD two/CD fifty/CD last/JJ year/NN --/:,,
sw09utt/sw_0991_3855.utt,3/sw3855,3855,131,b,A,69,1,"Uh-huh,  /","Uh-huh/UH ,/,",,
sw09utt/sw_0991_3855.utt,3/sw3855,3855,132,b^r,A,69,2,uh-huh. /,uh-huh/UH ./.,,
sw09utt/sw_0991_3855.utt,3/sw3855,3855,133,sv,B,70,1,"-- {C and so } [ it's, + {D you know, } it helps ] out here and there.  /","--/: and/CC so/RB it/PRP 's/BES ,/, you/PRP know/VBP ,/, it/PRP helps/VBZ out/RP here/RB and/CC there/RB ./.",,
sw09utt/sw_0991_3855.utt,3/sw3855,3855,134,%,B,70,2,{C So. } -/,So/RB ./.,,
sw09utt/sw_0991_3855.utt,3/sw3855,3855,135,qy,A,71,1,"{F Oh, } {E you mean, } {F uh, } [ for, + for ] your using your credit card you get {D like } a rebate or something? /","Oh/UH ,/, you/PRP mean/VBP ,/, uh/UH ,/, for/IN ,/, for/IN your/PRP$ using/VBG your/PRP$ credit/NN card/NN you/PRP get/VBP like/UH a/DT rebate/NN or/CC something/NN ?/.",,
sw09utt/sw_0991_3855.utt,3/sw3855,3855,136,ny,B,72,1,"Yeah,  /","Yeah/UH ,/,",,
sw09utt/sw_0991_3855.utt,3/sw3855,3855,137,sd^e,B,72,2,"[ they give you, + I think they start giving you ] {D like } a half a percent back, which doesn't sound like a thing,  /","they/PRP give/VBP you/PRP ,/, I/PRP think/VBP they/PRP start/VBP giving/VBG you/PRP like/UH a/DT half/PDT a/DT percent/NN back/RB ,/, which/WDT does/VBZ n't/RB sound/VB like/IN a/DT thing/NN ,/,",,
sw09utt/sw_0991_3855.utt,3/sw3855,3855,138,sd,B,72,3,"{C but } [ when you, + {D you know, } when you ] add up everything [ you've, + you've ] charged up on the Discover card for a year -- -/","but/CC when/WRB you/PRP ,/, you/PRP know/VBP ,/, when/WRB you/PRP add/VBP up/RP everything/NN you/PRP 've/VBP ,/, you/PRP 've/VBP charged/VBN up/RP on/IN the/DT Discover/NNP card/NN for/IN a/DT year/NN --/:",,
sw09utt/sw_0991_3855.utt,3/sw3855,3855,139,b,A,73,1,Uh-huh. /,Uh-huh/UH ./.,,
sw09utt/sw_0991_3855.utt,3/sw3855,3855,140,sd,B,74,1,"-- {C and } they give you a half percent of that,  /","--/: and/CC they/PRP give/VBP you/PRP a/DT half/JJ percent/NN of/IN that/DT ,/,",,
sw09utt/sw_0991_3855.utt,3/sw3855,3855,141,sd,B,74,2,"{C and } that adds up to, {D you know, } two fifty or something. /","and/CC that/DT adds/VBZ up/RP to/IN ,/, you/PRP know/VBP ,/, two/CD fifty/CD or/CC something/NN ./.",,
sw09utt/sw_0991_3855.utt,3/sw3855,3855,142,bk,A,75,1,"{F Oh, } I see. /","Oh/UH ,/, I/PRP see/VBP ./.",,
sw09utt/sw_0991_3855.utt,3/sw3855,3855,143,%,B,76,1,"{C And so } that's what, - /","And/CC so/RB that/DT 's/BES what/WP ,/,",,
sw09utt/sw_0991_3855.utt,3/sw3855,3855,144,sd,B,76,2,"{C and } I know we're going to get back more this year, because [ they, + {D you know, } we ] spent a little bit more --","and/CC I/PRP know/VBP we/PRP 're/VBP going/VBG to/TO get/VB back/RB more/JJR this/DT year/NN ,/, because/IN they/PRP ,/, you/PRP know/VBP ,/, we/PRP spent/VBD a/DT little/JJ bit/NN more/JJR --/:",,
sw09utt/sw_0991_3855.utt,3/sw3855,3855,145,b,A,77,1,Uh-huh. /,Uh-huh/UH ./.,,
sw09utt/sw_0991_3855.utt,3/sw3855,3855,146,+,B,78,1,"-- probably,  /","--/: probably/RB ,/,",,
sw09utt/sw_0991_3855.utt,3/sw3855,3855,147,sd,B,78,2,"{C and } they do it for how long you've been a member I think, too -- /","and/CC they/PRP do/VBP it/PRP for/IN how/WRB long/RB you/PRP 've/VBP been/VBN a/DT member/NN I/PRP think/VBP ,/, too/RB --/:",,
sw09utt/sw_0991_3855.utt,3/sw3855,3855,148,bk,A,79,1,"{F Um, } I see. /","Um/UH ,/, I/PRP see/VBP ./.",,
sw09utt/sw_0991_3855.utt,3/sw3855,3855,149,sd,B,80,1,-- {C and } they increase the percentage a little bit. /,--/: and/CC they/PRP increase/VBP the/DT percentage/NN a/DT little/JJ bit/NN ./.,,
sw09utt/sw_0991_3855.utt,3/sw3855,3855,150,b,A,81,1,Yeah  /,Yeah/UH,,
sw09utt/sw_0991_3855.utt,3/sw3855,3855,151,%,A,81,2,"{D well, } I'll, -/","well/UH ,/, I/PRP 'll/MD ,/,",,
