swda_filename,ptb_basename,conversation_no,transcript_index,act_tag,caller,utterance_index,subutterance_index,text,pos,trees,ptb_treenumbers
sw09utt/sw_0946_3107.utt,3/sw3107,3107,0,o,A,1,1,There we go.  /,There/RB we/PRP go/VBP ./.,,
sw09utt/sw_0946_3107.utt,3/sw3107,3107,1,qo,A,1,2,"{F Uh, } {D so, } {F uh, } what do you consider the most important benefit besides salary? /","Uh/UH ,/, so/RB ,/, uh/UH ,/, what/WP do/VBP you/PRP consider/VB the/DT most/RBS important/JJ benefit/NN besides/IN salary/NN ?/.",,
sw09utt/sw_0946_3107.utt,3/sw3107,3107,2,no,B,2,1,"Boy, [ I, + I ] don't know.  /","Boy/UH ,/, I/PRP ,/, I/PRP do/VBP n't/RB know/VB ./.",,
sw09utt/sw_0946_3107.utt,3/sw3107,3107,3,sv,B,2,2,"[ That's a, + that's [ a, + a ] ] tough one.  /","That/DT 's/BES a/DT ,/, that/DT 's/BES a/DT ,/, a/DT tough/JJ one/NN ./.",,
sw09utt/sw_0946_3107.utt,3/sw3107,3107,4,sd,B,2,3,"{F Uh, } {F uh, } {C and } [ it's, + {F uh, } I suppose [ it's, + it's ] ] changes [ as, + {F uh, } as ] [ percep-, + my perception ] changes [ of, + of ] what, {F uh, } I'm getting gypped on  /","Uh/UH ,/, uh/UH ,/, and/CC it/PRP 's/BES ,/, uh/UH ,/, I/PRP suppose/VBP it/PRP 's/BES ,/, it/PRP 's/BES changes/VBZ as/IN ,/, uh/UH ,/, as/IN percep-/NN ,/, my/PRP$ perception/NN changes/VBZ of/IN ,/, of/IN what/WP ,/, uh/UH ,/, I/PRP 'm/VBP getting/VBG gypped/VBN on/IN",,
sw09utt/sw_0946_3107.utt,3/sw3107,3107,5,%,B,2,4,{C and } <laughter> -- -/,and/CC --/:,,
sw09utt/sw_0946_3107.utt,3/sw3107,3107,6,^2,A,3,1,"That week,  /","That/DT week/NN ,/,",,
sw09utt/sw_0946_3107.utt,3/sw3107,3107,7,%,A,3,2,right. /,right/UH ./.,,
sw09utt/sw_0946_3107.utt,3/sw3107,3107,8,na,B,4,1,"-- [ this week + {E or } this month, ] {F uh, } {F uh, } {F uh, } [ we're just, {F uh, } going through, + {F uh, } {F uh, } {D well, } there's ] a couple of changes [ to the, + to [ the, + {F uh, } our ] ] health plan  /","--/: this/DT week/NN or/CC this/DT month/NN ,/, uh/UH ,/, uh/UH ,/, uh/UH ,/, we/PRP 're/VBP just/RB ,/, uh/UH ,/, going/VBG through/IN ,/, uh/UH ,/, uh/UH ,/, well/UH ,/, there/EX 's/BES a/DT couple/NN of/IN changes/NNS to/IN the/DT ,/, to/IN the/DT ,/, uh/UH ,/, our/PRP$ health/NN plan/NN",,
sw09utt/sw_0946_3107.utt,3/sw3107,3107,9,sd,B,4,2,"[ {C and, } + {F uh, } {C and } ] I guess right now the one in my mind is health insurance  /","and/CC ,/, uh/UH ,/, and/CC I/PRP guess/VBP right/RB now/RB the/DT one/NN in/IN my/PRP$ mind/NN is/VBZ health/NN insurance/NN",,
sw09utt/sw_0946_3107.utt,3/sw3107,3107,10,sd,B,4,3,"{C but, } {F uh, }","but/CC ,/, uh/UH ,/,",,
sw09utt/sw_0946_3107.utt,3/sw3107,3107,11,b,A,5,1,{F Um. } /,Um/UH ./.,,
sw09utt/sw_0946_3107.utt,3/sw3107,3107,12,+,B,6,1,"If I step back I'm not sure [ I'd, + I'd, ] {F uh, } say that.  /","If/IN I/PRP step/VBP back/RB I/PRP 'm/VBP not/RB sure/JJ I/PRP 'd/MD ,/, I/PRP 'd/MD ,/, uh/UH ,/, say/VB that/DT ./.",,
sw09utt/sw_0946_3107.utt,3/sw3107,3107,13,qo,B,6,2,"[ What, + what ] about you? /","What/WP ,/, what/WP about/IN you/PRP ?/.",,
sw09utt/sw_0946_3107.utt,3/sw3107,3107,14,sd,A,7,1,"{D Well, } {F uh, } [ I, + right now I'm ] in sort of a weird situation.  /","Well/UH ,/, uh/UH ,/, I/PRP ,/, right/RB now/RB I/PRP 'm/VBP in/IN sort/RB of/RB a/DT weird/JJ situation/NN ./.",,
sw09utt/sw_0946_3107.utt,3/sw3107,3107,15,sd,A,7,2,"I'm a graduate student that, {F uh } -- -/","I/PRP 'm/VBP a/DT graduate/JJ student/NN that/WDT ,/, uh/UH --/:",,
sw09utt/sw_0946_3107.utt,3/sw3107,3107,16,bk,B,8,1,"{F Oh, } okay. /","Oh/UH ,/, okay/UH ./.",,
sw09utt/sw_0946_3107.utt,3/sw3107,3107,17,sd,A,9,1,-- I don't have that many benefits per se <laughter>. /,--/: I/PRP do/VBP n't/RB have/VB that/RB many/JJ benefits/NNS per/FW se/FW ./.,,
sw09utt/sw_0946_3107.utt,3/sw3107,3107,18,b,B,10,1,"<Laughter> Yes,  /","Yes/UH ,/,",,
sw09utt/sw_0946_3107.utt,3/sw3107,3107,19,b,B,10,2,"okay, /","okay/UH ,/,",,
sw09utt/sw_0946_3107.utt,3/sw3107,3107,20,%,A,11,1,"{F Uh, } sort of get, -/","Uh/UH ,/, sort/RB of/RB get/VB ,/,",,
sw09utt/sw_0946_3107.utt,3/sw3107,3107,21,sv,B,12,1,"[ {C But, } + {C but, } ] on the other hand, one of these days you'll be out looking for a, -/","But/CC ,/, but/CC ,/, on/IN the/DT other/JJ hand/NN ,/, one/CD of/IN these/DT days/NNS you/PRP 'll/MD be/VB out/RB looking/VBG for/IN a/DT ,/,",,
sw09utt/sw_0946_3107.utt,3/sw3107,3107,22,aa,A,13,1,"Yeah,  /","Yeah/UH ,/,",,
sw09utt/sw_0946_3107.utt,3/sw3107,3107,23,aa^r,A,13,2,yeah.  /,yeah/UH ./.,,
sw09utt/sw_0946_3107.utt,3/sw3107,3107,24,sd,A,13,3,My wife has a real job  /,My/PRP$ wife/NN has/VBZ a/DT real/JJ job/NN,,
sw09utt/sw_0946_3107.utt,3/sw3107,3107,25,sd,A,13,4,{C and } I can see from her angle.  /,and/CC I/PRP can/MD see/VB from/IN her/PRP$ angle/NN ./.,,
sw09utt/sw_0946_3107.utt,3/sw3107,3107,26,sv,A,13,5,"{F Uh, } {F uh, } I think health insurance is real, real important.","Uh/UH ,/, uh/UH ,/, I/PRP think/VBP health/NN insurance/NN is/VBZ real/RB ,/, real/RB important/JJ ./.",,
sw09utt/sw_0946_3107.utt,3/sw3107,3107,27,b,B,14,1,Yeah. /,Yeah/UH ./.,,
sw09utt/sw_0946_3107.utt,3/sw3107,3107,28,+,A,15,1,"[ [ [ I've, + I've, ] + I've, ] + I've ] discovered.  /","I/PRP 've/VBP ,/, I/PRP 've/VBP ,/, I/PRP 've/VBP ,/, I/PRP 've/VBP discovered/VBN ./.",,
sw09utt/sw_0946_3107.utt,3/sw3107,3107,29,sd,A,15,2,"{E I mean, } even in my case [ it's sort of, + they're really, ] {F uh, } a pain in the neck about it up here  /","I/PRP mean/VBP ,/, even/RB in/IN my/PRP$ case/NN it/PRP 's/BES sort/RB of/RB ,/, they/PRP 're/VBP really/RB ,/, uh/UH ,/, a/DT pain/NN in/IN the/DT neck/NN about/IN it/PRP up/IN here/RB",,
sw09utt/sw_0946_3107.utt,3/sw3107,3107,30,sd,A,15,3,"{C because } the university makes me buy a small, - /","because/IN the/DT university/NN makes/VBZ me/PRP buy/VB a/DT small/JJ ,/,",,
sw09utt/sw_0946_3107.utt,3/sw3107,3107,31,sd,A,15,4,"[ [ they, + they have a mandatory, ] + they have what they call the mandatory ] portion of their health insurance -- /","they/PRP ,/, they/PRP have/VBP a/DT mandatory/JJ ,/, they/PRP have/VBP what/WP they/PRP call/VBP the/DT mandatory/JJ portion/NN of/IN their/PRP$ health/NN insurance/NN --/:",,
sw09utt/sw_0946_3107.utt,3/sw3107,3107,32,b,B,16,1,Yeah. /,Yeah/UH ./.,,
sw09utt/sw_0946_3107.utt,3/sw3107,3107,33,sd,A,17,1,"-- they offer insurance to everyone,  /","--/: they/PRP offer/VBP insurance/NN to/IN everyone/NN ,/,",,
sw09utt/sw_0946_3107.utt,3/sw3107,3107,34,sd,A,17,2,"{C but } then the basics that are major medical, [ they, + they ] force you to buy here.  /","but/CC then/RB the/DT basics/NNS that/WDT are/VBP major/JJ medical/JJ ,/, they/PRP ,/, they/PRP force/VBP you/PRP to/TO buy/VB here/RB ./.",,
sw09utt/sw_0946_3107.utt,3/sw3107,3107,35,sd,A,17,3,"{D Now } I'm covered by my wife's anyway,  /","Now/UH I/PRP 'm/VBP covered/VBN by/IN my/PRP$ wife/NN 's/POS anyway/RB ,/,",,
sw09utt/sw_0946_3107.utt,3/sw3107,3107,36,sd,A,17,4,{C but } I still pay them a hundred dollars a semester --,but/CC I/PRP still/RB pay/VBP them/PRP a/DT hundred/CD dollars/NNS a/DT semester/NN --/:,,
sw09utt/sw_0946_3107.utt,3/sw3107,3107,37,b,B,18,1,"Right,  /","Right/UH ,/,",,
sw09utt/sw_0946_3107.utt,3/sw3107,3107,38,b,B,18,2,okay. /,okay/UH ./.,,
sw09utt/sw_0946_3107.utt,3/sw3107,3107,39,+,A,19,1,"-- for, {F uh, } mandatory.  /","--/: for/IN ,/, uh/UH ,/, mandatory/JJ ./.",,
sw09utt/sw_0946_3107.utt,3/sw3107,3107,40,sd,A,19,2,{C So } that's sort of annoying that I'm paying for something I'm not getting in that case.  /,So/RB that/DT 's/BES sort/RB of/RB annoying/JJ that/IN I/PRP 'm/VBP paying/VBG for/IN something/NN I/PRP 'm/VBP not/RB getting/VBG in/IN that/DT case/NN ./.,,
sw09utt/sw_0946_3107.utt,3/sw3107,3107,41,sd,A,19,3,"I'd rather [ that, + that ] went to something else. /","I/PRP 'd/MD rather/RB that/IN ,/, that/DT went/VBD to/IN something/NN else/RB ./.",,
sw09utt/sw_0946_3107.utt,3/sw3107,3107,42,b,B,20,1,"[ {C And, } + {C and, } ] yeah,  /","And/CC ,/, and/CC ,/, yeah/UH ,/,",,
sw09utt/sw_0946_3107.utt,3/sw3107,3107,43,bf,B,20,2,"{C and } the benefits you're getting for that hundred dollars a semester, {F uh, } [ you, + you ] never use because you just use your wife's. /","and/CC the/DT benefits/NNS you/PRP 're/VBP getting/VBG for/IN that/DT hundred/CD dollars/NNS a/DT semester/NN ,/, uh/UH ,/, you/PRP ,/, you/PRP never/RB use/VBP because/IN you/PRP just/RB use/VBP your/PRP$ wife/NN 's/POS ./.",,
sw09utt/sw_0946_3107.utt,3/sw3107,3107,44,aa,A,21,1,Right.  /,Right/UH ./.,,
sw09utt/sw_0946_3107.utt,3/sw3107,3107,45,%,A,21,2,"{E I mean, } {F uh, } - /","I/PRP mean/VBP ,/, uh/UH ,/,",,
sw09utt/sw_0946_3107.utt,3/sw3107,3107,46,sd,A,21,3,"[ [ {C and, } + {C and, } ] + {C and } ] it turns out that {D actually, } {F uh, } [ the benefits they, + {D you know, } [ that, + that ] hundred dollars sort of [ would, + would ] entitle me to go to the university health services here, {D you know, } [ and, + and ]  use them  /","and/CC ,/, and/CC ,/, and/CC it/PRP turns/VBZ out/RP that/IN actually/RB ,/, uh/UH ,/, the/DT benefits/NNS they/PRP ,/, you/PRP know/VBP ,/, that/IN ,/, that/DT hundred/CD dollars/NNS sort/RB of/RB would/MD ,/, would/MD entitle/VB me/PRP to/TO go/VB to/IN the/DT university/NN health/NN services/NNS here/RB ,/, you/PRP know/VBP ,/, and/CC ,/, and/CC use/VB them/PRP",,
sw09utt/sw_0946_3107.utt,3/sw3107,3107,47,sd,A,21,4,"{C and } it turns out that I do think [ they're v-, + they're excellent ] physicians there.  /","and/CC it/PRP turns/VBZ out/RP that/IN I/PRP do/VBP think/VB they/PRP 're/VBP v-/XX ,/, they/PRP 're/VBP excellent/JJ physicians/NNS there/RB ./.",,
sw09utt/sw_0946_3107.utt,3/sw3107,3107,48,sd,A,21,5,"{C So, } through my wife's H M O, we've registered for them as our primary care physicians  /","So/RB ,/, through/IN my/PRP$ wife/NN 's/POS H/NNP M/NNP O/NNP ,/, we/PRP 've/VBP registered/VBN for/IN them/PRP as/IN our/PRP$ primary/JJ care/NN physicians/NNS",,
sw09utt/sw_0946_3107.utt,3/sw3107,3107,49,sd,A,21,6,"{C so } we go there anyway,  /","so/RB we/PRP go/VBP there/RB anyway/RB ,/,",,
sw09utt/sw_0946_3107.utt,3/sw3107,3107,50,sd,A,21,7,"[ {C so } [ they're, + they're, ] + {C so } if they were ] to bill, which, which I believe they don't, - /","so/RB they/PRP 're/VBP ,/, they/PRP 're/VBP ,/, so/RB if/IN they/PRP were/VBD to/TO bill/VB ,/, which/WDT ,/, which/WDT I/PRP believe/VBP they/PRP do/VBP n't/RB ,/,",,
sw09utt/sw_0946_3107.utt,3/sw3107,3107,51,sd,A,21,8,"{C but } if they were to bill the H M O for my business, they could, [ in, + in ] theory, be getting paid twice for the same thing.  /","but/CC if/IN they/PRP were/VBD to/TO bill/VB the/DT H/NNP M/NNP O/NNP for/IN my/PRP$ business/NN ,/, they/PRP could/MD ,/, in/IN ,/, in/IN theory/NN ,/, be/VB getting/VBG paid/VBN twice/RB for/IN the/DT same/JJ thing/NN ./.",,
sw09utt/sw_0946_3107.utt,3/sw3107,3107,52,sd,A,21,9,"{C But } they're not, thank God.  /","But/CC they/PRP 're/VBP not/RB ,/, thank/VB God/NNP ./.",,
sw09utt/sw_0946_3107.utt,3/sw3107,3107,53,sv,A,21,10,"{F Uh, } {C but } {D anyway, } {F uh, } otherwise, I would imagine, {F uh, } good vacation [ is, + is ] important, although I don't know if that's really a deciding factor for many people on a job.  /","Uh/UH ,/, but/CC anyway/UH ,/, uh/UH ,/, otherwise/RB ,/, I/PRP would/MD imagine/VB ,/, uh/UH ,/, good/JJ vacation/NN is/VBZ ,/, is/VBZ important/JJ ,/, although/IN I/PRP do/VBP n't/RB know/VB if/IN that/DT 's/BES really/RB a/DT deciding/VBG factor/NN for/IN many/JJ people/NNS on/IN a/DT job/NN ./.",,
sw09utt/sw_0946_3107.utt,3/sw3107,3107,54,sd,A,21,11,"I don't, {D you know, } -/","I/PRP do/VBP n't/RB ,/, you/PRP know/VBP ,/,",,
sw09utt/sw_0946_3107.utt,3/sw3107,3107,55,b,B,22,1,"{F Uh, } yeah,  /","Uh/UH ,/, yeah/UH ,/,",,
sw09utt/sw_0946_3107.utt,3/sw3107,3107,56,sd,B,22,2,"[ [ [ [ [ I, +  it, ] + {F uh, } the, ] + the, ] + that, ] + that's [ a, + a ] ] negative about, {F uh, } [ where, + where ] I am in that, {F uh, } {D well, } [ I came out of, + {F uh, } I worked ] five years civil service  /","I/PRP ,/, it/PRP ,/, uh/UH ,/, the/DT ,/, the/DT ,/, that/DT ,/, that/DT 's/BES a/DT ,/, a/DT negative/NN about/IN ,/, uh/UH ,/, where/WRB ,/, where/WRB I/PRP am/VBP in/IN that/IN ,/, uh/UH ,/, well/UH ,/, I/PRP came/VBD out/IN of/IN ,/, uh/UH ,/, I/PRP worked/VBD five/CD years/NNS civil/JJ service/NN",,
sw09utt/sw_0946_3107.utt,3/sw3107,3107,57,sd,B,22,3,"{C and } there [ [ [ it's, + {F uh, } <noise> if I remember right, you ] + {D well, } they, ] + they ] accumulate it as hours per week or something like that [ and, + or ] hours per pay period or something,  /","and/CC there/RB it/PRP 's/BES ,/, uh/UH ,/, if/IN I/PRP remember/VBP right/RB ,/, you/PRP well/UH ,/, they/PRP ,/, they/PRP accumulate/VBP it/PRP as/IN hours/NNS per/FW week/NN or/CC something/NN like/IN that/DT and/CC ,/, or/CC hours/NNS per/FW pay/NN period/NN or/CC something/NN ,/,",,
sw09utt/sw_0946_3107.utt,3/sw3107,3107,58,sd,B,22,4,"{C but, } {D anyway } it works out as I remember basically to, {F uh, } - /","but/CC ,/, anyway/RB it/PRP works/VBZ out/RP as/IN I/PRP remember/VBP basically/RB to/IN ,/, uh/UH ,/,",,
sw09utt/sw_0946_3107.utt,3/sw3107,3107,59,sd,B,22,5,"you start [ at, + at, ] {F uh, } two and a half weeks or something like that,  /","you/PRP start/VBP at/IN ,/, at/IN ,/, uh/UH ,/, two/CD and/CC a/DT half/NN weeks/NNS or/CC something/NN like/IN that/DT ,/,",,
sw09utt/sw_0946_3107.utt,3/sw3107,3107,60,sd,B,22,6,"{C and } [ it, + at three years, {F uh, } it ] goes to four weeks I believe,  /","and/CC it/PRP ,/, at/IN three/CD years/NNS ,/, uh/UH ,/, it/PRP goes/VBZ to/IN four/CD weeks/NNS I/PRP believe/VBP ,/,",,
sw09utt/sw_0946_3107.utt,3/sw3107,3107,61,sd,B,22,7,"{C and } [ [ I, + I'm coming up on, ] + I've been at T I now, {F uh, } {F uh, } coming up on ] fifteen years  /","and/CC I/PRP ,/, I/PRP 'm/VBP coming/VBG up/IN on/IN ,/, I/PRP 've/VBP been/VBN at/IN T/NNP I/NNP now/RB ,/, uh/UH ,/, uh/UH ,/, coming/VBG up/IN on/IN fifteen/CD years/NNS",,
sw09utt/sw_0946_3107.utt,3/sw3107,3107,62,sd,B,22,8,"[ {C and } it, + {C and } [ it just, + {F uh, } this year ] ] is going to go to four weeks here  /","and/CC it/PRP ,/, and/CC it/PRP just/RB ,/, uh/UH ,/, this/DT year/NN is/VBZ going/VBG to/TO go/VB to/IN four/CD weeks/NNS here/RB",,
sw09utt/sw_0946_3107.utt,3/sw3107,3107,63,%,B,22,9,"{C so, } -/","so/RB ,/,",,
sw09utt/sw_0946_3107.utt,3/sw3107,3107,64,ba,A,23,1,"{F Oh, } wow. /","Oh/UH ,/, wow/UH ./.",,
sw09utt/sw_0946_3107.utt,3/sw3107,3107,65,b,B,24,1,"{F Uh, } {F uh, } /","Uh/UH ,/, uh/UH ,/,",,
sw09utt/sw_0946_3107.utt,3/sw3107,3107,66,%,A,25,1,"{C So } that's really, -/","So/RB that/DT 's/BES really/RB ,/,",,
sw09utt/sw_0946_3107.utt,3/sw3107,3107,67,b,B,26,1,"Yeah,  /","Yeah/UH ,/,",,
sw09utt/sw_0946_3107.utt,3/sw3107,3107,68,sv,B,26,2,"[ that's a, + [ that, + that ] is [ [ a, + a, ] + a ] negative, [ but, + {F uh, } but, ] [ [ not, + probably not at, ] + probably not a ] deciding factor,  /","that/DT 's/BES a/DT ,/, that/DT ,/, that/DT is/VBZ a/DT ,/, a/DT ,/, a/DT negative/NN ,/, but/CC ,/, uh/UH ,/, but/CC ,/, not/RB ,/, probably/RB not/RB at/IN ,/, probably/RB not/RB a/DT deciding/VBG factor/NN ,/,",,
sw09utt/sw_0946_3107.utt,3/sw3107,3107,69,%,B,26,3,"{C but, } {F uh, } -/","but/CC ,/, uh/UH ,/,",,
sw09utt/sw_0946_3107.utt,3/sw3107,3107,70,aa,A,27,1,Yeah.  /,Yeah/UH ./.,,
sw09utt/sw_0946_3107.utt,3/sw3107,3107,71,sd,A,27,2,"{E I mean, } [ [ I don't, + {D you know, } I don't, ] + I know my wife, ] {F uh, } - /","I/PRP mean/VBP ,/, I/PRP do/VBP n't/RB ,/, you/PRP know/VBP ,/, I/PRP do/VBP n't/RB ,/, I/PRP know/VBP my/PRP$ wife/NN ,/, uh/UH ,/,",,
sw09utt/sw_0946_3107.utt,3/sw3107,3107,72,sd,A,27,3,"I think she gets, {D you know, } about two weeks a year, I guess -- /","I/PRP think/VBP she/PRP gets/VBZ ,/, you/PRP know/VBP ,/, about/RB two/CD weeks/NNS a/DT year/NN ,/, I/PRP guess/VBP --/:",,
sw09utt/sw_0946_3107.utt,3/sw3107,3107,73,b,B,28,1,Yeah. /,Yeah/UH ./.,,
sw09utt/sw_0946_3107.utt,3/sw3107,3107,74,sd,A,29,1,-- {C but } they're pretty good about it if she wants other time off.  /,--/: but/CC they/PRP 're/VBP pretty/RB good/JJ about/IN it/PRP if/IN she/PRP wants/VBZ other/JJ time/NN off/RB ./.,,
sw09utt/sw_0946_3107.utt,3/sw3107,3107,75,sd,A,29,2,"They, {D you know, } usually let her, /","They/PRP ,/, you/PRP know/VBP ,/, usually/RB let/VBP her/PRP$ ,/,",,
sw09utt/sw_0946_3107.utt,3/sw3107,3107,76,%,B,30,1,"{D Well, } [ that, + that, ] - /","Well/UH ,/, that/DT ,/, that/DT ,/,",,
sw09utt/sw_0946_3107.utt,3/sw3107,3107,77,%,B,30,2,"yeah,  /","yeah/UH ,/,",,
sw09utt/sw_0946_3107.utt,3/sw3107,3107,78,sv,B,30,3,"[ that's, + that's ] the thing is [ how, + how ] flexible they are for comp time [ kinds of -- +","that/DT 's/BES ,/, that/DT 's/BES the/DT thing/NN is/VBZ how/WRB ,/, how/WRB flexible/JJ they/PRP are/VBP for/IN comp/JJ time/NN kinds/NNS of/IN --/:",,
sw09utt/sw_0946_3107.utt,3/sw3107,3107,79,b,A,31,1,Yeah. /,Yeah/UH ./.,,
sw09utt/sw_0946_3107.utt,3/sw3107,3107,80,+,B,32,1,-- kinds of ] things  /,--/: kinds/NNS of/IN things/NNS,,
sw09utt/sw_0946_3107.utt,3/sw3107,3107,81,%,B,32,2,"{C and, } {F uh, } {F uh, } that's [ [ the, + the, ] + the, ] {F uh, } - /","and/CC ,/, uh/UH ,/, uh/UH ,/, that/DT 's/BES the/DT ,/, the/DT ,/, the/DT ,/, uh/UH ,/,",,
sw09utt/sw_0946_3107.utt,3/sw3107,3107,82,%,B,32,3,yeah.  /,yeah/UH ./.,,
sw09utt/sw_0946_3107.utt,3/sw3107,3107,83,sd,B,32,4,"That's  [ a, + why it ] hasn't made all that much difference is because [ the, + with the ] civil service, that [ you could take, + you could take ] your vacation in increments of one hour -- /","That/DT 's/BES a/DT ,/, why/WRB it/PRP has/VBZ n't/RB made/VBN all/DT that/RB much/JJ difference/NN is/VBZ because/IN the/DT ,/, with/IN the/DT civil/JJ service/NN ,/, that/IN you/PRP could/MD take/VB ,/, you/PRP could/MD take/VB your/PRP$ vacation/NN in/IN increments/NNS of/IN one/CD hour/NN --/:",,
sw09utt/sw_0946_3107.utt,3/sw3107,3107,84,b,A,33,1,"{F Oh, } really. /","Oh/UH ,/, really/UH ./.",,
sw09utt/sw_0946_3107.utt,3/sw3107,3107,85,sd,B,34,1,"-- [ [ {C and, } + {F uh, } {C and, } ] + {C but, } ] {F uh, } there wasn't, {F uh, } anything as far as comp time,  /","--/: and/CC ,/, uh/UH ,/, and/CC ,/, but/CC ,/, uh/UH ,/, there/EX was/VBD n't/RB ,/, uh/UH ,/, anything/NN as/RB far/RB as/IN comp/JJ time/NN ,/,",,
sw09utt/sw_0946_3107.utt,3/sw3107,3107,86,sd,B,34,2,"{C so } you tend to dribble away a week of it a year, {F uh, } {D you know, } an hour here --","so/RB you/PRP tend/VBP to/TO dribble/VB away/RB a/DT week/NN of/IN it/PRP a/DT year/NN ,/, uh/UH ,/, you/PRP know/VBP ,/, an/DT hour/NN here/RB --/:",,
sw09utt/sw_0946_3107.utt,3/sw3107,3107,87,%,A,35,1,"Just, - /","Just/RB ,/,",,
sw09utt/sw_0946_3107.utt,3/sw3107,3107,88,%,A,35,2,yeah. /,yeah/UH ./.,,
sw09utt/sw_0946_3107.utt,3/sw3107,3107,89,+,B,36,1,-- a couple hours there kind of a thing. /,--/: a/DT couple/NN hours/NNS there/RB kind/NN of/IN a/DT thing/NN ./.,,
sw09utt/sw_0946_3107.utt,3/sw3107,3107,90,b,A,37,1,Yeah. /,Yeah/UH ./.,,
sw09utt/sw_0946_3107.utt,3/sw3107,3107,91,sv,B,38,1,"{F Uh, } whereas, {F uh, } here [ I, + {F uh, } things ] are free enough [ to, + that, ] {F uh, } [ the, + the ] actual vacation time per year probably [ isn't that, + isn't that ] much different,  /","Uh/UH ,/, whereas/IN ,/, uh/UH ,/, here/RB I/PRP ,/, uh/UH ,/, things/NNS are/VBP free/JJ enough/RB to/TO ,/, that/IN ,/, uh/UH ,/, the/DT ,/, the/DT actual/JJ vacation/NN time/NN per/FW year/NN probably/RB is/VBZ n't/RB that/RB ,/, is/VBZ n't/RB that/RB much/JJ different/JJ ,/,",,
sw09utt/sw_0946_3107.utt,3/sw3107,3107,92,%,B,38,2,"[ {C but, } + {F uh, }","but/CC ,/, uh/UH ,/,",,
sw09utt/sw_0946_3107.utt,3/sw3107,3107,93,sv,A,39,1,"[ [ That's, + {D well, } that's a -- ] +","That/DT 's/BES ,/, well/UH ,/, that/DT 's/BES a/DT --/:",,
sw09utt/sw_0946_3107.utt,3/sw3107,3107,94,+,B,40,1,"{C But, } ] {F uh, } -/","But/CC ,/, uh/UH ,/,",,
sw09utt/sw_0946_3107.utt,3/sw3107,3107,95,+,A,41,1,"-- that's ] reasonable, I think. /","--/: that/DT 's/BES reasonable/JJ ,/, I/PRP think/VBP ./.",,
sw09utt/sw_0946_3107.utt,3/sw3107,3107,96,aa,B,42,1,Yeah.  /,Yeah/UH ./.,,
sw09utt/sw_0946_3107.utt,3/sw3107,3107,97,%,B,42,2,"[ I think the, + I think the ] health insurance, - /","I/PRP think/VBP the/DT ,/, I/PRP think/VBP the/DT health/NN insurance/NN ,/,",,
sw09utt/sw_0946_3107.utt,3/sw3107,3107,98,sv,B,42,3,"I think [ that's, + that's ] going through changes everywhere to, {F uh, } - /","I/PRP think/VBP that/DT 's/BES ,/, that/DT 's/BES going/VBG through/IN changes/NNS everywhere/RB to/TO ,/, uh/UH ,/,",,
sw09utt/sw_0946_3107.utt,3/sw3107,3107,99,sd,B,42,4,"[ the, + they've, ] {F uh, } {F uh, } gone through a couple years ago here where they, {F uh, } will cover you much better if you go to their designated hospitals  /","the/DT ,/, they/PRP 've/VBP ,/, uh/UH ,/, uh/UH ,/, gone/VBN through/IN a/DT couple/NN years/NNS ago/RB here/RB where/WRB they/PRP ,/, uh/UH ,/, will/MD cover/VB you/PRP much/RB better/JJR if/IN you/PRP go/VBP to/IN their/PRP$ designated/VBN hospitals/NNS",,
sw09utt/sw_0946_3107.utt,3/sw3107,3107,100,sd,B,42,5,"{C and } now they're in the process of developing a list [ of, + of, ] {F uh, } designated doctors, {F uh, }  /","and/CC now/RB they/PRP 're/VBP in/IN the/DT process/NN of/IN developing/VBG a/DT list/NN of/IN ,/, of/IN ,/, uh/UH ,/, designated/VBN doctors/NNS ,/, uh/UH ,/,",,
sw09utt/sw_0946_3107.utt,3/sw3107,3107,101,sd,B,42,6,"{C so } that just routine visits, {F uh, } they will compensate much better for, if you go to their designated doctors. /","so/IN that/IN just/RB routine/JJ visits/NNS ,/, uh/UH ,/, they/PRP will/MD compensate/VB much/RB better/JJR for/IN ,/, if/IN you/PRP go/VBP to/IN their/PRP$ designated/VBN doctors/NNS ./.",,
sw09utt/sw_0946_3107.utt,3/sw3107,3107,102,b,A,43,1,Yeah. /,Yeah/UH ./.,,
sw09utt/sw_0946_3107.utt,3/sw3107,3107,103,%,B,44,1,"[ Which, + which, ] {F uh, } - /","Which/WDT ,/, which/WDT ,/, uh/UH ,/,",,
sw09utt/sw_0946_3107.utt,3/sw3107,3107,104,sd,B,44,2,"my assumption is that, that will not include my doctor since, {F uh, } he keeps real busy without having [ to, + to, ] {F uh, } -/","my/PRP$ assumption/NN is/VBZ that/IN ,/, that/DT will/MD not/RB include/VB my/PRP$ doctor/NN since/IN ,/, uh/UH ,/, he/PRP keeps/VBZ real/RB busy/JJ without/IN having/VBG to/TO ,/, to/TO ,/, uh/UH ,/,",,
sw09utt/sw_0946_3107.utt,3/sw3107,3107,105,^2,A,45,1,Weigh all sorts of other things. /,Weigh/VB all/DT sorts/NNS of/IN other/JJ things/NNS ./.,,
sw09utt/sw_0946_3107.utt,3/sw3107,3107,106,b,B,46,1,Yeah. /,Yeah/UH ./.,,
sw09utt/sw_0946_3107.utt,3/sw3107,3107,107,b^m,A,47,1,"Yeah,  /","Yeah/UH ,/,",,
sw09utt/sw_0946_3107.utt,3/sw3107,3107,108,sd,A,47,2,"I think, I was watching something the other day about that {D actually } on, {F uh, } a news special or something like that  /","I/PRP think/VBP ,/, I/PRP was/VBD watching/VBG something/NN the/DT other/JJ day/NN about/IN that/DT actually/UH on/IN ,/, uh/UH ,/, a/DT news/NN special/NN or/CC something/NN like/IN that/DT",,
sw09utt/sw_0946_3107.utt,3/sw3107,3107,109,sd,A,47,3,"{C and } they were saying how in some sense that, that's good because that makes health care affordable for everyone and [ makes, + {D you know, } lowers ] the cost of everything and all insurance  /","and/CC they/PRP were/VBD saying/VBG how/WRB in/IN some/DT sense/NN that/DT ,/, that/DT 's/BES good/JJ because/IN that/DT makes/VBZ health/NN care/NN affordable/JJ for/IN everyone/NN and/CC makes/VBZ ,/, you/PRP know/VBP ,/, lowers/VBZ the/DT cost/NN of/IN everything/NN and/CC all/DT insurance/NN",,
sw09utt/sw_0946_3107.utt,3/sw3107,3107,110,sd,A,47,4,"{C and } in other cases it's actually bad because it winds up people, {D you know, } [ don't get to, + they have ] much less of a choice in who they can use and stuff like that  /","and/CC in/IN other/JJ cases/NNS it/PRP 's/BES actually/RB bad/JJ because/IN it/PRP winds/VBZ up/RP people/NNS ,/, you/PRP know/VBP ,/, do/VBP n't/RB get/VB to/TO ,/, they/PRP have/VBP much/RB less/JJR of/IN a/DT choice/NN in/IN who/WP they/PRP can/MD use/VB and/CC stuff/NN like/IN that/DT",,
sw09utt/sw_0946_3107.utt,3/sw3107,3107,111,%,A,47,5,"{C so, } -/","so/RB ,/,",,
sw09utt/sw_0946_3107.utt,3/sw3107,3107,112,sv,B,48,1,"{D Well, } [ {C and, } + {C and } ] I think [ [ in the, + in the, ] + in the ] much bigger picture than, {F uh, } to some extent hospitals and doctors have some, {F uh, } fixed amount  /","Well/UH ,/, and/CC ,/, and/CC I/PRP think/VBP in/IN the/DT ,/, in/IN the/DT ,/, in/IN the/DT much/RB bigger/JJR picture/NN than/IN ,/, uh/UH ,/, to/IN some/DT extent/NN hospitals/NNS and/CC doctors/NNS have/VBP some/DT ,/, uh/UH ,/, fixed/JJ amount/NN",,
sw09utt/sw_0946_3107.utt,3/sw3107,3107,113,sv,B,48,2,"{C and, } [ if, + if ] you don't work for somebody that's got enough clout [ to, + to, ] {F uh, } {F uh, } [ give you, + {D you know, } give you ] these rates and make this agreement --","and/CC ,/, if/IN ,/, if/IN you/PRP do/VBP n't/RB work/VB for/IN somebody/NN that/WDT 's/HVS got/VBN enough/JJ clout/NN to/TO ,/, to/TO ,/, uh/UH ,/, uh/UH ,/, give/VB you/PRP ,/, you/PRP know/VBP ,/, give/VB you/PRP these/DT rates/NNS and/CC make/VB this/DT agreement/NN --/:",,
sw09utt/sw_0946_3107.utt,3/sw3107,3107,114,b,A,49,1,Uh-huh. /,Uh-huh/UH ./.,,
sw09utt/sw_0946_3107.utt,3/sw3107,3107,115,+,B,50,1,"-- then, {F uh, } you're not covered by that,  /","--/: then/RB ,/, uh/UH ,/, you/PRP 're/VBP not/RB covered/VBN by/IN that/DT ,/,",,
sw09utt/sw_0946_3107.utt,3/sw3107,3107,116,sv,B,50,2,"[ {C and, } + {C and } ] the added costs get passed on to you,  /","and/CC ,/, and/CC the/DT added/VBN costs/NNS get/VBP passed/VBN on/IN to/IN you/PRP ,/,",,
sw09utt/sw_0946_3107.utt,3/sw3107,3107,117,h,B,50,3,{C so } --,so/RB --/:,,
sw09utt/sw_0946_3107.utt,3/sw3107,3107,118,b,A,51,1,Right. /,Right/UH ./.,,
sw09utt/sw_0946_3107.utt,3/sw3107,3107,119,+,B,52,1,"-- {F uh, } [ I'm not, + I'm not ] sure,  /","--/: uh/UH ,/, I/PRP 'm/VBP not/RB ,/, I/PRP 'm/VBP not/RB sure/JJ ,/,",,
sw09utt/sw_0946_3107.utt,3/sw3107,3107,120,sv,B,52,2,"[ [ it, + my, ] + {F uh, } one of the phrases ] I use is [ that, + that ] it's moving towards, {F uh, } private socialized medicine.  That, {F uh, } in terms of the negatives [ [ of, + of ] + ] always heard in terms of socialized medicine, you have no choice on [ who you, + who you ] go to for a doctor and things like that, {F uh, } where it's the government that decides,  /","it/PRP ,/, my/PRP$ ,/, uh/UH ,/, one/CD of/IN the/DT phrases/NNS I/PRP use/VBP is/VBZ that/IN ,/, that/IN it/PRP 's/BES moving/VBG towards/IN ,/, uh/UH ,/, private/JJ socialized/VBN medicine/NN ./. That/DT ,/, uh/UH ,/, in/IN terms/NNS of/IN the/DT negatives/NNS of/IN ,/, of/IN always/RB heard/VBN in/IN terms/NNS of/IN socialized/VBN medicine/NN ,/, you/PRP have/VBP no/DT choice/NN on/IN who/WP you/PRP ,/, who/WP you/PRP go/VBP to/IN for/IN a/DT doctor/NN and/CC things/NNS like/IN that/DT ,/, uh/UH ,/, where/WRB it/PRP 's/BES the/DT government/NN that/WDT decides/VBZ ,/,",,
sw09utt/sw_0946_3107.utt,3/sw3107,3107,121,%,B,52,3,"here [ it's, + it's, ] {F uh, } -/","here/RB it/PRP 's/BES ,/, it/PRP 's/BES ,/, uh/UH ,/,",,
sw09utt/sw_0946_3107.utt,3/sw3107,3107,122,sv,A,53,1,"Least off, who decides. /","Least/JJS off/RP ,/, who/WP decides/VBZ ./.",,
sw09utt/sw_0946_3107.utt,3/sw3107,3107,123,aa,B,54,1,"Yeah,  /","Yeah/UH ,/,",,
sw09utt/sw_0946_3107.utt,3/sw3107,3107,124,sv,B,54,2,"{F uh, } [ [ [ {C and, } + {C but } it, ] + {C but }  it's [ the, + the ] same, ] + the effect is the same ] as the, - /","uh/UH ,/, and/CC ,/, but/CC it/PRP ,/, but/CC it/PRP 's/BES the/DT ,/, the/DT same/JJ ,/, the/DT effect/NN is/VBZ the/DT same/JJ as/IN the/DT ,/,",,
sw09utt/sw_0946_3107.utt,3/sw3107,3107,125,sv,B,54,3,"[ you, + you, ] {F uh, } get left out of the loop more.  /","you/PRP ,/, you/PRP ,/, uh/UH ,/, get/VBP left/VBN out/IN of/IN the/DT loop/NN more/RBR ./.",,
sw09utt/sw_0946_3107.utt,3/sw3107,3107,126,sv,B,54,4,"[ [ I, + I, ] + I ] know that their, {F uh, } idea is that, {F uh, } [ if, + if ] you have to pay a bigger share, [ you'll, + you'll ] be more careful about [ spending the, + spending the ] money [ and, + and ] helping hold down the costs -- /","I/PRP ,/, I/PRP ,/, I/PRP know/VBP that/IN their/PRP$ ,/, uh/UH ,/, idea/NN is/VBZ that/IN ,/, uh/UH ,/, if/IN ,/, if/IN you/PRP have/VBP to/TO pay/VB a/DT bigger/JJR share/NN ,/, you/PRP 'll/MD ,/, you/PRP 'll/MD be/VB more/RBR careful/JJ about/IN spending/VBG the/DT ,/, spending/VBG the/DT money/NN and/CC ,/, and/CC helping/VBG hold/VB down/RB the/DT costs/NNS --/:",,
sw09utt/sw_0946_3107.utt,3/sw3107,3107,127,b,A,55,1,Right. /,Right/UH ./.,,
sw09utt/sw_0946_3107.utt,3/sw3107,3107,128,h,B,56,1,"-- {C but, } {F uh, } [ [ I, + I, ] + I ] don't know,  /","--/: but/CC ,/, uh/UH ,/, I/PRP ,/, I/PRP ,/, I/PRP do/VBP n't/RB know/VB ,/,",,
sw09utt/sw_0946_3107.utt,3/sw3107,3107,129,sd,B,56,2,"[ in terms of, + in terms of, ] {F uh, } the health care, I, {F uh, } find [ that, + that, ] {F uh, } although [ I've, + I've ] been lucky enough to never have any big problems, [ {C but } + ] [ that, + that, ] {F uh, } the cost is not [ a, + a ] big factor.  /","in/IN terms/NNS of/IN ,/, in/IN terms/NNS of/IN ,/, uh/UH ,/, the/DT health/NN care/NN ,/, I/PRP ,/, uh/UH ,/, find/VBP that/IN ,/, that/IN ,/, uh/UH ,/, although/IN I/PRP 've/VBP ,/, I/PRP 've/VBP been/VBN lucky/JJ enough/RB to/TO never/RB have/VB any/DT big/JJ problems/NNS ,/, but/CC that/IN ,/, that/IN ,/, uh/UH ,/, the/DT cost/NN is/VBZ not/RB a/DT ,/, a/DT big/JJ factor/NN ./.",,
sw09utt/sw_0946_3107.utt,3/sw3107,3107,130,sd,B,56,3,"[ I want to, + I want to ] know if the doctor's doing the right thing to make me --","I/PRP want/VBP to/TO ,/, I/PRP want/VBP to/TO know/VB if/IN the/DT doctor/NN 's/BES doing/VBG the/DT right/JJ thing/NN to/TO make/VB me/PRP --/:",,
sw09utt/sw_0946_3107.utt,3/sw3107,3107,131,b,A,57,1,Right. /,Right/UH ./.,,
sw09utt/sw_0946_3107.utt,3/sw3107,3107,132,+,B,58,1,-- get better. /,--/: get/VB better/JJR ./.,,
sw09utt/sw_0946_3107.utt,3/sw3107,3107,133,sv,A,59,1,"You want to know [ [ that, + that, ] + that ] when you pick a doctor, {D you know, } [ you, + you -- ]","You/PRP want/VBP to/TO know/VB that/IN ,/, that/IN ,/, that/IN when/WRB you/PRP pick/VBP a/DT doctor/NN ,/, you/PRP know/VBP ,/, you/PRP ,/, you/PRP --/:",,
sw09utt/sw_0946_3107.utt,3/sw3107,3107,134,b,B,60,1,Yeah. /,Yeah/UH ./.,,
sw09utt/sw_0946_3107.utt,3/sw3107,3107,135,+,A,61,1,-- could pick one who you could have some sort of a --,--/: could/MD pick/VB one/CD who/WP you/PRP could/MD have/VB some/DT sort/NN of/IN a/DT --/:,,
sw09utt/sw_0946_3107.utt,3/sw3107,3107,136,aa,B,62,1,Yeah  /,Yeah/UH,,
sw09utt/sw_0946_3107.utt,3/sw3107,3107,137,%,B,62,2,"{C and, } -/","and/CC ,/,",,
sw09utt/sw_0946_3107.utt,3/sw3107,3107,138,+,A,63,1,-- feeling about.  /,--/: feeling/NN about/IN ./.,,
sw09utt/sw_0946_3107.utt,3/sw3107,3107,139,%,A,63,2,"Yeah,  /","Yeah/UH ,/,",,
sw09utt/sw_0946_3107.utt,3/sw3107,3107,140,%,A,63,3,"[ that, + that's ] the, -/","that/DT ,/, that/DT 's/BES the/DT ,/,",,
