swda_filename,ptb_basename,conversation_no,transcript_index,act_tag,caller,utterance_index,subutterance_index,text,pos,trees,ptb_treenumbers
sw09utt/sw_0983_3363.utt,3/sw3363,3363,0,o,A,1,1,"Okay,  /","Okay/UH ,/,",,
sw09utt/sw_0983_3363.utt,3/sw3363,3363,1,qw,A,1,2,what kind of car are you going to buy next? /,what/WP kind/NN of/IN car/NN are/VBP you/PRP going/VBG to/TO buy/VB next/RB ?/.,,
sw09utt/sw_0983_3363.utt,3/sw3363,3363,2,sd,B,2,1,"{D Well, } one of the cars I'm thinking about buying next is, {F uh, } a nice, safe, small car,  /","Well/UH ,/, one/CD of/IN the/DT cars/NNS I/PRP 'm/VBP thinking/VBG about/IN buying/VBG next/RB is/VBZ ,/, uh/UH ,/, a/DT nice/JJ ,/, safe/JJ ,/, small/JJ car/NN ,/,",,
sw09utt/sw_0983_3363.utt,3/sw3363,3363,3,sd,B,2,2,"{C but, } {F um, } {F uh, } the reason being, is we just purchased a van a little while ago because we have --","but/CC ,/, um/UH ,/, uh/UH ,/, the/DT reason/NN being/VBG ,/, is/VBZ we/PRP just/RB purchased/VBD a/DT van/NNP a/DT little/JJ while/NN ago/RB because/IN we/PRP have/VBP --/:",,
sw09utt/sw_0983_3363.utt,3/sw3363,3363,4,b,A,3,1,Uh-huh. /,Uh-huh/UH ./.,,
sw09utt/sw_0983_3363.utt,3/sw3363,3363,5,+,B,4,1,"-- a big family,  /","--/: a/DT big/JJ family/NN ,/,",,
sw09utt/sw_0983_3363.utt,3/sw3363,3363,6,sd,B,4,2,{C and } we use that to get back and forth and haul kids around and --,and/CC we/PRP use/VBP that/DT to/TO get/VB back/RB and/CC forth/RB and/CC haul/VB kids/NNS around/RB and/CC --/:,,
sw09utt/sw_0983_3363.utt,3/sw3363,3363,7,b,A,5,1,Uh-huh. /,Uh-huh/UH ./.,,
sw09utt/sw_0983_3363.utt,3/sw3363,3363,8,+,B,6,1,"-- so forth,  /","--/: so/RB forth/RB ,/,",,
sw09utt/sw_0983_3363.utt,3/sw3363,3363,9,sd,B,6,2,"{C and } we have another four door car that I drive to work,  /","and/CC we/PRP have/VBP another/DT four/CD door/NN car/NN that/WDT I/PRP drive/VBP to/IN work/NN ,/,",,
sw09utt/sw_0983_3363.utt,3/sw3363,3363,10,sv,B,6,3,{C and } I think it'd be more economical if I were able to  ((   ))  a smaller car --,and/CC I/PRP think/VBP it/PRP 'd/MD be/VB more/RBR economical/JJ if/IN I/PRP were/VBD able/JJ to/TO MUMBLEx/XX a/DT smaller/JJR car/NN --/:,,
sw09utt/sw_0983_3363.utt,3/sw3363,3363,11,b,A,7,1,Uh-huh. /,Uh-huh/UH ./.,,
sw09utt/sw_0983_3363.utt,3/sw3363,3363,12,+,B,8,1,"-- and, {F uh, } [ wouldn't be, + wouldn't ] cost much with gas. /","--/: and/CC ,/, uh/UH ,/, would/MD n't/RB be/VB ,/, would/MD n't/RB cost/VB much/JJ with/IN gas/NN ./.",,
sw09utt/sw_0983_3363.utt,3/sw3363,3363,13,aa,A,9,1,"That's true,  /","That/DT 's/BES true/JJ ,/,",,
sw09utt/sw_0983_3363.utt,3/sw3363,3363,14,aa^r,A,9,2,that's true. /,that/DT 's/BES true/JJ ./.,,
sw09utt/sw_0983_3363.utt,3/sw3363,3363,15,qw,B,10,1,"[ What, + what ] are you looking at? /","What/WP ,/, what/WP are/VBP you/PRP looking/VBG at/IN ?/.",,
sw09utt/sw_0983_3363.utt,3/sw3363,3363,16,nd,A,11,1,"{D Well, } I'm really not looking at anything for a while,  /","Well/UH ,/, I/PRP 'm/VBP really/RB not/RB looking/VBG at/IN anything/NN for/IN a/DT while/NN ,/,",,
sw09utt/sw_0983_3363.utt,3/sw3363,3363,17,sv,A,11,2,{C but } --,but/CC --/:,,
sw09utt/sw_0983_3363.utt,3/sw3363,3363,18,b,B,12,1,Uh-huh. /,Uh-huh/UH ./.,,
sw09utt/sw_0983_3363.utt,3/sw3363,3363,19,+,A,13,1,"-- {D you know, } when you're driving down the road you see all these pretty new ones that are out,  /","--/: you/PRP know/VBP ,/, when/WRB you/PRP 're/VBP driving/VBG down/IN the/DT road/NN you/PRP see/VBP all/PDT these/DT pretty/RB new/JJ ones/NNS that/WDT are/VBP out/RB ,/,",,
sw09utt/sw_0983_3363.utt,3/sw3363,3363,20,sv(^q),A,13,2,"{C and } you think, {F Oh, } {D well, } [ maybe, + maybe ] I would like a new car. /","and/CC you/PRP think/VBP ,/, Oh/UH ,/, well/UH ,/, maybe/RB ,/, maybe/RB I/PRP would/MD like/VB a/DT new/JJ car/NN ./.",,
sw09utt/sw_0983_3363.utt,3/sw3363,3363,21,b,B,14,1,"{F Oh, } yeah <laughter>. /","Oh/UH ,/, yeah/UH ./.",,
sw09utt/sw_0983_3363.utt,3/sw3363,3363,22,sd,A,15,1,{C But } I think I'll be driving mine about two or three more years anyway. /,But/CC I/PRP think/VBP I/PRP 'll/MD be/VB driving/VBG mine/PRP about/RB two/CD or/CC three/CD more/JJR years/NNS anyway/RB ./.,,
sw09utt/sw_0983_3363.utt,3/sw3363,3363,23,b,B,16,1,"{F Oh, } yes,  /","Oh/UH ,/, yes/UH ,/,",,
sw09utt/sw_0983_3363.utt,3/sw3363,3363,24,b^r,B,16,2,"{F oh, } yes. /","oh/UH ,/, yes/UH ./.",,
sw09utt/sw_0983_3363.utt,3/sw3363,3363,25,%,A,17,1,"{C But, } {F uh. } -/","But/CC ,/, uh/UH ./.",,
sw09utt/sw_0983_3363.utt,3/sw3363,3363,26,sv,B,18,1,"{D Well, } the cost of new cars recently are extremely outrageous for the -- -/","Well/UH ,/, the/DT cost/NN of/IN new/JJ cars/NNS recently/RB are/VBP extremely/RB outrageous/JJ for/IN the/DT --/:",,
sw09utt/sw_0983_3363.utt,3/sw3363,3363,27,aa,A,19,1,"Right,  /","Right/UH ,/,",,
sw09utt/sw_0983_3363.utt,3/sw3363,3363,28,aa,A,19,2,they are. /,they/PRP are/VBP ./.,,
sw09utt/sw_0983_3363.utt,3/sw3363,3363,29,x,B,20,1,--  ((   )) . -/,--/: MUMBLEx/XX ./.,,
sw09utt/sw_0983_3363.utt,3/sw3363,3363,30,sd,A,21,1,"I sure do like the looks of that new [ Mit-, + Mitsubishi ] Diamante. /","I/PRP sure/RB do/VBP like/VB the/DT looks/NNS of/IN that/DT new/JJ Mit-/NNP ,/, Mitsubishi/NNP Diamante/NNP ./.",,
sw09utt/sw_0983_3363.utt,3/sw3363,3363,31,b,B,22,1,"{F Oh, } yes,  /","Oh/UH ,/, yes/UH ,/,",,
sw09utt/sw_0983_3363.utt,3/sw3363,3363,32,b^r,B,22,2,"{F oh, } yes. /","oh/UH ,/, yes/UH ./.",,
sw09utt/sw_0983_3363.utt,3/sw3363,3363,33,sv,A,23,1,That is a pretty car. /,That/DT is/VBZ a/DT pretty/JJ car/NN ./.,,
sw09utt/sw_0983_3363.utt,3/sw3363,3363,34,sd,B,24,1,"<Laughter>  [ I'm, + {F uh, } I really like ] the looks also of the new Mazda --","I/PRP 'm/VBP ,/, uh/UH ,/, I/PRP really/RB like/VBP the/DT looks/NNS also/RB of/IN the/DT new/JJ Mazda/NNP --/:",,
sw09utt/sw_0983_3363.utt,3/sw3363,3363,35,b,A,25,1,"Uh-huh,  /","Uh-huh/UH ,/,",,
sw09utt/sw_0983_3363.utt,3/sw3363,3363,36,sv,A,25,2,"that's pretty, too. /","that/DT 's/BES pretty/RB ,/, too/RB ./.",,
sw09utt/sw_0983_3363.utt,3/sw3363,3363,37,+,B,26,1,"-- that they have,  /","--/: that/WDT they/PRP have/VBP ,/,",,
sw09utt/sw_0983_3363.utt,3/sw3363,3363,38,sd,B,26,2,"{C but } {F um, } [ I, + ] {F uh, } {D you know, } [ the, + the ] costs of a new car and  those new models are extremely out of our price range right now. /","but/CC um/UH ,/, I/PRP ,/, uh/UH ,/, you/PRP know/VBP ,/, the/DT ,/, the/DT costs/NNS of/IN a/DT new/JJ car/NN and/CC those/DT new/JJ models/NNS are/VBP extremely/RB out/IN of/IN our/PRP$ price/NN range/NN right/RB now/RB ./.",,
sw09utt/sw_0983_3363.utt,3/sw3363,3363,39,b,A,27,1,"Yeah,  /","Yeah/UH ,/,",,
sw09utt/sw_0983_3363.utt,3/sw3363,3363,40,sv,A,27,2,they get pretty expensive. /,they/PRP get/VBP pretty/RB expensive/JJ ./.,,
sw09utt/sw_0983_3363.utt,3/sw3363,3363,41,aa,B,28,1,"Yes,  /","Yes/UH ,/,",,
sw09utt/sw_0983_3363.utt,3/sw3363,3363,42,aa,B,28,2,they do. /,they/PRP do/VBP ./.,,
sw09utt/sw_0983_3363.utt,3/sw3363,3363,43,sd,A,29,1,"The last one I bought, I bought a, {F uh, } - /","The/DT last/JJ one/NN I/PRP bought/VBD ,/, I/PRP bought/VBD a/DT ,/, uh/UH ,/,",,
sw09utt/sw_0983_3363.utt,3/sw3363,3363,44,sd,A,29,2,"{D well, } [ it's a, + it's ] a Town Car,  /","well/UH ,/, it/PRP 's/BES a/DT ,/, it/PRP 's/BES a/DT Town/NNP Car/NNP ,/,",,
sw09utt/sw_0983_3363.utt,3/sw3363,3363,45,sd,A,29,3,"{C but } it was a demo, returned -- /","but/CC it/PRP was/VBD a/DT demo/NN ,/, returned/VBN --/:",,
sw09utt/sw_0983_3363.utt,3/sw3363,3363,46,b,B,30,1,Uh-huh. /,Uh-huh/UH ./.,,
sw09utt/sw_0983_3363.utt,3/sw3363,3363,47,sd,A,31,1,"-- {C and } I got it with {D like, } {D you know, } I think it was {D like } fourteen thousand miles on it --","--/: and/CC I/PRP got/VBD it/PRP with/IN like/UH ,/, you/PRP know/VBP ,/, I/PRP think/VBP it/PRP was/VBD like/UH fourteen/CD thousand/CD miles/NNS on/IN it/PRP --/:",,
sw09utt/sw_0983_3363.utt,3/sw3363,3363,48,b,B,32,1,Right. /,Right/UH ./.,,
sw09utt/sw_0983_3363.utt,3/sw3363,3363,49,+,A,33,1,"-- and nearly ten thousand dollars [ of-, + less ] than what the list price was. /","--/: and/CC nearly/RB ten/CD thousand/CD dollars/NNS of-/RP ,/, less/JJR than/IN what/WP the/DT list/NN price/NN was/VBD ./.",,
sw09utt/sw_0983_3363.utt,3/sw3363,3363,50,sv,B,34,1,"<Laughter> {D Well, } you can't go wrong with that kind of opportunity. /","Well/UH ,/, you/PRP ca/MD n't/RB go/VB wrong/RB with/IN that/DT kind/NN of/IN opportunity/NN ./.",,
sw09utt/sw_0983_3363.utt,3/sw3363,3363,51,sd,A,35,1,"{C So } I was really pleased to find that,  /","So/RB I/PRP was/VBD really/RB pleased/JJ to/TO find/VB that/DT ,/,",,
sw09utt/sw_0983_3363.utt,3/sw3363,3363,52,sd,A,35,2,"[ {C and } I + then, I ] bought it for cheaper,  /","and/CC I/PRP then/RB ,/, I/PRP bought/VBD it/PRP for/IN cheaper/JJR ,/,",,
sw09utt/sw_0983_3363.utt,3/sw3363,3363,53,sd,A,35,3,"I was looking at a Honda Accord, a brand new one -- /","I/PRP was/VBD looking/VBG at/IN a/DT Honda/NNP Accord/NNP ,/, a/DT brand/RB new/JJ one/NN --/:",,
sw09utt/sw_0983_3363.utt,3/sw3363,3363,54,b,B,36,1,Yes. /,Yes/UH ./.,,
sw09utt/sw_0983_3363.utt,3/sw3363,3363,55,sd,A,37,1,"-- {C and } I bought [ [ this, + {F uh, } the, ] + the ] Lincoln Town Car for just a little less money than what I was going to buy the new Honda Accord. /","--/: and/CC I/PRP bought/VBD this/DT ,/, uh/UH ,/, the/DT ,/, the/DT Lincoln/NNP Town/NNP Car/NNP for/IN just/RB a/DT little/RB less/JJR money/NN than/IN what/WP I/PRP was/VBD going/VBG to/TO buy/VB the/DT new/JJ Honda/NNP Accord/NNP ./.",,
sw09utt/sw_0983_3363.utt,3/sw3363,3363,56,ba,B,38,1,Wow.  /,Wow/UH ./.,,
sw09utt/sw_0983_3363.utt,3/sw3363,3363,57,sv,B,38,2,"{D Well, } you get a much bigger, better --","Well/UH ,/, you/PRP get/VBP a/DT much/RB bigger/JJR ,/, better/JJR --/:",,
sw09utt/sw_0983_3363.utt,3/sw3363,3363,58,sd,A,39,1,{C And } the thing about it is --,And/CC the/DT thing/NN about/IN it/PRP is/VBZ --/:,,
sw09utt/sw_0983_3363.utt,3/sw3363,3363,59,+,B,40,1,-- comfortable ride. /,--/: comfortable/JJ ride/NN ./.,,
sw09utt/sw_0983_3363.utt,3/sw3363,3363,60,+,A,41,1,"-- they give you [ that ten, {F uh, } +","--/: they/PRP give/VBP you/PRP that/DT ten/CD ,/, uh/UH ,/,",,
sw09utt/sw_0983_3363.utt,3/sw3363,3363,61,x,B,42,1,<Throat_clearing>.,,,
sw09utt/sw_0983_3363.utt,3/sw3363,3363,62,+,A,43,1,"that hundred thousand ] [ mi-, + mile, ] five year warranty --","that/DT hundred/CD thousand/CD mi-/NN ,/, mile/NN ,/, five/CD year/NN warranty/NN --/:",,
sw09utt/sw_0983_3363.utt,3/sw3363,3363,63,b,B,44,1,Yes. /,Yes/UH ./.,,
sw09utt/sw_0983_3363.utt,3/sw3363,3363,64,+,A,45,1,-- where it only costs you twenty-five dollars to have anything repaired. /,--/: where/WRB it/PRP only/RB costs/VBZ you/PRP twenty-five/CD dollars/NNS to/TO have/VB anything/NN repaired/VBN ./.,,
sw09utt/sw_0983_3363.utt,3/sw3363,3363,65,ba,B,46,1,"{D Well, } that's fantastic.  /","Well/UH ,/, that/DT 's/BES fantastic/JJ ./.",,
sw09utt/sw_0983_3363.utt,3/sw3363,3363,66,ba,B,46,2,"That's real, real good. /","That/DT 's/BES real/RB ,/, real/RB good/JJ ./.",,
sw09utt/sw_0983_3363.utt,3/sw3363,3363,67,sd,A,47,1,"{C So, } {F uh, } I have really been impressed.  /","So/RB ,/, uh/UH ,/, I/PRP have/VBP really/RB been/VBN impressed/VBN ./.",,
sw09utt/sw_0983_3363.utt,3/sw3363,3363,68,sd(^q),A,47,2,"I said, I probably never be able,","I/PRP said/VBD ,/, I/PRP probably/RB never/RB be/VB able/JJ ,/,",,
sw09utt/sw_0983_3363.utt,3/sw3363,3363,69,x,B,48,1,<Laughter>.,,,
sw09utt/sw_0983_3363.utt,3/sw3363,3363,70,+,A,49,1,"to find another one that I can afford, {D you know. } /","to/TO find/VB another/DT one/CD that/WDT I/PRP can/MD afford/VB ,/, you/PRP know/VBP ./.",,
sw09utt/sw_0983_3363.utt,3/sw3363,3363,71,aa,B,50,1,"No,  /","No/UH ,/,",,
sw09utt/sw_0983_3363.utt,3/sw3363,3363,72,%,B,50,2,"do you, -/","do/VBP you/PRP ,/,",,
sw09utt/sw_0983_3363.utt,3/sw3363,3363,73,sd,A,51,1,"{C But } I have loved this car better than anything I've ever driven, because you can go on the road and get there  /","But/CC I/PRP have/VBP loved/VBN this/DT car/NN better/RBR than/IN anything/NN I/PRP 've/VBP ever/RB driven/VBN ,/, because/IN you/PRP can/MD go/VB on/IN the/DT road/NN and/CC get/VB there/RB",,
sw09utt/sw_0983_3363.utt,3/sw3363,3363,74,sd,A,51,2,{C and } you're not even tired. /,and/CC you/PRP 're/VBP not/RB even/RB tired/JJ ./.,,
sw09utt/sw_0983_3363.utt,3/sw3363,3363,75,qy^g,B,52,1,"Very comfortable, smooth ride, {F huh. } /","Very/RB comfortable/JJ ,/, smooth/JJ ride/NN ,/, huh/UH ./.",,
sw09utt/sw_0983_3363.utt,3/sw3363,3363,76,sd,A,53,1,{C And } it gets like twenty-six miles to the gallon on the road. /,And/CC it/PRP gets/VBZ like/UH twenty-six/CD miles/NNS to/IN the/DT gallon/NN on/IN the/DT road/NN ./.,,
sw09utt/sw_0983_3363.utt,3/sw3363,3363,77,bh,B,54,1,"{F Oh, } it does? /","Oh/UH ,/, it/PRP does/VBZ ?/.",,
sw09utt/sw_0983_3363.utt,3/sw3363,3363,78,na,A,55,1,It sure does. /,It/PRP sure/RB does/VBZ ./.,,
sw09utt/sw_0983_3363.utt,3/sw3363,3363,79,sv,B,56,1,"[ That's, + that's ] unbelievable for that size of car. /","That/DT 's/BES ,/, that/DT 's/BES unbelievable/JJ for/IN that/DT size/NN of/IN car/NN ./.",,
sw09utt/sw_0983_3363.utt,3/sw3363,3363,80,sd,A,57,1,"[ I, + they ] kept telling me that,  /","I/PRP ,/, they/PRP kept/VBD telling/VBG me/PRP that/DT ,/,",,
sw09utt/sw_0983_3363.utt,3/sw3363,3363,81,sd(^q),A,57,2,"{C and } I thought they're crazy, /","and/CC I/PRP thought/VBD they/PRP 're/VBP crazy/JJ ,/,",,
sw09utt/sw_0983_3363.utt,3/sw3363,3363,82,x,B,58,1,<Laughter>.,,,
sw09utt/sw_0983_3363.utt,3/sw3363,3363,83,sd,A,59,1,"{C so } [ the week after I got it, + {D well, } {D actually } before I signed the papers on it, ] I took it over to Boozier City -- /","so/RB the/DT week/NN after/IN I/PRP got/VBD it/PRP ,/, well/UH ,/, actually/UH before/IN I/PRP signed/VBD the/DT papers/NNS on/IN it/PRP ,/, I/PRP took/VBD it/PRP over/IN to/IN Boozier/NNP City/NNP --/:",,
sw09utt/sw_0983_3363.utt,3/sw3363,3363,84,b,B,60,1,Yes. /,Yes/UH ./.,,
sw09utt/sw_0983_3363.utt,3/sw3363,3363,85,sd,A,61,1,-- {C and } it did it. /,--/: and/CC it/PRP did/VBD it/PRP ./.,,
sw09utt/sw_0983_3363.utt,3/sw3363,3363,86,ba,B,62,1,Wow.  /,Wow/UH ./.,,
sw09utt/sw_0983_3363.utt,3/sw3363,3363,87,ba,B,62,2,That's great. /,That/DT 's/BES great/JJ ./.,,
sw09utt/sw_0983_3363.utt,3/sw3363,3363,88,%,A,63,1,"{C But } it's, {F uh, } -/","But/CC it/PRP 's/BES ,/, uh/UH ,/,",,
sw09utt/sw_0983_3363.utt,3/sw3363,3363,89,ba^r,B,64,1,That's great.  /,That/DT 's/BES great/JJ ./.,,
sw09utt/sw_0983_3363.utt,3/sw3363,3363,90,sd,B,64,2,"That kind of gas mileage, {F uh, } [ we're, + we're ] kind of hoping for on our van. /","That/DT kind/NN of/IN gas/NN mileage/NN ,/, uh/UH ,/, we/PRP 're/VBP ,/, we/PRP 're/VBP kind/RB of/RB hoping/VBG for/IN on/IN our/PRP$ van/NNP ./.",,
sw09utt/sw_0983_3363.utt,3/sw3363,3363,91,b,A,65,1,Yeah.  /,Yeah/UH ./.,,
sw09utt/sw_0983_3363.utt,3/sw3363,3363,92,sd,A,65,2,"{D Well, } that's kind of what we've always been told, {D you know, } they'll do,  /","Well/UH ,/, that/DT 's/BES kind/RB of/RB what/WP we/PRP 've/VBP always/RB been/VBN told/VBN ,/, you/PRP know/VBP ,/, they/PRP 'll/MD do/VB ,/,",,
sw09utt/sw_0983_3363.utt,3/sw3363,3363,93,sd,A,65,3,"{C and then } we hope for it,  /","and/CC then/RB we/PRP hope/VBP for/IN it/PRP ,/,",,
sw09utt/sw_0983_3363.utt,3/sw3363,3363,94,sd,A,65,4,{C and } it never happens -- /,and/CC it/PRP never/RB happens/VBZ --/:,,
sw09utt/sw_0983_3363.utt,3/sw3363,3363,95,b,B,66,1,Uh-huh. /,Uh-huh/UH ./.,,
sw09utt/sw_0983_3363.utt,3/sw3363,3363,96,sd,A,67,1,"-- {C but } [ it really, + it ] does get good gas mileage. /","--/: but/CC it/PRP really/RB ,/, it/PRP does/VBZ get/VB good/JJ gas/NN mileage/NN ./.",,
sw09utt/sw_0983_3363.utt,3/sw3363,3363,97,ba,B,68,1,"{D Well, } that's excellent. /","Well/UH ,/, that/DT 's/BES excellent/JJ ./.",,
sw09utt/sw_0983_3363.utt,3/sw3363,3363,98,sd,A,69,1,"Most of the time when I don't go anywhere I can drive it for {D like } three weeks [ from + to ] and from work, {D you know, } and then fill it up,  /","Most/JJS of/IN the/DT time/NN when/WRB I/PRP do/VBP n't/RB go/VB anywhere/RB I/PRP can/MD drive/VB it/PRP for/IN like/UH three/CD weeks/NNS from/IN to/IN and/CC from/IN work/NN ,/, you/PRP know/VBP ,/, and/CC then/RB fill/VB it/PRP up/RP ,/,",,
sw09utt/sw_0983_3363.utt,3/sw3363,3363,99,%,A,69,2,{C so. } -/,so/RB ./.,,
sw09utt/sw_0983_3363.utt,3/sw3363,3363,100,b,B,70,1,Uh-huh.  /,Uh-huh/UH ./.,,
sw09utt/sw_0983_3363.utt,3/sw3363,3363,101,qy,B,70,2,"[ [ Do you, + {F uh, } do, ] + does it, ] {F uh, } need a lot of repairs?  /","Do/VBP you/PRP ,/, uh/UH ,/, do/VBP ,/, does/VBZ it/PRP ,/, uh/UH ,/, need/VB a/DT lot/NN of/IN repairs/NNS ?/.",,
sw09utt/sw_0983_3363.utt,3/sw3363,3363,102,qy,B,70,3,Is it a very reliable kind of car? /,Is/VBZ it/PRP a/DT very/RB reliable/JJ kind/NN of/IN car/NN ?/.,,
sw09utt/sw_0983_3363.utt,3/sw3363,3363,103,sd,A,71,1,"I haven't had anything, /","I/PRP have/VBP n't/RB had/VBN anything/NN ,/,",,
sw09utt/sw_0983_3363.utt,3/sw3363,3363,104,x,B,72,1,<Laughter>.,,,
sw09utt/sw_0983_3363.utt,3/sw3363,3363,105,sd,A,73,1,"I've taken it in twice for {D like } just really minor things,  /","I/PRP 've/VBP taken/VBN it/PRP in/RB twice/RB for/IN like/UH just/RB really/RB minor/JJ things/NNS ,/,",,
sw09utt/sw_0983_3363.utt,3/sw3363,3363,106,sd,A,73,2,{C and } it cost me the twenty-five dollars.  /,and/CC it/PRP cost/VBD me/PRP the/DT twenty-five/CD dollars/NNS ./.,,
sw09utt/sw_0983_3363.utt,3/sw3363,3363,107,sd,A,73,3,"[ The, + ] {F uh, } really something really silly when we first got it,  /","The/DT ,/, uh/UH ,/, really/RB something/NN really/RB silly/JJ when/WRB we/PRP first/RB got/VBD it/PRP ,/,",,
sw09utt/sw_0983_3363.utt,3/sw3363,3363,108,sd,A,73,4,"we couldn't get the light, - /","we/PRP could/MD n't/RB get/VB the/DT light/NN ,/,",,
sw09utt/sw_0983_3363.utt,3/sw3363,3363,109,sd,A,73,5,they have all these lights in the car -- /,they/PRP have/VBP all/PDT these/DT lights/NNS in/IN the/DT car/NN --/:,,
sw09utt/sw_0983_3363.utt,3/sw3363,3363,110,b,B,74,1,Yes. /,Yes/UH ./.,,
sw09utt/sw_0983_3363.utt,3/sw3363,3363,111,sd,A,75,1,-- {C and } it has this fancy little light that gives you a reading light for the passengers in the back seat -- /,--/: and/CC it/PRP has/VBZ this/DT fancy/JJ little/JJ light/NN that/WDT gives/VBZ you/PRP a/DT reading/NN light/NN for/IN the/DT passengers/NNS in/IN the/DT back/JJ seat/NN --/:,,
sw09utt/sw_0983_3363.utt,3/sw3363,3363,112,b,B,76,1,Yes. /,Yes/UH ./.,,
sw09utt/sw_0983_3363.utt,3/sw3363,3363,113,sd,A,77,1,-- {C and } we couldn't get the light to turn off. /,--/: and/CC we/PRP could/MD n't/RB get/VB the/DT light/NN to/TO turn/VB off/RB ./.,,
sw09utt/sw_0983_3363.utt,3/sw3363,3363,114,b,B,78,1,{F Um. } /,Um/UH ./.,,
sw09utt/sw_0983_3363.utt,3/sw3363,3363,115,sd,A,79,1,"{C And } we kept trying, {D you know, }  /","And/CC we/PRP kept/VBD trying/VBG ,/, you/PRP know/VBP ,/,",,
sw09utt/sw_0983_3363.utt,3/sw3363,3363,116,sd,A,79,2,"{C and } we went out to dinner with some friends,  /","and/CC we/PRP went/VBD out/IN to/IN dinner/NN with/IN some/DT friends/NNS ,/,",,
sw09utt/sw_0983_3363.utt,3/sw3363,3363,117,sd,A,79,3,"{C and } it stayed on all night, {D you know } --","and/CC it/PRP stayed/VBD on/RB all/DT night/NN ,/, you/PRP know/VBP --/:",,
sw09utt/sw_0983_3363.utt,3/sw3363,3363,118,ba,B,80,1,{F Oh } dear. /,Oh/UH dear/UH ./.,,
sw09utt/sw_0983_3363.utt,3/sw3363,3363,119,+,A,81,1,"-- just shining right down on them, {D you know } -- /","--/: just/RB shining/VBG right/RB down/RB on/IN them/PRP ,/, you/PRP know/VBP --/:",,
sw09utt/sw_0983_3363.utt,3/sw3363,3363,120,ba,B,82,1,{F Oh } dear <laughter>. /,Oh/UH dear/UH ./.,,
sw09utt/sw_0983_3363.utt,3/sw3363,3363,121,sd,A,83,1,"-- {C and } we couldn't get it to turn off,  /","--/: and/CC we/PRP could/MD n't/RB get/VB it/PRP to/TO turn/VB off/RB ,/,",,
sw09utt/sw_0983_3363.utt,3/sw3363,3363,122,sd,A,83,2,{C and } the next day my husband goes out there  /,and/CC the/DT next/JJ day/NN my/PRP$ husband/NN goes/VBZ out/IN there/RB,,
sw09utt/sw_0983_3363.utt,3/sw3363,3363,123,sd,A,83,3,"{C and } he tries to get it off,  /","and/CC he/PRP tries/VBZ to/TO get/VB it/PRP off/RB ,/,",,
sw09utt/sw_0983_3363.utt,3/sw3363,3363,124,sd,A,83,4,"we turn the knob, {D you know, } in the front that's supposed to turn the --","we/PRP turn/VBP the/DT knob/NN ,/, you/PRP know/VBP ,/, in/IN the/DT front/NN that/WDT 's/BES supposed/VBN to/TO turn/VB the/DT --/:",,
sw09utt/sw_0983_3363.utt,3/sw3363,3363,125,b,B,84,1,Uh-huh. /,Uh-huh/UH ./.,,
sw09utt/sw_0983_3363.utt,3/sw3363,3363,126,+,A,85,1,-- lights on and off  /,--/: lights/NNS on/RB and/CC off/RB,,
sw09utt/sw_0983_3363.utt,3/sw3363,3363,127,sd,A,85,2,{C and } --,and/CC --/:,,
sw09utt/sw_0983_3363.utt,3/sw3363,3363,128,b,B,86,1,Uh-huh. /,Uh-huh/UH ./.,,
sw09utt/sw_0983_3363.utt,3/sw3363,3363,129,+,A,87,1,"-- we turned everything we could,  /","--/: we/PRP turned/VBD everything/NN we/PRP could/MD ,/,",,
sw09utt/sw_0983_3363.utt,3/sw3363,3363,130,sd,A,87,2,"{C and } he took it in,  /","and/CC he/PRP took/VBD it/PRP in/RB ,/,",,
sw09utt/sw_0983_3363.utt,3/sw3363,3363,131,sd(^q),A,87,3,"{C and } they said, {D you know, } you just have to press the switch.  /","and/CC they/PRP said/VBD ,/, you/PRP know/VBP ,/, you/PRP just/RB have/VBP to/TO press/VB the/DT switch/NN ./.",,
sw09utt/sw_0983_3363.utt,3/sw3363,3363,132,sd(^q),A,87,4,"He says, I've pressed every switch in that car,  /","He/PRP says/VBZ ,/, I/PRP 've/VBP pressed/VBN every/DT switch/NN in/IN that/DT car/NN ,/,",,
sw09utt/sw_0983_3363.utt,3/sw3363,3363,133,^q,A,87,5,"{C and } I can't get the light off, /","and/CC I/PRP ca/MD n't/RB get/VB the/DT light/NN off/RB ,/,",,
sw09utt/sw_0983_3363.utt,3/sw3363,3363,134,x,B,88,1,<Laughter>.,,,
sw09utt/sw_0983_3363.utt,3/sw3363,3363,135,^q,A,89,1,it's broken. /,it/PRP 's/BES broken/JJ ./.,,
sw09utt/sw_0983_3363.utt,3/sw3363,3363,136,b,B,90,1,Yes. /,Yes/UH ./.,,
sw09utt/sw_0983_3363.utt,3/sw3363,3363,137,sd,A,91,1,"{C So } they took it in and charged us the twenty-five dollars,  /","So/RB they/PRP took/VBD it/PRP in/RB and/CC charged/VBD us/PRP the/DT twenty-five/CD dollars/NNS ,/,",,
sw09utt/sw_0983_3363.utt,3/sw3363,3363,138,sd,A,91,2,"{C and } they called and told us though, that all you have to do is turn the off switch,  /","and/CC they/PRP called/VBD and/CC told/VBD us/PRP though/RB ,/, that/IN all/DT you/PRP have/VBP to/TO do/VB is/VBZ turn/VB the/DT off/RP switch/NN ,/,",,
sw09utt/sw_0983_3363.utt,3/sw3363,3363,139,sd,A,91,3,{C and } they showed us where the switch was. /,and/CC they/PRP showed/VBD us/PRP where/WRB the/DT switch/NN was/VBD ./.,,
sw09utt/sw_0983_3363.utt,3/sw3363,3363,140,bf,B,92,1,"They charged you twenty-five dollars just to tell you that, {F huh. } /","They/PRP charged/VBD you/PRP twenty-five/CD dollars/NNS just/RB to/TO tell/VB you/PRP that/DT ,/, huh/UH ./.",,
sw09utt/sw_0983_3363.utt,3/sw3363,3363,141,aa,A,93,1,"[ They, + they ] thought there was really something wrong with it when he told them he had already done the switch. /","They/PRP ,/, they/PRP thought/VBD there/EX was/VBD really/RB something/NN wrong/JJ with/IN it/PRP when/WRB he/PRP told/VBD them/PRP he/PRP had/VBD already/RB done/VBN the/DT switch/NN ./.",,
sw09utt/sw_0983_3363.utt,3/sw3363,3363,142,b,B,94,1,"Uh-huh,  /","Uh-huh/UH ,/,",,
sw09utt/sw_0983_3363.utt,3/sw3363,3363,143,qy^d,B,94,2,"{F oh, } {C so } they probably went through the, -/","oh/UH ,/, so/RB they/PRP probably/RB went/VBD through/IN the/DT ,/,",,
sw09utt/sw_0983_3363.utt,3/sw3363,3363,144,sd,A,95,1,"{C But } [ he hadn't, + he hadn't ] done the right one. /","But/CC he/PRP had/VBD n't/RB ,/, he/PRP had/VBD n't/RB done/VBN the/DT right/JJ one/NN ./.",,
sw09utt/sw_0983_3363.utt,3/sw3363,3363,145,b,B,96,1,I see <cough>. /,I/PRP see/VBP ./.,,
sw09utt/sw_0983_3363.utt,3/sw3363,3363,146,sd,A,97,1,{C And } it's right on the arm rest in the back -- /,And/CC it/PRP 's/BES right/RB on/IN the/DT arm/NN rest/NN in/IN the/DT back/NN --/:,,
sw09utt/sw_0983_3363.utt,3/sw3363,3363,147,b,B,98,1,Uh-huh. /,Uh-huh/UH ./.,,
sw09utt/sw_0983_3363.utt,3/sw3363,3363,148,sd,A,99,1,-- {C and } we didn't know it was there. /,--/: and/CC we/PRP did/VBD n't/RB know/VB it/PRP was/VBD there/RB ./.,,
sw09utt/sw_0983_3363.utt,3/sw3363,3363,149,b,B,100,1,"{F Oh, } okay. /","Oh/UH ,/, okay/UH ./.",,
sw09utt/sw_0983_3363.utt,3/sw3363,3363,150,sd,A,101,1,{C And } the guy hit it with his arm when he got in the car -- /,And/CC the/DT guy/NN hit/VBD it/PRP with/IN his/PRP$ arm/NN when/WRB he/PRP got/VBD in/IN the/DT car/NN --/:,,
sw09utt/sw_0983_3363.utt,3/sw3363,3363,151,qy^d,B,102,1,And found it right away. /,And/CC found/VBD it/PRP right/RB away/RB ./.,,
sw09utt/sw_0983_3363.utt,3/sw3363,3363,152,sd,A,103,1,"-- <Laughter> {C and so } we thought, {D you know, } [ [ there, + there was, ] + it was ] broken. /","--/: and/CC so/RB we/PRP thought/VBD ,/, you/PRP know/VBP ,/, there/EX ,/, there/EX was/VBD ,/, it/PRP was/VBD broken/JJ ./.",,
sw09utt/sw_0983_3363.utt,3/sw3363,3363,153,b,B,104,1,Uh-huh. /,Uh-huh/UH ./.,,
sw09utt/sw_0983_3363.utt,3/sw3363,3363,154,%,A,105,1,"{C But } we've had just, {F uh, } - /","But/CC we/PRP 've/VBP had/VBN just/RB ,/, uh/UH ,/,",,
sw09utt/sw_0983_3363.utt,3/sw3363,3363,155,sd,A,105,2,I guess it's been in two times.  /,I/PRP guess/VBP it/PRP 's/HVS been/VBN in/IN two/CD times/NNS ./.,,
sw09utt/sw_0983_3363.utt,3/sw3363,3363,156,sd,A,105,3,I've had it three years now. /,I/PRP 've/VBP had/VBN it/PRP three/CD years/NNS now/RB ./.,,
sw09utt/sw_0983_3363.utt,3/sw3363,3363,157,b,B,106,1,Yes. /,Yes/UH ./.,,
sw09utt/sw_0983_3363.utt,3/sw3363,3363,158,sd,A,107,1,"{C And, } {F uh, } it's been in two, maybe three times.  /","And/CC ,/, uh/UH ,/, it/PRP 's/HVS been/VBN in/IN two/CD ,/, maybe/RB three/CD times/NNS ./.",,
sw09utt/sw_0983_3363.utt,3/sw3363,3363,159,sd,A,107,2,{C But } it's just been real minor things. /,But/CC it/PRP 's/HVS just/RB been/VBN real/RB minor/JJ things/NNS ./.,,
sw09utt/sw_0983_3363.utt,3/sw3363,3363,160,sv,B,108,1,"{D Well, } I think that, {F uh, } you have an excellent deal then,  /","Well/UH ,/, I/PRP think/VBP that/IN ,/, uh/UH ,/, you/PRP have/VBP an/DT excellent/JJ deal/NN then/RB ,/,",,
sw09utt/sw_0983_3363.utt,3/sw3363,3363,161,sv,B,108,2,"{C and } [ the, + the ] company is able probably to offer that kind of warranty on the car because they know it's so well built that they don't expect any kind of major repairs --","and/CC the/DT ,/, the/DT company/NN is/VBZ able/JJ probably/RB to/TO offer/VB that/DT kind/NN of/IN warranty/NN on/IN the/DT car/NN because/IN they/PRP know/VBP it/PRP 's/BES so/RB well/RB built/VBN that/IN they/PRP do/VBP n't/RB expect/VB any/DT kind/NN of/IN major/JJ repairs/NNS --/:",,
sw09utt/sw_0983_3363.utt,3/sw3363,3363,162,aa,A,109,1,That's right. /,That/DT 's/BES right/JJ ./.,,
sw09utt/sw_0983_3363.utt,3/sw3363,3363,163,+,B,110,1,-- whereas with an awful lot of other lower quality cars you would be getting repairs after repair after repair -- /,--/: whereas/IN with/IN an/DT awful/JJ lot/NN of/IN other/JJ lower/JJR quality/NN cars/NNS you/PRP would/MD be/VB getting/VBG repairs/NNS after/IN repair/NN after/IN repair/NN --/:,,
sw09utt/sw_0983_3363.utt,3/sw3363,3363,164,b,A,111,1,Uh-huh. /,Uh-huh/UH ./.,,
sw09utt/sw_0983_3363.utt,3/sw3363,3363,165,sv,B,112,1,"-- {C and } those companies wouldn't be able to afford that for that kind of extended warranty or warranty at all,  /","--/: and/CC those/DT companies/NNS would/MD n't/RB be/VB able/JJ to/TO afford/VB that/DT for/IN that/DT kind/NN of/IN extended/JJ warranty/NN or/CC warranty/NN at/IN all/DT ,/,",,
sw09utt/sw_0983_3363.utt,3/sw3363,3363,166,%,B,112,2,{C so. } -/,so/RB ./.,,
sw09utt/sw_0983_3363.utt,3/sw3363,3363,167,aa,A,113,1,That's right.  /,That/DT 's/BES right/JJ ./.,,
sw09utt/sw_0983_3363.utt,3/sw3363,3363,168,sd,A,113,2,"{C But } [ it's really, + it's been ] an enjoyable car.  /","But/CC it/PRP 's/HVS really/RB ,/, it/PRP 's/HVS been/VBN an/DT enjoyable/JJ car/NN ./.",,
sw09utt/sw_0983_3363.utt,3/sw3363,3363,169,sd,A,113,3,"Like I say, I'll probably never be able to have another one, because I think we bought it for about sixteen thousand, {D you know } -- /","Like/IN I/PRP say/VBP ,/, I/PRP 'll/MD probably/RB never/RB be/VB able/JJ to/TO have/VB another/DT one/NN ,/, because/IN I/PRP think/VBP we/PRP bought/VBD it/PRP for/IN about/RB sixteen/CD thousand/CD ,/, you/PRP know/VBP --/:",,
sw09utt/sw_0983_3363.utt,3/sw3363,3363,170,b,B,114,1,Yes <cough>. /,Yes/UH ./.,,
sw09utt/sw_0983_3363.utt,3/sw3363,3363,171,sv,A,115,1,"-- {C and } I said, I'll never find another one for that price. /","--/: and/CC I/PRP said/VBD ,/, I/PRP 'll/MD never/RB find/VB another/DT one/NN for/IN that/DT price/NN ./.",,
sw09utt/sw_0983_3363.utt,3/sw3363,3363,172,aa,B,116,1,"No, <cough>  /","No/UH ,/,",,
sw09utt/sw_0983_3363.utt,3/sw3363,3363,173,aa,B,116,2,not at all. /,not/RB at/IN all/DT ./.,,
sw09utt/sw_0983_3363.utt,3/sw3363,3363,174,sv,A,117,1,"{C And } they keep going up,  /","And/CC they/PRP keep/VBP going/VBG up/RB ,/,",,
sw09utt/sw_0983_3363.utt,3/sw3363,3363,175,sd,A,117,2,"{C so } I'll have to enjoy it, /","so/RB I/PRP 'll/MD have/VB to/TO enjoy/VB it/PRP ,/,",,
