swda_filename,ptb_basename,conversation_no,transcript_index,act_tag,caller,utterance_index,subutterance_index,text,pos,trees,ptb_treenumbers
sw09utt/sw_0900_2339.utt,2/sw2339,2339,0,o,A,1,1,Okay.  /,Okay/UH ./.,,
sw09utt/sw_0900_2339.utt,2/sw2339,2339,1,sd,A,1,2,"I was thinking about camping and [ different i-, + people's ideas ] about it. /","I/PRP was/VBD thinking/VBG about/IN camping/NN and/CC different/JJ i-/NNS ,/, people/NNS 's/POS ideas/NNS about/IN it/PRP ./.",,
sw09utt/sw_0900_2339.utt,2/sw2339,2339,2,b,B,2,1,Uh-huh. /,Uh-huh/UH ./.,,
sw09utt/sw_0900_2339.utt,2/sw2339,2339,3,sd,A,3,1,<Throat_clearing> We've even seen people with these campers  /,We/PRP 've/VBP even/RB seen/VBN people/NNS with/IN these/DT campers/NNS,,
sw09utt/sw_0900_2339.utt,2/sw2339,2339,4,sd,A,3,2,{C and } they got the big old antennas up so they can watch their T V when they're going. /,and/CC they/PRP got/VBN the/DT big/JJ old/JJ antennas/NNS up/RB so/IN they/PRP can/MD watch/VB their/PRP$ T/NN V/NN when/WRB they/PRP 're/VBP going/VBG ./.,,
sw09utt/sw_0900_2339.utt,2/sw2339,2339,5,aa,B,4,1,Right or # their # --,Right/UH or/CC their/PRP$ --/:,,
sw09utt/sw_0900_2339.utt,2/sw2339,2339,6,%,A,5,1,"# That's not, # -/","That/DT 's/BES not/RB ,/,",,
sw09utt/sw_0900_2339.utt,2/sw2339,2339,7,+,B,6,1,-- satellite dish <laughter>. /,--/: satellite/NN dish/NN ./.,,
sw09utt/sw_0900_2339.utt,2/sw2339,2339,8,b,A,7,1,Yeah  /,Yeah/UH,,
sw09utt/sw_0900_2339.utt,2/sw2339,2339,9,qy^m,A,7,2,<laughter>.  A satellite dish? /,./. A/DT satellite/NN dish/NN ?/.,,
sw09utt/sw_0900_2339.utt,2/sw2339,2339,10,sd,B,8,1,On top of the recreational vehicles. /,On/IN top/NN of/IN the/DT recreational/JJ vehicles/NNS ./.,,
sw09utt/sw_0900_2339.utt,2/sw2339,2339,11,ba,A,9,1,"{F Oh, } golly! <Laughter>. /","Oh/UH ,/, golly/UH !/. ./.",,
sw09utt/sw_0900_2339.utt,2/sw2339,2339,12,x,B,10,1,<Laughter>.,,,
sw09utt/sw_0900_2339.utt,2/sw2339,2339,13,sd,A,11,1,That's not the kind we do.  /,That/DT 's/BES not/RB the/DT kind/NN we/PRP do/VBP ./.,,
sw09utt/sw_0900_2339.utt,2/sw2339,2339,14,qy,A,11,2,Do you go camping? /,Do/VBP you/PRP go/VB camping/VBG ?/.,,
sw09utt/sw_0900_2339.utt,2/sw2339,2339,15,ny,B,12,1,Yeah.  /,Yeah/UH ./.,,
sw09utt/sw_0900_2339.utt,2/sw2339,2339,16,sd^e,B,12,2,We have a little bit  /,We/PRP have/VBP a/DT little/JJ bit/NN,,
sw09utt/sw_0900_2339.utt,2/sw2339,2339,17,sd,B,12,3,"{C and } we've just gotten one of those little tents <laughter>,","and/CC we/PRP 've/VBP just/RB gotten/VBN one/CD of/IN those/DT little/JJ tents/NNS ,/,",,
sw09utt/sw_0900_2339.utt,2/sw2339,2339,18,x,A,13,1,<Laughter>.,,,
sw09utt/sw_0900_2339.utt,2/sw2339,2339,19,+,B,14,1,that we throw out on the ground  /,that/WDT we/PRP throw/VBP out/IN on/IN the/DT ground/NN,,
sw09utt/sw_0900_2339.utt,2/sw2339,2339,20,sd,B,14,2,{C and } that's what we camp in.  /,and/CC that/DT 's/BES what/WP we/PRP camp/VBP in/IN ./.,,
sw09utt/sw_0900_2339.utt,2/sw2339,2339,21,sd,B,14,3,{D So } we kind of rough it. /,So/UH we/PRP kind/RB of/RB rough/VBP it/PRP ./.,,
sw09utt/sw_0900_2339.utt,2/sw2339,2339,22,sd,A,15,1,"{D Well, } so do we.  /","Well/UH ,/, so/RB do/VBP we/PRP ./.",,
sw09utt/sw_0900_2339.utt,2/sw2339,2339,23,sd,A,15,2,"In fact, when we first got married, <noise> we would try to take these trips to Minnesota to see his family -- /","In/IN fact/NN ,/, when/WRB we/PRP first/JJ got/VBD married/VBN ,/, we/PRP would/MD try/VB to/TO take/VB these/DT trips/NNS to/IN Minnesota/NNP to/TO see/VB his/PRP$ family/NN --/:",,
sw09utt/sw_0900_2339.utt,2/sw2339,2339,24,b,B,16,1,Uh-huh. /,Uh-huh/UH ./.,,
sw09utt/sw_0900_2339.utt,2/sw2339,2339,25,sd,A,17,1,-- <throat_clearing> {C and } we didn't have a tent or any camping supplies  /,--/: and/CC we/PRP did/VBD n't/RB have/VB a/DT tent/NN or/CC any/DT camping/NN supplies/NNS,,
sw09utt/sw_0900_2339.utt,2/sw2339,2339,26,sd,A,17,2,{C so }  we'd sleep on those picnic tables at # roadside parks. # /,so/RB we/PRP 'd/MD sleep/VB on/IN those/DT picnic/NN tables/NNS at/IN roadside/JJ parks/NNS ./.,,
sw09utt/sw_0900_2339.utt,2/sw2339,2339,27,ba,B,18,1,# {F Oh } no. # /,Oh/UH no/UH ./.,,
sw09utt/sw_0900_2339.utt,2/sw2339,2339,28,sd,A,19,1,"{E I mean, } I know it's dangerous,  /","I/PRP mean/VBP ,/, I/PRP know/VBP it/PRP 's/BES dangerous/JJ ,/,",,
sw09utt/sw_0900_2339.utt,2/sw2339,2339,29,sd,A,19,2,I wouldn't do it now  /,I/PRP would/MD n't/RB do/VB it/PRP now/RB,,
sw09utt/sw_0900_2339.utt,2/sw2339,2339,30,sd,A,19,3,{C but } we did <laughter>. /,but/CC we/PRP did/VBD ./.,,
sw09utt/sw_0900_2339.utt,2/sw2339,2339,31,x,B,20,1,<Laughter>.,,,
sw09utt/sw_0900_2339.utt,2/sw2339,2339,32,sd,A,21,1,<Cough> {C And } one time we went to Yellowstone  /,And/CC one/CD time/NN we/PRP went/VBD to/IN Yellowstone/NNP,,
sw09utt/sw_0900_2339.utt,2/sw2339,2339,33,sd,A,21,2,{C and } we were doing the same thing.  /,and/CC we/PRP were/VBD doing/VBG the/DT same/JJ thing/NN ./.,,
sw09utt/sw_0900_2339.utt,2/sw2339,2339,34,sd,A,21,3,We couldn't find a place to camp  /,We/PRP could/MD n't/RB find/VB a/DT place/NN to/TO camp/VB,,
sw09utt/sw_0900_2339.utt,2/sw2339,2339,35,sd,A,21,4,"{C and so } we were on top of a picnic table with [ our, + our ] sleeping bags I guess.  /","and/CC so/RB we/PRP were/VBD on/IN top/NN of/IN a/DT picnic/NN table/NN with/IN our/PRP$ ,/, our/PRP$ sleeping/NN bags/NNS I/PRP guess/VBP ./.",,
sw09utt/sw_0900_2339.utt,2/sw2339,2339,36,sd,A,21,5,"{C And } this ranger comes up with this light, shines it on us and said that we're just bear bait out there. {A We had our # food # --","And/CC this/DT ranger/NN comes/VBZ up/RP with/IN this/DT light/NN ,/, shines/VBZ it/PRP on/IN us/PRP and/CC said/VBD that/IN we/PRP 're/VBP just/RB bear/NN bait/NN out/IN there/RB ./. We/PRP had/VBD our/PRP$ food/NN --/:",,
sw09utt/sw_0900_2339.utt,2/sw2339,2339,37,b,B,22,1,# Oh. # /,Oh/UH ./.,,
sw09utt/sw_0900_2339.utt,2/sw2339,2339,38,+,A,23,1,-- {D you know. } },--/: you/PRP know/VBP ./.,,
sw09utt/sw_0900_2339.utt,2/sw2339,2339,39,b,B,24,1,Uh-huh. /,Uh-huh/UH ./.,,
sw09utt/sw_0900_2339.utt,2/sw2339,2339,40,+,A,25,1,and told us to get inside our car. /,and/CC told/VBD us/PRP to/IN get/VB inside/IN our/PRP$ car/NN ./.,,
sw09utt/sw_0900_2339.utt,2/sw2339,2339,41,b^m,B,26,1,{F Gosh. }  Bear bait <laughter>. /,Gosh/UH ./. Bear/NN bait/NN ./.,,
sw09utt/sw_0900_2339.utt,2/sw2339,2339,42,b^r,A,27,1,<Laughter> Bear bait. /,Bear/NN bait/NN ./.,,
sw09utt/sw_0900_2339.utt,2/sw2339,2339,43,sd,B,28,1,That would make me nervous <laughter>. /,That/DT would/MD make/VB me/PRP nervous/JJ ./.,,
sw09utt/sw_0900_2339.utt,2/sw2339,2339,44,b,A,29,1,Yeah. /,Yeah/UH ./.,,
sw09utt/sw_0900_2339.utt,2/sw2339,2339,45,qy,B,30,1,Have you done any camping around here? /,Have/VBP you/PRP done/VBN any/DT camping/NN around/IN here/RB ?/.,,
sw09utt/sw_0900_2339.utt,2/sw2339,2339,46,ny,A,31,1,Yeah.  /,Yeah/UH ./.,,
sw09utt/sw_0900_2339.utt,2/sw2339,2339,47,sd^e,A,31,2,We've got some land at Holly Lake --,We/PRP 've/VBP got/VBN some/DT land/NN at/IN Holly/NNP Lake/NNP --/:,,
sw09utt/sw_0900_2339.utt,2/sw2339,2339,48,b,B,32,1,Uh-huh. /,Uh-huh/UH ./.,,
sw09utt/sw_0900_2339.utt,2/sw2339,2339,49,+,A,33,1,-- outside of Tyler.  /,--/: outside/IN of/IN Tyler/NNP ./.,,
sw09utt/sw_0900_2339.utt,2/sw2339,2339,50,sd,A,33,2,{C And } we go up there fairly often <throat_clearing>.  /,And/CC we/PRP go/VBP up/IN there/RB fairly/RB often/RB ./.,,
sw09utt/sw_0900_2339.utt,2/sw2339,2339,51,sd,A,33,3,Sometimes we get a lot of people together to do it. /,Sometimes/RB we/PRP get/VBP a/DT lot/NN of/IN people/NNS together/RB to/TO do/VB it/PRP ./.,,
sw09utt/sw_0900_2339.utt,2/sw2339,2339,52,b,B,34,1,Yeah.  /,Yeah/UH ./.,,
sw09utt/sw_0900_2339.utt,2/sw2339,2339,53,ba,B,34,2,That sounds fun. /,That/DT sounds/VBZ fun/JJ ./.,,
sw09utt/sw_0900_2339.utt,2/sw2339,2339,54,sd,A,35,1,"{C And } we've done things {D like } [ when, + when ] it's kind of cold.  /","And/CC we/PRP 've/VBP done/VBN things/NNS like/IN when/WRB ,/, when/WRB it/PRP 's/BES kind/RB of/RB cold/JJ ./.",,
sw09utt/sw_0900_2339.utt,2/sw2339,2339,55,sd,A,35,2,We take extension cords  /,We/PRP take/VBP extension/NN cords/NNS,,
sw09utt/sw_0900_2339.utt,2/sw2339,2339,56,sd,A,35,3,{C and } we've all got heaters in our tents. /,and/CC we/PRP 've/VBP all/DT got/VBN heaters/NNS in/IN our/PRP$ tents/NNS ./.,,
sw09utt/sw_0900_2339.utt,2/sw2339,2339,57,x,B,36,1,<Laughter>.,,,
sw09utt/sw_0900_2339.utt,2/sw2339,2339,58,sd,A,37,1,{C And } in the Summer  ((   ))  <laughter>.  /,And/CC in/IN the/DT Summer/NN MUMBLEx/XX ./.,,
sw09utt/sw_0900_2339.utt,2/sw2339,2339,59,sd,A,37,2,"Same thing, we get our extension cords running from all these tents  /","Same/JJ thing/NN ,/, we/PRP get/VBP our/PRP$ extension/NN cords/NNS running/VBG from/IN all/PDT these/DT tents/NNS",,
sw09utt/sw_0900_2339.utt,2/sw2339,2339,60,sd,A,37,3,{C but } we've got the fans going. /,but/CC we/PRP 've/VBP got/VBN the/DT fans/NNS going/VBG ./.,,
sw09utt/sw_0900_2339.utt,2/sw2339,2339,61,b,B,38,1,Right <laughter>. /,Right/UH ./.,,
sw09utt/sw_0900_2339.utt,2/sw2339,2339,62,sd,A,39,1,{D So } we're not roughing it too much. /,So/UH we/PRP 're/VBP not/RB roughing/VBG it/PRP too/RB much/RB ./.,,
sw09utt/sw_0900_2339.utt,2/sw2339,2339,63,b,B,40,1,Yeah. /,Yeah/UH ./.,,
sw09utt/sw_0900_2339.utt,2/sw2339,2339,64,sd,A,41,1,{C And } we have taken T V -s out there for the kids # <laughter>. # /,And/CC we/PRP have/VBP taken/VBN T/NN V/NN -s/NNS out/IN there/RB for/IN the/DT kids/NNS ./.,,
sw09utt/sw_0900_2339.utt,2/sw2339,2339,65,b,B,42,1,# Yeah. # /,Yeah/UH ./.,,
sw09utt/sw_0900_2339.utt,2/sw2339,2339,66,sd,A,43,1,{C And } they've got their electrical hookups.  /,And/CC they/PRP 've/VBP got/VBN their/PRP$ electrical/JJ hookups/NNS ./.,,
sw09utt/sw_0900_2339.utt,2/sw2339,2339,67,ba,A,43,2,{D So } it's not so bad. /,So/UH it/PRP 's/BES not/RB so/RB bad/JJ ./.,,
sw09utt/sw_0900_2339.utt,2/sw2339,2339,68,b,B,44,1,Yeah.  /,Yeah/UH ./.,,
sw09utt/sw_0900_2339.utt,2/sw2339,2339,69,qy,B,44,2,Do you go on long? - /,Do/VBP you/PRP go/VB on/IN long/JJ ?/.,,
sw09utt/sw_0900_2339.utt,2/sw2339,2339,70,qr,B,44,3,{D Like } a week at a time or just weekends? /,Like/IN a/DT week/NN at/IN a/DT time/NN or/CC just/RB weekends/NNS ?/.,,
sw09utt/sw_0900_2339.utt,2/sw2339,2339,71,sd,A,45,1,I think the longest we've stayed out there is like five days. /,I/PRP think/VBP the/DT longest/JJS we/PRP 've/VBP stayed/VBN out/IN there/RB is/VBZ like/IN five/CD days/NNS ./.,,
sw09utt/sw_0900_2339.utt,2/sw2339,2339,72,b,B,46,1,Uh-huh. /,Uh-huh/UH ./.,,
sw09utt/sw_0900_2339.utt,2/sw2339,2339,73,sd,A,47,1,"{C And } [ they even, + they ] had a library at one time out there. /","And/CC they/PRP even/RB ,/, they/PRP had/VBD a/DT library/NN at/IN one/CD time/NN out/IN there/RB ./.",,
sw09utt/sw_0900_2339.utt,2/sw2339,2339,74,b,B,48,1,Oh. /,Oh/UH ./.,,
sw09utt/sw_0900_2339.utt,2/sw2339,2339,75,bf,A,49,1,{D So } that's really not roughing it so much #  /,So/UH that/DT 's/BES really/RB not/RB roughing/VBG it/PRP so/RB much/RB,,
sw09utt/sw_0900_2339.utt,2/sw2339,2339,76,sd,A,49,2,{C but } # --,but/CC --/:,,
sw09utt/sw_0900_2339.utt,2/sw2339,2339,77,ny,B,50,1,# Yeah. # /,Yeah/UH ./.,,
sw09utt/sw_0900_2339.utt,2/sw2339,2339,78,+,A,51,1,-- <lipsmack> we have gone on trips where we bathed in streams. /,--/: we/PRP have/VBP gone/VBN on/IN trips/NNS where/WRB we/PRP bathed/VBD in/IN streams/NNS ./.,,
sw09utt/sw_0900_2339.utt,2/sw2339,2339,79,b,B,52,1,Uh-huh. /,Uh-huh/UH ./.,,
sw09utt/sw_0900_2339.utt,2/sw2339,2339,80,ba,A,53,1,That's kind of different. /,That/DT 's/BES kind/RB of/RB different/JJ ./.,,
sw09utt/sw_0900_2339.utt,2/sw2339,2339,81,aa,B,54,1,Yeah  /,Yeah/UH,,
sw09utt/sw_0900_2339.utt,2/sw2339,2339,82,sd,B,54,2,<laughter>.  I like the campgrounds that have a nice shower <laughter>. /,./. I/PRP like/VBP the/DT campgrounds/NNS that/WDT have/VBP a/DT nice/JJ shower/NN ./.,,
sw09utt/sw_0900_2339.utt,2/sw2339,2339,83,sv,A,55,1,{C And } a pool to go to. /,And/CC a/DT pool/NN to/TO go/VB to/IN ./.,,
sw09utt/sw_0900_2339.utt,2/sw2339,2339,84,aa,B,56,1,# Uh-huh. # /,Uh-huh/UH ./.,,
sw09utt/sw_0900_2339.utt,2/sw2339,2339,85,ba,A,57,1,# That would be # nice. /,That/DT would/MD be/VB nice/JJ ./.,,
sw09utt/sw_0900_2339.utt,2/sw2339,2339,86,aa,B,58,1,Yeah.  /,Yeah/UH ./.,,
sw09utt/sw_0900_2339.utt,2/sw2339,2339,87,sd,B,58,2,"[ We've, + {F uh, }","We/PRP 've/VBP ,/, uh/UH ,/,",,
sw09utt/sw_0900_2339.utt,2/sw2339,2339,88,x,A,59,1,<Noise> <<like ice in glass>>.,,,
sw09utt/sw_0900_2339.utt,2/sw2339,2339,89,+,B,60,1,we ] camped at the DeGray State Park in Arkansas.,we/PRP camped/VBD at/IN the/DT DeGray/NNP State/NNP Park/NNP in/IN Arkansas/NNP ./.,,
sw09utt/sw_0900_2339.utt,2/sw2339,2339,90,b,A,61,1,Uh-huh. /,Uh-huh/UH ./.,,
sw09utt/sw_0900_2339.utt,2/sw2339,2339,91,+,B,62,1,In the Fall  /,In/IN the/DT Fall/NN,,
sw09utt/sw_0900_2339.utt,2/sw2339,2339,92,sd,B,62,2,"{C and } there was nobody else,","and/CC there/EX was/VBD nobody/NN else/RB ,/,",,
sw09utt/sw_0900_2339.utt,2/sw2339,2339,93,x,A,63,1,</Noise> <<ice in glass>>.,,,
sw09utt/sw_0900_2339.utt,2/sw2339,2339,94,+,B,64,1,"hardly,","hardly/RB ,/,",,
sw09utt/sw_0900_2339.utt,2/sw2339,2339,95,x,A,65,1,<Noise>.,,,
sw09utt/sw_0900_2339.utt,2/sw2339,2339,96,+,B,66,1,around  /,around/RB,,
sw09utt/sw_0900_2339.utt,2/sw2339,2339,97,sd,B,66,2,"{C and } it was just really nice, that time of year.  /","and/CC it/PRP was/VBD just/RB really/RB nice/JJ ,/, that/DT time/NN of/IN year/NN ./.",,
sw09utt/sw_0900_2339.utt,2/sw2339,2339,98,sd,B,66,3,"We had taken our electric,","We/PRP had/VBD taken/VBN our/PRP$ electric/JJ ,/,",,
sw09utt/sw_0900_2339.utt,2/sw2339,2339,99,x,A,67,1,<Breathing>.,,,
sw09utt/sw_0900_2339.utt,2/sw2339,2339,100,+,B,68,1,"blanket too, just in case it was unbearable  /","blanket/NN too/RB ,/, just/RB in/IN case/NN it/PRP was/VBD unbearable/JJ",,
sw09utt/sw_0900_2339.utt,2/sw2339,2339,101,sd,B,68,2,{C but } we didn't need it <<pause>>.  /,but/CC we/PRP did/VBD n't/RB need/VB it/PRP ./.,,
sw09utt/sw_0900_2339.utt,2/sw2339,2339,102,o,B,68,3,#  (( Yeah )) . # /,Yeah/UH ./.,,
sw09utt/sw_0900_2339.utt,2/sw2339,2339,103,sd,A,69,1,# {D Well } my # husband has even camped at Lake Lavon --,Well/UH my/PRP$ husband/NN has/VBZ even/RB camped/VBN at/IN Lake/NNP Lavon/NNP --/:,,
sw09utt/sw_0900_2339.utt,2/sw2339,2339,104,bh,B,70,1,# {F Oh } really? # /,Oh/UH really/UH ?/.,,
sw09utt/sw_0900_2339.utt,2/sw2339,2339,105,+,A,71,1,-- # with one of his friends #  /,--/: with/IN one/CD of/IN his/PRP$ friends/NNS,,
sw09utt/sw_0900_2339.utt,2/sw2339,2339,106,sd,A,71,2,he just decided to take the kids out there. /,he/PRP just/RB decided/VBD to/TO take/VB the/DT kids/NNS out/IN there/RB ./.,,
sw09utt/sw_0900_2339.utt,2/sw2339,2339,107,b,B,72,1,Yeah. /,Yeah/UH ./.,,
sw09utt/sw_0900_2339.utt,2/sw2339,2339,108,sd,A,73,1,{E I mean } it's not very many miles from our house at all. /,I/PRP mean/VBP it/PRP 's/BES not/RB very/RB many/JJ miles/NNS from/IN our/PRP$ house/NN at/IN all/DT ./.,,
sw09utt/sw_0900_2339.utt,2/sw2339,2339,109,x,B,74,1,<Laughter>.,,,
sw09utt/sw_0900_2339.utt,2/sw2339,2339,110,sd,A,75,1,"{C But } they had <laughter> the time of their lives, {D you know. } /","But/CC they/PRP had/VBD the/DT time/NN of/IN their/PRP$ lives/NNS ,/, you/PRP know/VBP ./.",,
sw09utt/sw_0900_2339.utt,2/sw2339,2339,111,b,B,76,1,"{F Oh, } yeah  /","Oh/UH ,/, yeah/UH",,
sw09utt/sw_0900_2339.utt,2/sw2339.pos,2339,112,x,B,76,2,<laughter>.,./.
sw09utt/sw_0900_2339.utt,2/sw2339,2339,113,sd,A,77,1,Had the boat just pulled up right by the tents. /,Had/VBD the/DT boat/NN just/RB pulled/VBN up/RP right/RB by/IN the/DT tents/NNS ./.,,
sw09utt/sw_0900_2339.utt,2/sw2339,2339,114,b,B,78,1,Uh-huh. /,Uh-huh/UH ./.,,
sw09utt/sw_0900_2339.utt,2/sw2339,2339,115,ba,A,79,1,<Cough> It wasn't bad. /,It/PRP was/VBD n't/RB bad/JJ ./.,,
sw09utt/sw_0900_2339.utt,2/sw2339,2339,116,ba,B,80,1,That sounds nice. /,That/DT sounds/VBZ nice/JJ ./.,,
sw09utt/sw_0900_2339.utt,2/sw2339,2339,117,b,A,81,1,Yeah.  /,Yeah/UH ./.,,
sw09utt/sw_0900_2339.utt,2/sw2339,2339,118,sd,A,81,2,"{C And } we've taken,","And/CC we/PRP 've/VBP taken/VBN ,/,",,
sw09utt/sw_0900_2339.utt,2/sw2339,2339,119,x,B,82,1,<Noise>.,,,
sw09utt/sw_0900_2339.utt,2/sw2339,2339,120,+,A,83,1,"our tents though, loaded them up in car carrier <lipsmack> and decided we were going to tent most of the way.  /","our/PRP$ tents/NNS though/RB ,/, loaded/VBN them/PRP up/RP in/IN car/NN carrier/NN and/CC decided/VBN we/PRP were/VBD going/VBG to/TO tent/VB most/JJS of/IN the/DT way/NN ./.",,
sw09utt/sw_0900_2339.utt,2/sw2339,2339,121,sd,A,83,2,"{C And } it ended up, when it came time for us to pull in for the night, we'd take a vote.  /","And/CC it/PRP ended/VBD up/RP ,/, when/WRB it/PRP came/VBD time/NN for/IN us/PRP to/TO pull/VB in/RP for/IN the/DT night/NN ,/, we/PRP 'd/MD take/VB a/DT vote/NN ./.",,
sw09utt/sw_0900_2339.utt,2/sw2339,2339,122,sd,A,83,3,{C And } most of the time we decided we wanted to stay in a hotel. /,And/CC most/JJS of/IN the/DT time/NN we/PRP decided/VBD we/PRP wanted/VBD to/TO stay/VB in/IN a/DT hotel/NN ./.,,
sw09utt/sw_0900_2339.utt,2/sw2339,2339,123,b,B,84,1,Yeah. /,Yeah/UH ./.,,
sw09utt/sw_0900_2339.utt,2/sw2339,2339,124,sd,A,85,1,"Instead of getting out all that stuff, {D you know. } /","Instead/RB of/IN getting/VBG out/RP all/PDT that/DT stuff/NN ,/, you/PRP know/VBP ./.",,
sw09utt/sw_0900_2339.utt,2/sw2339,2339,125,b,B,86,1,"<Laughter> Yeah,  /","Yeah/UH ,/,",,
sw09utt/sw_0900_2339.utt,2/sw2339,2339,126,sv,B,86,2,it's a lot of work to set up just for one night. /,it/PRP 's/BES a/DT lot/NN of/IN work/NN to/TO set/VB up/RP just/RB for/IN one/CD night/NN ./.,,
sw09utt/sw_0900_2339.utt,2/sw2339,2339,127,aa,A,87,1,Yeah.  /,Yeah/UH ./.,,
sw09utt/sw_0900_2339.utt,2/sw2339,2339,128,sd,A,87,2,Then you have to get up the next day and move it on. /,Then/RB you/PRP have/VBP to/TO get/VB up/RP the/DT next/JJ day/NN and/CC move/VB it/PRP on/RP ./.,,
sw09utt/sw_0900_2339.utt,2/sw2339,2339,129,aa,B,88,1,Right <laughter>. /,Right/UH ./.,,
sw09utt/sw_0900_2339.utt,2/sw2339,2339,130,b,A,89,1,Huh-uh.  /,Huh-uh/UH ./.,,
sw09utt/sw_0900_2339.utt,2/sw2339,2339,131,sd,A,89,2,{C But } we're set now.  /,But/CC we/PRP 're/VBP set/JJ now/RB ./.,,
sw09utt/sw_0900_2339.utt,2/sw2339,2339,132,sd,A,89,3,We've got cook stoves  /,We/PRP 've/VBP got/VBN cook/NN stoves/NNS,,
sw09utt/sw_0900_2339.utt,2/sw2339,2339,133,sd,A,89,4,{C and } we've got our bug light  /,and/CC we/PRP 've/VBP got/VBN our/PRP$ bug/NN light/NN,,
sw09utt/sw_0900_2339.utt,2/sw2339,2339,134,sd,A,89,5,"{C and } everybody's got their sleeping bags,  /","and/CC everybody/NN 's/BES got/VBN their/PRP$ sleeping/NN bags/NNS ,/,",,
sw09utt/sw_0900_2339.utt,2/sw2339,2339,135,sd,A,89,6,we got air mattresses.  /,we/PRP got/VBD air/NN mattresses/NNS ./.,,
sw09utt/sw_0900_2339.utt,2/sw2339,2339,136,sd,A,89,7,We decided that was easier than cots and more comfortable. /,We/PRP decided/VBD that/DT was/VBD easier/JJR than/IN cots/NNS and/CC more/RBR comfortable/JJ ./.,,
sw09utt/sw_0900_2339.utt,2/sw2339,2339,137,aa,B,90,1,Yeah.  /,Yeah/UH ./.,,
sw09utt/sw_0900_2339.utt,2/sw2339,2339,138,ba,B,90,2,"Those are nice,  /","Those/DT are/VBP nice/JJ ,/,",,
sw09utt/sw_0900_2339.utt,2/sw2339,2339,139,sd,B,90,3,"we have one of those, # too. # /","we/PRP have/VBP one/CD of/IN those/DT ,/, too/RB ./.",,
sw09utt/sw_0900_2339.utt,2/sw2339,2339,140,b,A,91,1,# Yeah.  /,Yeah/UH ./.,,
sw09utt/sw_0900_2339.utt,2/sw2339,2339,141,qy^d,A,91,2,#  Those double ones? /,Those/DT double/JJ ones/NNS ?/.,,
sw09utt/sw_0900_2339.utt,2/sw2339,2339,142,ny,B,92,1,Uh-huh. /,Uh-huh/UH ./.,,
sw09utt/sw_0900_2339.utt,2/sw2339,2339,143,ba,A,93,1,Pretty good.  /,Pretty/RB good/JJ ./.,,
sw09utt/sw_0900_2339.utt,2/sw2339,2339,144,sd,A,93,2,We're on our third one I think.  /,We/PRP 're/VBP on/IN our/PRP$ third/JJ one/NN I/PRP think/VBP ./.,,
sw09utt/sw_0900_2339.utt,2/sw2339,2339,145,%,A,93,3,"# Somehow, # -/","Somehow/RB ,/,",,
sw09utt/sw_0900_2339.utt,2/sw2339,2339,146,b,B,94,1,# Yeah.  /,Yeah/UH ./.,,
sw09utt/sw_0900_2339.utt,2/sw2339,2339,147,qw,B,94,2,How # do you blow yours up? /,How/WRB do/VBP you/PRP blow/VB yours/PRP up/RP ?/.,,
sw09utt/sw_0900_2339.utt,2/sw2339,2339,148,sd,A,95,1,We've got an electric pump that hooks into the cigarette lighter. /,We/PRP 've/VBP got/VBN an/DT electric/JJ pump/NN that/WDT hooks/VBP into/IN the/DT cigarette/NN lighter/NN ./.,,
sw09utt/sw_0900_2339.utt,2/sw2339,2339,149,bk,B,96,1,Oh.  /,Oh/UH ./.,,
sw09utt/sw_0900_2339.utt,2/sw2339,2339,150,sd,B,96,2,"[ W-, + we ] were looking at those in a magazine.  /","W-/PRP ,/, we/PRP were/VBD looking/VBG at/IN those/DT in/NN a/DT magazine/NN ./.",,
sw09utt/sw_0900_2339.utt,2/sw2339,2339,151,sd,B,96,3,"Last time we went, we took our vacuum cleaner with us <laughter>. /","Last/JJ time/NN we/PRP went/VBD ,/, we/PRP took/VBD our/PRP$ vacuum/NN cleaner/NN with/IN us/PRP ./.",,
sw09utt/sw_0900_2339.utt,2/sw2339,2339,152,qy^d,A,97,1,I didn't know you could do that. /,I/PRP did/VBD n't/RB know/VB you/PRP could/MD do/VB that/DT ./.,,
sw09utt/sw_0900_2339.utt,2/sw2339,2339,153,sd,B,98,1,"{C And, } yeah, you can, if you can reverse the,","And/CC ,/, yeah/UH ,/, you/PRP can/MD ,/, if/IN you/PRP can/MD reverse/VB the/DT ,/,",,
sw09utt/sw_0900_2339.utt,2/sw2339,2339,154,x,A,99,1,<Noise>.,,,
sw09utt/sw_0900_2339.utt,2/sw2339,2339,155,+,B,100,1,nozzle on your vacuum cleaner -- /,nozzle/NN on/IN your/PRP$ vacuum/NN cleaner/NN --/:,,
sw09utt/sw_0900_2339.utt,2/sw2339,2339,156,b,A,101,1,Yeah. /,Yeah/UH ./.,,
sw09utt/sw_0900_2339.utt,2/sw2339,2339,157,sd,B,102,1,-- {C and } it blows air out instead of sucking it in  /,--/: and/CC it/PRP blows/VBZ air/NN out/RB instead/IN of/IN sucking/VBG it/PRP in/RB,,
sw09utt/sw_0900_2339.utt,2/sw2339,2339,158,sd,B,102,2,{C and } you can fill them up that way  /,and/CC you/PRP can/MD fill/VB them/PRP up/RP that/DT way/NN,,
sw09utt/sw_0900_2339.utt,2/sw2339,2339,159,sd,B,102,3,{C but } something that's smaller would be a lot more convenient. /,but/CC something/NN that/WDT 's/BES smaller/JJR would/MD be/VB a/DT lot/NN more/RBR convenient/JJ ./.,,
sw09utt/sw_0900_2339.utt,2/sw2339,2339,160,ba,A,103,1,No joke <laughter>. /,No/DT joke/NN ./.,,
sw09utt/sw_0900_2339.utt,2/sw2339,2339,161,x,B,104,1,<Laughter>.,,,
sw09utt/sw_0900_2339.utt,2/sw2339,2339,162,qy^d,A,105,1,I hope you didn't have a big vacuum cleaner. /,I/PRP hope/VBP you/PRP did/VBD n't/RB have/VB a/DT big/JJ vacuum/NN cleaner/NN ./.,,
sw09utt/sw_0900_2339.utt,2/sw2339,2339,163,nn,B,106,1,No.  /,No/UH ./.,,
sw09utt/sw_0900_2339.utt,2/sw2339,2339,164,%,B,106,2,Uh-huh.  /,Uh-huh/UH ./.,,
sw09utt/sw_0900_2339.utt,2/sw2339,2339,165,sd^e,B,106,3,"[ We have a, +","We/PRP have/VBP a/DT ,/,",,
sw09utt/sw_0900_2339.utt,2/sw2339,2339,166,x,A,107,1,<Cough>.,,,
sw09utt/sw_0900_2339.utt,2/sw2339,2339,167,+,B,108,1,"[ S-, + my husband ] and I, we have a ] pickup truck  /","S-/XX ,/, my/PRP$ husband/NN and/CC I/PRP ,/, we/PRP have/VBP a/DT pickup/NN truck/NN",,
sw09utt/sw_0900_2339.utt,2/sw2339,2339,168,sd,B,108,2,{C so } there's plenty of room to hold things. /,so/RB there/EX 's/BES plenty/NN of/IN room/NN to/TO hold/VB things/NNS ./.,,
sw09utt/sw_0900_2339.utt,2/sw2339,2339,169,b,A,109,1,Yeah.  /,Yeah/UH ./.,,
sw09utt/sw_0900_2339.utt,2/sw2339,2339,170,sd,A,109,2,{D Now } we've used a hair dryer before. /,Now/RB we/PRP 've/VBP used/VBN a/DT hair/NN dryer/NN before/RB ./.,,
sw09utt/sw_0900_2339.utt,2/sw2339,2339,171,b,B,110,1,Uh-huh. /,Uh-huh/UH ./.,,
sw09utt/sw_0900_2339.utt,2/sw2339,2339,172,sd,A,111,1,{C But } I put it on hot and also melted it. /,But/CC I/PRP put/VBD it/PRP on/IN hot/JJ and/CC also/RB melted/VBD it/PRP ./.,,
sw09utt/sw_0900_2339.utt,2/sw2339,2339,173,ba,B,112,1,{F Oh } no <laughter>. /,Oh/UH no/UH ./.,,
sw09utt/sw_0900_2339.utt,2/sw2339,2339,174,sd,A,113,1,I found that you don't do that. /,I/PRP found/VBD that/IN you/PRP do/VBP n't/RB do/VB that/DT ./.,,
sw09utt/sw_0900_2339.utt,2/sw2339,2339,175,b,B,114,1,Yeah. /,Yeah/UH ./.,,
sw09utt/sw_0900_2339.utt,2/sw2339,2339,176,sd,A,115,1,I didn't realize it would melt so easily. /,I/PRP did/VBD n't/RB realize/VB it/PRP would/MD melt/VB so/RB easily/RB ./.,,
sw09utt/sw_0900_2339.utt,2/sw2339,2339,177,b,B,116,1,Oh. /,Oh/UH ./.,,
sw09utt/sw_0900_2339.utt,2/sw2339,2339,178,sd,A,117,1,I don't know. /,I/PRP do/VBP n't/RB know/VB ./.,,
sw09utt/sw_0900_2339.utt,2/sw2339,2339,179,sd,B,118,1,"[ We take, + we take ] our dog camping.  /","We/PRP take/VBP ,/, we/PRP take/VBP our/PRP$ dog/NN camping/VBG ./.",,
sw09utt/sw_0900_2339.utt,2/sw2339,2339,180,sd,B,118,2,She likes to go out and stay in the woods. /,She/PRP likes/VBZ to/TO go/VB out/RB and/CC stay/VB in/IN the/DT woods/NNS ./.,,
sw09utt/sw_0900_2339.utt,2/sw2339,2339,181,b,A,119,1,Yeah. /,Yeah/UH ./.,,
sw09utt/sw_0900_2339.utt,2/sw2339,2339,182,sd,B,120,1,"[ She sleeps, + she sleeps ] in the tent with us. /","She/PRP sleeps/VBZ ,/, she/PRP sleeps/VBZ in/IN the/DT tent/NN with/IN us/PRP ./.",,
sw09utt/sw_0900_2339.utt,2/sw2339,2339,183,x,A,121,1,<Sniffing>.,,,
sw09utt/sw_0900_2339.utt,2/sw2339,2339,184,sd,B,122,1,It's fun <<very faintly>>. /,It/PRP 's/BES fun/JJ ./.,,
sw09utt/sw_0900_2339.utt,2/sw2339,2339,185,sd,A,123,1,I don't like it when there's mosquitos so bad. /,I/PRP do/VBP n't/RB like/VB it/PRP when/WRB there/EX 's/BES mosquitos/NNS so/RB bad/JJ ./.,,
sw09utt/sw_0900_2339.utt,2/sw2339,2339,186,sd,B,124,1,"{F Oh, } me either. /","Oh/UH ,/, me/PRP either/RB ./.",,
sw09utt/sw_0900_2339.utt,2/sw2339,2339,187,sd,A,125,1,{C And then } one night we were camping  /,And/CC then/RB one/CD night/NN we/PRP were/VBD camping/VBG,,
sw09utt/sw_0900_2339.utt,2/sw2339,2339,188,sd,A,125,2,"{C and } it came, just a torrential downpour.  /","and/CC it/PRP came/VBD ,/, just/RB a/DT torrential/JJ downpour/NN ./.",,
sw09utt/sw_0900_2339.utt,2/sw2339,2339,189,sd,A,125,3,We had the steaks on the grill.  /,We/PRP had/VBD the/DT steaks/NNS on/IN the/DT grill/NN ./.,,
sw09utt/sw_0900_2339.utt,2/sw2339,2339,190,sd,A,125,4,These people were with us.  /,These/DT people/NNS were/VBD with/IN us/PRP ./.,,
sw09utt/sw_0900_2339.utt,2/sw2339,2339,191,sd,A,125,5,"{C And } [ it, +  ((   )) ,  <throat_clearing> {E I mean } everything ] was sopping wet inside the tent.  /","And/CC it/PRP ,/, MUMBLEx/XX ,/, I/PRP mean/VBP everything/NN was/VBD sopping/JJ wet/JJ inside/IN the/DT tent/NN ./.",,
sw09utt/sw_0900_2339.utt,2/sw2339,2339,192,sd,A,125,6,"It was just that # bad, {D you know } <sniffing>. # /","It/PRP was/VBD just/RB that/RB bad/JJ ,/, you/PRP know/VBP ./.",,
sw09utt/sw_0900_2339.utt,2/sw2339,2339,193,ba,B,126,1,# {F Oh } no. # /,Oh/UH no/UH ./.,,
sw09utt/sw_0900_2339.utt,2/sw2339,2339,194,sd,A,127,1,{C And } we decided we'd just go across the road to the office and see if we could rent anything. /,And/CC we/PRP decided/VBD we/PRP 'd/MD just/RB go/VB across/IN the/DT road/NN to/IN the/DT office/NN and/CC see/VB if/IN we/PRP could/MD rent/VB anything/NN ./.,,
sw09utt/sw_0900_2339.utt,2/sw2339,2339,195,b,B,128,1,Uh-huh. /,Uh-huh/UH ./.,,
sw09utt/sw_0900_2339.utt,2/sw2339,2339,196,sd,A,129,1,{D So } I got a condo with a jacuzzi  /,So/UH I/PRP got/VBD a/DT condo/NN with/IN a/DT jacuzzi/NN,,
sw09utt/sw_0900_2339.utt,2/sw2339,2339,197,sd,A,129,2,{C and } it was wonderful. /,and/CC it/PRP was/VBD wonderful/JJ ./.,,
sw09utt/sw_0900_2339.utt,2/sw2339,2339,198,ba,B,130,1,{F Oh } boy <laughter>. /,Oh/UH boy/UH ./.,,
sw09utt/sw_0900_2339.utt,2/sw2339,2339,199,b,A,131,1,<Laughter> Yeah. /,Yeah/UH ./.,,
sw09utt/sw_0900_2339.utt,2/sw2339,2339,200,ba,B,132,1,That was lucky. /,That/DT was/VBD lucky/JJ ./.,,
sw09utt/sw_0900_2339.utt,2/sw2339,2339,201,aa,A,133,1,"Yeah,  /","Yeah/UH ,/,",,
sw09utt/sw_0900_2339.utt,2/sw2339,2339,202,aa,A,133,2,it was. /,it/PRP was/VBD ./.,,
sw09utt/sw_0900_2339.utt,2/sw2339,2339,203,sd,B,134,1,We've been lucky.  /,We/PRP 've/VBP been/VBN lucky/JJ ./.,,
sw09utt/sw_0900_2339.utt,2/sw2339,2339,204,sd,B,134,2,We've never really been rained on the few times we've gone. /,We/PRP 've/VBP never/RB really/RB been/VBN rained/VBN on/IN the/DT few/JJ times/NNS we/PRP 've/VBP gone/VBN ./.,,
sw09utt/sw_0900_2339.utt,2/sw2339,2339,205,sd,A,135,1,It's horrible. /,It/PRP 's/BES horrible/JJ ./.,,
sw09utt/sw_0900_2339.utt,2/sw2339,2339,206,ba,B,136,1,"{F Oh } I bet it, - /","Oh/UH I/PRP bet/VBP it/PRP ,/,",,
sw09utt/sw_0900_2339.utt,2/sw2339,2339,207,sd,B,136,2,"[ when we were younger, + when I was a kid, ] we camped in Virginia  /","when/WRB we/PRP were/VBD younger/JJR ,/, when/WRB I/PRP was/VBD a/DT kid/NN ,/, we/PRP camped/VBD in/IN Virginia/NNP",,
sw09utt/sw_0900_2339.utt,2/sw2339,2339,208,sd,B,136,3,"{C and } we had one of those little pop up tents, which is really nice because it kind of gets you off the ground.  /","and/CC we/PRP had/VBD one/CD of/IN those/DT little/JJ pop/VB up/RP tents/NNS ,/, which/WDT is/VBZ really/RB nice/JJ because/IN it/PRP kind/RB of/RB gets/VBZ you/PRP off/IN the/DT ground/NN ./.",,
sw09utt/sw_0900_2339.utt,2/sw2339,2339,209,sd,B,136,4,"{C But } it seemed like it rained every weekend for about [ a y-, + the year ] we were really into camping. /","But/CC it/PRP seemed/VBD like/IN it/PRP rained/VBD every/DT weekend/NN for/IN about/RB a/DT y-/NN ,/, the/DT year/NN we/PRP were/VBD really/RB into/IN camping/NN ./.",,
sw09utt/sw_0900_2339.utt,2/sw2339,2339,210,qy,A,137,1,You mean that you put on a truck or what? /,You/PRP mean/VBP that/IN you/PRP put/VBP on/IN a/DT truck/NN or/CC what/WP ?/.,,
sw09utt/sw_0900_2339.utt,2/sw2339,2339,211,nn,B,138,1,No.  /,No/UH ./.,,
sw09utt/sw_0900_2339.utt,2/sw2339,2339,212,sd^e,B,138,2,It's a little trailer you pull behind your car  /,It/PRP 's/BES a/DT little/JJ trailer/NN you/PRP pull/VBP behind/IN your/PRP$ car/NN,,
sw09utt/sw_0900_2339.utt,2/sw2339,2339,213,sd,B,138,3,"{C and, } {F uh, }","and/CC ,/, uh/UH ,/,",,
sw09utt/sw_0900_2339.utt,2/sw2339,2339,214,b,A,139,1,"{F Oh } yeah,  /","Oh/UH yeah/UH ,/,",,
sw09utt/sw_0900_2339.utt,2/sw2339,2339,215,b^r,A,139,2,# yeah. # /,yeah/UH ./.,,
sw09utt/sw_0900_2339.utt,2/sw2339,2339,216,+,B,140,1,"# {D you # know, } [ you, + ] the lid pops off, /","you/PRP know/VBP ,/, you/PRP ,/, the/DT lid/NN pops/VBZ off/RP ,/,",,
sw09utt/sw_0900_2339.utt,2/sw2339,2339,217,x,A,141,1,<Noise> <<like glass with ice>>.,,,
sw09utt/sw_0900_2339.utt,2/sw2339,2339,218,sd,B,142,1,the little tent comes up the top -- /,the/DT little/JJ tent/NN comes/VBZ up/IN the/DT top/NN --/:,,
sw09utt/sw_0900_2339.utt,2/sw2339,2339,219,b,A,143,1,Uh-huh. /,Uh-huh/UH ./.,,
sw09utt/sw_0900_2339.utt,2/sw2339,2339,220,sd,B,144,1,-- {C and } it had two double beds in it. /,--/: and/CC it/PRP had/VBD two/CD double/JJ beds/NNS in/IN it/PRP ./.,,
sw09utt/sw_0900_2339.utt,2/sw2339,2339,221,qw^t,A,145,1,</Noise> <<glass with ice>> How many weeks have you been doing <noise> these calls? /,How/WRB many/JJ weeks/NNS have/VBP you/PRP been/VBN doing/VBG these/DT calls/NNS ?/.,,
sw09utt/sw_0900_2339.utt,2/sw2339,2339,222,sd^t,B,146,1,"{F Oh, } since the beginning.  /","Oh/UH ,/, since/IN the/DT beginning/NN ./.",,
sw09utt/sw_0900_2339.utt,2/sw2339,2339,223,sd^t,B,146,2,I guess it's been two or three weeks. /,I/PRP guess/VBP it/PRP 's/HVS been/VBN two/CD or/CC three/CD weeks/NNS ./.,,
sw09utt/sw_0900_2339.utt,2/sw2339,2339,224,sd^t,A,147,1,I think this must be into my third week too.  /,I/PRP think/VBP this/DT must/MD be/VB into/IN my/PRP$ third/JJ week/NN too/RB ./.,,
sw09utt/sw_0900_2339.utt,2/sw2339,2339,225,qy,A,147,2,{D So } do you work for T I? /,So/UH do/VBP you/PRP work/VB for/IN T/NNP I/NNP ?/.,,
sw09utt/sw_0900_2339.utt,2/sw2339,2339,226,na,B,148,1,"{F Uh, } {D well, } I work as a temporary in the Speech Lab. /","Uh/UH ,/, well/UH ,/, I/PRP work/VBP as/IN a/DT temporary/NN in/IN the/DT Speech/NNP Lab/NNP ./.",,
sw09utt/sw_0900_2339.utt,2/sw2339,2339,227,qy^m,A,149,1,In a Speech Lab? /,In/IN a/DT Speech/NNP Lab/NNP ?/.,,
sw09utt/sw_0900_2339.utt,2/sw2339,2339,228,ny,B,150,1,Uh-huh.  /,Uh-huh/UH ./.,,
sw09utt/sw_0900_2339.utt,2/sw2339,2339,229,sd^e,B,150,2,Where they're doing this program. The Voice Recognition Program. /,Where/WRB they/PRP 're/VBP doing/VBG this/DT program/NN ./. The/DT Voice/NNP Recognition/NNP Program/NNP ./.,,
sw09utt/sw_0900_2339.utt,2/sw2339,2339,230,qw,A,151,1,{C And } what exactly are they going to do? /,And/CC what/WP exactly/RB are/VBP they/PRP going/VBG to/TO do/VB ?/.,,
sw09utt/sw_0900_2339.utt,2/sw2339,2339,231,sd,B,152,1,"{F Oh, } they turn them over to somebody  /","Oh/UH ,/, they/PRP turn/VBP them/PRP over/IN to/IN somebody/NN",,
sw09utt/sw_0900_2339.utt,2/sw2339,2339,232,sd,B,152,2,"{C and } [ they're going to, + I guess they're going to ] try to teach computers how to recognize voices and search for specific words and stuff. /","and/CC they/PRP 're/VBP going/VBG to/TO ,/, I/PRP guess/VBP they/PRP 're/VBP going/VBG to/TO try/VB to/TO teach/VB computers/NNS how/WRB to/TO recognize/VB voices/NNS and/CC search/VB for/IN specific/JJ words/NNS and/CC stuff/NN ./.",,
sw09utt/sw_0900_2339.utt,2/sw2339,2339,233,bf,A,153,1,"{D So } any voice, no matter what the <<pause>> speech pattern or the # dialect # --","So/UH any/DT voice/NN ,/, no/DT matter/NN what/WP the/DT speech/NN pattern/NN or/CC the/DT dialect/NN --/:",,
sw09utt/sw_0900_2339.utt,2/sw2339,2339,234,aa,B,154,1,# Right. # /,Right/UH ./.,,
sw09utt/sw_0900_2339.utt,2/sw2339,2339,235,+,A,155,1,-- or anything. /,--/: or/CC anything/NN ./.,,
sw09utt/sw_0900_2339.utt,2/sw2339,2339,236,aa,B,156,1,Yeah. /,Yeah/UH ./.,,
sw09utt/sw_0900_2339.utt,2/sw2339,2339,237,qy^d,A,157,1,"<Throat_clearing> {F Um. }  I wonder if these are going to be speaking <<pause>>. The computers, /","Um/UH ./. I/PRP wonder/VBP if/IN these/DT are/VBP going/VBG to/TO be/VB speaking/VBG ./. The/DT computers/NNS ,/,",,
sw09utt/sw_0900_2339.utt,2/sw2339,2339,238,no,B,158,1,I don't know.  /,I/PRP do/VBP n't/RB know/VB ./.,,
sw09utt/sw_0900_2339.utt,2/sw2339,2339,239,sd,B,158,2,I type up the tapes of what people talked about. /,I/PRP type/VBP up/RP the/DT tapes/NNS of/IN what/WP people/NNS talked/VBD about/IN ./.,,
sw09utt/sw_0900_2339.utt,2/sw2339,2339,240,ba,A,159,1,"{F Oh, } that's kind of neat. /","Oh/UH ,/, that/DT 's/BES kind/RB of/RB neat/JJ ./.",,
sw09utt/sw_0900_2339.utt,2/sw2339,2339,241,aa,B,160,1,"Yeah,  /","Yeah/UH ,/,",,
sw09utt/sw_0900_2339.utt,2/sw2339,2339,242,sv,B,160,2,it's sort of interesting. /,it/PRP 's/BES sort/RB of/RB interesting/JJ ./.,,
sw09utt/sw_0900_2339.utt,2/sw2339,2339,243,qy,A,161,1,"Do you put all the uh-huhs in here on everything, too. /","Do/VBP you/PRP put/VB all/PDT the/DT uh-huhs/NNS in/IN here/RB on/IN everything/NN ,/, too/RB ./.",,
sw09utt/sw_0900_2339.utt,2/sw2339,2339,244,ny,B,162,1,Uh-huh.  /,Uh-huh/UH ./.,,
sw09utt/sw_0900_2339.utt,2/sw2339,2339,245,sd^e,B,162,2,Everything like that.  /,Everything/NN like/IN that/DT ./.,,
sw09utt/sw_0900_2339.utt,2/sw2339,2339,246,sd,B,162,3,All the little stutters and everything. /,All/DT the/DT little/JJ stutters/NNS and/CC everything/NN ./.,,
sw09utt/sw_0900_2339.utt,2/sw2339,2339,247,qw,A,163,1,What do you write for stutter?  /,What/WP do/VBP you/PRP write/VB for/IN stutter/NN ?/.,,
sw09utt/sw_0900_2339.utt,2/sw2339,2339,248,%,A,163,2,"That, {F uh, } -/","That/DT ,/, uh/UH ,/,",,
sw09utt/sw_0900_2339.utt,2/sw2339,2339,249,sd(^q),B,164,1,"{D Like } if they say I, I, we just type it in like that. /","Like/IN if/IN they/PRP say/VBP I/PRP ,/, I/PRP ,/, we/PRP just/RB type/VBP it/PRP in/RP like/IN that/DT ./.",,
sw09utt/sw_0900_2339.utt,2/sw2339,2339,250,b,A,165,1,Uh-huh. /,Uh-huh/UH ./.,,
sw09utt/sw_0900_2339.utt,2/sw2339,2339,251,sv^t,B,166,1,"{D Well, } I guess that's it for camping, {F uh } <laughter>. /","Well/UH ,/, I/PRP guess/VBP that/DT 's/BES it/PRP for/IN camping/NN ,/, uh/UH ./.",,
sw09utt/sw_0900_2339.utt,2/sw2339,2339,252,aa^t,A,167,1,<Laughter> <talking> I guess so unless you want to talk about stakes. /,I/PRP guess/VBP so/RB unless/IN you/PRP want/VBP to/TO talk/VB about/IN stakes/NNS ./.,,
sw09utt/sw_0900_2339.utt,2/sw2339,2339,253,x,B,168,1,<Laughter>.,,,
sw09utt/sw_0900_2339.utt,2/sw2339,2339,254,qw^d,A,169,1,What size stakes to put in </talking>./,What/WDT size/NN stakes/NNS to/TO put/VB in/RB ./.,,
sw09utt/sw_0900_2339.utt,2/sw2339,2339,255,x,B,170,1,<Laughter>.,,,
sw09utt/sw_0900_2339.utt,2/sw2339,2339,256,ad,A,171,1,You need metal instead of plastic. /,You/PRP need/VBP metal/NN instead/IN of/IN plastic/NN ./.,,
sw09utt/sw_0900_2339.utt,2/sw2339,2339,257,aa,B,172,1,Yeah. /,Yeah/UH ./.,,
sw09utt/sw_0900_2339.utt,2/sw2339,2339,258,ad,A,173,1,{C And } you make sure that you keep up with them for the next time. /,And/CC you/PRP make/VBP sure/JJ that/IN you/PRP keep/VBP up/RP with/IN them/PRP for/IN the/DT next/JJ time/NN ./.,,
sw09utt/sw_0900_2339.utt,2/sw2339,2339,259,aa,B,174,1,Yeah. /,Yeah/UH ./.,,
sw09utt/sw_0900_2339.utt,2/sw2339,2339,260,sd,A,175,1,"We got one of those kind that have got the, - /","We/PRP got/VBD one/CD of/IN those/DT kind/NN that/WDT have/VBP got/VBN the/DT ,/,",,
sw09utt/sw_0900_2339.utt,2/sw2339,2339,261,t1,A,175,2,oh what is it?  /,oh/UH what/WP is/VBZ it/PRP ?/.,,
sw09utt/sw_0900_2339.utt,2/sw2339,2339,262,sd,A,175,3,They're plastic  /,They/PRP 're/VBP plastic/NN,,
sw09utt/sw_0900_2339.utt,2/sw2339,2339,263,sd,A,175,4,{C and } they've got the elastic on the inside of the poles  /,and/CC they/PRP 've/VBP got/VBN the/DT elastic/NN on/IN the/DT inside/NN of/IN the/DT poles/NNS,,
sw09utt/sw_0900_2339.utt,2/sw2339,2339,264,sd,A,175,5,{C and } you just put them together. /,and/CC you/PRP just/RB put/VBP them/PRP together/RB ./.,,
sw09utt/sw_0900_2339.utt,2/sw2339,2339,265,b,B,176,1,"{F Oh, } uh-huh.  /","Oh/UH ,/, uh-huh/UH ./.",,
sw09utt/sw_0900_2339.utt,2/sw2339,2339,266,sd,B,176,2,"# That's what we have, too. # /","That/DT 's/BES what/WP we/PRP have/VBP ,/, too/RB ./.",,
sw09utt/sw_0900_2339.utt,2/sw2339,2339,267,sd,A,177,1,# {C And } it's a dome tent. # /,And/CC it/PRP 's/BES a/DT dome/NN tent/NN ./.,,
sw09utt/sw_0900_2339.utt,2/sw2339,2339,268,b,B,178,1,"Yeah,  /","Yeah/UH ,/,",,
sw09utt/sw_0900_2339.utt,2/sw2339,2339,269,sd,B,178,2,that's what ours is. /,that/DT 's/BES what/WP ours/PRP is/VBZ ./.,,
sw09utt/sw_0900_2339.utt,2/sw2339,2339,270,qy^g,A,179,1,That's good isn't it <talking>. /,That/DT 's/BES good/NN is/VBZ n't/RB it/PRP ./.,,
sw09utt/sw_0900_2339.utt,2/sw2339,2339,271,ny,B,180,1,"Yeah,  /","Yeah/UH ,/,",,
sw09utt/sw_0900_2339.utt,2/sw2339,2339,272,ny^r,B,180,2,"yeah,  /","yeah/UH ,/,",,
sw09utt/sw_0900_2339.utt,2/sw2339,2339,273,sd^e,B,180,3,they pop up pretty fast. /,they/PRP pop/VBP up/RP pretty/RB fast/RB ./.,,
sw09utt/sw_0900_2339.utt,2/sw2339,2339,274,b,A,181,1,</Talking> Yeah. /,Yeah/UH ./.,,
sw09utt/sw_0900_2339.utt,2/sw2339,2339,275,qy,B,182,1,Have you ever camped on sand? /,Have/VBP you/PRP ever/RB camped/VBN on/IN sand/NN ?/.,,
sw09utt/sw_0900_2339.utt,2/sw2339,2339,276,nn,A,183,1,"<Talking> {F Um, } no. /","Um/UH ,/, no/UH ./.",,
sw09utt/sw_0900_2339.utt,2/sw2339,2339,277,sd,B,184,1,That can be a mess.  /,That/DT can/MD be/VB a/DT mess/NN ./.,,
sw09utt/sw_0900_2339.utt,2/sw2339,2339,278,sd,B,184,2,We camped at the beach one time  /,We/PRP camped/VBD at/IN the/DT beach/NN one/CD time/NN,,
sw09utt/sw_0900_2339.utt,2/sw2339,2339,279,sd,B,184,3,{C and } that was sort of miserable.  /,and/CC that/DT was/VBD sort/RB of/RB miserable/JJ ./.,,
sw09utt/sw_0900_2339.utt,2/sw2339,2339,280,sd,B,184,4,"You just couldn-, - /","You/PRP just/RB couldn-/XX ,/,",,
sw09utt/sw_0900_2339.utt,2/sw2339,2339,281,sd,B,184,5,everywhere you went there was sand.  /,everywhere/RB you/PRP went/VBD there/EX was/VBD sand/NN ./.,,
sw09utt/sw_0900_2339.utt,2/sw2339,2339,282,sd,B,184,6,"You couldn't, - /","You/PRP could/MD n't/RB ,/,",,
sw09utt/sw_0900_2339.utt,2/sw2339,2339,283,sd,B,184,7,"even when you're eating, - /","even/RB when/WRB you/PRP 're/VBP eating/VBG ,/,",,
sw09utt/sw_0900_2339.utt,2/sw2339,2339,284,sd,B,184,8,"[ it, + it ] was in your bed <laughter>. /","it/PRP ,/, it/PRP was/VBD in/IN your/PRP$ bed/NN ./.",,
sw09utt/sw_0900_2339.utt,2/sw2339,2339,285,sd,A,185,1,I've done it in a shelter. /,I/PRP 've/VBP done/VBN it/PRP in/IN a/DT shelter/NN ./.,,
sw09utt/sw_0900_2339.utt,2/sw2339,2339,286,b,B,186,1,Uh-huh. /,Uh-huh/UH ./.,,
sw09utt/sw_0900_2339.utt,2/sw2339,2339,287,sd,A,187,1,(( It was ))  in Padre Island and # in a # --,It/PRP was/VBD in/IN Padre/NNP Island/NNP and/CC in/IN a/DT --/:,,
sw09utt/sw_0900_2339.utt,2/sw2339,2339,288,b,B,188,1,# Oh. # /,Oh/UH ./.,,
sw09utt/sw_0900_2339.utt,2/sw2339,2339,289,+,A,189,1,"-- truck off Corpus, [ not, +","--/: truck/NN off/IN Corpus/NNP ,/, not/RB ,/,",,
sw09utt/sw_0900_2339.utt,2/sw2339,2339,290,x,B,190,1,<Laughter>.,,,
sw09utt/sw_0900_2339.utt,2/sw2339,2339,291,+,A,191,1,but not ] in a tent. /,but/CC not/RB in/IN a/DT tent/NN ./.,,
sw09utt/sw_0900_2339.utt,2/sw2339,2339,292,b,B,192,1,Uh-huh. /,Uh-huh/UH ./.,,
sw09utt/sw_0900_2339.utt,2/sw2339,2339,293,fc,A,193,1,"{F Oh } {D well, } that's about all  ((   )) . /","Oh/UH well/UH ,/, that/DT 's/BES about/RB all/DT MUMBLEx/XX ./.",,
sw09utt/sw_0900_2339.utt,2/sw2339,2339,294,fc,B,194,1,Okay. /,Okay/UH ./.,,
sw09utt/sw_0900_2339.utt,2/sw2339,2339,295,fc^m,A,195,1,(( Okay )) . /,Okay/UH ./.,,
sw09utt/sw_0900_2339.utt,2/sw2339,2339,296,fc,B,196,1,"{D Well, } it's good talking to you. /","Well/UH ,/, it/PRP 's/BES good/JJ talking/NN to/IN you/PRP ./.",,
sw09utt/sw_0900_2339.utt,2/sw2339,2339,297,fc,A,197,1,Uh-huh. /,Uh-huh/UH ./.,,
sw09utt/sw_0900_2339.utt,2/sw2339,2339,298,fc,B,198,1,# Bye. # /,Bye/UH ./.,,
sw09utt/sw_0900_2339.utt,2/sw2339,2339,299,fc^m,A,199,1,# Bye. # /,Bye/UH ./.,,
