swda_filename,ptb_basename,conversation_no,transcript_index,act_tag,caller,utterance_index,subutterance_index,text,pos,trees,ptb_treenumbers
sw09utt/sw_0975_3009.utt,3/sw3009,3009,0,o,A,1,1,<Beep>  Okay. /,Okay/UH ./.,,
sw09utt/sw_0975_3009.utt,3/sw3009,3009,1,qy^d,B,2,1,"{D Well, } I take it since you selected this topic that you have children. /","Well/UH ,/, I/PRP take/VBP it/PRP since/IN you/PRP selected/VBD this/DT topic/NN that/IN you/PRP have/VBP children/NNS ./.",,
sw09utt/sw_0975_3009.utt,3/sw3009,3009,2,nn,A,3,1,"No,  /","No/UH ,/,",,
sw09utt/sw_0975_3009.utt,3/sw3009,3009,3,sd^e,A,3,2,"I don't, /","I/PRP do/VBP n't/RB ,/,",,
sw09utt/sw_0975_3009.utt,3/sw3009,3009,4,bh,B,4,1,You don't? /,You/PRP do/VBP n't/RB ?/.,,
sw09utt/sw_0975_3009.utt,3/sw3009,3009,5,sd,A,5,1,{C but } I have nine younger brothers and sisters. /,but/CC I/PRP have/VBP nine/CD younger/JJR brothers/NNS and/CC sisters/NNS ./.,,
sw09utt/sw_0975_3009.utt,3/sw3009,3009,6,ba,B,6,1,My goodness. /,My/PRP$ goodness/NN ./.,,
sw09utt/sw_0975_3009.utt,3/sw3009,3009,7,x,A,7,1,<Laughter>.,,,
sw09utt/sw_0975_3009.utt,3/sw3009,3009,8,sd,B,8,1,"<Laughter> {C So. }  {D Well, } I have two daughters  /","So/RB ./. Well/UH ,/, I/PRP have/VBP two/CD daughters/NNS",,
sw09utt/sw_0975_3009.utt,3/sw3009,3009,9,sd,B,8,2,"{C and, } {F um, } [ they're past this, + they've been ] latchkey children for a while,  /","and/CC ,/, um/UH ,/, they/PRP 're/VBP past/IN this/DT ,/, they/PRP 've/VBP been/VBN latchkey/NN children/NNS for/IN a/DT while/NN ,/,",,
sw09utt/sw_0975_3009.utt,3/sw3009,3009,10,sd,B,8,3,"{C and } they're almost where I can start saying they're, {D you know, } young adults, /","and/CC they/PRP 're/VBP almost/RB where/WRB I/PRP can/MD start/VB saying/VBG they/PRP 're/VBP ,/, you/PRP know/VBP ,/, young/JJ adults/NNS ,/,",,
sw09utt/sw_0975_3009.utt,3/sw3009,3009,11,b,A,9,1,Uh-huh. /,Uh-huh/UH ./.,,
sw09utt/sw_0975_3009.utt,3/sw3009,3009,12,sd,B,10,1,{C so } I don't have to worry about child care too much anymore.  /,so/RB I/PRP do/VBP n't/RB have/VB to/TO worry/VB about/IN child/NN care/NN too/RB much/JJ anymore/RB ./.,,
sw09utt/sw_0975_3009.utt,3/sw3009,3009,13,ad^t,B,10,2,"{F Um, } we're supposed to discuss what criteria we would ask,","Um/UH ,/, we/PRP 're/VBP supposed/VBN to/TO discuss/VB what/WP criteria/NNS we/PRP would/MD ask/VB ,/,",,
sw09utt/sw_0975_3009.utt,3/sw3009,3009,14,b,A,11,1,Uh-huh. /,Uh-huh/UH ./.,,
sw09utt/sw_0975_3009.utt,3/sw3009,3009,15,+,B,12,1,or expect. /,or/CC expect/VB ./.,,
sw09utt/sw_0975_3009.utt,3/sw3009,3009,16,%,A,13,1,"I would assume [ it's, + {D you know, } if you were ] looking for a day-care center or something like that. -/","I/PRP would/MD assume/VB it/PRP 's/BES ,/, you/PRP know/VBP ,/, if/IN you/PRP were/VBD looking/VBG for/IN a/DT day-care/NN center/NN or/CC something/NN like/IN that/DT ./.",,
sw09utt/sw_0975_3009.utt,3/sw3009,3009,17,%,B,14,1,"{D Well, } if I were look-, -/","Well/UH ,/, if/IN I/PRP were/VBD look/VBG ,/,",,
sw09utt/sw_0975_3009.utt,3/sw3009,3009,18,sv,A,15,1,{C Or } probably even baby-sitters would be the same thing. /,Or/CC probably/RB even/RB baby-sitters/NNS would/MD be/VB the/DT same/JJ thing/NN ./.,,
sw09utt/sw_0975_3009.utt,3/sw3009,3009,19,aa,B,16,1,Exactly.  /,Exactly/UH ./.,,
sw09utt/sw_0975_3009.utt,3/sw3009,3009,20,aa^r,B,16,2,Exactly.  /,Exactly/UH ./.,,
sw09utt/sw_0975_3009.utt,3/sw3009,3009,21,sd,B,16,3,"{F Um, } I think [ my, + my ] top priority would be that it would be someone who would be responsible and someone that would actually like  children. /","Um/UH ,/, I/PRP think/VBP my/PRP$ ,/, my/PRP$ top/JJ priority/NN would/MD be/VB that/IN it/PRP would/MD be/VB someone/NN who/WP would/MD be/VB responsible/JJ and/CC someone/NN that/WDT would/MD actually/RB like/VB children/NNS ./.",,
sw09utt/sw_0975_3009.utt,3/sw3009,3009,22,aa,A,17,1,"Yes,  /","Yes/UH ,/,",,
sw09utt/sw_0975_3009.utt,3/sw3009,3009,23,sd,A,17,2,I would think someone older  /,I/PRP would/MD think/VB someone/NN older/JJR,,
sw09utt/sw_0975_3009.utt,3/sw3009,3009,24,sd,A,17,3,{C and } I would want to know if they've had any past experience with children. /,and/CC I/PRP would/MD want/VB to/TO know/VB if/IN they/PRP 've/VBP had/VBN any/DT past/JJ experience/NN with/IN children/NNS ./.,,
sw09utt/sw_0975_3009.utt,3/sw3009,3009,25,b,B,18,1,Uh-huh. /,Uh-huh/UH ./.,,
sw09utt/sw_0975_3009.utt,3/sw3009,3009,26,b^m,A,19,1,<<Very faint>> Uh-huh. /,Uh-huh/UH ./.,,
sw09utt/sw_0975_3009.utt,3/sw3009,3009,27,sv,B,20,1,{C And } I think that varies.  /,And/CC I/PRP think/VBP that/DT varies/VBZ ./.,,
sw09utt/sw_0975_3009.utt,3/sw3009,3009,28,sv,B,20,2,I think a lot of your criteria vary with the age of your child. /,I/PRP think/VBP a/DT lot/NN of/IN your/PRP$ criteria/NNS vary/VBP with/IN the/DT age/NN of/IN your/PRP$ child/NN ./.,,
sw09utt/sw_0975_3009.utt,3/sw3009,3009,29,aa,A,21,1,"Yes,  /","Yes/UH ,/,",,
sw09utt/sw_0975_3009.utt,3/sw3009,3009,30,aa,A,21,2,that's true also. /,that/DT 's/BES true/JJ also/RB ./.,,
sw09utt/sw_0975_3009.utt,3/sw3009,3009,31,sv,B,22,1,"{F Um, } {D you know, } [ [ it's, + it's, ] + once they get to a certain age it's ] almost more important that it's someone that can entertain your child as opposed to someone who's, {D you know, } [ really, + really ] qualified --","Um/UH ,/, you/PRP know/VBP ,/, it/PRP 's/BES ,/, it/PRP 's/BES ,/, once/RB they/PRP get/VBP to/IN a/DT certain/JJ age/NN it/PRP 's/BES almost/RB more/RBR important/JJ that/IN it/PRP 's/BES someone/NN that/WDT can/MD entertain/VB your/PRP$ child/NN as/IN opposed/VBN to/IN someone/NN who/WP 's/BES ,/, you/PRP know/VBP ,/, really/RB ,/, really/RB qualified/JJ --/:",,
sw09utt/sw_0975_3009.utt,3/sw3009,3009,32,b,A,23,1,Uh-huh. /,Uh-huh/UH ./.,,
sw09utt/sw_0975_3009.utt,3/sw3009,3009,33,+,B,24,1,-- per se.  /,--/: per/FW se/FW ./.,,
sw09utt/sw_0975_3009.utt,3/sw3009,3009,34,sv,B,24,2,"{F Um, } [ with a, + with a ] baby, definitely have to be someone who knows how to handle a baby and would know how to respond to an emergency. /","Um/UH ,/, with/IN a/DT ,/, with/IN a/DT baby/NN ,/, definitely/RB have/VBP to/TO be/VB someone/NN who/WP knows/VBZ how/WRB to/TO handle/VB a/DT baby/NN and/CC would/MD know/VB how/WRB to/TO respond/VB to/IN an/DT emergency/NN ./.",,
sw09utt/sw_0975_3009.utt,3/sw3009,3009,35,b,A,25,1,Uh-huh. /,Uh-huh/UH ./.,,
sw09utt/sw_0975_3009.utt,3/sw3009,3009,36,%,B,26,1,"{C So, } -/","So/UH ,/,",,
sw09utt/sw_0975_3009.utt,3/sw3009,3009,37,sd,A,27,1,"{D Well, } {F um, } I did a lot of baby-sitting when I was younger.  /","Well/UH ,/, um/UH ,/, I/PRP did/VBD a/DT lot/NN of/IN baby-sitting/NN when/WRB I/PRP was/VBD younger/JJR ./.",,
sw09utt/sw_0975_3009.utt,3/sw3009,3009,38,sd,A,27,2,I'm twenty-two now  /,I/PRP 'm/VBP twenty-two/CD now/RB,,
sw09utt/sw_0975_3009.utt,3/sw3009,3009,39,sd,A,27,3,{C and } I did most of my baby-sitting when I was between the ages of thirteen and sixteen.  /,and/CC I/PRP did/VBD most/JJS of/IN my/PRP$ baby-sitting/NN when/WRB I/PRP was/VBD between/IN the/DT ages/NNS of/IN thirteen/CD and/CC sixteen/CD ./.,,
sw09utt/sw_0975_3009.utt,3/sw3009,3009,40,sd,A,27,4,"{C But, } {F um, } the only thing people ever asked me, - /","But/CC ,/, um/UH ,/, the/DT only/JJ thing/NN people/NNS ever/RB asked/VBD me/PRP ,/,",,
sw09utt/sw_0975_3009.utt,3/sw3009,3009,41,sd,A,27,5,"{D well, } of course, they knew I came from a family with younger kids,  /","well/UH ,/, of/IN course/NN ,/, they/PRP knew/VBD I/PRP came/VBD from/IN a/DT family/NN with/IN younger/JJR kids/NNS ,/,",,
sw09utt/sw_0975_3009.utt,3/sw3009,3009,42,sd,A,27,6,{C but } they really didn't ask me if I was used to children or not.  /,but/CC they/PRP really/RB did/VBD n't/RB ask/VB me/PRP if/IN I/PRP was/VBD used/JJ to/IN children/NNS or/CC not/RB ./.,,
sw09utt/sw_0975_3009.utt,3/sw3009,3009,43,sd,A,27,7,The only other thing they asked me is what I would expect in pay. /,The/DT only/RB other/JJ thing/NN they/PRP asked/VBD me/PRP is/VBZ what/WP I/PRP would/MD expect/VB in/IN pay/NN ./.,,
sw09utt/sw_0975_3009.utt,3/sw3009,3009,44,b,B,28,1,"{F Oh, } uh-huh,  /","Oh/UH ,/, uh-huh/UH ,/,",,
sw09utt/sw_0975_3009.utt,3/sw3009,3009,45,b^r,B,28,2,uh-huh. /,uh-huh/UH ./.,,
sw09utt/sw_0975_3009.utt,3/sw3009,3009,46,sd,A,29,1,"{D You know, } {C and, } {F um, } I was pretty surprised because if I had a child and  someone, {D you know, } [ I would want to know, + I personally would ask ] for people that that person has baby-sit for before. /","You/PRP know/VBP ,/, and/CC ,/, um/UH ,/, I/PRP was/VBD pretty/RB surprised/JJ because/IN if/IN I/PRP had/VBD a/DT child/NN and/CC someone/NN ,/, you/PRP know/VBP ,/, I/PRP would/MD want/VB to/TO know/VB ,/, I/PRP personally/RB would/MD ask/VB for/IN people/NNS that/WDT that/DT person/NN has/VBZ baby-sit/VBN for/IN before/RB ./.",,
sw09utt/sw_0975_3009.utt,3/sw3009,3009,47,sd,B,30,1,"{D Well, } [ [ I, + my experience, ] + I ] baby-sat a lot also [ at, + when ] I grew up  /","Well/UH ,/, I/PRP ,/, my/PRP$ experience/NN ,/, I/PRP baby-sat/VBD a/DT lot/NN also/RB at/IN ,/, when/WRB I/PRP grew/VBD up/RP",,
sw09utt/sw_0975_3009.utt,3/sw3009,3009,48,sv,B,30,2,"{C and, } {F um, } coming from, {D you know, } that background and the background as a parent now, I think the reason that people don't ask a whole lot of questions is [ a, + a ] lot of times baby-sitters, - /","and/CC ,/, um/UH ,/, coming/VBG from/IN ,/, you/PRP know/VBP ,/, that/DT background/NN and/CC the/DT background/NN as/IN a/DT parent/NN now/RB ,/, I/PRP think/VBP the/DT reason/NN that/IN people/NNS do/VBP n't/RB ask/VB a/DT whole/JJ lot/NN of/IN questions/NNS is/VBZ a/DT ,/, a/DT lot/NN of/IN times/NNS baby-sitters/NNS ,/,",,
sw09utt/sw_0975_3009.utt,3/sw3009,3009,49,sd,B,30,3,"I know I did this with my children,  /","I/PRP know/VBP I/PRP did/VBD this/DT with/IN my/PRP$ children/NNS ,/,",,
sw09utt/sw_0975_3009.utt,3/sw3009,3009,50,sv,B,30,4,"[ it's, + you get ] somebody where you kind of know the family already. /","it/PRP 's/BES ,/, you/PRP get/VBP somebody/NN where/WRB you/PRP kind/RB of/RB know/VBP the/DT family/NN already/RB ./.",,
sw09utt/sw_0975_3009.utt,3/sw3009,3009,51,b,A,31,1,Uh-huh. /,Uh-huh/UH ./.,,
sw09utt/sw_0975_3009.utt,3/sw3009,3009,52,sv,B,32,1,{C And } that gives you so much basic knowledge that you don't ask a whole lot of questions. /,And/CC that/DT gives/VBZ you/PRP so/RB much/JJ basic/JJ knowledge/NN that/IN you/PRP do/VBP n't/RB ask/VB a/DT whole/JJ lot/NN of/IN questions/NNS ./.,,
sw09utt/sw_0975_3009.utt,3/sw3009,3009,53,b,A,33,1,Uh-huh. /,Uh-huh/UH ./.,,
sw09utt/sw_0975_3009.utt,3/sw3009,3009,54,sd,B,34,1,"[ {C Becaus-, } + {C because } ] I had three younger brothers and sisters myself  /","Becaus-/IN ,/, because/IN I/PRP had/VBD three/CD younger/JJR brothers/NNS and/CC sisters/NNS myself/PRP",,
sw09utt/sw_0975_3009.utt,3/sw3009,3009,55,sd(^q),B,34,2,"{C so } [ they, + they ] thought, okay,  /","so/RB they/PRP ,/, they/PRP thought/VBD ,/, okay/UH ,/,",,
sw09utt/sw_0975_3009.utt,3/sw3009,3009,56,^q,B,34,3,"she knows [ how to, + how to ] treat children. /","she/PRP knows/VBZ how/WRB to/TO ,/, how/WRB to/TO treat/VB children/NNS ./.",,
sw09utt/sw_0975_3009.utt,3/sw3009,3009,57,b,A,35,1,Yes.  /,Yes/UH ./.,,
sw09utt/sw_0975_3009.utt,3/sw3009,3009,58,sd,A,35,2,"{D Well, } {D see } [ when, {F um, } I first got my mai-, + my first baby-sitting job was ] pretty strange.  /","Well/UH ,/, see/UH when/WRB ,/, um/UH ,/, I/PRP first/RB got/VBD my/PRP$ mai-/XX ,/, my/PRP$ first/JJ baby-sitting/NN job/NN was/VBD pretty/RB strange/JJ ./.",,
sw09utt/sw_0975_3009.utt,3/sw3009,3009,59,sd,A,35,3,"{F Um, } this lady saw us at church  /","Um/UH ,/, this/DT lady/NN saw/VBD us/PRP at/IN church/NN",,
sw09utt/sw_0975_3009.utt,3/sw3009,3009,60,sd,A,35,4,"{C and } [ she was a you-, + {D you know, } she was a younger ] lady.  /","and/CC she/PRP was/VBD a/DT you/JJR ,/, you/PRP know/VBP ,/, she/PRP was/VBD a/DT younger/JJR lady/NN ./.",,
sw09utt/sw_0975_3009.utt,3/sw3009,3009,61,sd,A,35,5,She didn't really know my mom.  /,She/PRP did/VBD n't/RB really/RB know/VB my/PRP$ mom/NN ./.,,
sw09utt/sw_0975_3009.utt,3/sw3009,3009,62,sd,A,35,6,She knew my mom by name  /,She/PRP knew/VBD my/PRP$ mom/NN by/IN name/NN,,
sw09utt/sw_0975_3009.utt,3/sw3009,3009,63,sd,A,35,7,{C and } that was it.  /,and/CC that/DT was/VBD it/PRP ./.,,
sw09utt/sw_0975_3009.utt,3/sw3009,3009,64,sd,A,35,8,"{C And, } {F um, } she knew that I was one of the oldest girls in my family  /","And/CC ,/, um/UH ,/, she/PRP knew/VBD that/IN I/PRP was/VBD one/CD of/IN the/DT oldest/JJS girls/NNS in/IN my/PRP$ family/NN",,
sw09utt/sw_0975_3009.utt,3/sw3009,3009,65,sd,A,35,9,{C so } she just asked my mom if I could baby-sit. /,so/RB she/PRP just/RB asked/VBD my/PRP$ mom/NN if/IN I/PRP could/MD baby-sit/VB ./.,,
sw09utt/sw_0975_3009.utt,3/sw3009,3009,66,b,B,36,1,"Uh-huh,  /","Uh-huh/UH ,/,",,
sw09utt/sw_0975_3009.utt,3/sw3009,3009,67,b^r,B,36,2,uh-huh. /,uh-huh/UH ./.,,
sw09utt/sw_0975_3009.utt,3/sw3009,3009,68,sd,A,37,1,"{D You know, } she really didn't know my name or anything, {D you know, }  /","You/PRP know/VBP ,/, she/PRP really/RB did/VBD n't/RB know/VB my/PRP$ name/NN or/CC anything/NN ,/, you/PRP know/VBP ,/,",,
sw09utt/sw_0975_3009.utt,3/sw3009,3009,69,sd,A,37,2,I thought that was pretty strange.  /,I/PRP thought/VBD that/DT was/VBD pretty/RB strange/JJ ./.,,
sw09utt/sw_0975_3009.utt,3/sw3009,3009,70,sd,A,37,3,"{D You know, } {C and } she had two children.  /","You/PRP know/VBP ,/, and/CC she/PRP had/VBD two/CD children/NNS ./.",,
sw09utt/sw_0975_3009.utt,3/sw3009,3009,71,sd,A,37,4,One was still in diapers when I started baby-sitting. /,One/CD was/VBD still/RB in/IN diapers/NNS when/WRB I/PRP started/VBD baby-sitting/VBG ./.,,
sw09utt/sw_0975_3009.utt,3/sw3009,3009,72,ba,B,38,1,Wow. /,Wow/UH ./.,,
sw09utt/sw_0975_3009.utt,3/sw3009,3009,73,sd,A,39,1,"{C So, } {F um, } she pretty much, {D you know, } just assumed that I would know, {D you know, } how to handle them.  /","So/RB ,/, um/UH ,/, she/PRP pretty/RB much/RB ,/, you/PRP know/VBP ,/, just/RB assumed/VBD that/IN I/PRP would/MD know/VB ,/, you/PRP know/VBP ,/, how/WRB to/TO handle/VB them/PRP ./.",,
sw09utt/sw_0975_3009.utt,3/sw3009,3009,74,sd,A,39,2,"{D So, } [ I wa-, + {D you know, } I enjoy ] kids  /","So/RB ,/, I/PRP wa-/XX ,/, you/PRP know/VBP ,/, I/PRP enjoy/VBP kids/NNS",,
sw09utt/sw_0975_3009.utt,3/sw3009,3009,75,sd,A,39,3,{C and } I get along with them very well  /,and/CC I/PRP get/VBP along/RB with/IN them/PRP very/RB well/RB,,
sw09utt/sw_0975_3009.utt,3/sw3009,3009,76,sd,A,39,4,{C so } there's no problem.  /,so/RB there/EX 's/BES no/DT problem/NN ./.,,
sw09utt/sw_0975_3009.utt,3/sw3009,3009,77,sd,A,39,5,"{C But, } {F uh, } with today's world and  the kids today, {F uh, } [ there's no way, + I can't say ] that I would just ask someone, {D you know, } that I didn't know like that to baby-sit. /","But/CC ,/, uh/UH ,/, with/IN today/NN 's/POS world/NN and/CC the/DT kids/NNS today/NN ,/, uh/UH ,/, there/EX 's/BES no/DT way/NN ,/, I/PRP ca/MD n't/RB say/VB that/IN I/PRP would/MD just/RB ask/VB someone/NN ,/, you/PRP know/VBP ,/, that/WDT I/PRP did/VBD n't/RB know/VB like/IN that/DT to/TO baby-sit/VB ./.",,
sw09utt/sw_0975_3009.utt,3/sw3009,3009,78,aa,B,40,1,"{F Oh, } I agree with you,  /","Oh/UH ,/, I/PRP agree/VBP with/IN you/PRP ,/,",,
sw09utt/sw_0975_3009.utt,3/sw3009,3009,79,sv,B,40,2,"{C but } there again [ she, + {D you know, } she [ knew, + knew ] ] of your family, /","but/CC there/RB again/RB she/PRP ,/, you/PRP know/VBP ,/, she/PRP knew/VBD ,/, knew/VBD of/IN your/PRP$ family/NN ,/,",,
sw09utt/sw_0975_3009.utt,3/sw3009,3009,80,aa,A,41,1,"Uh-huh,  /","Uh-huh/UH ,/,",,
sw09utt/sw_0975_3009.utt,3/sw3009,3009,81,aa,A,41,2,that's true. /,that/DT 's/BES true/JJ ./.,,
sw09utt/sw_0975_3009.utt,3/sw3009,3009,82,sv,B,42,1,"[ {C and } she, + {C and } she ] met in a safe setting, such as church. /","and/CC she/PRP ,/, and/CC she/PRP met/VBD in/IN a/DT safe/JJ setting/NN ,/, such/IN as/IN church/NN ./.",,
sw09utt/sw_0975_3009.utt,3/sw3009,3009,83,b,A,43,1,Uh-huh. /,Uh-huh/UH ./.,,
sw09utt/sw_0975_3009.utt,3/sw3009,3009,84,sv,B,44,1,{C So } she was going on those two instincts.  /,So/RB she/PRP was/VBD going/VBG on/IN those/DT two/CD instincts/NNS ./.,,
sw09utt/sw_0975_3009.utt,3/sw3009,3009,85,sd,B,44,2,"Just the same I know myself,  /","Just/RB the/DT same/JJ I/PRP know/VBP myself/PRP ,/,",,
sw09utt/sw_0975_3009.utt,3/sw3009,3009,86,%,B,44,3,"I never, - /","I/PRP never/RB ,/,",,
sw09utt/sw_0975_3009.utt,3/sw3009,3009,87,sd,B,44,4,{C and } I was very very protective on who baby-sat my children. /,and/CC I/PRP was/VBD very/RB very/RB protective/JJ on/IN who/WP baby-sat/VBD my/PRP$ children/NNS ./.,,
sw09utt/sw_0975_3009.utt,3/sw3009,3009,88,sd,A,45,1,"{F Oh, } I would be too <laughter>. /","Oh/UH ,/, I/PRP would/MD be/VB too/RB ./.",,
sw09utt/sw_0975_3009.utt,3/sw3009,3009,89,sd,B,46,1,"[ {C And, } + {C and } ] [ [ in + i-, ] + it ] really shocked me  /","And/CC ,/, and/CC in/IN i-/XX ,/, it/PRP really/RB shocked/VBD me/PRP",,
sw09utt/sw_0975_3009.utt,3/sw3009,3009,90,sd,B,46,2,"{C because } just about six months ago someone came to my front door, rang the doorbell.  /","because/IN just/RB about/RB six/CD months/NNS ago/RB someone/NN came/VBD to/IN my/PRP$ front/JJ door/NN ,/, rang/VBD the/DT doorbell/NN ./.",,
sw09utt/sw_0975_3009.utt,3/sw3009,3009,91,sd,B,46,3,She had just moved in the neighborhood.  /,She/PRP had/VBD just/RB moved/VBN in/IN the/DT neighborhood/NN ./.,,
sw09utt/sw_0975_3009.utt,3/sw3009,3009,92,sd,B,46,4,"She had her daughter with her,  /","She/PRP had/VBD her/PRP$ daughter/NN with/IN her/PRP$ ,/,",,
sw09utt/sw_0975_3009.utt,3/sw3009,3009,93,sd,B,46,5,"{C and } the daughter was, {F oh, } about a second grader.  /","and/CC the/DT daughter/NN was/VBD ,/, oh/UH ,/, about/RB a/DT second/JJ grader/NN ./.",,
sw09utt/sw_0975_3009.utt,3/sw3009,3009,94,sd,B,46,6,{C And } she was actively looking for people who would baby-sit her child. /,And/CC she/PRP was/VBD actively/RB looking/VBG for/IN people/NNS who/WP would/MD baby-sit/VB her/PRP$ child/NN ./.,,
sw09utt/sw_0975_3009.utt,3/sw3009,3009,95,ba,A,47,1,"{F Oh, } my. /","Oh/UH ,/, my/UH ./.",,
sw09utt/sw_0975_3009.utt,3/sw3009,3009,96,sd(^q),B,48,1,"{C And } I thought, {D well } she doesn't know me or my children from anything. /","And/CC I/PRP thought/VBD ,/, well/UH she/PRP does/VBZ n't/RB know/VB me/PRP or/CC my/PRP$ children/NNS from/IN anything/NN ./.",,
sw09utt/sw_0975_3009.utt,3/sw3009,3009,97,b,A,49,1,Huh-uh. /,Huh-uh/UH ./.,,
sw09utt/sw_0975_3009.utt,3/sw3009,3009,98,sd,B,50,1,"{C And } [ it was, + I was ] almost more reluctant of letting my older children go baby-sit for her because I didn't know her --","And/CC it/PRP was/VBD ,/, I/PRP was/VBD almost/RB more/RBR reluctant/JJ of/IN letting/VBG my/PRP$ older/JJR children/NNS go/VB baby-sit/VB for/IN her/PRP because/IN I/PRP did/VBD n't/RB know/VB her/PRP$ --/:",,
sw09utt/sw_0975_3009.utt,3/sw3009,3009,99,b,A,51,1,"Uh-huh,  /","Uh-huh/UH ,/,",,
sw09utt/sw_0975_3009.utt,3/sw3009,3009,100,b,A,51,2,yes. /,yes/UH ./.,,
sw09utt/sw_0975_3009.utt,3/sw3009,3009,101,+,B,52,1,-- <Laughter> then she was reluctant of letting strangers into her house. /,--/: then/IN she/PRP was/VBD reluctant/JJ of/IN  letting/VBG strangers/NNS into/IN her/PRP$ house/NN ./.,,
sw09utt/sw_0975_3009.utt,3/sw3009,3009,102,b,A,53,1,Uh-huh. /,Uh-huh/UH ./.,,
sw09utt/sw_0975_3009.utt,3/sw3009,3009,103,sv,B,54,1,"{C So, } {E I mean } people are so different. /","So/RB ,/, I/PRP mean/VBP people/NNS are/VBP so/RB different/JJ ./.",,
sw09utt/sw_0975_3009.utt,3/sw3009,3009,104,aa,A,55,1,"{F Oh, } I know.  /","Oh/UH ,/, I/PRP know/VBP ./.",,
sw09utt/sw_0975_3009.utt,3/sw3009,3009,105,qy^d,A,55,2,"{F Um, } {D well, } [ [ I real-, + I, ] + obviously you've ] never had to look for a day care or anything. /","Um/UH ,/, well/UH ,/, I/PRP real-/XX ,/, I/PRP ,/, obviously/RB you/PRP 've/VBP never/RB had/VBN to/TO look/VB for/IN a/DT day/NN care/NN or/CC anything/NN ./.",,
sw09utt/sw_0975_3009.utt,3/sw3009,3009,106,nd,B,56,1,"{D Well, } [ I did, + I did ] have, {F um, } [ my, + my ] child, {F uh, } in a day care for just a short time [ a-, + when ] my oldest was about two and a half -- /","Well/UH ,/, I/PRP did/VBD ,/, I/PRP did/VBD have/VB ,/, um/UH ,/, my/PRP$ ,/, my/PRP$ child/NN ,/, uh/UH ,/, in/IN a/DT day/NN care/NN for/IN just/RB a/DT short/JJ time/NN a-/XX ,/, when/WRB my/PRP$ oldest/JJS was/VBD about/RB two/CD and/CC a/DT half/NN --/:",,
sw09utt/sw_0975_3009.utt,3/sw3009,3009,107,b,A,57,1,Uh-huh. /,Uh-huh/UH ./.,,
sw09utt/sw_0975_3009.utt,3/sw3009,3009,108,sd,B,58,1,-- {C and } I worked just a part-time job  /,--/: and/CC I/PRP worked/VBD just/RB a/DT part-time/JJ job/NN,,
sw09utt/sw_0975_3009.utt,3/sw3009,3009,109,sd,B,58,2,"{C and, } {F uh, } [ in, + in ] those situations, {F um, } what I did is [ I'd, + I went ] in  /","and/CC ,/, uh/UH ,/, in/IN ,/, in/IN those/DT situations/NNS ,/, um/UH ,/, what/WP I/PRP did/VBD is/VBZ I/PRP 'd/MD ,/, I/PRP went/VBD in/RB",,
sw09utt/sw_0975_3009.utt,3/sw3009,3009,110,sd,B,58,3,"{C and, } {D you know, } I made  (( a few ))  phone calls,  /","and/CC ,/, you/PRP know/VBP ,/, I/PRP made/VBD a/DT few/JJ phone/NN calls/NNS ,/,",,
sw09utt/sw_0975_3009.utt,3/sw3009,3009,111,sd,B,58,4,I went in and visited.  /,I/PRP went/VBD in/RB and/CC visited/VBD ./.,,
sw09utt/sw_0975_3009.utt,3/sw3009,3009,112,sd,B,58,5,I asked questions such as how they would discipline a child. /,I/PRP asked/VBD questions/NNS such/IN as/IN how/WRB they/PRP would/MD discipline/VB a/DT child/NN ./.,,
sw09utt/sw_0975_3009.utt,3/sw3009,3009,113,b,A,59,1,Uh-huh. /,Uh-huh/UH ./.,,
sw09utt/sw_0975_3009.utt,3/sw3009,3009,114,sd,B,60,1,"{F Um, } that was a concern with me.  /","Um/UH ,/, that/DT was/VBD a/DT concern/NN with/IN me/PRP ./.",,
sw09utt/sw_0975_3009.utt,3/sw3009,3009,115,sv,B,60,2,"{F Um, } {D you know, } [ [ c-, + you, ] + you ] learn a lot by going in there  /","Um/UH ,/, you/PRP know/VBP ,/, c-/XX ,/, you/PRP ,/, you/PRP learn/VBP a/DT lot/NN by/IN going/VBG in/IN there/RB",,
sw09utt/sw_0975_3009.utt,3/sw3009,3009,116,sv,B,60,3,"{C and } [ they e-, + they explain ] to you, {D you know, } what their day consists of and what their general rules are,  /","and/CC they/PRP e/VBP ,/, they/PRP explain/VBP to/IN you/PRP ,/, you/PRP know/VBP ,/, what/WP their/PRP$ day/NN consists/VBZ of/IN and/CC what/WP their/PRP$ general/JJ rules/NNS are/VBP ,/,",,
sw09utt/sw_0975_3009.utt,3/sw3009,3009,117,sd,B,60,4,"{C and, } {F um, } [ that's, + {D you know, } that's ] as much as I know.  /","and/CC ,/, um/UH ,/, that/DT 's/BES ,/, you/PRP know/VBP ,/, that/DT 's/BES as/RB much/JJ as/IN I/PRP know/VBP ./.",,
sw09utt/sw_0975_3009.utt,3/sw3009,3009,118,sv,B,60,5,You probably could get really good feedback from a lot of other working mothers --,You/PRP probably/RB could/MD get/VB really/RB good/JJ feedback/NN from/IN a/DT lot/NN of/IN other/JJ working/VBG mothers/NNS --/:,,
sw09utt/sw_0975_3009.utt,3/sw3009,3009,119,b,A,61,1,Uh-huh. /,Uh-huh/UH ./.,,
sw09utt/sw_0975_3009.utt,3/sw3009,3009,120,+,B,62,1,"-- {D you know, } that have done this over and over again. /","--/: you/PRP know/VBP ,/, that/WDT have/VBP done/VBN this/DT over/RP and/CC over/RP again/RB ./.",,
sw09utt/sw_0975_3009.utt,3/sw3009,3009,121,%,A,63,1,"# {D Well, } # -/","Well/UH ,/,",,
sw09utt/sw_0975_3009.utt,3/sw3009,3009,122,%,B,64,1,"# {C But } I, - /","But/CC I/PRP ,/,",,
sw09utt/sw_0975_3009.utt,3/sw3009,3009,123,ad,B,64,2,# go ahead. /,go/VB ahead/RB ./.,,
sw09utt/sw_0975_3009.utt,3/sw3009,3009,124,qw,A,65,1,How did you stumble upon the day-care center?  /,How/WRB did/VBD you/PRP stumble/VB upon/IN the/DT day-care/NN center/NN ?/.,,
sw09utt/sw_0975_3009.utt,3/sw3009,3009,125,qy,A,65,2,Did you just look it up in a phone book  /,Did/VBD you/PRP just/RB look/VB it/PRP up/RP in/IN a/DT phone/NN book/NN,,
sw09utt/sw_0975_3009.utt,3/sw3009,3009,126,qw,A,65,3,{C or } what was it? /,or/CC what/WP was/VBD it/PRP ?/.,,
sw09utt/sw_0975_3009.utt,3/sw3009,3009,127,sv,B,66,1,"{F Um, } [ [ I think lots of people, + I, ] + I think I ] went by location for one thing. /","Um/UH ,/, I/PRP think/VBP lots/NNS of/IN people/NNS ,/, I/PRP ,/, I/PRP think/VBP I/PRP went/VBD by/IN location/NN for/IN one/CD thing/NN ./.",,
sw09utt/sw_0975_3009.utt,3/sw3009,3009,128,b,A,67,1,Uh-huh. /,Uh-huh/UH ./.,,
sw09utt/sw_0975_3009.utt,3/sw3009,3009,129,sv,B,68,1,I think most people do that.  /,I/PRP think/VBP most/JJS people/NNS do/VBP that/DT ./.,,
sw09utt/sw_0975_3009.utt,3/sw3009,3009,130,sv(^q),B,68,2,"I think you start out with the criteria of, {D you know, } do I know of anything  /","I/PRP think/VBP you/PRP start/VBP out/RP with/IN the/DT criteria/NNS of/IN ,/, you/PRP know/VBP ,/, do/VBP I/PRP know/VB of/IN anything/NN",,
sw09utt/sw_0975_3009.utt,3/sw3009,3009,131,^q,B,68,3,{C or } do I know anyone who has their child in a day care  /,or/CC do/VBP I/PRP know/VB anyone/NN who/WP has/VBZ their/PRP$ child/NN in/IN a/DT day/NN care/NN,,
sw09utt/sw_0975_3009.utt,3/sw3009,3009,132,%,B,68,4,"{C and, } -/","and/CC ,/,",,
sw09utt/sw_0975_3009.utt,3/sw3009,3009,133,b,A,69,1,"Yeah,  /","Yeah/UH ,/,",,
sw09utt/sw_0975_3009.utt,3/sw3009,3009,134,sv,A,69,2,"[ (( there is )) , + I would ] say most people would probably go by word of mouth. /","there/EX is/VBZ ,/, I/PRP would/MD say/VB most/JJS people/NNS would/MD probably/RB go/VB by/IN word/NN of/IN mouth/NN ./.",,
sw09utt/sw_0975_3009.utt,3/sw3009,3009,135,aa,B,70,1,Right.  /,Right/UH ./.,,
sw09utt/sw_0975_3009.utt,3/sw3009,3009,136,aa^r,B,70,2,Right.  /,Right/UH ./.,,
sw09utt/sw_0975_3009.utt,3/sw3009,3009,137,sv,B,70,3,"{C And then, } {D you know, } {E I mean, } even at that you have to consider the logistics of it. /","And/CC then/RB ,/, you/PRP know/VBP ,/, I/PRP mean/VBP ,/, even/RB at/IN that/DT you/PRP have/VBP to/TO consider/VB the/DT logistics/NNS of/IN it/PRP ./.",,
sw09utt/sw_0975_3009.utt,3/sw3009,3009,138,b,A,71,1,Uh-huh. /,Uh-huh/UH ./.,,
sw09utt/sw_0975_3009.utt,3/sw3009,3009,139,sv,B,72,1,"{D You know, } {E I mean, } you're not going to take your child south of town if you work north.","You/PRP know/VBP ,/, I/PRP mean/VBP ,/, you/PRP 're/VBP not/RB going/VBG to/TO take/VB your/PRP$ child/NN south/RB of/IN town/NN if/IN you/PRP work/VBP north/RB ./.",,
sw09utt/sw_0975_3009.utt,3/sw3009,3009,140,aa,A,73,1,"Yes,  /","Yes/UH ,/,",,
sw09utt/sw_0975_3009.utt,3/sw3009,3009,141,aa,A,73,2,exactly. /,exactly/UH ./.,,
sw09utt/sw_0975_3009.utt,3/sw3009,3009,142,+,B,74,1,"[ Yo-, + even ] if that's the best one in the whole wide world <laughter>. /","Yo-/XX ,/, even/RB if/IN that/DT 's/BES the/DT best/JJS one/NN in/IN the/DT whole/JJ wide/JJ world/NN ./.",,
sw09utt/sw_0975_3009.utt,3/sw3009,3009,143,b,A,75,1,Uh-huh. /,Uh-huh/UH ./.,,
sw09utt/sw_0975_3009.utt,3/sw3009,3009,144,sv,B,76,1,"{C So } [ there, + there ] are just so many considerations. /","So/RB there/EX ,/, there/EX are/VBP just/RB so/RB many/JJ considerations/NNS ./.",,
sw09utt/sw_0975_3009.utt,3/sw3009,3009,145,aa,A,77,1,Uh-huh.  /,Uh-huh/UH ./.,,
sw09utt/sw_0975_3009.utt,3/sw3009,3009,146,qy,A,77,2,"Then again, did, {F um, } money come into play with it at all? /","Then/RB again/RB ,/, did/VBD ,/, um/UH ,/, money/NN come/VB into/IN play/NN with/IN it/PRP at/IN all/DT ?/.",,
sw09utt/sw_0975_3009.utt,3/sw3009,3009,147,na,B,78,1,"{F Oh, } money is always a factor in my life,","Oh/UH ,/, money/NN is/VBZ always/RB a/DT factor/NN in/IN my/PRP$ life/NN ,/,",,
sw09utt/sw_0975_3009.utt,3/sw3009,3009,148,x,A,79,1,<Laughter>.,,,
sw09utt/sw_0975_3009.utt,3/sw3009,3009,149,+,B,80,1,<Laughter> definitely.  /,definitely/RB ./.,,
sw09utt/sw_0975_3009.utt,3/sw3009,3009,150,sd,B,80,2,"[ I've never, + {D you know, } I've never ] had the luxury of not having that be a factor.  {F Um, } even in something as important as day care.  /","I/PRP 've/VBP never/RB ,/, you/PRP know/VBP ,/, I/PRP 've/VBP never/RB had/VBN the/DT luxury/NN of/IN not/RB having/VBG that/DT be/VB a/DT factor/NN ./. Um/UH ,/, even/RB in/IN something/NN as/RB important/JJ as/IN day/NN care/NN ./.",,
sw09utt/sw_0975_3009.utt,3/sw3009,3009,151,sd,B,80,3,"I know if I didn't have that stipulation, I would have done things differently --","I/PRP know/VBP if/IN I/PRP did/VBD n't/RB have/VB that/DT stipulation/NN ,/, I/PRP would/MD have/VB done/VBN things/NNS differently/RB --/:",,
sw09utt/sw_0975_3009.utt,3/sw3009,3009,152,b,A,81,1,Uh-huh. /,Uh-huh/UH ./.,,
sw09utt/sw_0975_3009.utt,3/sw3009,3009,153,+,B,82,1,-- {D you know. }  /,--/: you/PRP know/VBP ./.,,
sw09utt/sw_0975_3009.utt,3/sw3009,3009,154,sd,B,82,2,"{F Um, } Montessori school would be something that I would have pursued,  /","Um/UH ,/, Montessori/NNP school/NN would/MD be/VB something/NN that/WDT I/PRP would/MD have/VB pursued/VBN ,/,",,
sw09utt/sw_0975_3009.utt,3/sw3009,3009,155,sd,B,82,3,{C but } that's always a little bit more expensive than what I could look at. /,but/CC that/DT 's/BES always/RB a/DT little/JJ bit/NN more/RBR expensive/JJ than/IN what/WP I/PRP could/MD look/VB at/IN ./.,,
sw09utt/sw_0975_3009.utt,3/sw3009,3009,156,b,A,83,1,Uh-huh. /,Uh-huh/UH ./.,,
sw09utt/sw_0975_3009.utt,3/sw3009,3009,157,sd,B,84,1,"{F Um, } {C and } I was very very fortunate in that I didn't have to do that on a full-time basis. /","Um/UH ,/, and/CC I/PRP was/VBD very/RB very/RB fortunate/JJ in/IN that/IN I/PRP did/VBD n't/RB have/VB to/TO do/VB that/DT on/IN a/DT full-time/JJ basis/NN ./.",,
sw09utt/sw_0975_3009.utt,3/sw3009,3009,158,b,A,85,1,Yes. /,Yes/UH ./.,,
sw09utt/sw_0975_3009.utt,3/sw3009,3009,159,%,B,86,1,"[ [ {C So, } + {C and, } ] + {C and then } ] [ when you get, + {D you know, } when you get ] into the full-time basis day care, -/","So/RB ,/, and/CC ,/, and/CC then/RB when/WRB you/PRP get/VBP ,/, you/PRP know/VBP ,/, when/WRB you/PRP get/VBP into/IN the/DT full-time/JJ basis/NN day/NN care/NN ,/,",,
