swda_filename,ptb_basename,conversation_no,transcript_index,act_tag,caller,utterance_index,subutterance_index,text,pos,trees,ptb_treenumbers
sw09utt/sw_0972_2862.utt,2/sw2862,2862,0,qy,A,1,1,"<Beep>  {D Well, } did you get a chance to watch any of the games? /","Well/UH ,/, did/VBD you/PRP get/VB a/DT chance/NN to/TO watch/VB any/DT of/IN the/DT games/NNS ?/.",,
sw09utt/sw_0972_2862.utt,2/sw2862,2862,1,nn,B,2,1,"{F Uh, } no,  /","Uh/UH ,/, no/UH ,/,",,
sw09utt/sw_0972_2862.utt,2/sw2862,2862,2,sd^e,B,2,2,"[ [ [ I, + I just kind of, ] + I, ] + I kind of ] watch them on the news  /","I/PRP ,/, I/PRP just/RB kind/RB of/RB ,/, I/PRP ,/, I/PRP kind/RB of/RB watch/VBP them/PRP on/IN the/DT news/NN",,
sw09utt/sw_0972_2862.utt,2/sw2862,2862,3,sd,B,2,3,{C and } that's about it. /,and/CC that/DT 's/BES about/RB it/PRP ./.,,
sw09utt/sw_0972_2862.utt,2/sw2862,2862,4,bk,A,3,1,"{F Oh, } okay <laughter>. /","Oh/UH ,/, okay/UH ./.",,
sw09utt/sw_0972_2862.utt,2/sw2862,2862,5,qy^g,B,4,1,"{F Uh, } [ the, + Michael Jordan's ] on Chicago Bulls isn't he. /","Uh/UH ,/, the/DT ,/, Michael/NNP Jordan/NNP 's/BES on/IN Chicago/NNP Bulls/NNS is/VBZ n't/RB he/PRP ./.",,
sw09utt/sw_0972_2862.utt,2/sw2862,2862,6,ny,A,5,1,Yeah. /,Yeah/UH ./.,,
sw09utt/sw_0972_2862.utt,2/sw2862,2862,7,qy,B,6,1,"[ What, + ] did he get hurt last night  /","What/WP ,/, did/VBD he/PRP get/VB hurt/VBN last/JJ night/NN",,
sw09utt/sw_0972_2862.utt,2/sw2862,2862,8,%,B,6,2,"{C or, } -/","or/CC ,/,",,
sw09utt/sw_0972_2862.utt,2/sw2862,2862,9,nn,A,7,1,"No,  /","No/UH ,/,",,
sw09utt/sw_0972_2862.utt,2/sw2862,2862,10,sd^e,A,7,2,I don't think so  /,I/PRP do/VBP n't/RB think/VB so/RB,,
sw09utt/sw_0972_2862.utt,2/sw2862,2862,11,sd,A,7,3,"{C because, } {F uh, } I saw just a little bit of the game today  /","because/IN ,/, uh/UH ,/, I/PRP saw/VBD just/RB a/DT little/JJ bit/NN of/IN the/DT game/NN today/NN",,
sw09utt/sw_0972_2862.utt,2/sw2862,2862,12,sd,A,7,4,{C and } he was out there playing. /,and/CC he/PRP was/VBD out/IN there/RB playing/VBG ./.,,
sw09utt/sw_0972_2862.utt,2/sw2862,2862,13,bk,B,8,1,"{F Oh, } okay. /","Oh/UH ,/, okay/UH ./.",,
sw09utt/sw_0972_2862.utt,2/sw2862,2862,14,sd,A,9,1,"Although, {F uh, } [ I, + what I ] saw was at the end of the first quarter,  /","Although/IN ,/, uh/UH ,/, I/PRP ,/, what/WP I/PRP saw/VBD was/VBD at/IN the/DT end/NN of/IN the/DT first/JJ quarter/NN ,/,",,
sw09utt/sw_0972_2862.utt,2/sw2862,2862,15,sd,A,9,2,"I think he only had {D like } [ eightch-, + eight ] points --","I/PRP think/VBP he/PRP only/RB had/VBD like/UH eightch-/XX ,/, eight/CD points/NNS --/:",,
sw09utt/sw_0972_2862.utt,2/sw2862,2862,16,b,B,10,1,Uh-huh. /,Uh-huh/UH ./.,,
sw09utt/sw_0972_2862.utt,2/sw2862,2862,17,+,A,11,1,"-- at the end of the first quarter,  /","--/: at/IN the/DT end/NN of/IN the/DT first/JJ quarter/NN ,/,",,
sw09utt/sw_0972_2862.utt,2/sw2862,2862,18,sd,A,11,2,they thought that was big news. /,they/PRP thought/VBD that/DT was/VBD big/JJ news/NN ./.,,
sw09utt/sw_0972_2862.utt,2/sw2862,2862,19,b,B,12,1,"{F Oh, } yeah. /","Oh/UH ,/, yeah/UH ./.",,
sw09utt/sw_0972_2862.utt,2/sw2862,2862,20,h,A,13,1,"{C So, } I don't know,  /","So/RB ,/, I/PRP do/VBP n't/RB know/VB ,/,",,
sw09utt/sw_0972_2862.utt,2/sw2862,2862,21,sd,A,13,2,"{C but } I don't know who won,  /","but/CC I/PRP do/VBP n't/RB know/VB who/WP won/VBD ,/,",,
sw09utt/sw_0972_2862.utt,2/sw2862,2862,22,h,A,13,3,"{C and, } {F uh, } I don't know,  /","and/CC ,/, uh/UH ,/, I/PRP do/VBP n't/RB know/VB ,/,",,
sw09utt/sw_0972_2862.utt,2/sw2862,2862,23,qy,A,13,4,"who do you normally pull for, [ the, + the ] Mavericks or, -/","who/WP do/VBP you/PRP normally/RB pull/VB for/IN ,/, the/DT ,/, the/DT Mavericks/NNPS or/CC ,/,",,
sw09utt/sw_0972_2862.utt,2/sw2862,2862,24,nn,B,14,1,"No,  /","No/UH ,/,",,
sw09utt/sw_0972_2862.utt,2/sw2862,2862,25,sd^e,B,14,2,"I kind of feel [ like the, + about the ] Mavericks the way I do about the Cowboys now. /","I/PRP kind/RB of/RB feel/VBP like/IN the/DT ,/, about/IN the/DT Mavericks/NNPS the/DT way/NN I/PRP do/VBP about/IN the/DT Cowboys/NNPS now/RB ./.",,
sw09utt/sw_0972_2862.utt,2/sw2862,2862,26,bh,A,15,1,"{F Oh, } yeah? /","Oh/UH ,/, yeah/UH ?/.",,
sw09utt/sw_0972_2862.utt,2/sw2862,2862,27,ny^m,B,16,1,Yeah.  /,Yeah/UH ./.,,
sw09utt/sw_0972_2862.utt,2/sw2862,2862,28,sd^e,B,16,2,"{F Uh, } just all this Roy Tarpley stuff  /","Uh/UH ,/, just/RB all/PDT this/DT Roy/NNP Tarpley/NNP stuff/NN",,
sw09utt/sw_0972_2862.utt,2/sw2862,2862,29,t1,B,16,3,"[ {C and, } + {C and, } ] {F uh, } what is it  /","and/CC ,/, and/CC ,/, uh/UH ,/, what/WP is/VBZ it/PRP",,
sw09utt/sw_0972_2862.utt,2/sw2862,2862,30,sd,B,16,4,"[ [ their, + {D you know, } he got, ] + he's ] in trouble again down in Houston  /","their/PRP$ ,/, you/PRP know/VBP ,/, he/PRP got/VBD ,/, he/PRP 's/BES in/IN trouble/NN again/RB down/RB in/IN Houston/NNP",,
sw09utt/sw_0972_2862.utt,2/sw2862,2862,31,sd,B,16,5,"[ {C and, } + {C and, } ] {F uh, } they said the other night his contract is so big that if anything happens to him, {D you know, } if they don't trade him, they'll have to pay him off, {D you know. }  /","and/CC ,/, and/CC ,/, uh/UH ,/, they/PRP said/VBD the/DT other/JJ night/NN his/PRP$ contract/NN is/VBZ so/RB big/JJ that/IN if/IN anything/NN happens/VBZ to/IN him/PRP ,/, you/PRP know/VBP ,/, if/IN they/PRP do/VBP n't/RB trade/VB him/PRP ,/, they/PRP 'll/MD have/VB to/TO pay/VB him/PRP off/RP ,/, you/PRP know/VBP ./.",,
sw09utt/sw_0972_2862.utt,2/sw2862,2862,32,sd,B,16,6,"{C So } they're rather have him, except that he gets in trouble all the time and falls off the wagon, [ [ and, + and, ] + and ] have some chance of him playing, {D you know, } earning his money. /","So/RB they/PRP 're/VBP rather/RB have/VB him/PRP ,/, except/IN that/DT he/PRP gets/VBZ in/IN trouble/NN all/PDT the/DT time/NN and/CC falls/VBZ off/IN the/DT wagon/NN ,/, and/CC ,/, and/CC ,/, and/CC have/VB some/DT chance/NN of/IN him/PRP playing/VBG ,/, you/PRP know/VBP ,/, earning/VBG his/PRP$ money/NN ./.",,
sw09utt/sw_0972_2862.utt,2/sw2862,2862,33,ba,A,17,1,"{F Oh, } jeez.  /","Oh/UH ,/, jeez/UH ./.",,
sw09utt/sw_0972_2862.utt,2/sw2862,2862,34,%,A,17,2,"Yeah,  /","Yeah/UH ,/,",,
sw09utt/sw_0972_2862.utt,2/sw2862,2862,35,sv,A,17,3,{C because } that's just dollars right out of the franchise. /,because/IN that/DT 's/BES just/RB dollars/NNS right/RB out/IN of/IN the/DT franchise/NN ./.,,
sw09utt/sw_0972_2862.utt,2/sw2862,2862,36,aa,B,18,1,Sure is. /,Sure/RB is/VBZ ./.,,
sw09utt/sw_0972_2862.utt,2/sw2862,2862,37,ba,A,19,1,"{F Oh, } man.  /","Oh/UH ,/, man/UH ./.",,
sw09utt/sw_0972_2862.utt,2/sw2862,2862,38,sd,A,19,2,"{D Now } [ [ I, + {F uh, } I, ] + I've ] always been pulling for the Lakers for a long time. /","Now/UH I/PRP ,/, uh/UH ,/, I/PRP ,/, I/PRP 've/VBP always/RB been/VBN pulling/VBG for/IN the/DT Lakers/NNPS for/IN a/DT long/JJ time/NN ./.",,
sw09utt/sw_0972_2862.utt,2/sw2862,2862,39,b,B,20,1,"{F Oh, } yeah. /","Oh/UH ,/, yeah/UH ./.",,
sw09utt/sw_0972_2862.utt,2/sw2862,2862,40,sd,A,21,1,"And, {F uh, }","And/CC ,/, uh/UH ,/,",,
sw09utt/sw_0972_2862.utt,2/sw2862,2862,41,sv,B,22,1,# They're consistent. # /,They/PRP 're/VBP consistent/JJ ./.,,
sw09utt/sw_0972_2862.utt,2/sw2862,2862,42,+,A,23,1,"# [ not just, + # not just ] because they always win,  /","not/RB just/RB ,/, not/RB just/RB because/IN they/PRP always/RB win/VBP ,/,",,
sw09utt/sw_0972_2862.utt,2/sw2862,2862,43,sd,A,23,2,"{C but, } {F uh, } when they had, {F uh, } Akeem --","but/CC ,/, uh/UH ,/, when/WRB they/PRP had/VBD ,/, uh/UH ,/, Akeem/NNP --/:",,
sw09utt/sw_0972_2862.utt,2/sw2862,2862,44,b,B,24,1,Uh-huh. /,Uh-huh/UH ./.,,
sw09utt/sw_0972_2862.utt,2/sw2862,2862,45,+,A,25,1,"-- anybody who was old as that playing that well, {D you know, } I just kind of had to go with them.  /","--/: anybody/NN who/WP was/VBD old/JJ as/IN that/DT playing/VBG that/RB well/RB ,/, you/PRP know/VBP ,/, I/PRP just/RB kind/RB of/RB had/VBD to/TO go/VB with/IN them/PRP ./.",,
sw09utt/sw_0972_2862.utt,2/sw2862,2862,46,sv,A,25,2,"Now they kind of got caught up with a lot of the other players and, {F uh, } course, {F uh, } all the people that follow the Lakers and  everything out there [ in, + in ] California.  /","Now/RB they/PRP kind/RB of/RB got/VBD caught/VBN up/IN with/IN a/DT lot/NN of/IN the/DT other/JJ players/NNS and/CC ,/, uh/UH ,/, course/NN ,/, uh/UH ,/, all/PDT the/DT people/NNS that/WDT follow/VBP the/DT Lakers/NNPS and/CC everything/NN out/IN there/RB in/IN ,/, in/IN California/NNP ./.",,
sw09utt/sw_0972_2862.utt,2/sw2862,2862,47,sv,A,25,3,"{F Uh, } {C and } it also helps when they were winning <laughter>. /","Uh/UH ,/, and/CC it/PRP also/RB helps/VBZ when/WRB they/PRP were/VBD winning/VBG ./.",,
sw09utt/sw_0972_2862.utt,2/sw2862,2862,48,aa,B,26,1,Yeah.  /,Yeah/UH ./.,,
sw09utt/sw_0972_2862.utt,2/sw2862,2862,49,sv,B,26,2,"{D Well, } they play better as a team than anybody else, seems like. /","Well/UH ,/, they/PRP play/VBP better/RBR as/IN a/DT team/NN than/IN anybody/NN else/RB ,/, seems/VBZ like/IN ./.",,
sw09utt/sw_0972_2862.utt,2/sw2862,2862,50,sd,A,27,1,"[ I was, + {F uh, } I  (( always ))  wondered ] that, {D you know, }  /","I/PRP was/VBD ,/, uh/UH ,/, I/PRP always/RB wondered/VBD that/IN ,/, you/PRP know/VBP ,/,",,
sw09utt/sw_0972_2862.utt,2/sw2862,2862,51,sd,A,27,2,"[ I, + ] I will take a look at the individual score, {D you know, } in the individual stance in the N B A -- /","I/PRP ,/, I/PRP will/MD take/VB a/DT look/NN at/IN the/DT individual/JJ score/NN ,/, you/PRP know/VBP ,/, in/IN the/DT individual/JJ stance/NN in/IN the/DT N/NNP B/NNP A/NNP --/:",,
sw09utt/sw_0972_2862.utt,2/sw2862,2862,52,b,B,28,1,Uh-huh. /,Uh-huh/UH ./.,,
sw09utt/sw_0972_2862.utt,2/sw2862,2862,53,sd,A,29,1,"-- {C and, } {D you know, } [ they, + they ] have in the paper, {D you know, } {D like } fifteen different categories  /","--/: and/CC ,/, you/PRP know/VBP ,/, they/PRP ,/, they/PRP have/VBP in/IN the/DT paper/NN ,/, you/PRP know/VBP ,/, like/UH fifteen/CD different/JJ categories/NNS",,
sw09utt/sw_0972_2862.utt,2/sw2862,2862,54,sd,A,29,2,"{C and } [ they'll have, {D like, } a individuals, + {F uh, } they'll have [ the, + the ] ] highest scorer, the top rebounders, {F uh, } assists, foul shooting percentages and all that,  /","and/CC they/PRP 'll/MD have/VB ,/, like/UH ,/, a/DT individuals/NNS ,/, uh/UH ,/,  they/PRP 'll/MD have/VB the/DT ,/, the/DT highest/JJS scorer/NN ,/, the/DT top/JJ rebounders/NNS ,/, uh/UH ,/, assists/NNS ,/, foul/NN shooting/NN percentages/NNS and/CC all/PDT that/DT ,/,",,
sw09utt/sw_0972_2862.utt,2/sw2862,2862,55,sd,A,29,3,{C and } you go  (( down ))  through  /,and/CC you/PRP go/VBP down/RB through/RP,,
sw09utt/sw_0972_2862.utt,2/sw2862,2862,56,sd,A,29,4,"{C and } virtually every one of the categories there isn't, {F uh, } a Laker in the top ten  /","and/CC virtually/RB every/DT one/NN of/IN the/DT categories/NNS there/EX is/VBZ n't/RB ,/, uh/UH ,/, a/DT Laker/NNP in/IN the/DT top/JJ ten/CD",,
sw09utt/sw_0972_2862.utt,2/sw2862,2862,57,sd,A,29,5,"usually hardly [ [ any, + any, ] + anybody ] in the top twenty except for, {D like, } Magic -- /","usually/RB hardly/RB any/DT ,/, any/DT ,/, anybody/NN in/IN the/DT top/JJ twenty/CD except/IN for/IN ,/, like/UH ,/, Magic/NNP --/:",,
sw09utt/sw_0972_2862.utt,2/sw2862,2862,58,b,B,30,1,Uh-huh. /,Uh-huh/UH ./.,,
sw09utt/sw_0972_2862.utt,2/sw2862,2862,59,sd,A,31,1,"-- {C and, } {F uh, } yet the Lakers continue to win.  /","--/: and/CC ,/, uh/UH ,/, yet/RB the/DT Lakers/NNPS continue/VBP to/TO win/VB ./.",,
sw09utt/sw_0972_2862.utt,2/sw2862,2862,60,aa,A,31,2,"{C So, } you're right,  /","So/RB ,/, you/PRP 're/VBP right/JJ ,/,",,
sw09utt/sw_0972_2862.utt,2/sw2862,2862,61,sv,A,31,3,"I think they do really play much better as a team than they do, {F uh, } {F uh, } each one, {D you know, } individually at their spot <<pause>>.  /","I/PRP think/VBP they/PRP do/VBP really/RB play/VB much/RB better/RBR as/IN a/DT team/NN than/IN they/PRP do/VBP ,/, uh/UH ,/, uh/UH ,/, each/DT one/NN ,/, you/PRP know/VBP ,/, individually/RB at/IN their/PRP$ spot/NN ./.",,
sw09utt/sw_0972_2862.utt,2/sw2862,2862,62,%,A,31,4,"{C But, } {F uh, } -/","But/CC ,/, uh/UH ,/,",,
sw09utt/sw_0972_2862.utt,2/sw2862,2862,63,aa,B,32,1,"Yeah,  /","Yeah/UH ,/,",,
sw09utt/sw_0972_2862.utt,2/sw2862,2862,64,sv,B,32,2,"year in and year out, it's not like they have, {D you know, } <<pause>> - /","year/NN in/RP and/CC year/NN out/RP ,/, it/PRP 's/BES not/RB like/IN they/PRP have/VBP ,/, you/PRP know/VBP ,/,",,
sw09utt/sw_0972_2862.utt,2/sw2862,2862,65,sv,B,32,3,"a lot of teams [ [ will, + will, ] + will ] win in the playoffs  /","a/DT lot/NN of/IN teams/NNS will/MD ,/, will/MD ,/, will/MD win/VB in/IN the/DT playoffs/NNS",,
sw09utt/sw_0972_2862.utt,2/sw2862,2862,66,sv,B,32,4,{C and then } the next year [ they'll be all -- +,and/CC then/RB the/DT next/JJ year/NN they/PRP 'll/MD be/VB all/DT --/:,,
sw09utt/sw_0972_2862.utt,2/sw2862,2862,67,b,A,33,1,Yeah. /,Yeah/UH ./.,,
sw09utt/sw_0972_2862.utt,2/sw2862,2862,68,+,B,34,1,"-- they'll be too ] busy doing their endorsements and stuff, [ to, + to ] concentrate on the game. /","--/: they/PRP 'll/MD be/VB too/RB busy/JJ doing/VBG their/PRP$ endorsements/NNS and/CC stuff/NN ,/, to/TO ,/, to/TO concentrate/VB on/IN the/DT game/NN ./.",,
sw09utt/sw_0972_2862.utt,2/sw2862,2862,69,ba,A,35,1,"{D Well, } I understand that, {F uh, }  /","Well/UH ,/, I/PRP understand/VBP that/DT ,/, uh/UH ,/,",,
sw09utt/sw_0972_2862.utt,2/sw2862,2862,70,%,A,35,2,"I guess Boston's really, {F uh, } giving, {F uh, } - /","I/PRP guess/VBP Boston/NNP 's/BES really/RB ,/, uh/UH ,/, giving/VBG ,/, uh/UH ,/,",,
sw09utt/sw_0972_2862.utt,2/sw2862,2862,71,qy,A,35,3,"[ are, + aren't ] they playing Detroit? <<Pause>>  /","are/VBP ,/, are/VBP n't/RB they/PRP playing/VBG Detroit/NNP ?/.",,
sw09utt/sw_0972_2862.utt,2/sw2862,2862,72,sd,A,35,4,I think Boston's playing Detroit  /,I/PRP think/VBP Boston/NNP 's/BES playing/VBG Detroit/NNP,,
sw09utt/sw_0972_2862.utt,2/sw2862,2862,73,sv,A,35,5,{C and } I think they're really giving them a run for their money. /,and/CC I/PRP think/VBP they/PRP 're/VBP really/RB giving/VBG them/PRP a/DT run/NN for/IN their/PRP$ money/NN ./.,,
sw09utt/sw_0972_2862.utt,2/sw2862,2862,74,aa,B,36,1,"Yeah,  /","Yeah/UH ,/,",,
sw09utt/sw_0972_2862.utt,2/sw2862,2862,75,sd,B,36,2,except Larry Bird's hurt. /,except/IN Larry/NNP Bird/NNP 's/BES hurt/JJ ./.,,
sw09utt/sw_0972_2862.utt,2/sw2862,2862,76,qy,A,37,1,Did he get hurt again? /,Did/VBD he/PRP get/VB hurt/VBN again/RB ?/.,,
sw09utt/sw_0972_2862.utt,2/sw2862,2862,77,na,B,38,1,"[ He, + his ] back is bad all the time now, I think. /","He/PRP ,/, his/PRP$ back/NN is/VBZ bad/JJ all/PDT the/DT time/NN now/RB ,/, I/PRP think/VBP ./.",,
sw09utt/sw_0972_2862.utt,2/sw2862,2862,78,b,A,39,1,"Yeah,  /","Yeah/UH ,/,",,
sw09utt/sw_0972_2862.utt,2/sw2862,2862,79,b^r,A,39,2,yeah.  /,yeah/UH ./.,,
sw09utt/sw_0972_2862.utt,2/sw2862,2862,80,^h,A,39,3,"I tell you what,  /","I/PRP tell/VBP you/PRP what/WP ,/,",,
sw09utt/sw_0972_2862.utt,2/sw2862,2862,81,sv,A,39,4,I guess it's tough to play that many games and still stay healthy. /,I/PRP guess/VBP it/PRP 's/BES tough/JJ to/TO play/VB that/RB many/JJ games/NNS and/CC still/RB stay/VB healthy/JJ ./.,,
sw09utt/sw_0972_2862.utt,2/sw2862,2862,82,aa,B,40,1,"Yeah,  /","Yeah/UH ,/,",,
sw09utt/sw_0972_2862.utt,2/sw2862,2862,83,sd,B,40,2,"they play two or three times a week.  {D Like, } {D you know, }  /","they/PRP play/VBP two/CD or/CC three/CD times/NNS a/DT week/NN ./. Like/UH ,/, you/PRP know/VBP ,/,",,
sw09utt/sw_0972_2862.utt,2/sw2862,2862,84,sd,B,40,3,{C and then } they go on road trips  /,and/CC then/RB they/PRP go/VBP on/IN road/NN trips/NNS,,
sw09utt/sw_0972_2862.utt,2/sw2862,2862,85,sd,B,40,4,{C and } they do the same thing  /,and/CC they/PRP do/VBP the/DT same/JJ thing/NN,,
sw09utt/sw_0972_2862.utt,2/sw2862,2862,86,sd,B,40,5,"[ [ {C and, } + {C and then } ] they, + {C and then } they ] stay out for two or three weeks at a time.  /","and/CC ,/, and/CC then/RB they/PRP ,/, and/CC then/RB they/PRP stay/VBP out/RB for/IN two/CD or/CC three/CD weeks/NNS at/IN a/DT time/NN ./.",,
sw09utt/sw_0972_2862.utt,2/sw2862,2862,87,%,B,40,6,"{C So, } it really gets, {D you know, } - /","So/RB ,/, it/PRP really/RB gets/VBZ ,/, you/PRP know/VBP ,/,",,
sw09utt/sw_0972_2862.utt,2/sw2862,2862,88,sv,B,40,7,{E I mean } they're sleeping in different bed every night  /,I/PRP mean/VBP they/PRP 're/VBP sleeping/VBG in/IN different/JJ bed/NN every/DT night/NN,,
sw09utt/sw_0972_2862.utt,2/sw2862,2862,89,sv,B,40,8,[ {C and } -- +,and/CC --/:,,
sw09utt/sw_0972_2862.utt,2/sw2862,2862,90,b,A,41,1,"Yeah,  /","Yeah/UH ,/,",,
sw09utt/sw_0972_2862.utt,2/sw2862,2862,91,b^r,A,41,2,yeah. /,yeah/UH ./.,,
sw09utt/sw_0972_2862.utt,2/sw2862,2862,92,+,B,42,1,-- {C and } ] I imagine that really helps his back. /,--/: and/CC I/PRP imagine/VBP that/DT really/RB helps/VBZ his/PRP$ back/NN ./.,,
sw09utt/sw_0972_2862.utt,2/sw2862,2862,93,sv,A,43,1,"<Laughter>  He ought to have his own bed come along with him, {D you know } <laughter>. /","He/PRP ought/MD to/TO have/VB his/PRP$ own/JJ bed/NN come/VB along/RP with/IN him/PRP ,/, you/PRP know/VBP ./.",,
sw09utt/sw_0972_2862.utt,2/sw2862,2862,94,aa,B,44,1,Uh-huh.  /,Uh-huh/UH ./.,,
sw09utt/sw_0972_2862.utt,2/sw2862,2862,95,aa,B,44,2,"Yeah,  /","Yeah/UH ,/,",,
sw09utt/sw_0972_2862.utt,2/sw2862,2862,96,sd,B,44,3,"[ he said, + he said ] the other night on the news that he hadn't done any extra shooting for six weeks,  /","he/PRP said/VBD ,/, he/PRP said/VBD the/DT other/JJ night/NN on/IN the/DT news/NN that/IN he/PRP had/VBD n't/RB done/VBN any/DT extra/JJ shooting/NN for/IN six/CD weeks/NNS ,/,",,
sw09utt/sw_0972_2862.utt,2/sw2862,2862,97,sd,B,44,4,"[ {C so, } + {D you know, } {C and } ] he's the one that's always winning [ [ [ the, + {F uh, } the, ] + the outside, ] + the three point ] shot  /","so/RB ,/, you/PRP know/VBP ,/, and/CC he/PRP 's/BES the/DT one/NN that/WDT 's/BES always/RB winning/VBG the/DT ,/, uh/UH ,/, the/DT ,/, the/DT outside/NN ,/, the/DT three/CD point/NN shot/NN",,
sw09utt/sw_0972_2862.utt,2/sw2862,2862,98,sd,B,44,5,{C and } --,and/CC --/:,,
sw09utt/sw_0972_2862.utt,2/sw2862,2862,99,b,A,45,1,"{F Oh, } yeah,  /","Oh/UH ,/, yeah/UH ,/,",,
sw09utt/sw_0972_2862.utt,2/sw2862,2862,100,b^r,A,45,2,yeah. /,yeah/UH ./.,,
sw09utt/sw_0972_2862.utt,2/sw2862,2862,101,+,B,46,1,-- he does that every year. /,--/: he/PRP does/VBZ that/DT every/DT year/NN ./.,,
sw09utt/sw_0972_2862.utt,2/sw2862,2862,102,aa,A,47,1,"Yeah,  /","Yeah/UH ,/,",,
sw09utt/sw_0972_2862.utt,2/sw2862,2862,103,sd,A,47,2,"matter of fact, I watched him, {F uh, } on T V, {D you know, } sink, I don't know a, - /","matter/NN of/IN fact/NN ,/, I/PRP watched/VBD him/PRP ,/, uh/UH ,/, on/IN T/NN V/NN ,/, you/PRP know/VBP ,/, sink/VB ,/, I/PRP do/VBP n't/RB know/VB a/DT ,/,",,
sw09utt/sw_0972_2862.utt,2/sw2862,2862,104,sd,A,47,3,"jeez, it was {D like, } {F uh, } {F uh, } thirty five baskets in thirty seconds or  something like that from three point range. /","jeez/UH ,/, it/PRP was/VBD like/UH ,/, uh/UH ,/, uh/UH ,/, thirty/CD five/CD baskets/NNS in/IN thirty/CD seconds/NNS or/CC something/NN like/IN that/DT from/IN three/CD point/NN range/NN ./.",,
sw09utt/sw_0972_2862.utt,2/sw2862,2862,105,b,B,48,1,Uh-huh. /,Uh-huh/UH ./.,,
sw09utt/sw_0972_2862.utt,2/sw2862,2862,106,fe,A,49,1,Unbelievable. /,Unbelievable/JJ ./.,,
sw09utt/sw_0972_2862.utt,2/sw2862,2862,107,b,B,50,1,Yeah. /,Yeah/UH ./.,,
sw09utt/sw_0972_2862.utt,2/sw2862,2862,108,h,A,51,1,"<Laughter>  {F Oh, } I don't know,  /","Oh/UH ,/, I/PRP do/VBP n't/RB know/VB ,/,",,
sw09utt/sw_0972_2862.utt,2/sw2862,2862,109,qy,A,51,2,did you ever play much basketball? /,did/VBD you/PRP ever/RB play/VB much/JJ basketball/NN ?/.,,
sw09utt/sw_0972_2862.utt,2/sw2862,2862,110,ng,B,52,1,Not much.  /,Not/RB much/JJ ./.,,
sw09utt/sw_0972_2862.utt,2/sw2862,2862,111,sd,B,52,2,"[ [ Just, + {F uh, } just, ] + just ] playing horse and stuff like that. /","Just/RB ,/, uh/UH ,/, just/RB ,/, just/RB playing/VBG horse/NN and/CC stuff/NN like/IN that/DT ./.",,
sw09utt/sw_0972_2862.utt,2/sw2862,2862,112,b,A,53,1,Yeah. /,Yeah/UH ./.,,
sw09utt/sw_0972_2862.utt,2/sw2862,2862,113,b^m,B,54,1,"Yeah,  /","Yeah/UH ,/,",,
sw09utt/sw_0972_2862.utt,2/sw2862,2862,114,sv,B,54,2,"because [ it's, + it ] kind of a violent game. /","because/IN it/PRP 's/BES ,/, it/PRP kind/RB of/RB a/DT violent/JJ game/NN ./.",,
sw09utt/sw_0972_2862.utt,2/sw2862,2862,115,sd,A,55,1,"It really is for a noncontact sport,","It/PRP really/RB is/VBZ for/IN a/DT noncontact/JJ sport/NN ,/,",,
sw09utt/sw_0972_2862.utt,2/sw2862,2862,116,%,B,56,1,"# {C And } they d-, # -/","And/CC they/PRP d/VBP ,/,",,
sw09utt/sw_0972_2862.utt,2/sw2862,2862,117,+,A,57,1,"# quote, unquote. # /","quote/NN ,/, unquote/NN ./.",,
sw09utt/sw_0972_2862.utt,2/sw2862,2862,118,aa,B,58,1,"Yeah,  /","Yeah/UH ,/,",,
sw09utt/sw_0972_2862.utt,2/sw2862,2862,119,sd,B,58,2,{C and } they don't wear any pads  ((   )) . /,and/CC they/PRP do/VBP n't/RB wear/VB any/DT pads/NNS MUMBLEx/XX ./.,,
sw09utt/sw_0972_2862.utt,2/sw2862,2862,120,aa,A,59,1,"Yeah,  /","Yeah/UH ,/,",,
sw09utt/sw_0972_2862.utt,2/sw2862,2862,121,aa,A,59,2,really <laughter>. /,really/UH ./.,,
sw09utt/sw_0972_2862.utt,2/sw2862,2862,122,sd,B,60,1,"I figured, /","I/PRP figured/VBD ,/,",,
sw09utt/sw_0972_2862.utt,2/sw2862,2862,123,sv,A,61,1,"Some of those guys got pretty funny looking, {F uh, } eye wear. /","Some/DT of/IN those/DT guys/NNS got/VBN pretty/RB funny/JJ looking/JJ ,/, uh/UH ,/, eye/NN wear/NN ./.",,
sw09utt/sw_0972_2862.utt,2/sw2862,2862,124,aa,B,62,1,Yeah.  /,Yeah/UH ./.,,
sw09utt/sw_0972_2862.utt,2/sw2862,2862,125,sd,B,62,2,"They have to wear goggles because they get hit [ in the, + in the ] face with elbows all the time. /","They/PRP have/VBP to/TO wear/VB goggles/NNS because/IN they/PRP get/VBP hit/VBN in/IN the/DT ,/, in/IN the/DT face/NN with/IN elbows/NNS all/PDT the/DT time/NN ./.",,
sw09utt/sw_0972_2862.utt,2/sw2862,2862,126,ba,A,63,1,Man. /,Man/UH ./.,,
sw09utt/sw_0972_2862.utt,2/sw2862,2862,127,sd,B,64,1,"{D Well, } [ [ it's h-, + it's, ] + I ] was looking in the paper for something on it  /","Well/UH ,/, it/PRP 's/BES h-/XX ,/, it/PRP 's/BES ,/, I/PRP was/VBD looking/VBG in/IN the/DT paper/NN for/IN something/NN on/IN it/PRP",,
sw09utt/sw_0972_2862.utt,2/sw2862,2862,128,sd,B,64,2,{C and } here's the top N B A draft prospects  /,and/CC here/RB 's/BES the/DT top/JJ N/NNP B/NNP A/NNP draft/NN prospects/NNS,,
sw09utt/sw_0972_2862.utt,2/sw2862,2862,129,sd,B,64,3,"{C and, } {F uh, } {E I mean } they're all the size of football players, {D you know, } except they're just taller. /","and/CC ,/, uh/UH ,/, I/PRP mean/VBP they/PRP 're/VBP all/DT the/DT size/NN of/IN football/NN players/NNS ,/, you/PRP know/VBP ,/, except/IN they/PRP 're/VBP just/RB taller/JJR ./.",,
sw09utt/sw_0972_2862.utt,2/sw2862,2862,130,aa,A,65,1,Yeah.  /,Yeah/UH ./.,,
sw09utt/sw_0972_2862.utt,2/sw2862,2862,131,sd,A,65,2,"Several years ago when I was up in, {F uh, } Cleveland, I was staying at the Marriott  /","Several/JJ years/NNS ago/RB when/WRB I/PRP was/VBD up/IN in/IN ,/, uh/UH ,/, Cleveland/NNP ,/, I/PRP was/VBD staying/VBG at/IN the/DT Marriott/NNP",,
sw09utt/sw_0972_2862.utt,2/sw2862,2862,132,sd,A,65,3,{C and } the Cavaliers were playing somebody.  /,and/CC the/DT Cavaliers/NNPS were/VBD playing/VBG somebody/NN ./.,,
sw09utt/sw_0972_2862.utt,2/sw2862,2862,133,sd,A,65,4,I think it was {D like } Utah or somebody like that  /,I/PRP think/VBP it/PRP was/VBD like/UH Utah/NNP or/CC somebody/NN like/IN that/DT,,
sw09utt/sw_0972_2862.utt,2/sw2862,2862,134,sd,A,65,5,"{C and, } {F uh, } I was down by the pool  /","and/CC ,/, uh/UH ,/, I/PRP was/VBD down/RB by/IN the/DT pool/NN",,
sw09utt/sw_0972_2862.utt,2/sw2862,2862,135,sd,A,65,6,{C and } there was all these guys standing around about chest deep in water.  /,and/CC there/EX was/VBD all/PDT these/DT guys/NNS standing/VBG around/RB about/RB chest/NN deep/JJ in/IN water/NN ./.,,
sw09utt/sw_0972_2862.utt,2/sw2862,2862,136,sd,A,65,7,"{D Now } I wear, {F uh, } contacts,  /","Now/UH I/PRP wear/VBP ,/, uh/UH ,/, contacts/NNS ,/,",,
sw09utt/sw_0972_2862.utt,2/sw2862,2862,137,sd,A,65,8,"{C and } [ I, + I ] had my glasses on  /","and/CC I/PRP ,/, I/PRP had/VBD my/PRP$ glasses/NNS on/RB",,
sw09utt/sw_0972_2862.utt,2/sw2862,2862,138,sd,A,65,9,"{C and } I went down there [ and, + and ] just jumped into the water where they were  /","and/CC I/PRP went/VBD down/IN there/RB and/CC ,/, and/CC just/RB jumped/VBD into/IN the/DT water/NN where/WRB they/PRP were/VBD",,
sw09utt/sw_0972_2862.utt,2/sw2862,2862,139,sd,A,65,10,{C and } it went right up over my head  /,and/CC it/PRP went/VBD right/RB up/RB over/IN my/PRP$ head/NN,,
sw09utt/sw_0972_2862.utt,2/sw2862,2862,140,sd,A,65,11,{C and } I came up spittering and sputtering for air  /,and/CC I/PRP came/VBD up/RB spittering/VBG and/CC sputtering/VBG for/IN air/NN,,
sw09utt/sw_0972_2862.utt,2/sw2862,2862,141,sd,A,65,12,{C and } they were all the basketball players there to play the Cavaliers -- /,and/CC they/PRP were/VBD all/PDT the/DT basketball/NN players/NNS there/RB to/TO play/VB the/DT Cavaliers/NNPS --/:,,
sw09utt/sw_0972_2862.utt,2/sw2862,2862,142,b,B,66,1,Uh-huh. /,Uh-huh/UH ./.,,
sw09utt/sw_0972_2862.utt,2/sw2862,2862,143,sd,A,67,1,"-- they were all {D like, } {F uh, } {D like } six eight and, {F uh, } {D you know, } six ten,  /","--/: they/PRP were/VBD all/DT like/UH ,/, uh/UH ,/, like/UH six/CD eight/CD and/CC ,/, uh/UH ,/, you/PRP know/VBP ,/, six/CD ten/CD ,/,",,
sw09utt/sw_0972_2862.utt,2/sw2862,2862,144,sd,A,67,2,"{C and } they were standing in water that was {D like } six foot,","and/CC they/PRP were/VBD standing/VBG in/IN water/NN that/WDT was/VBD like/UH six/CD foot/NN ,/,",,
sw09utt/sw_0972_2862.utt,2/sw2862,2862,145,b^m,B,68,1,"# Six foot,  /","Six/CD foot/NN ,/,",,
sw09utt/sw_0972_2862.utt,2/sw2862,2862,146,b,B,68,2,yeah. # /,yeah/UH ./.,,
sw09utt/sw_0972_2862.utt,2/sw2862,2862,147,+,A,69,1,"# {D you know, }  /","you/PRP know/VBP ,/,",,
sw09utt/sw_0972_2862.utt,2/sw2862,2862,148,sd,A,69,2,"{C and } # [ it was, + {F uh, } it was ] funny, I tell you.  /","and/CC it/PRP was/VBD ,/, uh/UH ,/, it/PRP was/VBD funny/JJ ,/, I/PRP tell/VBP you/PRP ./.",,
sw09utt/sw_0972_2862.utt,2/sw2862,2862,149,sd,A,69,3,"[ I saw, + I saw ] a guy,  /","I/PRP saw/VBD ,/, I/PRP saw/VBD a/DT guy/NN ,/,",,
sw09utt/sw_0972_2862.utt,2/sw2862,2862,150,sd,A,69,4,"I don't remember what his name was,  /","I/PRP do/VBP n't/RB remember/VB what/WP his/PRP$ name/NN was/VBD ,/,",,
sw09utt/sw_0972_2862.utt,2/sw2862,2862,151,sd,A,69,5,{C but } he got on the elevator  /,but/CC he/PRP got/VBD on/IN the/DT elevator/NN,,
sw09utt/sw_0972_2862.utt,2/sw2862,2862,152,sd,A,69,6,{C and } he had his swimsuit on  /,and/CC he/PRP had/VBD his/PRP$ swimsuit/NN on/RB,,
sw09utt/sw_0972_2862.utt,2/sw2862,2862,153,sd,A,69,7,"{C and, } {F uh, } he was just skin and bones, {D you know, }  /","and/CC ,/, uh/UH ,/, he/PRP was/VBD just/RB skin/NN and/CC bones/NNS ,/, you/PRP know/VBP ,/,",,
sw09utt/sw_0972_2862.utt,2/sw2862,2862,154,sd,A,69,8,it looked like  something out of Africa -- /,it/PRP looked/VBD like/IN something/NN out/IN of/IN Africa/NNP --/:,,
sw09utt/sw_0972_2862.utt,2/sw2862,2862,155,b,B,70,1,Uh-huh. /,Uh-huh/UH ./.,,
sw09utt/sw_0972_2862.utt,2/sw2862,2862,156,sd,A,71,1,"-- {C and, } {F uh, } <laughter>  I made some comment  /","--/: and/CC ,/, uh/UH ,/, I/PRP made/VBD some/DT comment/NN",,
sw09utt/sw_0972_2862.utt,2/sw2862,2862,157,sd(^q),A,71,2,"{C and, } {F uh, } he says, yeah,  /","and/CC ,/, uh/UH ,/, he/PRP says/VBZ ,/, yeah/UH ,/,",,
sw09utt/sw_0972_2862.utt,2/sw2862,2862,158,sd(^q),A,71,3,"he says I weigh about, {F uh, } {F uh, } two hundred and forty pounds -- /","he/PRP says/VBZ I/PRP weigh/VBP about/RB ,/, uh/UH ,/, uh/UH ,/, two/CD hundred/CD and/CC forty/CD pounds/NNS --/:",,
sw09utt/sw_0972_2862.utt,2/sw2862,2862,159,b,B,72,1,Yeah. /,Yeah/UH ./.,,
sw09utt/sw_0972_2862.utt,2/sw2862,2862,160,sd(^q),A,73,1,-- {C but } he says it's not much when you stretch it over seven foot one. /,--/: but/CC he/PRP says/VBZ it/PRP 's/BES not/RB much/JJ when/WRB you/PRP stretch/VBP it/PRP over/IN seven/CD foot/NN one/CD ./.,,
sw09utt/sw_0972_2862.utt,2/sw2862,2862,161,aa,B,74,1,"Yeah,  /","Yeah/UH ,/,",,
sw09utt/sw_0972_2862.utt,2/sw2862,2862,162,aa,B,74,2,really. /,really/UH ./.,,
sw09utt/sw_0972_2862.utt,2/sw2862,2862,163,aa,A,75,1,"{C So, } you're right,  /","So/RB ,/, you/PRP 're/VBP right/JJ ,/,",,
sw09utt/sw_0972_2862.utt,2/sw2862,2862,164,%,A,75,2,"those guys really, {D you know, } [ the, + the ] big ones, - /","those/DT guys/NNS really/RB ,/, you/PRP know/VBP ,/, the/DT ,/, the/DT big/JJ ones/NNS ,/,",,
sw09utt/sw_0972_2862.utt,2/sw2862,2862,165,sd,A,75,3,I don't even know how much Ewing weighs.  /,I/PRP do/VBP n't/RB even/RB know/VB how/WRB much/JJ Ewing/NNP weighs/VBZ ./.,,
sw09utt/sw_0972_2862.utt,2/sw2862,2862,166,sv,A,75,4,"{C But, } {F uh, } he's got to be way up there. /","But/CC ,/, uh/UH ,/, he/PRP 's/HVS got/VBN to/TO be/VB way/RB up/IN there/RB ./.",,
sw09utt/sw_0972_2862.utt,2/sw2862,2862,167,aa,B,76,1,"{F Oh, } yeah.  /","Oh/UH ,/, yeah/UH ./.",,
sw09utt/sw_0972_2862.utt,2/sw2862,2862,168,sd,B,76,2,"{D Well, } [ here's a, + here's a ] guy from L S U, Stanley Roberts,  /","Well/UH ,/, here/RB 's/BES a/DT ,/, here/RB 's/BES a/DT guy/NN from/IN L/NNP S/NNP U/NNP ,/, Stanley/NNP Roberts/NNP ,/,",,
sw09utt/sw_0972_2862.utt,2/sw2862,2862,169,sd,B,76,3,he's seven feet tall  /,he/PRP 's/BES seven/CD feet/NNS tall/JJ,,
sw09utt/sw_0972_2862.utt,2/sw2862,2862,170,sd,B,76,4,{C and } he weighs two hundred and eighty pounds.  /,and/CC he/PRP weighs/VBZ two/CD hundred/CD and/CC eighty/CD pounds/NNS ./.,,
sw09utt/sw_0972_2862.utt,2/sw2862,2862,171,%,B,76,5,"{C So, } -/","So/RB ,/,",,
sw09utt/sw_0972_2862.utt,2/sw2862,2862,172,sv,A,77,1,"God.  [ That's a, + that's a ] lot <laughter>. /","God/NNP ./. That/DT 's/BES a/DT ,/, that/DT 's/BES a/DT lot/NN ./.",,
sw09utt/sw_0972_2862.utt,2/sw2862,2862,173,b,B,78,1,Yeah. /,Yeah/UH ./.,,
sw09utt/sw_0972_2862.utt,2/sw2862,2862,174,sv,A,79,1,"That's [ a lot of, + a lot of ] guy coming down on you. /","That/DT 's/BES a/DT lot/NN of/IN ,/, a/DT lot/NN of/IN guy/NN coming/VBG down/RB on/IN you/PRP ./.",,
sw09utt/sw_0972_2862.utt,2/sw2862,2862,175,b,B,80,1,Uh-huh. /,Uh-huh/UH ./.,,
sw09utt/sw_0972_2862.utt,2/sw2862,2862,176,fe,A,81,1,Jeez.  /,Jeez/UH ./.,,
sw09utt/sw_0972_2862.utt,2/sw2862,2862,177,sd,A,81,2,"I didn't even see,  /","I/PRP did/VBD n't/RB even/RB see/VB ,/,",,
sw09utt/sw_0972_2862.utt,2/sw2862,2862,178,qw,A,81,3,"[ who's, + who's ] supposed to have [ [ the, + the, ] + {F uh, } the ] best, {F uh, } draft picks? /","who/WP 's/BES ,/, who/WP 's/BES supposed/VBN to/TO have/VB the/DT ,/, the/DT ,/, uh/UH ,/, the/DT best/JJS ,/, uh/UH ,/, draft/NN picks/NNS ?/.",,
sw09utt/sw_0972_2862.utt,2/sw2862,2862,179,sd,B,82,1,<<Pause>> <noise>  <<shuffling papers>> It doesn't even say.  /,It/PRP does/VBZ n't/RB even/RB say/VB ./.,,
sw09utt/sw_0972_2862.utt,2/sw2862,2862,180,sd^r,B,82,2,"It doesn't say,  /","It/PRP does/VBZ n't/RB say/VB ,/,",,
sw09utt/sw_0972_2862.utt,2/sw2862,2862,181,sd,B,82,3,"here [ it says, + {F uh, } it says ] - /","here/RB it/PRP says/VBZ ,/, uh/UH ,/, it/PRP says/VBZ",,
sw09utt/sw_0972_2862.utt,2/sw2862,2862,182,sd,B,82,4,"[ the under-, + this is for underclassmen ] for June twenty-six -- /","the/DT under-/NNS ,/, this/DT is/VBZ for/IN underclassmen/NNS for/IN June/NNP twenty-six/CD --/:",,
sw09utt/sw_0972_2862.utt,2/sw2862,2862,183,b,A,83,1,Yeah. /,Yeah/UH ./.,,
sw09utt/sw_0972_2862.utt,2/sw2862,2862,184,sd,B,84,1,"-- {C and, } {F uh, } [ I guess, + I guess ] [ [ [ they don't, + they have, ] + they, ] + they, {F uh, } have ] a lottery on it.  /","--/: and/CC ,/, uh/UH ,/, I/PRP guess/VBP ,/, I/PRP guess/VBP they/PRP do/VBP n't/RB ,/, they/PRP have/VBP ,/, they/PRP ,/, they/PRP ,/, uh/UH ,/, have/VBP a/DT lottery/NN on/IN it/PRP ./.",,
sw09utt/sw_0972_2862.utt,2/sw2862,2862,185,sd,B,84,2,They pick numbers  /,They/PRP pick/VBP numbers/NNS,,
sw09utt/sw_0972_2862.utt,2/sw2862,2862,186,sd,B,84,3,{C and } that's how they take them in order. /,and/CC that/DT 's/BES how/WRB they/PRP take/VBP them/PRP in/IN order/NN ./.,,
sw09utt/sw_0972_2862.utt,2/sw2862,2862,187,bh,A,85,1,"{F Oh, } yeah? /","Oh/UH ,/, yeah/UH ?/.",,
sw09utt/sw_0972_2862.utt,2/sw2862,2862,188,sd,B,86,1,"It must not be according to [ their, + how they ] did during the year. /","It/PRP must/MD not/RB be/VB according/VBG to/IN their/PRP$ ,/, how/WRB they/PRP did/VBD during/IN the/DT year/NN ./.",,
sw09utt/sw_0972_2862.utt,2/sw2862,2862,189,sd,A,87,1,"I used to go down to Reunion Arena, {F uh, }  /","I/PRP used/VBD to/TO go/VB down/IN to/IN Reunion/NNP Arena/NNP ,/, uh/UH ,/,",,
sw09utt/sw_0972_2862.utt,2/sw2862,2862,190,sd,A,87,2,went down there a couple years on the day of the draft -- /,went/VBD down/IN there/RB a/DT couple/NN years/NNS on/IN the/DT day/NN of/IN the/DT draft/NN --/:,,
sw09utt/sw_0972_2862.utt,2/sw2862,2862,191,b,B,88,1,Uh-uh. /,Uh-uh/UH ./.,,
sw09utt/sw_0972_2862.utt,2/sw2862,2862,192,sd,A,89,1,-- {C and } that was really pretty interesting.  /,--/: and/CC that/DT was/VBD really/RB pretty/RB interesting/JJ ./.,,
sw09utt/sw_0972_2862.utt,2/sw2862,2862,193,sd,A,89,2,"They usually have, {F uh, } {F uh, } {D you know, } a video, {F uh, } highlights of the season, {D you know, } and basically kind of walks you through what happened to the Mavs and who they traded for and how they did and a lot of good footage, both the good and the bad -- /","They/PRP usually/RB have/VBP ,/, uh/UH ,/, uh/UH ,/, you/PRP know/VBP ,/, a/DT video/NN ,/, uh/UH ,/, highlights/NNS of/IN the/DT season/NN ,/, you/PRP know/VBP ,/, and/CC basically/RB kind/RB of/RB walks/VBZ you/PRP through/IN what/WP happened/VBD to/IN the/DT Mavs/NNPS and/CC who/WP they/PRP traded/VBD for/IN and/CC how/WRB they/PRP did/VBD and/CC a/DT lot/NN of/IN good/JJ footage/NN ,/, both/DT the/DT good/JJ and/CC the/DT bad/JJ --/:",,
sw09utt/sw_0972_2862.utt,2/sw2862,2862,194,b,B,90,1,Uh-huh. /,Uh-huh/UH ./.,,
sw09utt/sw_0972_2862.utt,2/sw2862,2862,195,h,A,91,1,"-- [ I, + I ] don't know,  /","--/: I/PRP ,/, I/PRP do/VBP n't/RB know/VB ,/,",,
sw09utt/sw_0972_2862.utt,2/sw2862,2862,196,sd,A,91,2,"[ I haven't, + I didn't ] go down there last year,  /","I/PRP have/VBP n't/RB ,/, I/PRP did/VBD n't/RB go/VB down/IN there/RB last/JJ year/NN ,/,",,
sw09utt/sw_0972_2862.utt,2/sw2862,2862,197,sd,A,91,3,"{C but, } {F uh, } [ it, + it ] was only {D like } a couple dollars to get in  /","but/CC ,/, uh/UH ,/, it/PRP ,/, it/PRP was/VBD only/RB like/UH a/DT couple/NN dollars/NNS to/TO get/VB in/RB",,
sw09utt/sw_0972_2862.utt,2/sw2862,2862,198,sd,A,91,4,{C and } it was really kind of interesting <<pause>>.  /,and/CC it/PRP was/VBD really/RB kind/RB of/RB interesting/JJ ./.,,
sw09utt/sw_0972_2862.utt,2/sw2862,2862,199,qw,A,91,5,"[ {C But, } + {F uh, } {C so } ] who do you thinks going to win the playoffs? /","But/CC ,/, uh/UH ,/, so/RB who/WP do/VBP you/PRP thinks/VBZ going/VBG to/TO win/VB the/DT playoffs/NNS  ?/.",,
sw09utt/sw_0972_2862.utt,2/sw2862,2862,200,no,B,92,1,"I don't know,  /","I/PRP do/VBP n't/RB know/VB ,/,",,
sw09utt/sw_0972_2862.utt,2/sw2862,2862,201,qw,B,92,2,"who's going,  /","who/WP 's/BES going/VBG ,/,",,
sw09utt/sw_0972_2862.utt,2/sw2862,2862,202,qy,B,92,3,"is it Chicago and, -/","is/VBZ it/PRP Chicago/NNP and/CC ,/,",,
sw09utt/sw_0972_2862.utt,2/sw2862,2862,203,na,A,93,1,"Chicago, {F uh, } and, let's see, {F uh, } Golden State and the Lakers and, Chicago and Philadelphia,  /","Chicago/NNP ,/, uh/UH ,/, and/CC ,/, let/VB 's/PRP see/VB ,/, uh/UH ,/, Golden/NNP State/NNP and/CC the/DT Lakers/NNPS and/CC ,/, Chicago/NNP and/CC Philadelphia/NNP ,/,",,
sw09utt/sw_0972_2862.utt,2/sw2862,2862,204,sd,A,93,2,think Chicago's playing Philadelphia  /,think/VBP Chicago/NNP 's/BES playing/VBG Philadelphia/NNP,,
sw09utt/sw_0972_2862.utt,2/sw2862,2862,205,%,A,93,3,"{C and then } the, {F uh, } - /","and/CC then/RB the/DT ,/, uh/UH ,/,",,
sw09utt/sw_0972_2862.utt,2/sw2862,2862,206,sd,A,93,4,"shoot, I can't remember them all now. /","shoot/UH ,/, I/PRP ca/MD n't/RB remember/VB them/PRP all/DT now/RB ./.",,
sw09utt/sw_0972_2862.utt,2/sw2862,2862,207,sd,B,94,1,"Utah, Portland, Boston and Detroit. /","Utah/NNP ,/, Portland/NNP ,/, Boston/NNP and/CC Detroit/NNP ./.",,
sw09utt/sw_0972_2862.utt,2/sw2862,2862,208,aa,A,95,1,Right.  /,Right/UH ./.,,
sw09utt/sw_0972_2862.utt,2/sw2862,2862,209,aa,A,95,2,"Yeah,  /","Yeah/UH ,/,",,
sw09utt/sw_0972_2862.utt,2/sw2862,2862,210,aa^r,A,95,3,yeah. /,yeah/UH ./.,,
sw09utt/sw_0972_2862.utt,2/sw2862,2862,211,b,B,96,1,Okay.  /,Okay/UH ./.,,
sw09utt/sw_0972_2862.utt,2/sw2862,2862,212,qy,B,96,2,That's the N B A? /,That/DT 's/BES the/DT N/NNP B/NNP A/NNP ?/.,,
sw09utt/sw_0972_2862.utt,2/sw2862,2862,213,na^m,A,97,1,"N B A playoffs,  /","N/NNP B/NNP A/NNP playoffs/NNS ,/,",,
sw09utt/sw_0972_2862.utt,2/sw2862,2862,214,sd,A,97,2,"Philadelphia was, {F uh, } favored by one point over Chicago and  the Lakers one point over Golden State, and Detroit by five over, {F uh, } Boston <<pause>>.  /","Philadelphia/NNP was/VBD ,/, uh/UH ,/, favored/VBN by/IN one/CD point/NN over/IN Chicago/NNP and/CC the/DT Lakers/NNPS  one/CD point/NN over/IN Golden/NNP State/NNP ,/, and/CC Detroit/NNP by/IN five/CD over/IN ,/, uh/UH ,/, Boston/NNP ./.",,
sw09utt/sw_0972_2862.utt,2/sw2862,2862,215,fe,A,97,3,Jeez. /,Jeez/UH ./.,,
sw09utt/sw_0972_2862.utt,2/sw2862,2862,216,sv,B,98,1,"I think [ Boston, + Boston ] will win. /","I/PRP think/VBP Boston/NNP ,/, Boston/NNP will/MD win/VB ./.",,
sw09utt/sw_0972_2862.utt,2/sw2862,2862,217,bh,A,99,1,Think so? /,Think/VBP so/RB ?/.,,
sw09utt/sw_0972_2862.utt,2/sw2862,2862,218,ny,B,100,1,Yeah. /,Yeah/UH ./.,,
sw09utt/sw_0972_2862.utt,2/sw2862,2862,219,^h,A,101,1,"I tell you what,  /","I/PRP tell/VBP you/PRP what/WP ,/,",,
sw09utt/sw_0972_2862.utt,2/sw2862,2862,220,sv,A,101,2,those guys really hang tough. /,those/DT guys/NNS really/RB hang/VBP tough/JJ ./.,,
sw09utt/sw_0972_2862.utt,2/sw2862,2862,221,b,B,102,1,Uh-huh. /,Uh-huh/UH ./.,,
sw09utt/sw_0972_2862.utt,2/sw2862,2862,222,sd,A,103,1,"{D Now, } [ I, + I'd ] like to see them back up there again.  /","Now/UH ,/, I/PRP ,/, I/PRP 'd/MD like/VB to/TO see/VB them/PRP back/RP up/IN there/RB again/RB ./.",,
sw09utt/sw_0972_2862.utt,2/sw2862,2862,223,sv,A,103,2,"[ They really, + {F uh, } they really ] gave [ some, + some ] really good years [ of, + {F uh, } {F uh, } of ] enjoyment and fun and  everything.  /","They/PRP really/RB ,/, uh/UH ,/, they/PRP really/RB gave/VBD some/DT ,/, some/DT really/RB good/JJ years/NNS of/IN ,/, uh/UH ,/, uh/UH ,/, of/IN enjoyment/NN and/CC fun/NN and/CC everything/NN ./.",,
sw09utt/sw_0972_2862.utt,2/sw2862,2862,224,qy,A,103,3,Have you ever been up there to Boston Garden? /,Have/VBP you/PRP ever/RB been/VBN up/IN there/RB to/IN Boston/NNP Garden/NNP ?/.,,
sw09utt/sw_0972_2862.utt,2/sw2862,2862,225,nn,B,104,1,"{F Oh, } no,  /","Oh/UH ,/, no/UH ,/,",,
sw09utt/sw_0972_2862.utt,2/sw2862,2862,226,%,B,104,2,"{F uh, } -/","uh/UH ,/,",,
sw09utt/sw_0972_2862.utt,2/sw2862,2862,227,h,A,105,1,"{D Well, } I don't know  /","Well/UH ,/, I/PRP do/VBP n't/RB know/VB",,
sw09utt/sw_0972_2862.utt,2/sw2862,2862,228,%,A,105,2,"is that in, - /","is/VBZ that/DT in/IN ,/,",,
sw09utt/sw_0972_2862.utt,2/sw2862,2862,229,sd,A,105,3,"[ I, + I ] haven't really gone to a lot of games live,  /","I/PRP ,/, I/PRP have/VBP n't/RB really/RB gone/VBN to/IN a/DT lot/NN of/IN games/NNS live/JJ ,/,",,
sw09utt/sw_0972_2862.utt,2/sw2862,2862,230,sd,A,105,4,{C but } boy I'd sure like to.  /,but/CC boy/UH I/PRP 'd/MD sure/RB like/VBP to/TO ./.,,
sw09utt/sw_0972_2862.utt,2/sw2862,2862,231,sv,A,105,5,Basketball's gotten to be a lot of fun. /,Basketball/NNP 's/HVS gotten/VBN to/TO be/VB a/DT lot/NN of/IN fun/NN ./.,,
sw09utt/sw_0972_2862.utt,2/sw2862,2862,232,b,B,106,1,Uh-huh. /,Uh-huh/UH ./.,,
