swda_filename,ptb_basename,conversation_no,transcript_index,act_tag,caller,utterance_index,subutterance_index,text,pos,trees,ptb_treenumbers
sw09utt/sw_0917_3694.utt,3/sw3694,3694,0,o,A,1,1,Okay <cough> <child_yelling>. /,Okay/UH ./.,,
sw09utt/sw_0917_3694.utt,3/sw3694,3694,1,b,B,2,1,Yes. /,Yes/UH ./.,,
sw09utt/sw_0917_3694.utt,3/sw3694,3694,2,sd,A,3,1,"First off,","First/JJ off/RP ,/,",,
sw09utt/sw_0917_3694.utt,3/sw3694,3694,3,x,B,4,1,<Laughter>.,,,
sw09utt/sw_0917_3694.utt,3/sw3694,3694,4,+,A,5,1,speaking of air pollution I'm coughing  ((   )) . /,speaking/VBG of/IN air/NN pollution/NN I/PRP 'm/VBP coughing/VBG MUMBLEx/XX ./.,,
sw09utt/sw_0917_3694.utt,3/sw3694,3694,5,x,B,6,1,<Laughter>.,,,
sw09utt/sw_0917_3694.utt,3/sw3694,3694,6,sd,A,7,1,"{F Um, } I'm not sure what contributes to air pollution exactly.  /","Um/UH ,/, I/PRP 'm/VBP not/RB sure/JJ what/WP contributes/VBZ to/IN air/NN pollution/NN exactly/RB ./.",,
sw09utt/sw_0917_3694.utt,3/sw3694,3694,7,sd,A,7,2,I find it hard to believe that a lot of the hair sprays and things that we use cause the air pollution. /,I/PRP find/VBP it/PRP hard/JJ to/TO believe/VB that/IN a/DT lot/NN of/IN the/DT hair/NN sprays/NNS and/CC things/NNS that/WDT we/PRP use/VBP cause/VBP the/DT air/NN pollution/NN ./.,,
sw09utt/sw_0917_3694.utt,3/sw3694,3694,8,b,B,8,1,"Yeah,  /","Yeah/UH ,/,",,
sw09utt/sw_0917_3694.utt,3/sw3694,3694,9,%,B,8,2,"[ it, + it. ] -/","it/PRP ,/, it/PRP ./.",,
sw09utt/sw_0917_3694.utt,3/sw3694,3694,10,sv,A,9,1,"It doesn't seem like, - /","It/PRP does/VBZ n't/RB seem/VB like/IN ,/,",,
sw09utt/sw_0917_3694.utt,3/sw3694,3694,11,sv,A,9,2,{C but } I guess when you think of it everybody has some sort of aerosol in their home --,but/CC I/PRP guess/VBP when/WRB you/PRP think/VBP of/IN it/PRP everybody/NN has/VBZ some/DT sort/NN of/IN aerosol/NN in/IN their/PRP$ home/NN --/:,,
sw09utt/sw_0917_3694.utt,3/sw3694,3694,12,b,B,10,1,Yeah. /,Yeah/UH ./.,,
sw09utt/sw_0917_3694.utt,3/sw3694,3694,13,+,A,11,1,"--  {D you know, }  /","--/: you/PRP know/VBP ,/,",,
sw09utt/sw_0917_3694.utt,3/sw3694,3694,14,sv,A,11,2,{C and } it's kind of dangerous. /,and/CC it/PRP 's/BES kind/RB of/RB dangerous/JJ ./.,,
sw09utt/sw_0917_3694.utt,3/sw3694,3694,15,aa,B,12,1,"Yeah,  /","Yeah/UH ,/,",,
sw09utt/sw_0917_3694.utt,3/sw3694,3694,16,aa,B,12,2,that's true. /,that/DT 's/BES true/JJ ./.,,
sw09utt/sw_0917_3694.utt,3/sw3694,3694,17,b,A,13,1,Uh-huh. /,Uh-huh/UH ./.,,
sw09utt/sw_0917_3694.utt,3/sw3694,3694,18,h,B,14,1,"{F Uh, } I don't know.  /","Uh/UH ,/, I/PRP do/VBP n't/RB know/VB ./.",,
sw09utt/sw_0917_3694.utt,3/sw3694,3694,19,sd,B,14,2,"[ We live, + {F um, } {D well, } I'm close ] to Salt Lake -- /","We/PRP live/VBP ,/, um/UH ,/, well/UH ,/, I/PRP 'm/VBP close/RB to/IN Salt/NNP Lake/NNP --/:",,
sw09utt/sw_0917_3694.utt,3/sw3694,3694,20,b,A,15,1,Uh-huh. /,Uh-huh/UH ./.,,
sw09utt/sw_0917_3694.utt,3/sw3694,3694,21,sd,B,16,1,"-- {C and } there's mountains, {F uh, } {D you know, } all around.  /","--/: and/CC there/EX 's/BES mountains/NNS ,/, uh/UH ,/, you/PRP know/VBP ,/, all/DT around/RB ./.",,
sw09utt/sw_0917_3694.utt,3/sw3694,3694,22,sv,B,16,2,"{C But } sometimes I think tend to hold a little bit of it in, {D you know. } /","But/CC sometimes/RB I/PRP think/VBP tend/VBP to/TO hold/VB a/DT little/JJ bit/NN of/IN it/PRP in/RB ,/, you/PRP know/VBP ./.",,
sw09utt/sw_0917_3694.utt,3/sw3694,3694,23,b,A,17,1,"{F Oh, } yeah. /","Oh/UH ,/, yeah/UH ./.",,
sw09utt/sw_0917_3694.utt,3/sw3694,3694,24,sd,B,18,1,"{D Really, } [ it's, + it's ] fairly clean, {F um, }  /","Really/UH ,/, it/PRP 's/BES ,/, it/PRP 's/BES fairly/RB clean/JJ ,/, um/UH ,/,",,
sw09utt/sw_0917_3694.utt,3/sw3694,3694,25,sd,B,18,2,"I think it's a fairly clean city compared to some,  /","I/PRP think/VBP it/PRP 's/BES a/DT fairly/RB clean/JJ city/NN compared/VBN to/IN some/DT ,/,",,
sw09utt/sw_0917_3694.utt,3/sw3694,3694,26,%,B,18,3,"{C but, } you know how quite a, -/","but/CC ,/, you/PRP know/VBP how/WRB quite/PDT a/DT ,/,",,
sw09utt/sw_0917_3694.utt,3/sw3694,3694,27,qy,A,19,1,"{C But } you think the mountains [ and the, + are kind of a ] barrier? /","But/CC you/PRP think/VBP the/DT mountains/NNS and/CC the/DT ,/, are/VBP kind/RB of/RB a/DT barrier/NN ?/.",,
sw09utt/sw_0917_3694.utt,3/sw3694,3694,28,ny,B,20,1,Yeah -- /,Yeah/UH --/:,,
sw09utt/sw_0917_3694.utt,3/sw3694,3694,29,bk,A,21,1,{F Oh }  ((   )) . /,Oh/UH MUMBLEx/XX ./.,,
sw09utt/sw_0917_3694.utt,3/sw3694,3694,30,sv^e,B,22,1,-- I think sometimes it seems to be  /,--/: I/PRP think/VBP sometimes/RB it/PRP seems/VBZ to/TO be/VB,,
sw09utt/sw_0917_3694.utt,3/sw3694,3694,31,h,B,22,2,"[ {C but, } +","but/CC ,/,",,
sw09utt/sw_0917_3694.utt,3/sw3694,3694,32,ba,A,23,1,That's an interesting thought. /,That/DT 's/BES an/DT interesting/JJ thought/VBD ./.,,
sw09utt/sw_0917_3694.utt,3/sw3694,3694,33,+,B,24,1,"{C But, } ] {F uh, } {D anyway, } I don't know.  /","But/CC ,/, uh/UH ,/, anyway/UH ,/, I/PRP do/VBP n't/RB know/VB ./.",,
sw09utt/sw_0917_3694.utt,3/sw3694,3694,34,sd,B,24,2,"I know there's a lot of plants here,  /","I/PRP know/VBP there/EX 's/BES a/DT lot/NN of/IN plants/NNS here/RB ,/,",,
sw09utt/sw_0917_3694.utt,3/sw3694,3694,35,sd,B,24,3,when I drive down --,when/WRB I/PRP drive/VBP down/RB --/:,,
sw09utt/sw_0917_3694.utt,3/sw3694,3694,36,b,A,25,1,Uh-huh. /,Uh-huh/UH ./.,,
sw09utt/sw_0917_3694.utt,3/sw3694,3694,37,+,B,26,1,"-- {D you know, } [ along the, + just along the ] freeway, there's a lot of plants that they're burning things  /","--/: you/PRP know/VBP ,/, along/IN the/DT ,/, just/RB along/IN the/DT freeway/NN ,/, there/EX 's/BES a/DT lot/NN of/IN plants/NNS that/WDT they/PRP 're/VBP burning/VBG things/NNS",,
sw09utt/sw_0917_3694.utt,3/sw3694,3694,38,%,B,26,2,"{C and, } -/","and/CC ,/,",,
sw09utt/sw_0917_3694.utt,3/sw3694,3694,39,sd,A,27,1,"Here in Texas I know [ a lot of the, + pretty much every ] place here is relatively flat,  /","Here/RB in/IN Texas/NNP I/PRP know/VBP a/DT lot/NN of/IN the/DT ,/, pretty/RB much/JJ every/DT place/NN here/RB is/VBZ relatively/RB flat/JJ ,/,",,
sw09utt/sw_0917_3694.utt,3/sw3694,3694,40,sv,A,27,2,"{C and so } I would think that that would probably contribute to us not having that big of [ a, + {D like } a ] smog problem or --","and/CC so/RB I/PRP would/MD think/VB that/IN that/DT would/MD probably/RB contribute/VB to/IN us/PRP not/RB having/VBG that/RB big/JJ of/IN a/DT ,/, like/UH a/DT smog/NN problem/NN or/CC --/:",,
sw09utt/sw_0917_3694.utt,3/sw3694,3694,41,b,B,28,1,"{F Oh, } uh-huh. /","Oh/UH ,/, uh-huh/UH ./.",,
sw09utt/sw_0917_3694.utt,3/sw3694,3694,42,+,A,29,1,-- something like that. /,--/: something/NN like/IN that/DT ./.,,
sw09utt/sw_0917_3694.utt,3/sw3694,3694,43,b,B,30,1,Yeah.  /,Yeah/UH ./.,,
sw09utt/sw_0917_3694.utt,3/sw3694,3694,44,sd,B,30,2,"[ We, + we ] have a real fog problem.  {F Um. } /","We/PRP ,/, we/PRP have/VBP a/DT real/JJ fog/NN problem/NN ./. Um/UH ./.",,
sw09utt/sw_0917_3694.utt,3/sw3694,3694,45,b,A,31,1,{F Um. } /,Um/UH ./.,,
sw09utt/sw_0917_3694.utt,3/sw3694,3694,46,sd,B,32,1,"The last few years just [ in, + through ] December and January [ it, + it ] really is foggy [ and, + and ] seems to just, {F um, } - /","The/DT last/JJ few/JJ years/NNS just/RB in/IN ,/, through/IN December/NNP and/CC January/NNP it/PRP ,/, it/PRP really/RB is/VBZ foggy/JJ and/CC ,/, and/CC seems/VBZ to/TO just/RB ,/, um/UH ,/,",,
sw09utt/sw_0917_3694.utt,3/sw3694,3694,47,sd,B,32,2,"it's kind of like [ it, + it ] just stays for a month --","it/PRP 's/BES kind/RB of/RB like/IN it/PRP ,/, it/PRP just/RB stays/VBZ for/IN a/DT month/NN --/:",,
sw09utt/sw_0917_3694.utt,3/sw3694,3694,48,b,A,33,1,Uh-huh. /,Uh-huh/UH ./.,,
sw09utt/sw_0917_3694.utt,3/sw3694,3694,49,+,B,34,1,-- quite foggy.  /,--/: quite/RB foggy/JJ ./.,,
sw09utt/sw_0917_3694.utt,3/sw3694,3694,50,ba,B,34,2,"{C But, } {F uh, } gee,  /","But/CC ,/, uh/UH ,/, gee/UH ,/,",,
sw09utt/sw_0917_3694.utt,3/sw3694,3694,51,h,B,34,3,"[ I don't, + I don't know ] what else. /","I/PRP do/VBP n't/RB ,/, I/PRP do/VBP n't/RB know/VB what/WP else/RB ./.",,
sw09utt/sw_0917_3694.utt,3/sw3694,3694,52,%,A,35,1,"I gue-, -- -/","I/PRP gue/VBP ,/, --/:",,
sw09utt/sw_0917_3694.utt,3/sw3694,3694,53,sv,B,36,1,I know --,I/PRP know/VBP --/:,,
sw09utt/sw_0917_3694.utt,3/sw3694,3694,54,%,A,37,1,"-- I gue-, -- -/","--/: I/PRP gue/VBP ,/, --/:",,
sw09utt/sw_0917_3694.utt,3/sw3694,3694,55,+,B,38,1,-- cars <laughter>. /,--/: cars/NNS ./.,,
sw09utt/sw_0917_3694.utt,3/sw3694,3694,56,aa,A,39,1,"-- yeah,  /","--/: yeah/UH ,/,",,
sw09utt/sw_0917_3694.utt,3/sw3694,3694,57,sd,A,39,2,"I guess I've never really, {F uh, } thought about the fact, {D like } in California [ they, + they ] have a lot of smog problems. /","I/PRP guess/VBP I/PRP 've/VBP never/RB really/RB ,/, uh/UH ,/, thought/VBN about/IN the/DT fact/NN ,/, like/IN in/IN California/NNP they/PRP ,/, they/PRP have/VBP a/DT lot/NN of/IN smog/NN problems/NNS ./.",,
sw09utt/sw_0917_3694.utt,3/sw3694,3694,58,b,B,40,1,Uh-huh. /,Uh-huh/UH ./.,,
sw09utt/sw_0917_3694.utt,3/sw3694,3694,59,sd,A,41,1,{C And } it's real hilly there. /,And/CC it/PRP 's/BES real/RB hilly/JJ there/RB ./.,,
sw09utt/sw_0917_3694.utt,3/sw3694,3694,60,b,B,42,1,Yeah. /,Yeah/UH ./.,,
sw09utt/sw_0917_3694.utt,3/sw3694,3694,61,sv,A,43,1,{C So } that is probably something that plays a <child_talking> big factor. <throat_clearing>  /,So/RB that/DT is/VBZ probably/RB something/NN that/WDT plays/VBZ a/DT big/JJ factor/NN ./.,,
sw09utt/sw_0917_3694.utt,3/sw3694,3694,62,sv,A,43,2,"I think probably just, {F uh, } a lot of factories, {F um, } {D you know, } they have the smoke stacks, I guess you call them --","I/PRP think/VBP probably/RB just/RB ,/, uh/UH ,/, a/DT lot/NN of/IN factories/NNS ,/, um/UH ,/, you/PRP know/VBP ,/, they/PRP have/VBP the/DT smoke/NN stacks/NNS ,/, I/PRP guess/VBP you/PRP call/VBP them/PRP --/:",,
sw09utt/sw_0917_3694.utt,3/sw3694,3694,63,b,B,44,1,Uh-huh. /,Uh-huh/UH ./.,,
sw09utt/sw_0917_3694.utt,3/sw3694,3694,64,+,A,45,1,--  ((   ))  and different things like that. /,--/: MUMBLEx/XX and/CC different/JJ things/NNS like/IN that/DT ./.,,
sw09utt/sw_0917_3694.utt,3/sw3694,3694,65,aa,B,46,1,"Yeah,  /","Yeah/UH ,/,",,
sw09utt/sw_0917_3694.utt,3/sw3694,3694,66,sd,B,46,2,"[ that's, + that's ] what I see burning a lot.  /","that/DT 's/BES ,/, that/DT 's/BES what/WP I/PRP see/VBP burning/VBG a/DT lot/NN ./.",,
sw09utt/sw_0917_3694.utt,3/sw3694,3694,67,sd,B,46,3,I'm not exactly sure what they're burning.  /,I/PRP 'm/VBP not/RB exactly/RB sure/JJ what/WP they/PRP 're/VBP burning/VBG ./.,,
sw09utt/sw_0917_3694.utt,3/sw3694,3694,68,sd,B,46,4,"I know, {F uh-huh, } there are some oil companies,  /","I/PRP know/VBP ,/, uh-huh/UH ,/, there/EX are/VBP some/DT oil/NN companies/NNS ,/,",,
sw09utt/sw_0917_3694.utt,3/sw3694,3694,69,sv,B,46,5,{C and } I'm sure that that contributes a lot <laughter> -- /,and/CC I/PRP 'm/VBP sure/JJ that/IN that/DT contributes/VBZ a/DT lot/NN --/:,,
sw09utt/sw_0917_3694.utt,3/sw3694,3694,70,b,A,47,1,Uh-huh. /,Uh-huh/UH ./.,,
sw09utt/sw_0917_3694.utt,3/sw3694,3694,71,sv,B,48,1,"-- just the burning of the che-, -/","--/: just/RB the/DT burning/NN of/IN the/DT che-/XX ,/,",,
sw09utt/sw_0917_3694.utt,3/sw3694,3694,72,qy,A,49,1,"Aren't they supposed to be coming out with some sort of, {F uh, } special gas or  something that doesn't emit certain chemicals or something? /","Are/VBP n't/RB they/PRP supposed/VBN to/TO be/VB coming/VBG out/RP with/IN some/DT sort/NN of/IN ,/, uh/UH ,/, special/JJ gas/NN or/CC something/NN that/WDT does/VBZ n't/RB emit/VB certain/JJ chemicals/NNS or/CC something/NN ?/.",,
sw09utt/sw_0917_3694.utt,3/sw3694,3694,73,no,B,50,1,"{F Oh, } I don't know.  /","Oh/UH ,/, I/PRP do/VBP n't/RB know/VB ./.",,
sw09utt/sw_0917_3694.utt,3/sw3694,3694,74,sd,B,50,2,"[ I haven't, + I haven't ] heard that. /","I/PRP have/VBP n't/RB ,/, I/PRP have/VBP n't/RB heard/VBN that/DT ./.",,
sw09utt/sw_0917_3694.utt,3/sw3694,3694,75,b,A,51,1,{F Um. } /,Um/UH ./.,,
sw09utt/sw_0917_3694.utt,3/sw3694,3694,76,%,B,52,1,"I know, {F uh, }  /","I/PRP know/VBP ,/, uh/UH ,/,",,
sw09utt/sw_0917_3694.utt,3/sw3694,3694,77,qy^d,B,52,2,"I don't know how your emissions test is on your cars or  anything,  /","I/PRP do/VBP n't/RB know/VB how/WRB your/PRP$ emissions/NNS test/NN is/VBZ on/IN your/PRP$ cars/NNS or/CC anything/NN ,/,",,
sw09utt/sw_0917_3694.utt,3/sw3694,3694,78,sd,B,52,3,"{C but } [ I know + I think ] [ they, + they ] differ from state to state. /","but/CC I/PRP know/VBP I/PRP think/VBP they/PRP ,/, they/PRP differ/VBP from/IN state/NN to/IN state/NN ./.",,
sw09utt/sw_0917_3694.utt,3/sw3694,3694,79,b,A,53,1,"{F Oh, } okay. /","Oh/UH ,/, okay/UH ./.",,
sw09utt/sw_0917_3694.utt,3/sw3694,3694,80,sd,B,54,1,"{C But, } {F um, } {D you know, } that's been a new thing in the last --","But/CC ,/, um/UH ,/, you/PRP know/VBP ,/, that/DT 's/HVS been/VBN a/DT new/JJ thing/NN in/IN the/DT last/JJ --/:",,
sw09utt/sw_0917_3694.utt,3/sw3694,3694,81,b,A,55,1,Uh-huh. /,Uh-huh/UH ./.,,
sw09utt/sw_0917_3694.utt,3/sw3694,3694,82,+,B,56,1,"-- few years,  /","--/: few/JJ years/NNS ,/,",,
sw09utt/sw_0917_3694.utt,3/sw3694,3694,83,sv,B,56,2,{C and } I guess some cars are a lot worse than others.  /,and/CC I/PRP guess/VBP some/DT cars/NNS are/VBP a/DT lot/NN worse/JJR than/IN others/NNS ./.,,
sw09utt/sw_0917_3694.utt,3/sw3694,3694,84,%,B,56,3,"I think those, {F uh, } - /","I/PRP think/VBP those/DT ,/, uh/UH ,/,",,
sw09utt/sw_0917_3694.utt,3/sw3694,3694,85,t1,B,56,4,"what are they,  /","what/WP are/VBP they/PRP ,/,",,
sw09utt/sw_0917_3694.utt,3/sw3694,3694,86,%,B,56,5,"the, - /","the/DT ,/,",,
sw09utt/sw_0917_3694.utt,3/sw3694,3694,87,sd,B,56,6,"I know,  /","I/PRP know/VBP ,/,",,
sw09utt/sw_0917_3694.utt,3/sw3694,3694,88,sd,B,56,7,"a Rabbit's one, diesel -- /","a/DT Rabbit/NNP 's/BES one/CD ,/, diesel/JJ --/:",,
sw09utt/sw_0917_3694.utt,3/sw3694,3694,89,aa,A,57,1,"Uh-huh,  /","Uh-huh/UH ,/,",,
sw09utt/sw_0917_3694.utt,3/sw3694,3694,90,aa,A,57,2,the diesel. /,the/DT diesel/JJ ./.,,
sw09utt/sw_0917_3694.utt,3/sw3694,3694,91,sd,B,58,1,-- the diesel cars. /,--/: the/DT diesel/JJ cars/NNS ./.,,
sw09utt/sw_0917_3694.utt,3/sw3694,3694,92,b,A,59,1,"{F Oh, } yeah. /","Oh/UH ,/, yeah/UH ./.",,
sw09utt/sw_0917_3694.utt,3/sw3694,3694,93,b,B,60,1,"Yeah,  /","Yeah/UH ,/,",,
sw09utt/sw_0917_3694.utt,3/sw3694,3694,94,sv,B,60,2,they seem to put out quite a bit <laughter>. /,they/PRP seem/VBP to/TO put/VB out/RB quite/PDT a/DT bit/NN ./.,,
sw09utt/sw_0917_3694.utt,3/sw3694,3694,95,sd,A,61,1,I know a lot of people with diesels <laughter> -- /,I/PRP know/VBP a/DT lot/NN of/IN people/NNS with/IN diesels/NNS --/:,,
sw09utt/sw_0917_3694.utt,3/sw3694,3694,96,b,B,62,1,{F Huh. } /,Huh/UH ./.,,
sw09utt/sw_0917_3694.utt,3/sw3694,3694,97,sd,A,63,1,"--  ((   ))  truck, {D you know. } /","--/: MUMBLEx/XX truck/NN ,/, you/PRP know/VBP ./.",,
sw09utt/sw_0917_3694.utt,3/sw3694,3694,98,b,B,64,1,Oh. /,Oh/UH ./.,,
sw09utt/sw_0917_3694.utt,3/sw3694,3694,99,%,A,65,1,"{C But, } {F um. } -/","But/CC ,/, um/UH ./.",,
sw09utt/sw_0917_3694.utt,3/sw3694,3694,100,qy,B,66,1,"{D Well, } [ do you, + {F um, } are you ] working for T I? /","Well/UH ,/, do/VBP you/PRP ,/, um/UH ,/, are/VBP you/PRP working/VBG for/IN T/NNP I/NNP ?/.",,
sw09utt/sw_0917_3694.utt,3/sw3694,3694,101,nn,A,67,1,"No,  /","No/UH ,/,",,
sw09utt/sw_0917_3694.utt,3/sw3694,3694,102,sd^e,A,67,2,I don't. /,I/PRP do/VBP n't/RB ./.,,
sw09utt/sw_0917_3694.utt,3/sw3694,3694,103,bk,B,68,1,"{F Oh, } okay. /","Oh/UH ,/, okay/UH ./.",,
sw09utt/sw_0917_3694.utt,3/sw3694,3694,104,sd,A,69,1,"[ I, + I ] work in Waco at a T V station. /","I/PRP ,/, I/PRP work/VBP in/IN Waco/NNP at/IN a/DT T/NN V/NN station/NN ./.",,
sw09utt/sw_0917_3694.utt,3/sw3694,3694,105,bk,B,70,1,Oh. /,Oh/UH ./.,,
sw09utt/sw_0917_3694.utt,3/sw3694,3694,106,sd,A,71,1,My mother works at T I. /,My/PRP$ mother/NN works/VBP at/IN T/NNP I/NNP ./.,,
sw09utt/sw_0917_3694.utt,3/sw3694,3694,107,b,B,72,1,"{F Oh, } uh-huh. /","Oh/UH ,/, uh-huh/UH ./.",,
sw09utt/sw_0917_3694.utt,3/sw3694,3694,108,%,A,73,1,"That's why, -/","That/DT 's/BES why/WRB ,/,",,
sw09utt/sw_0917_3694.utt,3/sw3694,3694,109,qy^d,B,74,1,{C And } that's how you got involved. /,And/CC that/DT 's/BES how/WRB you/PRP got/VBD involved/VBN ./.,,
sw09utt/sw_0917_3694.utt,3/sw3694,3694,110,ny,A,75,1,"Yeah,  /","Yeah/UH ,/,",,
sw09utt/sw_0917_3694.utt,3/sw3694,3694,111,ny^r,A,75,2,yeah. /,yeah/UH ./.,,
sw09utt/sw_0917_3694.utt,3/sw3694,3694,112,b^m,B,76,1,Yeah. /,Yeah/UH ./.,,
sw09utt/sw_0917_3694.utt,3/sw3694,3694,113,qy,A,77,1,You work at T I? /,You/PRP work/VBP at/IN T/NNP I/NNP ?/.,,
sw09utt/sw_0917_3694.utt,3/sw3694,3694,114,nn,B,78,1,No -- /,No/UH --/:,,
sw09utt/sw_0917_3694.utt,3/sw3694,3694,115,bk,A,79,1,"{F Oh, } okay. /","Oh/UH ,/, okay/UH ./.",,
sw09utt/sw_0917_3694.utt,3/sw3694,3694,116,%,B,80,1,"-- [ we, + we ] have, {F um, } - /","--/: we/PRP ,/, we/PRP have/VBP ,/, um/UH ,/,",,
sw09utt/sw_0917_3694.utt,3/sw3694,3694,117,sd^e,B,80,2,my husband's sister lives in Dallas {D actually. } /,my/PRP$ husband/NN 's/POS sister/NN lives/VBP in/IN Dallas/NNP actually/UH ./.,,
sw09utt/sw_0917_3694.utt,3/sw3694,3694,118,bk,A,81,1,Okay. /,Okay/UH ./.,,
sw09utt/sw_0917_3694.utt,3/sw3694,3694,119,sd,B,82,1,"{C And } they kind of got [ it, +  us ] involved that way. /","And/CC they/PRP kind/RB of/RB got/VBD it/PRP ,/, us/PRP involved/VBN that/DT way/NN ./.",,
sw09utt/sw_0917_3694.utt,3/sw3694,3694,120,bk,A,83,1,"{F Oh, } okay. /","Oh/UH ,/, okay/UH ./.",,
sw09utt/sw_0917_3694.utt,3/sw3694,3694,121,b,B,84,1,Yeah -- /,Yeah/UH --/:,,
sw09utt/sw_0917_3694.utt,3/sw3694,3694,122,ba,A,85,1,That's interesting. /,That/DT 's/BES interesting/JJ ./.,,
sw09utt/sw_0917_3694.utt,3/sw3694,3694,123,h,B,86,1,"-- {C but. }  {D Well, } [ I don't, + I don't ] know. /","--/: but/CC ./. Well/UH ,/, I/PRP do/VBP n't/RB ,/, I/PRP do/VBP n't/RB know/VB ./.",,
sw09utt/sw_0917_3694.utt,3/sw3694,3694,124,qw,A,87,1,"<Laughter>  What else causes air pollution?  {F Um, }  /","What/WP else/RB causes/VBP air/NN pollution/NN ?/. Um/UH ,/,",,
sw09utt/sw_0917_3694.utt,3/sw3694,3694,125,sv,A,87,2,Noise. /,Noise/NN ./.,,
sw09utt/sw_0917_3694.utt,3/sw3694,3694,126,aa,B,88,1,"Yeah,  /","Yeah/UH ,/,",,
sw09utt/sw_0917_3694.utt,3/sw3694,3694,127,aa^m,B,88,2,noise. /,noise/NN ./.,,
sw09utt/sw_0917_3694.utt,3/sw3694,3694,128,sv,A,89,1,Noise causes air pollution  ((   ))  <cough>. /,Noise/JJ causes/VBP air/NN pollution/NN MUMBLEx/XX ./.,,
sw09utt/sw_0917_3694.utt,3/sw3694,3694,129,%,B,90,1,"I've got, - /","I/PRP 've/VBP got/VBN ,/,",,
sw09utt/sw_0917_3694.utt,3/sw3694,3694,130,qy^d,B,90,2,"speaking of noise, you can probably hear my little. -/","speaking/VBG of/IN noise/NN ,/, you/PRP can/MD probably/RB hear/VB my/PRP$ little/JJ ./.",,
sw09utt/sw_0917_3694.utt,3/sw3694,3694,131,ny,A,91,1,"Yeah,  /","Yeah/UH ,/,",,
sw09utt/sw_0917_3694.utt,3/sw3694,3694,132,sd^e,A,91,2,that's why I thought of it. /,that/DT 's/BES why/WRB I/PRP thought/VBD of/IN it/PRP ./.,,
sw09utt/sw_0917_3694.utt,3/sw3694,3694,133,b,B,92,1,"Yeah,  /","Yeah/UH ,/,",,
sw09utt/sw_0917_3694.utt,3/sw3694,3694,134,sd,B,92,2,he is quite noisy.  /,he/PRP is/VBZ quite/RB noisy/JJ ./.,,
sw09utt/sw_0917_3694.utt,3/sw3694,3694,135,%,B,92,3,"Yes,  /","Yes/UH ,/,",,
sw09utt/sw_0917_3694.utt,3/sw3694,3694,136,ba,B,92,4,"gee,  /","gee/UH ,/,",,
sw09utt/sw_0917_3694.utt,3/sw3694,3694,137,h,B,92,5,I don't know.  /,I/PRP do/VBP n't/RB know/VB ./.,,
sw09utt/sw_0917_3694.utt,3/sw3694,3694,138,%,B,92,6,"I know that, {F um, } - /","I/PRP know/VBP that/IN ,/, um/UH ,/,",,
sw09utt/sw_0917_3694.utt,3/sw3694,3694,139,qy,B,92,7,"don't dumps, <laughter> {D you know, } where you dump all your --","do/VBP n't/RB dumps/NNS ,/, you/PRP know/VBP ,/, where/WRB you/PRP dump/VBP all/DT your/PRP$ --/:",,
sw09utt/sw_0917_3694.utt,3/sw3694,3694,140,b,A,93,1,Oh. /,Oh/UH ./.,,
sw09utt/sw_0917_3694.utt,3/sw3694,3694,141,+,B,94,1,-- trash --,--/: trash/NN --/:,,
sw09utt/sw_0917_3694.utt,3/sw3694,3694,142,b,A,95,1,Yeah. /,Yeah/UH ./.,,
sw09utt/sw_0917_3694.utt,3/sw3694,3694,143,+,B,96,1,"-- in the, {F uh. } -/","--/: in/IN the/DT ,/, uh/UH ./.",,
sw09utt/sw_0917_3694.utt,3/sw3694,3694,144,^2,A,97,1,Landfills. /,Landfills/NN ./.,,
sw09utt/sw_0917_3694.utt,3/sw3694,3694,145,b,B,98,1,"Yeah,  /","Yeah/UH ,/,",,
sw09utt/sw_0917_3694.utt,3/sw3694,3694,146,sv,B,98,2,I'm sure that does.  /,I/PRP 'm/VBP sure/JJ that/DT does/VBZ ./.,,
sw09utt/sw_0917_3694.utt,3/sw3694,3694,147,sv,B,98,3,I know they're always churning that up -- /,I/PRP know/VBP they/PRP 're/VBP always/RB churning/VBG that/DT up/RP --/:,,
sw09utt/sw_0917_3694.utt,3/sw3694,3694,148,%,A,99,1,We just. -/,We/PRP just/RB ./.,,
sw09utt/sw_0917_3694.utt,3/sw3694,3694,149,sv,B,100,1,"-- {C and } [ I, + I ] think they burn a lot there, too. /","--/: and/CC I/PRP ,/, I/PRP think/VBP they/PRP burn/VBP a/DT lot/NN there/RB ,/, too/RB ./.",,
sw09utt/sw_0917_3694.utt,3/sw3694,3694,150,b,A,101,1,Yeah.  /,Yeah/UH ./.,,
sw09utt/sw_0917_3694.utt,3/sw3694,3694,151,sd,A,101,2,"We just had a big, {F uh, } thing here in Waco.  /","We/PRP just/RB had/VBD a/DT big/JJ ,/, uh/UH ,/, thing/NN here/RB in/IN Waco/NNP ./.",,
sw09utt/sw_0917_3694.utt,3/sw3694,3694,152,sd,A,101,3,"They're needing to open a new landfill, or to expand onto the old landfill.  /","They/PRP 're/VBP needing/VBG to/TO open/VB a/DT new/JJ landfill/NN ,/, or/CC to/TO expand/VB onto/IN the/DT old/JJ landfill/NN ./.",,
sw09utt/sw_0917_3694.utt,3/sw3694,3694,153,sd,A,101,4,"{C And, } {F uh, } [ it's, + it's ] really been a big fight because a lot of the people that live by the landfill don't want it expanded, because they're thinking that they're water is going  to be contaminated somehow. /","And/CC ,/, uh/UH ,/, it/PRP 's/HVS ,/, it/PRP 's/HVS really/RB been/VBN a/DT big/JJ fight/NN because/IN a/DT lot/NN of/IN the/DT people/NNS that/WDT live/VBP by/IN the/DT landfill/NN do/VBP n't/RB want/VB it/PRP expanded/VBN ,/, because/IN they/PRP 're/VBP thinking/VBG that/IN they/GW 're/^PRP$ water/NN is/VBZ  going/VBG to/TO be/VB contaminated/VBN somehow/RB ./.",,
sw09utt/sw_0917_3694.utt,3/sw3694,3694,154,b,B,102,1,Oh. /,Oh/UH ./.,,
sw09utt/sw_0917_3694.utt,3/sw3694,3694,155,%,A,103,1,"{C And so } they, -/","And/CC so/RB they/PRP ,/,",,
sw09utt/sw_0917_3694.utt,3/sw3694,3694,156,sd,B,104,1,"{D Well, } I don't think [ I'd, + I'd ] like that.  /","Well/UH ,/, I/PRP do/VBP n't/RB think/VB I/PRP 'd/MD ,/, I/PRP 'd/MD like/VB that/DT ./.",,
sw09utt/sw_0917_3694.utt,3/sw3694,3694,157,%,B,104,2,"{D You know, } we, {F um } -- -/","You/PRP know/VBP ,/, we/PRP ,/, um/UH --/:",,
sw09utt/sw_0917_3694.utt,3/sw3694,3694,158,b,A,105,1,Yeah. /,Yeah/UH ./.,,
sw09utt/sw_0917_3694.utt,3/sw3694,3694,159,sd,B,106,1,"-- when we've taken things to the dump, just the dump, {F uh, } that is, {F uh, } {D you  know, } closest to us, - /","--/: when/WRB we/PRP 've/VBP taken/VBN things/NNS to/IN the/DT dump/NN ,/, just/RB the/DT dump/NN ,/, uh/UH ,/, that/WDT is/VBZ ,/, uh/UH ,/, you/PRP know/VBP ,/, closest/RBS to/IN us/PRP ,/,",,
sw09utt/sw_0917_3694.utt,3/sw3694,3694,160,sd,B,106,2,there's --,there/EX 's/BES --/:,,
sw09utt/sw_0917_3694.utt,3/sw3694,3694,161,b,A,107,1,Uh-huh. /,Uh-huh/UH ./.,,
sw09utt/sw_0917_3694.utt,3/sw3694,3694,162,+,B,108,1,"-- some houses around there,  /","--/: some/DT houses/NNS around/IN there/RB ,/,",,
sw09utt/sw_0917_3694.utt,3/sw3694,3694,163,sd,B,108,2,"{C and } I know that on windy days, {D you know } --","and/CC I/PRP know/VBP that/IN on/IN windy/JJ days/NNS ,/, you/PRP know/VBP --/:",,
sw09utt/sw_0917_3694.utt,3/sw3694,3694,164,b,A,109,1,"{F Oh, } yeah. /","Oh/UH ,/, yeah/UH ./.",,
sw09utt/sw_0917_3694.utt,3/sw3694,3694,165,+,B,110,1,"-- they're always moving [ the, + the ] trash over to different spots,  /","--/: they/PRP 're/VBP always/RB moving/VBG the/DT ,/, the/DT trash/NN over/IN to/IN different/JJ spots/NNS ,/,",,
sw09utt/sw_0917_3694.utt,3/sw3694,3694,166,sd,B,110,2,"{C and } they've got those big bulldozers,  /","and/CC they/PRP 've/VBP got/VBN those/DT big/JJ bulldozers/NNS ,/,",,
sw09utt/sw_0917_3694.utt,3/sw3694,3694,167,sd,B,110,3,{C and } you can see the dust --,and/CC you/PRP can/MD see/VB the/DT dust/NN --/:,,
sw09utt/sw_0917_3694.utt,3/sw3694,3694,168,b,A,111,1,Uh-huh. /,Uh-huh/UH ./.,,
sw09utt/sw_0917_3694.utt,3/sw3694,3694,169,+,B,112,1,"-- flying,  /","--/: flying/VBG ,/,",,
sw09utt/sw_0917_3694.utt,3/sw3694,3694,170,sv,B,112,2,"[ {C and, } + {C and } ] I'm sure that their homes are really quite --","and/CC ,/, and/CC I/PRP 'm/VBP sure/JJ that/IN their/PRP$ homes/NNS are/VBP really/RB quite/RB --/:",,
sw09utt/sw_0917_3694.utt,3/sw3694,3694,171,sd,A,113,1,# [ One # -- +,One/CD --/:,,
sw09utt/sw_0917_3694.utt,3/sw3694,3694,172,+,B,114,1,-- # dusty  /,--/: dusty/JJ,,
sw09utt/sw_0917_3694.utt,3/sw3694,3694,173,%,B,114,2,"# {C and, } -/","and/CC ,/,",,
sw09utt/sw_0917_3694.utt,3/sw3694,3694,174,+,A,115,1,"-- one ] of the big concerns is [ they have a, + there's a ] school right across the highway from the landfill. /","--/: one/CD of/IN the/DT big/JJ concerns/NNS is/VBZ they/PRP have/VBP a/DT ,/, there/EX 's/BES a/DT school/NN right/RB across/IN the/DT highway/NN from/IN the/DT landfill/NN ./.",,
sw09utt/sw_0917_3694.utt,3/sw3694,3694,175,bh,B,116,1,"{F Oh, } is there. /","Oh/UH ,/, is/VBZ there/EX ./.",,
sw09utt/sw_0917_3694.utt,3/sw3694,3694,176,ny,A,117,1,Yeah.  /,Yeah/UH ./.,,
sw09utt/sw_0917_3694.utt,3/sw3694,3694,177,sd^e,A,117,2,"{C So } the parents were really, really upset. /","So/RB the/DT parents/NNS were/VBD really/RB ,/, really/RB upset/JJ ./.",,
sw09utt/sw_0917_3694.utt,3/sw3694,3694,178,qy^d,B,118,1,Worried about [ their -- +,Worried/JJ about/IN their/PRP$ --/:,,
sw09utt/sw_0917_3694.utt,3/sw3694,3694,179,ny,A,119,1,Yeah. /,Yeah/UH ./.,,
sw09utt/sw_0917_3694.utt,3/sw3694,3694,180,+,B,120,1,"-- their ] kids getting, {F huh. } -/","--/: their/PRP$ kids/NNS getting/VBG ,/, huh/UH ./.",,
sw09utt/sw_0917_3694.utt,3/sw3694,3694,181,sd,A,121,1,"[ They, + they've ] been fighting over it for the last year,  /","They/PRP ,/, they/PRP 've/VBP been/VBN fighting/VBG over/IN it/PRP for/IN the/DT last/JJ year/NN ,/,",,
sw09utt/sw_0917_3694.utt,3/sw3694,3694,182,sd,A,121,2,{C and } they just now approved it.  /,and/CC they/PRP just/RB now/RB approved/VBD it/PRP ./.,,
sw09utt/sw_0917_3694.utt,3/sw3694,3694,183,sd,A,121,3,{C So } they're going to try an appeal or something. /,So/RB they/PRP 're/VBP going/VBG to/TO try/VB an/DT appeal/NN or/CC something/NN ./.,,
