swda_filename,ptb_basename,conversation_no,transcript_index,act_tag,caller,utterance_index,subutterance_index,text,pos,trees,ptb_treenumbers
sw09utt/sw_0980_3185.utt,3/sw3185,3185,0,o,A,1,1,"Okay,  /","Okay/UH ,/,",,
sw09utt/sw_0980_3185.utt,3/sw3185,3185,1,qw,A,1,2,how's the weather been in Plano?  <Laughter>. /,how/WRB 's/HVS the/DT weather/NN been/VBN in/IN Plano/NNP ?/. ./.,,
sw09utt/sw_0980_3185.utt,3/sw3185,3185,2,sd,B,2,1,<Laughter> Basically about the same as what you've probably had. /,Basically/RB about/RB the/DT same/JJ as/IN what/WP you/PRP 've/VBP probably/RB had/VBN ./.,,
sw09utt/sw_0980_3185.utt,3/sw3185,3185,3,b,A,3,1,"<Laughter> Yeah,  /","Yeah/UH ,/,",,
sw09utt/sw_0980_3185.utt,3/sw3185,3185,4,sv,A,3,2,this is probably unusual topic to give two of us in the same city. /,this/DT is/VBZ probably/RB unusual/JJ topic/NN to/TO give/VB two/CD of/IN us/PRP in/IN the/DT same/JJ city/NN ./.,,
sw09utt/sw_0980_3185.utt,3/sw3185,3185,5,b,B,4,1,Uh-huh. /,Uh-huh/UH ./.,,
sw09utt/sw_0980_3185.utt,3/sw3185,3185,6,qy^d,A,5,1,"{D Well, } I don't know about you,  /","Well/UH ,/, I/PRP do/VBP n't/RB know/VB about/IN you/PRP ,/,",,
sw09utt/sw_0980_3185.utt,3/sw3185,3185,7,sd,A,5,2,"{C but } I was really enjoying the cool snap last couple of weeks,  /","but/CC I/PRP was/VBD really/RB enjoying/VBG the/DT cool/JJ snap/NN last/JJ couple/NN of/IN weeks/NNS ,/,",,
sw09utt/sw_0980_3185.utt,3/sw3185,3185,8,sd,A,5,3,{C and } I'm ready for it to come back. /,and/CC I/PRP 'm/VBP ready/JJ for/IN it/PRP to/TO come/VB back/RB ./.,,
sw09utt/sw_0980_3185.utt,3/sw3185,3185,9,qy^g,B,6,1,"{F Oh, } you like the rain, do you? /","Oh/UH ,/, you/PRP like/VBP the/DT rain/NN ,/, do/VBP you/PRP ?/.",,
sw09utt/sw_0980_3185.utt,3/sw3185,3185,10,nd,A,7,1,"{D Well, } not the rain so much as the cool, the other mornings when it was {D like } sixty-five when we woke up and sixty-six,  /","Well/UH ,/, not/RB the/DT rain/NN so/RB much/JJ as/IN the/DT cool/NN ,/, the/DT other/JJ mornings/NNS when/WRB it/PRP was/VBD like/UH sixty-five/CD when/WRB we/PRP woke/VBD up/RP and/CC sixty-six/CD ,/,",,
sw09utt/sw_0980_3185.utt,3/sw3185,3185,11,sd,A,7,2,"{C and } today I know when I got up that the temperature said more {D like, } close, seventy-nine or eighty -- /","and/CC today/NN I/PRP know/VBP when/WRB I/PRP got/VBD up/RB that/IN the/DT temperature/NN said/VBD more/RBR like/IN ,/, close/RB ,/, seventy-nine/CD or/CC eighty/CD --/:",,
sw09utt/sw_0980_3185.utt,3/sw3185,3185,12,b,B,8,1,Uh-huh. /,Uh-huh/UH ./.,,
sw09utt/sw_0980_3185.utt,3/sw3185,3185,13,sd,A,9,1,-- {C so } I'm kind of ready for the pumpkin weather. /,--/: so/RB I/PRP 'm/VBP kind/RB of/RB ready/JJ for/IN the/DT pumpkin/NN weather/NN ./.,,
sw09utt/sw_0980_3185.utt,3/sw3185,3185,14,bh,B,10,1,"{F Oh, } are you?  /","Oh/UH ,/, are/VBP you/PRP ?/.",,
sw09utt/sw_0980_3185.utt,3/sw3185,3185,15,sd,B,10,2,I don't care for that as much. /,I/PRP do/VBP n't/RB care/VB for/IN that/DT as/RB much/JJ ./.,,
sw09utt/sw_0980_3185.utt,3/sw3185,3185,16,qy,A,11,1,You don't -- /,You/PRP do/VBP n't/RB --/:,,
sw09utt/sw_0980_3185.utt,3/sw3185,3185,17,nn,B,12,1,No. /,No/UH ./.,,
sw09utt/sw_0980_3185.utt,3/sw3185,3185,18,qy,A,13,1,-- are you a summer person? /,--/: are/VBP you/PRP a/DT summer/NN person/NN ?/.,,
sw09utt/sw_0980_3185.utt,3/sw3185,3185,19,na,B,14,1,I'm a summer person -- /,I/PRP 'm/VBP a/DT summer/NN person/NN --/:,,
sw09utt/sw_0980_3185.utt,3/sw3185,3185,20,bh,A,15,1,Are you? /,Are/VBP you/PRP ?/.,,
sw09utt/sw_0980_3185.utt,3/sw3185,3185,21,na,B,16,1,-- I like the heat. /,--/: I/PRP like/VBP the/DT heat/NN ./.,,
sw09utt/sw_0980_3185.utt,3/sw3185,3185,22,sd,A,17,1,"{D Well, } I have a friend who's the same way,  /","Well/UH ,/, I/PRP have/VBP a/DT friend/NN who/WP 's/BES the/DT same/JJ way/NN ,/,",,
sw09utt/sw_0980_3185.utt,3/sw3185,3185,23,sd,A,17,2,"{C and } anything below sixty, she's just not happy -- /","and/CC anything/NN below/IN sixty/CD ,/, she/PRP 's/BES just/RB not/RB happy/JJ --/:",,
sw09utt/sw_0980_3185.utt,3/sw3185,3185,24,x,B,18,1,<Laughter>.,,,
sw09utt/sw_0980_3185.utt,3/sw3185,3185,25,sd,A,19,1,"-- {C but } [ I, + I ] think what I would miss is the change of seasons and all because I know in Plano we really don't have as many seasons as, {F uh, } - /","--/: but/CC I/PRP ,/, I/PRP think/VBP what/WP I/PRP would/MD miss/VB is/VBZ the/DT change/NN of/IN seasons/NNS and/CC all/DT because/IN I/PRP know/VBP in/IN Plano/NNP we/PRP really/RB do/VBP n't/RB have/VB as/RB many/JJ seasons/NNS as/IN ,/, uh/UH ,/,",,
sw09utt/sw_0980_3185.utt,3/sw3185,3185,26,sd,A,19,2,"my husband's from Nebraska,  /","my/PRP$ husband/NN 's/BES from/IN Nebraska/NNP ,/,",,
sw09utt/sw_0980_3185.utt,3/sw3185,3185,27,sd,A,19,3,{C and } they have more of the four seasons. /,and/CC they/PRP have/VBP more/JJR of/IN the/DT four/CD seasons/NNS ./.,,
sw09utt/sw_0980_3185.utt,3/sw3185,3185,28,b,B,20,1,"Yeah,  /","Yeah/UH ,/,",,
sw09utt/sw_0980_3185.utt,3/sw3185,3185,29,sd,B,20,2,"{C and } I'm from Utah,  /","and/CC I/PRP 'm/VBP from/IN Utah/NNP ,/,",,
sw09utt/sw_0980_3185.utt,3/sw3185,3185,30,sd,B,20,3,"{C so, } [ I, + I ] like,","so/RB ,/, I/PRP ,/, I/PRP like/VBP ,/,",,
sw09utt/sw_0980_3185.utt,3/sw3185,3185,31,bf,A,21,1,"{F Oh, } you're --","Oh/UH ,/, you/PRP 're/VBP --/:",,
sw09utt/sw_0980_3185.utt,3/sw3185,3185,32,+,B,22,1,the four seasons -- /,the/DT four/CD seasons/NNS --/:,,
sw09utt/sw_0980_3185.utt,3/sw3185,3185,33,+,A,23,1,"-- used to that, too. /","--/: used/JJ to/IN that/DT ,/, too/RB ./.",,
sw09utt/sw_0980_3185.utt,3/sw3185,3185,34,sd,B,24,1,-- I just don't like the cold. /,--/: I/PRP just/RB do/VBP n't/RB like/VB the/DT cold/NN ./.,,
sw09utt/sw_0980_3185.utt,3/sw3185,3185,35,b^m,A,25,1,You don't like the cold.  /,You/PRP do/VBP n't/RB like/VB the/DT cold/NN ./.,,
sw09utt/sw_0980_3185.utt,3/sw3185,3185,36,sd,A,25,2,"{D Well, } I usually like it about sweater weather,  /","Well/UH ,/, I/PRP usually/RB like/VBP it/PRP about/RB sweater/NN weather/NN ,/,",,
sw09utt/sw_0980_3185.utt,3/sw3185,3185,37,sv,A,25,3,{C and } the problem --,and/CC the/DT problem/NN --/:,,
sw09utt/sw_0980_3185.utt,3/sw3185,3185,38,b,B,26,1,Uh-huh. /,Uh-huh/UH ./.,,
sw09utt/sw_0980_3185.utt,3/sw3185,3185,39,+,A,27,1,-- here in Plano is it doesn't last very long.  /,--/: here/RB in/IN Plano/NNP is/VBZ it/PRP does/VBZ n't/RB last/VB very/RB long/RB ./.,,
sw09utt/sw_0980_3185.utt,3/sw3185,3185,40,sv,A,27,2,"It goes from hot,  /","It/PRP goes/VBZ from/IN hot/JJ ,/,",,
sw09utt/sw_0980_3185.utt,3/sw3185,3185,41,sv,A,27,3,"{C and then } you get a couple of weeks of that Indian Summer,  /","and/CC then/RB you/PRP get/VBP a/DT couple/NN of/IN weeks/NNS of/IN that/DT Indian/NN Summer/NN ,/,",,
sw09utt/sw_0980_3185.utt,3/sw3185,3185,42,sv,A,27,4,{C and then } it's cold -- /,and/CC then/RB it/PRP 's/BES cold/JJ --/:,,
sw09utt/sw_0980_3185.utt,3/sw3185,3185,43,b,B,28,1,Yeah. /,Yeah/UH ./.,,
sw09utt/sw_0980_3185.utt,3/sw3185,3185,44,sd,A,29,1,-- {C and } I wish it were several months of that. /,--/: and/CC I/PRP wish/VBP it/PRP were/VBD several/JJ months/NNS of/IN that/DT ./.,,
sw09utt/sw_0980_3185.utt,3/sw3185,3185,45,sd,B,30,1,"[ The thing, + the other thing ] is [ the, + I ] don't like the rain either. /","The/DT thing/NN ,/, the/DT other/JJ thing/NN is/VBZ the/DT ,/, I/PRP do/VBP n't/RB like/VB the/DT rain/NN either/RB ./.",,
sw09utt/sw_0980_3185.utt,3/sw3185,3185,46,sd,A,31,1,"{D Well, } I don't either unless it's {D like, } {F uh, } - /","Well/UH ,/, I/PRP do/VBP n't/RB either/RB unless/IN it/PRP 's/BES like/UH ,/, uh/UH ,/,",,
sw09utt/sw_0980_3185.utt,3/sw3185,3185,47,sd,A,31,2,some of my favorite's {D like } a Friday night when it rains  /,some/DT of/IN my/PRP$ favorite/JJ 's/BES like/UH a/DT Friday/NNP night/NN when/WRB it/PRP rains/VBZ,,
sw09utt/sw_0980_3185.utt,3/sw3185,3185,48,sd,A,31,3,"{C and } you really didn't have anywhere to go,  /","and/CC you/PRP really/RB did/VBD n't/RB have/VB anywhere/RB to/TO go/VB ,/,",,
sw09utt/sw_0980_3185.utt,3/sw3185,3185,49,sd,A,31,4,{C and } it's sleeping time.  /,and/CC it/PRP 's/BES sleeping/NN time/NN ./.,,
sw09utt/sw_0980_3185.utt,3/sw3185,3185,50,sd,A,31,5,"{C But } if you have to get up and get out in it, I don't like it either <laughter>. /","But/CC if/IN you/PRP have/VBP to/TO get/VB up/RB and/CC get/VB out/RB in/IN it/PRP ,/, I/PRP do/VBP n't/RB like/VB it/PRP either/RB ./.",,
sw09utt/sw_0980_3185.utt,3/sw3185,3185,51,sd,B,32,1,"<Laughter> {D Well, } we have several children that are in sports,  /","Well/UH ,/, we/PRP have/VBP several/JJ children/NNS that/WDT are/VBP in/IN sports/NNS ,/,",,
sw09utt/sw_0980_3185.utt,3/sw3185,3185,52,sd,B,32,2,{C and so } --,and/CC so/RB --/:,,
sw09utt/sw_0980_3185.utt,3/sw3185,3185,53,b,A,33,1,"{F Oh, } yeah. /","Oh/UH ,/, yeah/UH ./.",,
sw09utt/sw_0980_3185.utt,3/sw3185,3185,54,+,B,34,1,"-- it always makes their games be postponed forever and ever and ever on, on, and on. /","--/: it/PRP always/RB makes/VBZ their/PRP$ games/NNS be/VB postponed/VBN forever/RB and/CC ever/RB and/CC ever/RB on/RP ,/, on/RP ,/, and/CC on/RP ./.",,
sw09utt/sw_0980_3185.utt,3/sw3185,3185,55,aa,A,35,1,"{D Well, } sure it does.  /","Well/UH ,/, sure/RB it/PRP does/VBZ ./.",,
sw09utt/sw_0980_3185.utt,3/sw3185,3185,56,sv,A,35,2,"That kind of schedule, you really need a lot more sunshine. /","That/DT kind/NN of/IN schedule/NN ,/, you/PRP really/RB need/VBP a/DT lot/NN more/JJR sunshine/NN ./.",,
sw09utt/sw_0980_3185.utt,3/sw3185,3185,57,sd,B,36,1,"I like it better, I think. /","I/PRP like/VBP it/PRP better/JJR ,/, I/PRP think/VBP ./.",,
sw09utt/sw_0980_3185.utt,3/sw3185,3185,58,sd,A,37,1,"{C And } also the evenings are going to be getting, {F uh, } darker sooner --","And/CC also/RB the/DT evenings/NNS are/VBP going/VBG to/TO be/VB getting/VBG ,/, uh/UH ,/, darker/JJR sooner/RBR --/:",,
sw09utt/sw_0980_3185.utt,3/sw3185,3185,59,b,B,38,1,Uh-huh. /,Uh-huh/UH ./.,,
sw09utt/sw_0980_3185.utt,3/sw3185,3185,60,+,A,39,1,"-- [ becau-, + as ] it gets cooler. /","--/: becau-/IN ,/, as/IN it/PRP gets/VBZ cooler/JJR ./.",,
sw09utt/sw_0980_3185.utt,3/sw3185,3185,61,b,B,40,1,Yeah. /,Yeah/UH ./.,,
sw09utt/sw_0980_3185.utt,3/sw3185,3185,62,sd,A,41,1,"{C But } I did a walk last night,  /","But/CC I/PRP did/VBD a/DT walk/NN last/JJ night/NN ,/,",,
sw09utt/sw_0980_3185.utt,3/sw3185,3185,63,sd,A,41,2,{C and } it seemed like it was a little bit hot still.  /,and/CC it/PRP seemed/VBD like/IN it/PRP was/VBD a/DT little/JJ bit/NN hot/JJ still/RB ./.,,
sw09utt/sw_0980_3185.utt,3/sw3185,3185,64,sv,A,41,3,Sometimes when you work up a sweat you need it to be a little bit cooler. /,Sometimes/RB when/WRB you/PRP work/VBP up/RP a/DT sweat/NN you/PRP need/VBP it/PRP to/TO be/VB a/DT little/JJ bit/NN cooler/JJR ./.,,
sw09utt/sw_0980_3185.utt,3/sw3185,3185,65,sd,B,42,1,"The thing about when it gets hot here is, I don't like the humidity,  /","The/DT thing/NN about/IN when/WRB it/PRP gets/VBZ hot/JJ here/RB is/VBZ ,/, I/PRP do/VBP n't/RB like/VB the/DT humidity/NN ,/,",,
sw09utt/sw_0980_3185.utt,3/sw3185,3185,66,sd,B,42,2,that part I don't care about. /,that/DT part/NN I/PRP do/VBP n't/RB care/VB about/IN ./.,,
sw09utt/sw_0980_3185.utt,3/sw3185,3185,67,aa,A,43,1,"{D Well, } I agree, absolutely,  /","Well/UH ,/, I/PRP agree/VBP ,/, absolutely/RB ,/,",,
sw09utt/sw_0980_3185.utt,3/sw3185,3185,68,sv,A,43,2,"{C and } {D you know, } it's all relative,  /","and/CC you/PRP know/VBP ,/, it/PRP 's/BES all/DT relative/JJ ,/,",,
sw09utt/sw_0980_3185.utt,3/sw3185,3185,69,sd,A,43,3,"{C because } I was from West Texas,  /","because/IN I/PRP was/VBD from/IN West/NNP Texas/NNP ,/,",,
sw09utt/sw_0980_3185.utt,3/sw3185,3185,70,sd,A,43,4,"{C and } it was very dry,  /","and/CC it/PRP was/VBD very/RB dry/JJ ,/,",,
sw09utt/sw_0980_3185.utt,3/sw3185,3185,71,sd,A,43,5,"{C and so } I thought Dallas was awful,  /","and/CC so/RB I/PRP thought/VBD Dallas/NNP was/VBD awful/JJ ,/,",,
sw09utt/sw_0980_3185.utt,3/sw3185,3185,72,sv,A,43,6,"{C and } I still think so, /","and/CC I/PRP still/RB think/VBP so/RB ,/,",,
sw09utt/sw_0980_3185.utt,3/sw3185,3185,73,x,B,44,1,<Laughter>.,,,
sw09utt/sw_0980_3185.utt,3/sw3185,3185,74,sd,A,45,1,"{C but } then this summer we went to Orlando for a week,  /","but/CC then/RB this/DT summer/NN we/PRP went/VBD to/IN Orlando/NNP for/IN a/DT week/NN ,/,",,
sw09utt/sw_0980_3185.utt,3/sw3185,3185,75,sd,A,45,2,"{C and } it was so humid there that [ your, + {F um, } all your ] windows [ were fr-, + were wet ] every morning.  /","and/CC it/PRP was/VBD so/RB humid/JJ there/RB that/IN your/PRP$ ,/, um/UH ,/, all/DT your/PRP$ windows/NNS were/VBD fr-/XX ,/, were/VBD wet/JJ every/DT morning/NN ./.",,
sw09utt/sw_0980_3185.utt,3/sw3185,3185,76,sd,A,45,3,They had to get the --,They/PRP had/VBD to/TO get/VB the/DT --/:,,
sw09utt/sw_0980_3185.utt,3/sw3185,3185,77,b,B,46,1,"{F Oh, } really. /","Oh/UH ,/, really/UH ./.",,
sw09utt/sw_0980_3185.utt,3/sw3185,3185,78,+,A,47,1,-- squeejies and clean them off.  /,--/: squeejies/NNS and/CC clean/VB them/PRP off/RP ./.,,
sw09utt/sw_0980_3185.utt,3/sw3185,3185,79,sd,A,47,2,"{C And } when we got back to Dallas it seemed really dry <laughter>,","And/CC when/WRB we/PRP got/VBD back/RB to/IN Dallas/NNP it/PRP seemed/VBD really/RB dry/JJ ,/,",,
sw09utt/sw_0980_3185.utt,3/sw3185,3185,80,x,B,48,1,<Laughter>.,,,
sw09utt/sw_0980_3185.utt,3/sw3185,3185,81,+,A,49,1,because it's kind of like what you're used to.  /,because/IN it/PRP 's/BES kind/RB of/RB like/IN what/WP you/PRP 're/VBP used/JJ to/IN ./.,,
sw09utt/sw_0980_3185.utt,3/sw3185,3185,82,aa,A,49,2,"{C But } I agree with you,  /","But/CC I/PRP agree/VBP with/IN you/PRP ,/,",,
sw09utt/sw_0980_3185.utt,3/sw3185,3185,83,sd,A,49,3,"the humidity, especially for curly heads like me. -/","the/DT humidity/NN ,/, especially/RB for/IN curly/JJ heads/NNS like/IN me/PRP ./.",,
sw09utt/sw_0980_3185.utt,3/sw3185,3185,84,bh,B,50,1,"{F Oh, } is that right? /","Oh/UH ,/, is/VBZ that/DT right/UH ?/.",,
sw09utt/sw_0980_3185.utt,3/sw3185,3185,85,ny,A,51,1,Yes.  /,Yes/UH ./.,,
sw09utt/sw_0980_3185.utt,3/sw3185,3185,86,sd^e,A,51,2,"I do not like the humid-, <laughter>. -/","I/PRP do/VBP not/RB like/VB the/DT humid-/XX ,/, ./.",,
sw09utt/sw_0980_3185.utt,3/sw3185,3185,87,%,B,52,1,"<Laughter> {D Well } another reason, - /","Well/UH another/DT reason/NN ,/,",,
sw09utt/sw_0980_3185.utt,3/sw3185,3185,88,sd,B,52,2,"{D well, } I guess I can't say that [ it, + I ] don't like the rain completely.  /","well/UH ,/, I/PRP guess/VBP I/PRP ca/MD n't/RB say/VB that/IN it/PRP ,/, I/PRP do/VBP n't/RB like/VB the/DT rain/NN completely/RB ./.",,
sw09utt/sw_0980_3185.utt,3/sw3185,3185,89,sd,B,52,3,We have a little garden that we have  /,We/PRP have/VBP a/DT little/JJ garden/NN that/WDT we/PRP have/VBP,,
sw09utt/sw_0980_3185.utt,3/sw3185,3185,90,sd,B,52,4,[ {C and } --,and/CC --/:,,
sw09utt/sw_0980_3185.utt,3/sw3185,3185,91,b,A,53,1,Uh-huh. /,Uh-huh/UH ./.,,
sw09utt/sw_0980_3185.utt,3/sw3185,3185,92,+,B,54,1,"-- {C and so } + ] it really helps our garden,  /","--/: and/CC so/RB it/PRP really/RB helps/VBZ our/PRP$ garden/NN ,/,",,
sw09utt/sw_0980_3185.utt,3/sw3185,3185,93,sd,B,54,2,"{C and, } {D you know, } [ even, + ] I don't know if that's because plants are just that way  /","and/CC ,/, you/PRP know/VBP ,/, even/RB ,/, I/PRP do/VBP n't/RB know/VB if/IN that/DT 's/BES because/IN plants/NNS are/VBP just/RB that/DT way/NN",,
sw09utt/sw_0980_3185.utt,3/sw3185,3185,94,sd,B,54,3,"{C and } they like rain,  /","and/CC they/PRP like/VBP rain/NN ,/,",,
sw09utt/sw_0980_3185.utt,3/sw3185,3185,95,sd,B,54,4,"{C or, } it seems they thrive when it rains,  /","or/CC ,/, it/PRP seems/VBZ they/PRP thrive/VBP when/WRB it/PRP rains/VBZ ,/,",,
sw09utt/sw_0980_3185.utt,3/sw3185,3185,96,%,B,54,5,"they just, really, -/","they/PRP just/RB ,/, really/RB ,/,",,
sw09utt/sw_0980_3185.utt,3/sw3185,3185,97,aa,A,55,1,"Yeah,  /","Yeah/UH ,/,",,
sw09utt/sw_0980_3185.utt,3/sw3185,3185,98,aa,A,55,2,I think so too.  /,I/PRP think/VBP so/RB too/RB ./.,,
sw09utt/sw_0980_3185.utt,3/sw3185,3185,99,sd,A,55,3,I know our grass needs mowing twice as often <laughter> --,I/PRP know/VBP our/PRP$ grass/NN needs/VBZ mowing/VBG twice/RB as/RB often/RB --/:,,
sw09utt/sw_0980_3185.utt,3/sw3185,3185,100,b,B,56,1,Uh-huh. /,Uh-huh/UH ./.,,
sw09utt/sw_0980_3185.utt,3/sw3185,3185,101,+,A,57,1,-- when it rains -- /,--/: when/WRB it/PRP rains/VBZ --/:,,
sw09utt/sw_0980_3185.utt,3/sw3185,3185,102,b,B,58,1,Yeah. /,Yeah/UH ./.,,
sw09utt/sw_0980_3185.utt,3/sw3185,3185,103,%,A,59,1,"-- {C but } it seems like here, - /","--/: but/CC it/PRP seems/VBZ like/IN here/RB ,/,",,
sw09utt/sw_0980_3185.utt,3/sw3185,3185,104,sd,A,59,2,"I would like it to rain and then be over, and then not rain for a while.  /","I/PRP would/MD like/VB it/PRP to/TO rain/VB and/CC then/RB be/VB over/JJ ,/, and/CC then/RB not/RB rain/VB for/IN a/DT while/NN ./.",,
sw09utt/sw_0980_3185.utt,3/sw3185,3185,105,sv,A,59,3,"It seems like when it gets stuck in a rain pattern, that's all it does. /","It/PRP seems/VBZ like/IN when/WRB it/PRP gets/VBZ stuck/VBN in/IN a/DT rain/NN pattern/NN ,/, that/DT 's/BES all/DT it/PRP does/VBZ ./.",,
sw09utt/sw_0980_3185.utt,3/sw3185,3185,106,aa,B,60,1,"Yeah,  /","Yeah/UH ,/,",,
sw09utt/sw_0980_3185.utt,3/sw3185,3185,107,aa^r,B,60,2,yeah. /,yeah/UH ./.,,
sw09utt/sw_0980_3185.utt,3/sw3185,3185,108,sd,A,61,1,"[ {C So, } + {F uh, } {C but } ] [ I, + I ] am ready for a little bit of the cooler weather and not so much in the nineties --","So/RB ,/, uh/UH ,/, but/CC I/PRP ,/, I/PRP am/VBP ready/JJ for/IN a/DT little/JJ bit/NN of/IN the/DT cooler/JJR weather/NN and/CC not/RB so/RB much/JJ in/IN the/DT nineties/NNS --/:",,
sw09utt/sw_0980_3185.utt,3/sw3185,3185,109,%,B,62,1,"{D Well, } -/","Well/UH ,/,",,
sw09utt/sw_0980_3185.utt,3/sw3185,3185,110,+,A,63,1,"-- but something like, - /","--/: but/CC something/NN like/IN ,/,",,
sw09utt/sw_0980_3185.utt,3/sw3185,3185,111,sd,A,63,2,"I guess [ my, + my ] best would be probably sixty-eight when you wake up or sixty-six, and then probably seventy-five during the day. /","I/PRP guess/VBP my/PRP$ ,/, my/PRP$ best/JJS would/MD be/VB probably/RB sixty-eight/CD when/WRB you/PRP wake/VBP up/RP or/CC sixty-six/CD ,/, and/CC then/RB probably/RB seventy-five/CD during/IN the/DT day/NN ./.",,
sw09utt/sw_0980_3185.utt,3/sw3185,3185,112,sd,B,64,1,{D Well } [ I like seventies -- +,Well/UH I/PRP like/VBP seventies/NNS --/:,,
sw09utt/sw_0980_3185.utt,3/sw3185,3185,113,b,A,65,1,Yeah. /,Yeah/UH ./.,,
sw09utt/sw_0980_3185.utt,3/sw3185,3185,114,+,B,66,1,-- I like seventies ] okay. /,--/: I/PRP like/VBP seventies/NNS okay/RB ./.,,
sw09utt/sw_0980_3185.utt,3/sw3185,3185,115,b,A,67,1,"Yeah,  /","Yeah/UH ,/,",,
sw09utt/sw_0980_3185.utt,3/sw3185,3185,116,qy,A,67,2,"[ are you, + do you ] like the heat in the summer then when it gets up in the nineties and hundreds. /","are/VBP you/PRP ,/, do/VBP you/PRP like/VB the/DT heat/NN in/IN the/DT summer/NN then/RB when/WRB it/PRP gets/VBZ up/IN in/IN the/DT nineties/NNS and/CC hundreds/NNS ./.",,
sw09utt/sw_0980_3185.utt,3/sw3185,3185,117,ng,B,68,1,"{F Oh, } I don't like nineties. /","Oh/UH ,/, I/PRP do/VBP n't/RB like/VB nineties/NNS ./.",,
sw09utt/sw_0980_3185.utt,3/sw3185,3185,118,b,A,69,1,"Yeah,  /","Yeah/UH ,/,",,
sw09utt/sw_0980_3185.utt,3/sw3185,3185,119,b^r,A,69,2,yeah. /,yeah/UH ./.,,
sw09utt/sw_0980_3185.utt,3/sw3185,3185,120,sd,B,70,1,You can give me seventies -- /,You/PRP can/MD give/VB me/PRP seventies/NNS --/:,,
sw09utt/sw_0980_3185.utt,3/sw3185,3185,121,b,A,71,1,Yeah. /,Yeah/UH ./.,,
sw09utt/sw_0980_3185.utt,3/sw3185,3185,122,sd,B,72,1,-- {C and } you can give me eighties -- /,--/: and/CC you/PRP can/MD give/VB me/PRP eighties/NNS --/:,,
sw09utt/sw_0980_3185.utt,3/sw3185,3185,123,b,A,73,1,"Yeah,  /","Yeah/UH ,/,",,
sw09utt/sw_0980_3185.utt,3/sw3185,3185,124,qy^d,A,73,2,keep it there <laughter>. /,keep/VB it/PRP there/RB ./.,,
sw09utt/sw_0980_3185.utt,3/sw3185,3185,125,sd,B,74,1,-- {C and } I'm okay.  /,--/: and/CC I/PRP 'm/VBP okay/JJ ./.,,
sw09utt/sw_0980_3185.utt,3/sw3185,3185,126,sd,B,74,2,"{C But } when it gets too hot, then [ [ it's, + that, ] + I ] don't like that -- /","But/CC when/WRB it/PRP gets/VBZ too/RB hot/JJ ,/, then/RB it/PRP 's/BES ,/, that/DT ,/, I/PRP do/VBP n't/RB like/VB that/DT --/:",,
sw09utt/sw_0980_3185.utt,3/sw3185,3185,127,b,A,75,1,Yeah. /,Yeah/UH ./.,,
sw09utt/sw_0980_3185.utt,3/sw3185,3185,128,sd,B,76,1,"-- I stay in the house because [ it's just, +","--/: I/PRP stay/VBP in/IN the/DT house/NN because/IN it/PRP 's/BES just/RB ,/,",,
sw09utt/sw_0980_3185.utt,3/sw3185,3185,129,sd,A,77,1,"{D Well, } I do, too,  /","Well/UH ,/, I/PRP do/VBP ,/, too/RB ,/,",,
sw09utt/sw_0980_3185.utt,3/sw3185,3185,130,sd^r,A,77,2,"I do, too -- /","I/PRP do/VBP ,/, too/RB --/:",,
sw09utt/sw_0980_3185.utt,3/sw3185,3185,131,+,B,78,1,It's just ] too hot. /,It/PRP 's/BES just/RB too/RB hot/JJ ./.,,
sw09utt/sw_0980_3185.utt,3/sw3185,3185,132,sd,A,79,1,-- {C and } that was one thing about the year around school that originally we had been sort of negative on it.  /,--/: and/CC that/DT was/VBD one/CD thing/NN about/IN the/DT year/NN around/RP school/NN that/IN originally/RB we/PRP had/VBD been/VBN sort/RB of/RB negative/JJ on/IN it/PRP ./.,,
sw09utt/sw_0980_3185.utt,3/sw3185,3185,133,sv,A,79,2,"{C But } then we started thinking, especially in Plano, the weather <static> is so  hot in August, that there really isn't a lot the children can do outside anyhow. /","But/CC then/RB we/PRP started/VBD thinking/VBG ,/, especially/RB in/IN Plano/NNP ,/, the/DT weather/NN is/VBZ so/RB hot/JJ in/IN August/NNP ,/, that/IN there/EX really/RB is/VBZ n't/RB a/DT lot/NN the/DT children/NNS can/MD do/VB outside/RB anyhow/RB ./.",,
sw09utt/sw_0980_3185.utt,3/sw3185,3185,134,aa,B,80,1,"Yeah,  /","Yeah/UH ,/,",,
sw09utt/sw_0980_3185.utt,3/sw3185,3185,135,aa^r,B,80,2,yeah. /,yeah/UH ./.,,
sw09utt/sw_0980_3185.utt,3/sw3185,3185,136,sd^c,A,81,1,Static here. /,Static/NN here/RB ./.,,
sw09utt/sw_0980_3185.utt,3/sw3185,3185,137,bd,B,82,1,That's okay <laughter>.  /,That/DT 's/BES okay/JJ ./.,,
sw09utt/sw_0980_3185.utt,3/sw3185,3185,138,sd,B,82,2,"{F Um, } [ I've, + I've ] thought about that, too,  /","Um/UH ,/, I/PRP 've/VBP ,/, I/PRP 've/VBP thought/VBN about/IN that/DT ,/, too/RB ,/,",,
sw09utt/sw_0980_3185.utt,3/sw3185,3185,139,sd,B,82,3,"{C and, } {F um, } when we take our vacations, [ we, + we ] do take them in August sometimes --","and/CC ,/, um/UH ,/, when/WRB we/PRP take/VBP our/PRP$ vacations/NNS ,/, we/PRP ,/, we/PRP do/VBP take/VB them/PRP in/IN August/NNP sometimes/RB --/:",,
sw09utt/sw_0980_3185.utt,3/sw3185,3185,140,b,A,83,1,Yeah. /,Yeah/UH ./.,,
sw09utt/sw_0980_3185.utt,3/sw3185,3185,141,+,B,84,1,-- so that we can be away from here <laughter>. /,--/: so/IN that/IN we/PRP can/MD be/VB away/RB from/IN here/RB ./.,,
sw09utt/sw_0980_3185.utt,3/sw3185,3185,142,sd,A,85,1,We do too.  /,We/PRP do/VBP too/RB ./.,,
sw09utt/sw_0980_3185.utt,3/sw3185,3185,143,sv,A,85,2,I think a lot of people agree the same. /,I/PRP think/VBP a/DT lot/NN of/IN people/NNS agree/VBP the/DT same/JJ ./.,,
sw09utt/sw_0980_3185.utt,3/sw3185,3185,144,sv,B,86,1,"It just really gets way, - /","It/PRP just/RB really/RB gets/VBZ way/RB ,/,",,
sw09utt/sw_0980_3185.utt,3/sw3185,3185,145,%,B,86,2,when it gets way too hot -- -/,when/WRB it/PRP gets/VBZ way/RB too/RB hot/JJ --/:,,
sw09utt/sw_0980_3185.utt,3/sw3185,3185,146,aa,A,87,1,"Uh-huh,  /","Uh-huh/UH ,/,",,
sw09utt/sw_0980_3185.utt,3/sw3185,3185,147,aa^r,A,87,2,uh-huh. /,uh-huh/UH ./.,,
sw09utt/sw_0980_3185.utt,3/sw3185,3185,148,sd,B,88,1,"-- {C and } we've been here for several years,  /","--/: and/CC we/PRP 've/VBP been/VBN here/RB for/IN several/JJ years/NNS ,/,",,
sw09utt/sw_0980_3185.utt,3/sw3185,3185,149,sd,B,88,2,{C and } we've been here years when it's been hundreds  /,and/CC we/PRP 've/VBP been/VBN here/RB years/NNS when/WRB it/PRP 's/HVS been/VBN hundreds/NNS,,
sw09utt/sw_0980_3185.utt,3/sw3185,3185,150,%,B,88,3,"{C and, } -/","and/CC ,/,",,
sw09utt/sw_0980_3185.utt,3/sw3185,3185,151,b,A,89,1,"Uh-huh,  /","Uh-huh/UH ,/,",,
sw09utt/sw_0980_3185.utt,3/sw3185,3185,152,sv,A,89,2,now there have been worse summers.  /,now/RB there/EX have/VBP been/VBN worse/JJR summers/NNS ./.,,
sw09utt/sw_0980_3185.utt,3/sw3185,3185,153,sd,A,89,3,"In fact this morning when they were talking about, {F uh, } Harold Taft, they were talking about how this has been one of the milder --","In/IN fact/NN this/DT morning/NN when/WRB they/PRP were/VBD talking/VBG about/IN ,/, uh/UH ,/, Harold/NNP Taft/NNP ,/, they/PRP were/VBD talking/VBG about/IN how/WRB this/DT has/VBZ been/VBN one/CD of/IN the/DT milder/JJR --/:",,
sw09utt/sw_0980_3185.utt,3/sw3185,3185,154,^2,B,90,1,"Years,  /","Years/NNS ,/,",,
sw09utt/sw_0980_3185.utt,3/sw3185,3185,155,%,B,90,2,uh-huh. /,uh-huh/UH ./.,,
sw09utt/sw_0980_3185.utt,3/sw3185,3185,156,+,A,91,1,"-- of the summers and milder fall,  /","--/: of/IN the/DT summers/NNS and/CC milder/JJR fall/NN ,/,",,
sw09utt/sw_0980_3185.utt,3/sw3185,3185,157,sv,A,91,2,"everybody seems to be, - /","everybody/NN seems/VBZ to/TO be/VB ,/,",,
sw09utt/sw_0980_3185.utt,3/sw3185,3185,158,sv,A,91,3,"you can tell some of the newscasters when they like the heat, because they'll talk about it being so gorgeous on those days when we're melting, /","you/PRP can/MD tell/VB some/DT of/IN the/DT newscasters/NNS when/WRB they/PRP like/VBP the/DT heat/NN ,/, because/IN they/PRP 'll/MD talk/VB about/IN it/PRP being/VBG so/RB gorgeous/JJ on/IN those/DT days/NNS when/WRB we/PRP 're/VBP melting/VBG ,/,",,
sw09utt/sw_0980_3185.utt,3/sw3185,3185,159,x,B,92,1,<Laughter>.,,,
sw09utt/sw_0980_3185.utt,3/sw3185,3185,160,sv,A,93,1,"{C and } you can tell when they talk about beautiful weather some mornings when [ we're, + it'll be ] too cold,  /","and/CC you/PRP can/MD tell/VB when/WRB they/PRP talk/VBP about/IN beautiful/JJ weather/NN some/DT mornings/NNS when/WRB we/PRP 're/VBP ,/, it/PRP 'll/MD be/VB too/RB cold/JJ ,/,",,
sw09utt/sw_0980_3185.utt,3/sw3185,3185,161,%,A,93,2,"{C and } they'll say, - /","and/CC they/PRP 'll/MD say/VB ,/,",,
sw09utt/sw_0980_3185.utt,3/sw3185,3185,162,sv,A,93,3,{D well } those are the ones that like the cold weather. /,well/UH those/DT are/VBP the/DT ones/NNS that/WDT like/VBP the/DT cold/JJ weather/NN ./.,,
sw09utt/sw_0980_3185.utt,3/sw3185,3185,163,aa,B,94,1,"Yeah,  /","Yeah/UH ,/,",,
sw09utt/sw_0980_3185.utt,3/sw3185,3185,164,aa^r,B,94,2,yeah.  /,yeah/UH ./.,,
sw09utt/sw_0980_3185.utt,3/sw3185,3185,165,sv,B,94,3,"[ He, + he ] always did such a good job, I thought. /","He/PRP ,/, he/PRP always/RB did/VBD such/PDT a/DT good/JJ job/NN ,/, I/PRP thought/VBD ./.",,
sw09utt/sw_0980_3185.utt,3/sw3185,3185,166,aa,A,95,1,"{F Oh, } yeah,  /","Oh/UH ,/, yeah/UH ,/,",,
sw09utt/sw_0980_3185.utt,3/sw3185,3185,167,aa,A,95,2,"he did,  /","he/PRP did/VBD ,/,",,
sw09utt/sw_0980_3185.utt,3/sw3185,3185,168,aa^r,A,95,3,he did.  /,he/PRP did/VBD ./.,,
sw09utt/sw_0980_3185.utt,3/sw3185,3185,169,sv,A,95,4,[ It was -- +,It/PRP was/VBD --/:,,
sw09utt/sw_0980_3185.utt,3/sw3185,3185,170,sv,B,96,1,"A good weather man, /","A/DT good/JJ weather/NN man/NN ,/,",,
sw09utt/sw_0980_3185.utt,3/sw3185,3185,171,+,A,97,1,-- it was ] really a shame.  /,--/: it/PRP was/VBD really/RB a/DT shame/NN ./.,,
sw09utt/sw_0980_3185.utt,3/sw3185,3185,172,sv,A,97,2,He didn't go with all the gimmicks that some of them did. /,He/PRP did/VBD n't/RB go/VB with/IN all/PDT the/DT gimmicks/NNS that/WDT some/DT of/IN them/PRP did/VBD ./.,,
sw09utt/sw_0980_3185.utt,3/sw3185,3185,173,aa,B,98,1,Yeah.  /,Yeah/UH ./.,,
sw09utt/sw_0980_3185.utt,3/sw3185,3185,174,%,B,98,2,"{D Anyway, } {F um, } I guess it's, -/","Anyway/UH ,/, um/UH ,/, I/PRP guess/VBP it/PRP 's/BES ,/,",,
sw09utt/sw_0980_3185.utt,3/sw3185,3185,175,sv^t,A,99,1,It's kind of hard to keep on about the weather for five minutes <laughter>. /,It/PRP 's/BES kind/RB of/RB hard/JJ to/TO keep/VB on/RP about/IN the/DT weather/NN for/IN five/CD minutes/NNS ./.,,
sw09utt/sw_0980_3185.utt,3/sw3185,3185,176,bd,B,100,1,"That's okay,  /","That/DT 's/BES okay/JJ ,/,",,
sw09utt/sw_0980_3185.utt,3/sw3185,3185,177,sd^t,B,100,2,"they say when you're done you're done,  /","they/PRP say/VBP when/WRB you/PRP 're/VBP done/JJ you/PRP 're/VBP done/JJ ,/,",,
sw09utt/sw_0980_3185.utt,3/sw3185,3185,178,%@,B,100,3,{C so. },so/RB ./.,,
sw09utt/sw_0980_3185.utt,3/sw3185,3185,179,bh,A,101,1,"{F Oh, } is that right? /","Oh/UH ,/, is/VBZ that/DT right/JJ ?/.",,
sw09utt/sw_0980_3185.utt,3/sw3185,3185,180,+@,B,102,1,Yeah -- /,Yeah/UH --/:,,
sw09utt/sw_0980_3185.utt,3/sw3185,3185,181,bk,A,103,1,Okay. /,Okay/UH ./.,,
sw09utt/sw_0980_3185.utt,3/sw3185,3185,182,ad,B,104,1,-- you don't have to wait for them to [ say -- +,--/: you/PRP do/VBP n't/RB have/VB to/TO wait/VB for/IN them/PRP to/TO say/VB --/:,,
sw09utt/sw_0980_3185.utt,3/sw3185,3185,183,ba,A,105,1,"{F Oh, } good. /","Oh/UH ,/, good/UH ./.",,
sw09utt/sw_0980_3185.utt,3/sw3185,3185,184,+,B,106,1,-- cut ] off your time.  /,--/: cut/VB off/RP your/PRP$ time/NN ./.,,
sw09utt/sw_0980_3185.utt,3/sw3185,3185,185,ad(^q),B,106,2,"You just say, Have a good day or  whatever. /","You/PRP just/RB say/VBP ,/, Have/VB a/DT good/JJ day/NN or/CC whatever/WP ./.",,
sw09utt/sw_0980_3185.utt,3/sw3185,3185,186,ba,A,107,1,"{D Well } good,  /","Well/UH good/UH ,/,",,
sw09utt/sw_0980_3185.utt,3/sw3185,3185,187,fc,A,107,2,"{D well, } then have a good day. /","well/UH ,/, then/RB have/VB a/DT good/JJ day/NN ./.",,
sw09utt/sw_0980_3185.utt,3/sw3185,3185,188,fc,B,108,1,You too. /,You/PRP too/RB ./.,,
sw09utt/sw_0980_3185.utt,3/sw3185,3185,189,fc,A,109,1,{C And } I hope you enjoy the weather this week. /,And/CC I/PRP hope/VBP you/PRP enjoy/VBP the/DT weather/NN this/DT week/NN ./.,,
sw09utt/sw_0980_3185.utt,3/sw3185,3185,190,fc,B,110,1,You too. /,You/PRP too/RB ./.,,
