swda_filename,ptb_basename,conversation_no,transcript_index,act_tag,caller,utterance_index,subutterance_index,text,pos,trees,ptb_treenumbers
sw09utt/sw_0964_2237.utt,2/sw2237,2237,0,o,A,1,1,<Noise> Okay <laughter>. /,Okay/UH ./.,,
sw09utt/sw_0964_2237.utt,2/sw2237,2237,1,qy,B,2,1,"{D So, } [ do you have, + do you have ] the long, - /","So/RB ,/, do/VBP you/PRP have/VB ,/, do/VBP you/PRP have/VB the/DT long/JJ ,/,",,
sw09utt/sw_0964_2237.utt,2/sw2237,2237,2,%,B,2,2,"I guess not, not if there's, - /","I/PRP guess/VBP not/RB ,/, not/RB if/IN there/EX 's/BES ,/,",,
sw09utt/sw_0964_2237.utt,2/sw2237,2237,3,sd,B,2,3,"{D see } I was raised in New York,  /","see/VB I/PRP was/VBD raised/VBN in/IN New/NNP York/NNP ,/,",,
sw09utt/sw_0964_2237.utt,2/sw2237,2237,4,qy^g,B,2,4,"{C but } I guess up there you all don't have too long of a growing season, do you? /","but/CC I/PRP guess/VBP up/IN there/RB you/PRP all/DT do/NN n't/RB have/VB too/RB long/RB of/IN a/DT growing/NN season/NN ,/, do/VBP you/PRP ?/.",,
sw09utt/sw_0964_2237.utt,2/sw2237,2237,5,ng,A,3,1,"{F Uh, } {D well, } we probably have about three months,","Uh/UH ,/, well/UH ,/, we/PRP probably/RB have/VBP about/RB three/CD months/NNS ,/,",,
sw09utt/sw_0964_2237.utt,2/sw2237,2237,6,qy,B,4,1,[ Do -- +,Do/VBP --/:,,
sw09utt/sw_0964_2237.utt,2/sw2237,2237,7,+,A,5,1,approximately. /,approximately/RB ./.,,
sw09utt/sw_0964_2237.utt,2/sw2237,2237,8,+,B,6,1,-- do ] you do your own gardening? /,--/: do/VBP you/PRP do/VB your/PRP$ own/JJ gardening/NN ?/.,,
sw09utt/sw_0964_2237.utt,2/sw2237,2237,9,ny,A,7,1,Uh-huh.  /,Uh-huh/UH ./.,,
sw09utt/sw_0964_2237.utt,2/sw2237,2237,10,ny^r,A,7,2,Uh-huh. /,Uh-huh/UH ./.,,
sw09utt/sw_0964_2237.utt,2/sw2237,2237,11,b,B,8,1,Do you. /,Do/VBP you/PRP ./.,,
sw09utt/sw_0964_2237.utt,2/sw2237,2237,12,sd,A,9,1,"We live on a, - /","We/PRP live/VBP on/IN a/DT ,/,",,
sw09utt/sw_0964_2237.utt,2/sw2237,2237,13,sd,A,9,2,"used to be a farm,  /","used/VBD to/TO be/VB a/DT farm/NN ,/,",,
sw09utt/sw_0964_2237.utt,2/sw2237,2237,14,sd,A,9,3,"{C but } we don't farm much,  /","but/CC we/PRP do/VBP n't/RB farm/VB much/JJ ,/,",,
sw09utt/sw_0964_2237.utt,2/sw2237,2237,15,sd,A,9,4,"[ we, + {F uh, } {C but } we ] do have a garden. /","we/PRP ,/, uh/UH ,/, but/CC we/PRP do/VBP have/VB a/DT garden/NN ./.",,
sw09utt/sw_0964_2237.utt,2/sw2237,2237,16,sd,B,10,1,"{F Huh. }  See I got mine in, - /","Huh/UH ./. See/UH I/PRP got/VBD mine/PRP in/IN ,/,",,
sw09utt/sw_0964_2237.utt,2/sw2237,2237,17,^h,B,10,2,"{D well, } let's see,  /","well/UH ,/, let/VB 's/PRP see/VB ,/,",,
sw09utt/sw_0964_2237.utt,2/sw2237,2237,18,sd,B,10,3,I put in pepper plants this weekend. /,I/PRP put/VBD in/IN pepper/NN plants/NNS this/DT weekend/NN ./.,,
sw09utt/sw_0964_2237.utt,2/sw2237,2237,19,b,A,11,1,Oh.  /,Oh/UH ./.,,
sw09utt/sw_0964_2237.utt,2/sw2237,2237,20,sd,A,11,2,I wish I could be doing that <laughter>. /,I/PRP wish/VBP I/PRP could/MD be/VB doing/VBG that/DT ./.,,
sw09utt/sw_0964_2237.utt,2/sw2237,2237,21,b,B,12,1,Yeah.  /,Yeah/UH ./.,,
sw09utt/sw_0964_2237.utt,2/sw2237,2237,22,sd,B,12,2,I got all my little seedlings coming up in the kitchen  /,I/PRP got/VBD all/DT my/PRP$ little/JJ seedlings/NNS coming/VBG up/RB in/IN the/DT kitchen/NN,,
sw09utt/sw_0964_2237.utt,2/sw2237,2237,23,sd,B,12,3,"{C and, } I enjoy tinkering with it,","and/CC ,/, I/PRP enjoy/VBP tinkering/VBG with/IN it/PRP ,/,",,
sw09utt/sw_0964_2237.utt,2/sw2237,2237,24,b,A,13,1,Uh-huh. /,Uh-huh/UH ./.,,
sw09utt/sw_0964_2237.utt,2/sw2237,2237,25,+,B,14,1,"{D you know, }  /","you/PRP know/VBP ,/,",,
sw09utt/sw_0964_2237.utt,2/sw2237,2237,26,sd,B,14,2,"it's pretty hot down here during the Summer,  /","it/PRP 's/BES pretty/RB hot/JJ down/IN here/RB during/IN the/DT Summer/NN ,/,",,
sw09utt/sw_0964_2237.utt,2/sw2237,2237,27,sd,B,14,3,"we hit, {D you know, } a hundred, hundred and two sometimes, /","we/PRP hit/VBP ,/, you/PRP know/VBP ,/, a/DT hundred/CD ,/, hundred/CD and/CC two/CD sometimes/RB ,/,",,
sw09utt/sw_0964_2237.utt,2/sw2237,2237,28,b,A,15,1,Right. /,Right/UH ./.,,
sw09utt/sw_0964_2237.utt,2/sw2237,2237,29,sd,B,16,1,"{C but, } {D you know, } we don't do too much during the Summer, as far as tomatoes and stuff,","but/CC ,/, you/PRP know/VBP ,/, we/PRP do/VBP n't/RB do/VB too/RB much/JJ during/IN the/DT Summer/NN ,/, as/RB far/RB as/IN tomatoes/NNS and/CC stuff/NN ,/,",,
sw09utt/sw_0964_2237.utt,2/sw2237,2237,30,qy^d,A,17,1,"You almost have,","You/PRP almost/RB have/VBP ,/,",,
sw09utt/sw_0964_2237.utt,2/sw2237,2237,31,+,B,18,1,like that. /,like/IN that/DT ./.,,
sw09utt/sw_0964_2237.utt,2/sw2237,2237,32,+,A,19,1,"to get started pretty early probably. I guess, /","to/TO get/VB started/VBN pretty/RB early/RB probably/RB ./. I/PRP guess/VBP ,/,",,
sw09utt/sw_0964_2237.utt,2/sw2237,2237,33,ny,B,20,1,Yeah.  /,Yeah/UH ./.,,
sw09utt/sw_0964_2237.utt,2/sw2237,2237,34,sd^e,B,20,2,"[ [ I can, + usually I can put in, ] + {F oh } probably mid-March, I can put anything in ] the ground,","I/PRP can/MD ,/, usually/RB I/PRP can/MD put/VB in/IN ,/, oh/UH probably/RB mid-March/NNP ,/, I/PRP can/MD put/VB anything/NN in/IN the/DT ground/NN ,/,",,
sw09utt/sw_0964_2237.utt,2/sw2237,2237,35,b,A,21,1,Uh-huh. /,Uh-huh/UH ./.,,
sw09utt/sw_0964_2237.utt,2/sw2237,2237,36,+,B,22,1,"{D you know, } beets, and onions,","you/PRP know/VBP ,/, beets/NNS ,/, and/CC onions/NNS ,/,",,
sw09utt/sw_0964_2237.utt,2/sw2237,2237,37,b,A,23,1,Uh-huh. /,Uh-huh/UH ./.,,
sw09utt/sw_0964_2237.utt,2/sw2237,2237,38,+,B,24,1,and stuff like that. /,and/CC stuff/NN like/IN that/DT ./.,,
sw09utt/sw_0964_2237.utt,2/sw2237,2237,39,b,A,25,1,Uh-huh. /,Uh-huh/UH ./.,,
sw09utt/sw_0964_2237.utt,2/sw2237,2237,40,sd,B,26,1,"{C But } then I have to wait for my, - /","But/CC then/RB I/PRP have/VBP to/TO wait/VB for/IN my/PRP$ ,/,",,
sw09utt/sw_0964_2237.utt,2/sw2237,2237,41,sd,B,26,2,tomatoes have to go in here in the next couple of weeks -- /,tomatoes/NNS have/VBP to/TO go/VB in/RB here/RB in/IN the/DT next/JJ couple/NN of/IN weeks/NNS --/:,,
sw09utt/sw_0964_2237.utt,2/sw2237,2237,42,b,A,27,1,Uh-huh. /,Uh-huh/UH ./.,,
sw09utt/sw_0964_2237.utt,2/sw2237,2237,43,sd,B,28,1,"-- as soon as we're, sure we're not going to have another freeze,","--/: as/RB soon/RB as/IN we/PRP 're/VBP ,/, sure/JJ we/PRP 're/VBP not/RB going/VBG to/TO have/VB another/DT freeze/NN ,/,",,
sw09utt/sw_0964_2237.utt,2/sw2237,2237,44,b,A,29,1,Yeah. /,Yeah/UH ./.,,
sw09utt/sw_0964_2237.utt,2/sw2237,2237,45,+,B,30,1,go ahead finish it. /,go/VB ahead/RB finish/VB it/PRP ./.,,
sw09utt/sw_0964_2237.utt,2/sw2237,2237,46,sv,A,31,1,"You've had more freezing [ this Winter, + {E or } this, {A yeah, } Winter, ] I think. /","You/PRP 've/VBP had/VBN more/JJR freezing/NN this/DT Winter/NN ,/, or/CC this/DT ,/, yeah/UH ,/, Winter/NN ,/, I/PRP think/VBP ./.",,
sw09utt/sw_0964_2237.utt,2/sw2237,2237,47,aa,B,32,1,Yeah.  /,Yeah/UH ./.,,
sw09utt/sw_0964_2237.utt,2/sw2237,2237,48,sd,B,32,2,"We've,","We/PRP 've/VBP ,/,",,
sw09utt/sw_0964_2237.utt,2/sw2237,2237,49,sv,A,33,1,More bad weather. /,More/JJR bad/JJ weather/NN ./.,,
sw09utt/sw_0964_2237.utt,2/sw2237,2237,50,+,B,34,1,"had just a few, {D you know, } that freezes a little here and there,  /","had/VBN just/RB a/DT few/NN ,/, you/PRP know/VBP ,/, that/WDT freezes/VBZ a/DT little/JJ here/RB and/CC there/RB ,/,",,
sw09utt/sw_0964_2237.utt,2/sw2237,2237,51,sd,B,34,2,{C but } --,but/CC --/:,,
sw09utt/sw_0964_2237.utt,2/sw2237,2237,52,b,A,35,1,Uh-huh. /,Uh-huh/UH ./.,,
sw09utt/sw_0964_2237.utt,2/sw2237,2237,53,+,B,36,1,"-- every once in a while, we get a freeze around the middle of April, /","--/: every/DT once/RB in/IN a/DT while/NN ,/, we/PRP get/VBP a/DT freeze/NN around/RB the/DT middle/NN of/IN April/NNP ,/,",,
sw09utt/sw_0964_2237.utt,2/sw2237,2237,54,b,A,37,1,Uh-huh. /,Uh-huh/UH ./.,,
sw09utt/sw_0964_2237.utt,2/sw2237,2237,55,sd,B,38,1,{C and } it's pretty tough. /,and/CC it/PRP 's/BES pretty/RB tough/JJ ./.,,
sw09utt/sw_0964_2237.utt,2/sw2237,2237,56,b,A,39,1,Uh-huh.  /,Uh-huh/UH ./.,,
sw09utt/sw_0964_2237.utt,2/sw2237,2237,57,qy,A,39,2,"[ Are you, + do you ] work,  /","Are/VBP you/PRP ,/, do/VBP you/PRP work/VB ,/,",,
sw09utt/sw_0964_2237.utt,2/sw2237,2237,58,qrr,A,39,3,{C or } are you retired  /,or/CC are/VBP you/PRP retired/JJ,,
sw09utt/sw_0964_2237.utt,2/sw2237,2237,59,%,A,39,4,"{C or } you, -/","or/CC you/PRP ,/,",,
sw09utt/sw_0964_2237.utt,2/sw2237,2237,60,nn,B,40,1,No.  /,No/UH ./.,,
sw09utt/sw_0964_2237.utt,2/sw2237,2237,61,sd^e,B,40,2,"I work, {F uh } -- /","I/PRP work/VBP ,/, uh/UH --/:",,
sw09utt/sw_0964_2237.utt,2/sw2237,2237,62,b,A,41,1,Uh-huh. /,Uh-huh/UH ./.,,
sw09utt/sw_0964_2237.utt,2/sw2237,2237,63,sd,B,42,1,-- I'm only forty years old.  /,--/: I/PRP 'm/VBP only/RB forty/CD years/NNS old/JJ ./.,,
sw09utt/sw_0964_2237.utt,2/sw2237,2237,64,sd,B,42,2,"I have to work, /","I/PRP have/VBP to/TO work/VB ,/,",,
sw09utt/sw_0964_2237.utt,2/sw2237,2237,65,b,A,43,1,Uh-huh <laughter>. /,Uh-huh/UH ./.,,
sw09utt/sw_0964_2237.utt,2/sw2237,2237,66,x,B,44,1,<Laughter>.,,,
sw09utt/sw_0964_2237.utt,2/sw2237,2237,67,sd,A,45,1,"{F Uh, } my husbands retired.  /","Uh/UH ,/, my/PRP$ husbands/NNS retired/JJ ./.",,
sw09utt/sw_0964_2237.utt,2/sw2237,2237,68,sd,A,45,2,{C But } he's not a gardener.  /,But/CC he/PRP 's/BES not/RB a/DT gardener/NN ./.,,
sw09utt/sw_0964_2237.utt,2/sw2237,2237,69,sd,A,45,3,"[ [ He, + he, ] + he's ] been helping me more,  /","He/PRP ,/, he/PRP ,/, he/PRP 's/HVS been/VBN helping/VBG me/PRP more/RBR ,/,",,
sw09utt/sw_0964_2237.utt,2/sw2237,2237,70,sd,A,45,4,"{C but } he really isn't, {F uh, } real crazy about gardening. /","but/CC he/PRP really/RB is/VBZ n't/RB ,/, uh/UH ,/, real/RB crazy/JJ about/IN gardening/NN ./.",,
sw09utt/sw_0964_2237.utt,2/sw2237,2237,71,sd,B,46,1,"{F Uh, } [ I, + I ] really enjoy it,  /","Uh/UH ,/, I/PRP ,/, I/PRP really/RB enjoy/VBP it/PRP ,/,",,
sw09utt/sw_0964_2237.utt,2/sw2237,2237,72,sd,B,46,2,"it gives me time outdoors, /","it/PRP gives/VBZ me/PRP time/NN outdoors/RB ,/,",,
sw09utt/sw_0964_2237.utt,2/sw2237,2237,73,b,A,47,1,{F Uh. } /,Uh/UH ./.,,
sw09utt/sw_0964_2237.utt,2/sw2237,2237,74,sd,B,48,1,"{C and, } {D you know, } I'm a golfer,  /","and/CC ,/, you/PRP know/VBP ,/, I/PRP 'm/VBP a/DT golfer/NN ,/,",,
sw09utt/sw_0964_2237.utt,2/sw2237,2237,75,sd,B,48,2,"{C but, } it gives me time outdoors, and time around my house, /","but/CC ,/, it/PRP gives/VBZ me/PRP time/NN outdoors/RB ,/, and/CC time/NN around/IN my/PRP$ house/NN ,/,",,
sw09utt/sw_0964_2237.utt,2/sw2237,2237,76,b,A,49,1,Uh-huh.  /,Uh-huh/UH ./.,,
sw09utt/sw_0964_2237.utt,2/sw2237,2237,77,b^r,A,49,2,Uh-huh. /,Uh-huh/UH ./.,,
sw09utt/sw_0964_2237.utt,2/sw2237,2237,78,sd,B,50,1,"{C and } I, burned my grass off here in the last couple of days --","and/CC I/PRP ,/, burned/VBD my/PRP$ grass/NN off/RP here/RB in/IN the/DT last/JJ couple/NN of/IN days/NNS --/:",,
sw09utt/sw_0964_2237.utt,2/sw2237,2237,79,b,A,51,1,Oh.  /,Oh/UH ./.,,
sw09utt/sw_0964_2237.utt,2/sw2237,2237,80,b,A,51,2,Uh-huh. /,Uh-huh/UH ./.,,
sw09utt/sw_0964_2237.utt,2/sw2237,2237,81,+,B,52,1,"-- getting ready to start to the Spring season, and see if I can grow me another nice lawn,  /","--/: getting/VBG ready/JJ to/TO start/VB to/IN the/DT Spring/NN season/NN ,/, and/CC see/VB if/IN I/PRP can/MD grow/VB me/PRP another/DT nice/JJ lawn/NN ,/,",,
sw09utt/sw_0964_2237.utt,2/sw2237,2237,82,sd,B,52,2,"I usually have a pretty nice lawn,  /","I/PRP usually/RB have/VBP a/DT pretty/RB nice/JJ lawn/NN ,/,",,
sw09utt/sw_0964_2237.utt,2/sw2237,2237,83,sv,B,52,3,it's a lot of work --,it/PRP 's/BES a/DT lot/NN of/IN work/NN --/:,,
sw09utt/sw_0964_2237.utt,2/sw2237,2237,84,b,A,53,1,{F Oh } yeah. /,Oh/UH yeah/UH ./.,,
sw09utt/sw_0964_2237.utt,2/sw2237,2237,85,+,B,54,1,"-- {D you know, }  /","--/: you/PRP know/VBP ,/,",,
sw09utt/sw_0964_2237.utt,2/sw2237,2237,86,%,B,54,2,"{C but } it's, -/","but/CC it/PRP 's/BES ,/,",,
sw09utt/sw_0964_2237.utt,2/sw2237,2237,87,aa,A,55,1,"{C But } [ it's a pleasure to, + like you said, it's good to ] get outside,  /","But/CC it/PRP 's/BES a/DT pleasure/NN to/TO ,/, like/IN you/PRP said/VBD ,/, it/PRP 's/BES good/JJ to/TO get/VB outside/RB ,/,",,
sw09utt/sw_0964_2237.utt,2/sw2237,2237,88,sd,A,55,2,[ {C and } -- +,and/CC --/:,,
sw09utt/sw_0964_2237.utt,2/sw2237,2237,89,aa,B,56,1,"Yeah,  /","Yeah/UH ,/,",,
sw09utt/sw_0964_2237.utt,2/sw2237,2237,90,aa,B,56,2,it is. /,it/PRP is/VBZ ./.,,
sw09utt/sw_0964_2237.utt,2/sw2237,2237,91,+,A,57,1,"-- {C and } ] [ I like, + I like ] my garden too <laughter>.  /","--/: and/CC I/PRP like/VBP ,/, I/PRP like/VBP my/PRP$ garden/NN too/RB ./.",,
sw09utt/sw_0964_2237.utt,2/sw2237,2237,92,sd,A,57,2,"[ We didn't have to, + we have ] just a small garden,  /","We/PRP did/VBD n't/RB have/VB to/TO ,/, we/PRP have/VBP just/RB a/DT small/JJ garden/NN ,/,",,
sw09utt/sw_0964_2237.utt,2/sw2237,2237,93,sd,A,57,3,"{C but } we planted corn last year too, which takes quite a bit of space -- /","but/CC we/PRP planted/VBD corn/NN last/JJ year/NN too/RB ,/, which/WDT takes/VBZ quite/PDT a/DT bit/NN of/IN space/NN --/:",,
sw09utt/sw_0964_2237.utt,2/sw2237,2237,94,b,B,58,1,Uh-huh. /,Uh-huh/UH ./.,,
sw09utt/sw_0964_2237.utt,2/sw2237,2237,95,sd,A,59,1,"-- [ we, + we ] didn't have too good luck with it,  /","--/: we/PRP ,/, we/PRP did/VBD n't/RB have/VB too/RB good/JJ luck/NN with/IN it/PRP ,/,",,
sw09utt/sw_0964_2237.utt,2/sw2237,2237,96,sd,A,59,2,"{C because } [ the, + {F uh, } we ] had a couple of [ good, + real good ] wind storms,  /","because/IN the/DT ,/, uh/UH ,/, we/PRP had/VBD a/DT couple/NN of/IN good/JJ ,/, real/RB good/JJ wind/NN storms/NNS ,/,",,
sw09utt/sw_0964_2237.utt,2/sw2237,2237,97,sd,A,59,3,{C and } it really damaged the corn -- /,and/CC it/PRP really/RB damaged/VBD the/DT corn/NN --/:,,
sw09utt/sw_0964_2237.utt,2/sw2237,2237,98,b,B,60,1,{F Oh } yeah. /,Oh/UH yeah/UH ./.,,
sw09utt/sw_0964_2237.utt,2/sw2237,2237,99,sd,A,61,1,"-- {C so } we didn't get too much corn,","--/: so/RB we/PRP did/VBD n't/RB get/VB too/RB much/JJ corn/NN ,/,",,
sw09utt/sw_0964_2237.utt,2/sw2237,2237,100,sd,B,62,1,"We're going through that, /","We/PRP 're/VBP going/VBG through/IN that/DT ,/,",,
sw09utt/sw_0964_2237.utt,2/sw2237,2237,101,+,A,63,1,last year. /,last/JJ year/NN ./.,,
sw09utt/sw_0964_2237.utt,2/sw2237,2237,102,sd,B,64,1,"we going through the dust storms down here now, /","we/PRP going/VBG through/IN the/DT dust/NN storms/NNS down/IN here/RB now/RB ,/,",,
sw09utt/sw_0964_2237.utt,2/sw2237,2237,103,b,A,65,1,"{F uh, } uh-huh. /","uh/UH ,/, uh-huh/UH ./.",,
sw09utt/sw_0964_2237.utt,2/sw2237,2237,104,sd,B,66,1,"[ {C so, } + {C but } ] [ I, + {F uh, } what I ] did with my garden, is I have [ a, + a ] two by six frame that's five by ten.  /","so/RB ,/, but/CC I/PRP ,/, uh/UH ,/, what/WP I/PRP did/VBD with/IN my/PRP$ garden/NN ,/, is/VBZ I/PRP have/VBP a/DT ,/, a/DT two/CD by/IN six/CD frame/NN that/WDT 's/BES five/CD by/IN ten/CD ./.",,
sw09utt/sw_0964_2237.utt,2/sw2237,2237,105,sd,B,66,2,I have two of them sitting side by side -- /,I/PRP have/VBP two/CD of/IN them/PRP sitting/VBG side/NN by/IN side/NN --/:,,
sw09utt/sw_0964_2237.utt,2/sw2237,2237,106,b,A,67,1,Uh-huh. /,Uh-huh/UH ./.,,
sw09utt/sw_0964_2237.utt,2/sw2237,2237,107,sd,B,68,1,"-- {C and } then I put, {F uh, } {D like, } a black plastic, - /","--/: and/CC then/RB I/PRP put/VBP ,/, uh/UH ,/, like/UH ,/, a/DT black/JJ plastic/NN ,/,",,
sw09utt/sw_0964_2237.utt,2/sw2237,2237,108,ar,B,68,2,it's really not a black plastic.  /,it/PRP 's/BES really/RB not/RB a/DT black/JJ plastic/NN ./.,,
sw09utt/sw_0964_2237.utt,2/sw2237,2237,109,sd,B,68,3,They call it  (( Wedet ))  -- /,They/PRP call/VBP it/PRP Wedet/NNP --/:,,
sw09utt/sw_0964_2237.utt,2/sw2237,2237,110,b,A,69,1,Oh.  /,Oh/UH ./.,,
sw09utt/sw_0964_2237.utt,2/sw2237,2237,111,b,A,69,2,Uh-huh. /,Uh-huh/UH ./.,,
sw09utt/sw_0964_2237.utt,2/sw2237,2237,112,sd,B,70,1,"-- {C and } I put that down,  /","--/: and/CC I/PRP put/VBP that/DT down/RB ,/,",,
sw09utt/sw_0964_2237.utt,2/sw2237,2237,113,sd,B,70,2,{C and then } I put up a couple of inches of pine moss on top of that -- /,and/CC then/RB I/PRP put/VBP up/RB a/DT couple/NN of/IN inches/NNS of/IN pine/NN moss/NN on/IN top/NN of/IN that/DT --/:,,
sw09utt/sw_0964_2237.utt,2/sw2237,2237,114,b,A,71,1,{F Huh. } /,Huh/UH ./.,,
sw09utt/sw_0964_2237.utt,2/sw2237,2237,115,sd,B,72,1,"-- {C and } I use [ a, + one of those ] black poker hoses that actually oozes water every where -- /","--/: and/CC I/PRP use/VBP a/DT ,/, one/CD of/IN those/DT black/JJ poker/NN hoses/NNS that/WDT actually/RB oozes/VBZ water/NN every/GW where/^RB --/:",,
sw09utt/sw_0964_2237.utt,2/sw2237,2237,116,b,A,73,1,Uh-huh.  /,Uh-huh/UH ./.,,
sw09utt/sw_0964_2237.utt,2/sw2237,2237,117,b^r,A,73,2,Uh-huh. /,Uh-huh/UH ./.,,
sw09utt/sw_0964_2237.utt,2/sw2237,2237,118,sd,B,74,1,"-- {C so } I waste it up and down there a couple of times,  /","--/: so/RB I/PRP waste/VBP it/PRP up/RB and/CC down/RB there/RB a/DT couple/NN of/IN times/NNS ,/,",,
sw09utt/sw_0964_2237.utt,2/sw2237,2237,119,sd,B,74,2,{C and } I only have to water about two hours a week -- /,and/CC I/PRP only/RB have/VBP to/TO water/VB about/RB two/CD hours/NNS a/DT week/NN --/:,,
sw09utt/sw_0964_2237.utt,2/sw2237,2237,120,ba,A,75,1,{F Oh } that's great. /,Oh/UH that/DT 's/BES great/JJ ./.,,
sw09utt/sw_0964_2237.utt,2/sw2237,2237,121,sd,B,76,1,-- {C and } it's pretty nice. /,--/: and/CC it/PRP 's/BES pretty/RB nice/JJ ./.,,
sw09utt/sw_0964_2237.utt,2/sw2237,2237,122,b,A,77,1,Uh-huh.  /,Uh-huh/UH ./.,,
sw09utt/sw_0964_2237.utt,2/sw2237,2237,123,b^r,A,77,2,Uh-huh. /,Uh-huh/UH ./.,,
sw09utt/sw_0964_2237.utt,2/sw2237,2237,124,sd,B,78,1,"Especially during the Summer, it keeps everything wet,","Especially/RB during/IN the/DT Summer/NN ,/, it/PRP keeps/VBZ everything/NN wet/JJ ,/,",,
sw09utt/sw_0964_2237.utt,2/sw2237,2237,125,b,A,79,1,Yeah. /,Yeah/UH ./.,,
sw09utt/sw_0964_2237.utt,2/sw2237,2237,126,+,B,80,1,instead of wilting. /,instead/IN of/IN wilting/VBG ./.,,
sw09utt/sw_0964_2237.utt,2/sw2237,2237,127,sd,A,81,1,"[ We don't, + we don't ] usually cover ours.  /","We/PRP do/VBP n't/RB ,/, we/PRP do/VBP n't/RB usually/RB cover/VB ours/PRP ./.",,
sw09utt/sw_0964_2237.utt,2/sw2237,2237,128,sd,A,81,2,We did a few different times  /,We/PRP did/VBD a/DT few/JJ different/JJ times/NNS,,
sw09utt/sw_0964_2237.utt,2/sw2237,2237,129,sd,A,81,3,"((   )) sometimes we've covered with the plastic,  /","MUMBLEx/XX sometimes/RB we/PRP 've/VBP covered/VBN with/IN the/DT plastic/NN ,/,",,
sw09utt/sw_0964_2237.utt,2/sw2237,2237,130,sd,A,81,4,{C and } other years we've tried newspapers -- /,and/CC other/JJ years/NNS we/PRP 've/VBP tried/VBN newspapers/NNS --/:,,
sw09utt/sw_0964_2237.utt,2/sw2237,2237,131,b,B,82,1,Oh. /,Oh/UH ./.,,
sw09utt/sw_0964_2237.utt,2/sw2237,2237,132,sd,A,83,1,"-- [ {C and, } + {F uh, } {C but } ] [ we generally don't, + we do ] our watering from our spring. /","--/: and/CC ,/, uh/UH ,/, but/CC we/PRP generally/RB do/VBP n't/RB ,/, we/PRP do/VBP our/PRP$ watering/NN from/IN our/PRP$ spring/NN ./.",,
sw09utt/sw_0964_2237.utt,2/sw2237,2237,133,qy^d,B,84,1,"{F Oh } you have a spring, /","Oh/UH you/PRP have/VBP a/DT spring/NN ,/,",,
sw09utt/sw_0964_2237.utt,2/sw2237,2237,134,ny,A,85,1,Yeah. /,Yeah/UH ./.,,
sw09utt/sw_0964_2237.utt,2/sw2237,2237,135,ba,B,86,1,how nice. /,how/WRB nice/JJ ./.,,
sw09utt/sw_0964_2237.utt,2/sw2237,2237,136,sd,A,87,1,"We have an old fashioned pipe sitting, that, {D you know, } water runs into  /","We/PRP have/VBP an/DT old/JJ fashioned/VBN pipe/NN sitting/NN ,/, that/WDT ,/, you/PRP know/VBP ,/, water/NN runs/VBZ into/IN",,
sw09utt/sw_0964_2237.utt,2/sw2237,2237,137,sd,A,87,2,"{C and, }","and/CC ,/,",,
sw09utt/sw_0964_2237.utt,2/sw2237,2237,138,b,B,88,1,Uh-huh. /,Uh-huh/UH ./.,,
sw09utt/sw_0964_2237.utt,2/sw2237,2237,139,+,A,89,1,"my husband set up a pump that runs, - /","my/PRP$ husband/NN set/VBD up/RP a/DT pump/NN that/WDT runs/VBZ ,/,",,
sw09utt/sw_0964_2237.utt,2/sw2237,2237,140,sd,A,89,2,it runs first down  /,it/PRP runs/VBZ first/RB down/RB,,
sw09utt/sw_0964_2237.utt,2/sw2237,2237,141,sd,A,89,3,"{C and then } it stops, /","and/CC then/RB it/PRP stops/VBZ ,/,",,
sw09utt/sw_0964_2237.utt,2/sw2237,2237,142,ba,B,90,1,"{F Oh } [ that's, +","Oh/UH that/DT 's/BES ,/,",,
sw09utt/sw_0964_2237.utt,2/sw2237,2237,143,sd,A,91,1,"{C and } when the water comes up, it comes on again,  /","and/CC when/WRB the/DT water/NN comes/VBZ up/RB ,/, it/PRP comes/VBZ on/RP again/RB ,/,",,
sw09utt/sw_0964_2237.utt,2/sw2237,2237,144,sd,A,91,2,"{C and } we use that to water our garden <noise>,","and/CC we/PRP use/VBP that/DT to/TO water/VB our/PRP$ garden/NN ,/,",,
sw09utt/sw_0964_2237.utt,2/sw2237,2237,145,+,B,92,1,that's ] pretty nice. /,that/DT 's/BES pretty/RB nice/JJ ./.,,
sw09utt/sw_0964_2237.utt,2/sw2237,2237,146,+,A,93,1,with  /,with/IN,,
sw09utt/sw_0964_2237.utt,2/sw2237,2237,147,%,A,93,2,"{C so, } -/","so/RB ,/,",,
sw09utt/sw_0964_2237.utt,2/sw2237,2237,148,qy^g,B,94,1,"{C But } you actually enjoy it, {F huh? } /","But/CC you/PRP actually/RB enjoy/VBP it/PRP ,/, huh/UH ?/.",,
sw09utt/sw_0964_2237.utt,2/sw2237,2237,149,na,A,95,1,Oh {F I } do.  /,Oh/UH I/PRP do/VBP ./.,,
sw09utt/sw_0964_2237.utt,2/sw2237,2237,150,na^r,A,95,2,I do. /,I/PRP do/VBP ./.,,
sw09utt/sw_0964_2237.utt,2/sw2237,2237,151,bh,B,96,1,Do you? /,Do/VBP you/PRP ?/.,,
sw09utt/sw_0964_2237.utt,2/sw2237,2237,152,na,A,97,1,"I love it, /","I/PRP love/VBP it/PRP ,/,",,
sw09utt/sw_0964_2237.utt,2/sw2237,2237,153,sv,B,98,1,"Get out there on your hands and knees,","Get/VB out/IN there/RB on/IN your/PRP$ hands/NNS and/CC knees/NNS ,/,",,
sw09utt/sw_0964_2237.utt,2/sw2237,2237,154,x,A,99,1,<Laughter>.,,,
sw09utt/sw_0964_2237.utt,2/sw2237,2237,155,+,B,100,1,and crawl around. /,and/CC crawl/VB around/RB ./.,,
sw09utt/sw_0964_2237.utt,2/sw2237,2237,156,sd,A,101,1,"I'd rather be doing that, than housework <laughter>. /","I/PRP 'd/MD rather/RB be/VB doing/VBG that/DT ,/, than/IN housework/NN ./.",,
sw09utt/sw_0964_2237.utt,2/sw2237,2237,157,ba,B,102,1,"[ I, + I ] can imagine.  /","I/PRP ,/, I/PRP can/MD imagine/VB ./.",,
sw09utt/sw_0964_2237.utt,2/sw2237,2237,158,qy^d,B,102,2,"You all have much trouble up there, with insects  /","You/PRP all/DT have/VBP much/JJ trouble/NN up/IN there/RB ,/, with/IN insects/NNS",,
sw09utt/sw_0964_2237.utt,2/sw2237,2237,159,%,B,102,3,"{C or, } -/","or/CC ,/,",,
sw09utt/sw_0964_2237.utt,2/sw2237,2237,160,ng,A,103,1,"{F Uh, } <throat_clearing> [ not a who-, + <noise> {D well, } not a whole ] lot.  /","Uh/UH ,/, not/RB a/DT who/JJ ,/, well/UH ,/, not/RB a/DT whole/JJ lot/NN ./.",,
sw09utt/sw_0964_2237.utt,2/sw2237,2237,161,sd,A,103,2,"I think our cabbages, and broccolis and that <talking> <<people in background>> we have more trouble with, that type of thing, with [ the, + the, ] -/","I/PRP think/VBP our/PRP$ cabbages/NNS ,/, and/CC broccolis/NNS and/CC that/DT we/PRP have/VBP more/JJR trouble/NN with/IN ,/, that/DT type/NN of/IN thing/NN ,/, with/IN the/DT ,/, the/DT ,/,",,
sw09utt/sw_0964_2237.utt,2/sw2237,2237,162,qy,B,104,1,With the worms? /,With/IN the/DT worms/NNS ?/.,,
sw09utt/sw_0964_2237.utt,2/sw2237,2237,163,ny,A,105,1,Yeah. /,Yeah/UH ./.,,
sw09utt/sw_0964_2237.utt,2/sw2237,2237,164,b^m,B,106,1,Yeah.  /,Yeah/UH ./.,,
sw09utt/sw_0964_2237.utt,2/sw2237,2237,165,sd,B,106,2,"I have quite a bit of problem down here with the squash bugs,","I/PRP have/VBP quite/PDT a/DT bit/NN of/IN problem/NN down/IN here/RB with/IN the/DT squash/NN bugs/NNS ,/,",,
sw09utt/sw_0964_2237.utt,2/sw2237,2237,166,b,A,107,1,{F Uh. } /,Uh/UH ./.,,
sw09utt/sw_0964_2237.utt,2/sw2237,2237,167,+,B,108,1,and haven't figured out how to get rid of those yet. /,and/CC have/VBP n't/RB figured/VBN out/RP how/WRB to/TO get/VB rid/VBN of/IN those/DT yet/RB ./.,,
sw09utt/sw_0964_2237.utt,2/sw2237,2237,168,b,A,109,1,Uh-huh.  /,Uh-huh/UH ./.,,
sw09utt/sw_0964_2237.utt,2/sw2237,2237,169,qy,A,109,2,"Do you go more for [ natural, + keeping them off naturally, ]  /","Do/VBP you/PRP go/VB more/RBR for/IN natural/JJ ,/, keeping/VBG them/PRP off/RB naturally/RB ,/,",,
sw09utt/sw_0964_2237.utt,2/sw2237,2237,170,qrr,A,109,3,"{C or } do you,","or/CC do/VBP you/PRP ,/,",,
sw09utt/sw_0964_2237.utt,2/sw2237,2237,171,ny,B,110,1,"Yeah,  /","Yeah/UH ,/,",,
sw09utt/sw_0964_2237.utt,2/sw2237,2237,172,sd^e,B,110,2,"I try to, /","I/PRP try/VBP to/TO ,/,",,
sw09utt/sw_0964_2237.utt,2/sw2237,2237,173,+,A,111,1,use insecticides? /,use/VB insecticides/NNS ?/.,,
sw09utt/sw_0964_2237.utt,2/sw2237,2237,174,nn,B,112,1,no  /,no/UH,,
sw09utt/sw_0964_2237.utt,2/sw2237,2237,175,sd^e,B,112,2,"I, {F uh, } {F uh, } try not to use any insecticides at all.  /","I/PRP ,/, uh/UH ,/, uh/UH ,/, try/VBP not/RB to/TO use/VB any/DT insecticides/NNS at/IN all/DT ./.",,
sw09utt/sw_0964_2237.utt,2/sw2237,2237,176,sd,B,112,3,"I try not to even use insecticides on my lawn, /","I/PRP try/VBP not/RB to/TO even/VB use/VB insecticides/NNS on/IN my/PRP$ lawn/NN ,/,",,
sw09utt/sw_0964_2237.utt,2/sw2237,2237,177,b,A,113,1,Uh-huh.  /,Uh-huh/UH ./.,,
sw09utt/sw_0964_2237.utt,2/sw2237,2237,178,b^r,A,113,2,Uh-huh. /,Uh-huh/UH ./.,,
sw09utt/sw_0964_2237.utt,2/sw2237,2237,179,sd,B,114,1,"{C but, }","but/CC ,/,",,
sw09utt/sw_0964_2237.utt,2/sw2237,2237,180,b,A,115,1,Uh-huh. /,Uh-huh/UH ./.,,
sw09utt/sw_0964_2237.utt,2/sw2237,2237,181,+,B,116,1,"[ I, + sometimes I ] can't manage. /","I/PRP ,/, sometimes/RB I/PRP ca/MD n't/RB manage/VB ./.",,
sw09utt/sw_0964_2237.utt,2/sw2237,2237,182,b,A,117,1,Yeah.  /,Yeah/UH ./.,,
sw09utt/sw_0964_2237.utt,2/sw2237,2237,183,sd,A,117,2,"{D Well, } our lawn, [ is, + is ] a big lawn [ because, + because ] we live out in the country,  /","Well/UH ,/, our/PRP$ lawn/NN ,/, is/VBZ ,/, is/VBZ a/DT big/JJ lawn/NN because/IN ,/, because/IN we/PRP live/VBP out/IN in/IN the/DT country/NN ,/,",,
sw09utt/sw_0964_2237.utt,2/sw2237,2237,184,sd,A,117,3,"{C and so } [ we were not, + our lawn is not ] perfect, {D you know, }  /","and/CC so/RB we/PRP were/VBD not/RB ,/, our/PRP$ lawn/NN is/VBZ not/RB perfect/JJ ,/, you/PRP know/VBP ,/,",,
sw09utt/sw_0964_2237.utt,2/sw2237,2237,185,sd,A,117,4,[ it's just the -- +,it/PRP 's/BES just/RB the/DT --/:,,
sw09utt/sw_0964_2237.utt,2/sw2237,2237,186,b,B,118,1,Yeah. /,Yeah/UH ./.,,
sw09utt/sw_0964_2237.utt,2/sw2237,2237,187,+,A,119,1,-- it's just a ] lawn <laughter>. /,--/: it/PRP 's/BES just/RB a/DT lawn/NN ./.,,
sw09utt/sw_0964_2237.utt,2/sw2237,2237,188,sd,B,120,1,"{D Well, } mine's full of dandelions,","Well/UH ,/, mine/PRP 's/BES full/JJ of/IN dandelions/NNS ,/,",,
sw09utt/sw_0964_2237.utt,2/sw2237,2237,189,b,A,121,1,Uh-huh. /,Uh-huh/UH ./.,,
sw09utt/sw_0964_2237.utt,2/sw2237,2237,190,+,B,122,1,"now,  /","now/RB ,/,",,
sw09utt/sw_0964_2237.utt,2/sw2237,2237,191,%,B,122,2,"{C so, } -/","so/RB ,/,",,
sw09utt/sw_0964_2237.utt,2/sw2237,2237,192,qy,A,123,1,Do you eat any of them? /,Do/VBP you/PRP eat/VB any/DT of/IN them/PRP ?/.,,
sw09utt/sw_0964_2237.utt,2/sw2237,2237,193,nn,B,124,1,"No,  /","No/UH ,/,",,
sw09utt/sw_0964_2237.utt,2/sw2237,2237,194,sd^e,B,124,2,I never have.  /,I/PRP never/RB have/VBP ./.,,
sw09utt/sw_0964_2237.utt,2/sw2237,2237,195,sd,B,124,3,I don't know how to prepare them. /,I/PRP do/VBP n't/RB know/VB how/WRB to/TO prepare/VB them/PRP ./.,,
sw09utt/sw_0964_2237.utt,2/sw2237,2237,196,qy,A,125,1,"{F Oh, } [ [ did, + {D well, } did, ] + does ] your wife ever make, {F uh, } [ bake in + a hot bacon ]  dressing, {D like } for,","Oh/UH ,/, did/VBD ,/, well/UH ,/, did/VBD ,/, does/VBZ your/PRP$ wife/NN ever/RB make/VB ,/, uh/UH ,/, bake/GW in/^NN a/DT hot/JJ bacon/NN dressing/NN ,/,  like/UH for/IN ,/,",,
sw09utt/sw_0964_2237.utt,2/sw2237,2237,197,nn,B,126,1,No. /,No/UH ./.,,
sw09utt/sw_0964_2237.utt,2/sw2237,2237,198,+,A,127,1,salad? /,salad/NN ?/.,,
sw09utt/sw_0964_2237.utt,2/sw2237,2237,199,nn,B,128,1,Huh-uh. /,Huh-uh/UH ./.,,
sw09utt/sw_0964_2237.utt,2/sw2237,2237,200,sd,A,129,1,{F Oh } it's delicious  /,Oh/UH it/PRP 's/BES delicious/JJ,,
sw09utt/sw_0964_2237.utt,2/sw2237,2237,201,sd,A,129,2,{C and } it goes real good on dandelions. /,and/CC it/PRP goes/VBZ real/RB good/RB on/IN dandelions/NNS ./.,,
sw09utt/sw_0964_2237.utt,2/sw2237,2237,202,bh,B,130,1,Really. /,Really/UH ./.,,
sw09utt/sw_0964_2237.utt,2/sw2237,2237,203,ny,A,131,1,Uh-huh. /,Uh-huh/UH ./.,,
sw09utt/sw_0964_2237.utt,2/sw2237,2237,204,b,B,132,1,{F Huh. }  /,Huh/UH ./.,,
sw09utt/sw_0964_2237.utt,2/sw2237,2237,205,sd,B,132,2,I've never eaten dandelions  /,I/PRP 've/VBP never/RB eaten/VBN dandelions/NNS,,
sw09utt/sw_0964_2237.utt,2/sw2237,2237,206,sd,B,132,3,{D now } I've tried dandelion wine -- /,now/UH I/PRP 've/VBP tried/VBN dandelion/NN wine/NN --/:,,
sw09utt/sw_0964_2237.utt,2/sw2237,2237,207,b,A,133,1,Uh-huh. /,Uh-huh/UH ./.,,
sw09utt/sw_0964_2237.utt,2/sw2237,2237,208,sd,B,134,1,-- {C but } I've never tried any dandelions just to eat. /,--/: but/CC I/PRP 've/VBP never/RB tried/VBN any/DT dandelions/NNS just/RB to/TO eat/VB ./.,,
sw09utt/sw_0964_2237.utt,2/sw2237,2237,209,ad,A,135,1,"((   ))  use the greens, if you get them when they're young and tender, {D you know, } before they have grown [ too, +","MUMBLEx/XX use/VB the/DT greens/NNS ,/, if/IN you/PRP get/VBP them/PRP when/WRB they/PRP 're/VBP young/JJ and/CC tender/JJ ,/, you/PRP know/VBP ,/, before/IN they/PRP have/VBP grown/VBN too/RB ,/,",,
sw09utt/sw_0964_2237.utt,2/sw2237,2237,210,b,B,136,1,Yeah. /,Yeah/UH ./.,,
sw09utt/sw_0964_2237.utt,2/sw2237,2237,211,+,A,137,1,"too ] tall,  /","too/RB tall/JJ ,/,",,
sw09utt/sw_0964_2237.utt,2/sw2237,2237,212,sd,A,137,2,{C because } they do get a little stringy. /,because/IN they/PRP do/VBP get/VB a/DT little/JJ stringy/JJ ./.,,
sw09utt/sw_0964_2237.utt,2/sw2237,2237,213,aa,B,138,1,All right. /,All/RB right/JJ ./.,,
sw09utt/sw_0964_2237.utt,2/sw2237,2237,214,sd,A,139,1,"{C But, } {F uh, } they're kind of fun [ to, + to ] try, /","But/CC ,/, uh/UH ,/, they/PRP 're/VBP kind/RB of/RB fun/JJ to/TO ,/, to/TO try/VB ,/,",,
sw09utt/sw_0964_2237.utt,2/sw2237,2237,215,b,B,140,1,Yeah. /,Yeah/UH ./.,,
sw09utt/sw_0964_2237.utt,2/sw2237,2237,216,ad,A,141,1,"[ get a, + get a ] few  /","get/VB a/DT ,/, get/VB a/DT few/JJ",,
sw09utt/sw_0964_2237.utt,2/sw2237,2237,217,ad,A,141,2,{C and then } throw them in with the rest of your salad sometimes. /,and/CC then/RB throw/VB them/PRP in/IN with/IN the/DT rest/NN of/IN your/PRP$ salad/NN sometimes/RB ./.,,
sw09utt/sw_0964_2237.utt,2/sw2237,2237,218,aa,B,142,1,I'll try that. /,I/PRP 'll/MD try/VB that/DT ./.,,
sw09utt/sw_0964_2237.utt,2/sw2237,2237,219,b,A,143,1,Yeah.  /,Yeah/UH ./.,,
sw09utt/sw_0964_2237.utt,2/sw2237,2237,220,b^r,A,143,2,Yeah. /,Yeah/UH ./.,,
sw09utt/sw_0964_2237.utt,2/sw2237,2237,221,aa,B,144,1,I sure will <noise>. /,I/PRP sure/RB will/MD ./.,,
sw09utt/sw_0964_2237.utt,2/sw2237,2237,222,sd,A,145,1,"{F Uh, } {C but } I've been cutting our grass too lately because my husband's back,  /","Uh/UH ,/, but/CC I/PRP 've/VBP been/VBN cutting/VBG our/PRP$ grass/NN too/RB lately/RB because/IN my/PRP$ husband/NN 's/POS back/NN ,/,",,
sw09utt/sw_0964_2237.utt,2/sw2237,2237,223,sd,A,145,2,{C and } he's been having trouble with  /,and/CC he/PRP 's/HVS been/VBN having/VBG trouble/NN with/IN,,
sw09utt/sw_0964_2237.utt,2/sw2237,2237,224,sd,A,145,3,"{C so, } wasn't allowed to run a lawn mower, /","so/RB ,/, was/VBD n't/RB allowed/VBN to/TO run/VB a/DT lawn/NN mower/NN ,/,",,
sw09utt/sw_0964_2237.utt,2/sw2237,2237,225,b,B,146,1,"{F Oh, } Oh. /","Oh/UH ,/, Oh/UH ./.",,
sw09utt/sw_0964_2237.utt,2/sw2237,2237,226,sd,A,147,1,"{C so, } it takes about four hours to cut our grass. /","so/RB ,/, it/PRP takes/VBZ about/RB four/CD hours/NNS to/TO cut/VB our/PRP$ grass/NN ./.",,
sw09utt/sw_0964_2237.utt,2/sw2237,2237,227,ba,B,148,1,Yow. /,Yow/UH ./.,,
sw09utt/sw_0964_2237.utt,2/sw2237,2237,228,sd,A,149,1,"{C And, } [ we have, + we have ] hills.  /","And/CC ,/, we/PRP have/VBP ,/, we/PRP have/VBP hills/NNS ./.",,
sw09utt/sw_0964_2237.utt,2/sw2237,2237,229,sd,A,149,2,I'm afraid of the hills <laughter>  /,I/PRP 'm/VBP afraid/JJ of/IN the/DT hills/NNS,,
sw09utt/sw_0964_2237.utt,2/sw2237,2237,230,sd,A,149,3,"{C but, }","but/CC ,/,",,
sw09utt/sw_0964_2237.utt,2/sw2237,2237,231,bf,B,150,1,"[ {C So } you all are into, +","So/RB you/PRP all/DT are/VBP into/IN ,/,",,
sw09utt/sw_0964_2237.utt,2/sw2237,2237,232,+,A,151,1,"I'm getting on to it,  /","I/PRP 'm/VBP getting/VBG on/IN to/IN it/PRP ,/,",,
sw09utt/sw_0964_2237.utt,2/sw2237,2237,233,sd,A,151,2,"I just pretend they're not there,  /","I/PRP just/RB pretend/VBP they/PRP 're/VBP not/RB there/RB ,/,",,
sw09utt/sw_0964_2237.utt,2/sw2237,2237,234,sd,A,151,3,{C and } I just go ahead and do it <laughter>. /,and/CC I/PRP just/RB go/VBP ahead/RB and/CC do/VBP it/PRP ./.,,
sw09utt/sw_0964_2237.utt,2/sw2237,2237,235,+,B,152,1,"{C so } you all are into ] the lawn, big time, {F huh. } /","so/RB you/PRP all/DT are/VBP into/IN the/DT lawn/NN ,/, big/JJ time/NN ,/, huh/UH ./.",,
sw09utt/sw_0964_2237.utt,2/sw2237,2237,236,aa,A,153,1,Yeah. /,Yeah/UH ./.,,
sw09utt/sw_0964_2237.utt,2/sw2237,2237,237,b^m,B,154,1,"Yeah,  /","Yeah/UH ,/,",,
sw09utt/sw_0964_2237.utt,2/sw2237,2237,238,%,B,154,2,"[ I only get, + {D well, } I guess I got ] - /","I/PRP only/RB get/VBP ,/, well/UH ,/, I/PRP guess/VBP I/PRP got/VBD",,
sw09utt/sw_0964_2237.utt,2/sw2237,2237,239,sd,B,154,3,"[ my, + my ] whole section of my house is probably a tenth of an acre -- /","my/PRP$ ,/, my/PRP$ whole/JJ section/NN of/IN my/PRP$ house/NN is/VBZ probably/RB a/DT tenth/NN of/IN an/DT acre/NN --/:",,
sw09utt/sw_0964_2237.utt,2/sw2237,2237,240,b,A,155,1,Uh-huh. /,Uh-huh/UH ./.,,
sw09utt/sw_0964_2237.utt,2/sw2237,2237,241,sd,B,156,1,"-- then I have a pretty nice backyard, /","--/: then/RB I/PRP have/VBP a/DT pretty/RB nice/JJ backyard/NN ,/,",,
sw09utt/sw_0964_2237.utt,2/sw2237,2237,242,b,A,157,1,Uh-huh. /,Uh-huh/UH ./.,,
sw09utt/sw_0964_2237.utt,2/sw2237,2237,243,sd,B,158,1,"{C and } {D you know, } I've got enough room to throw horseshoes.","and/CC you/PRP know/VBP ,/, I/PRP 've/VBP got/VBN enough/JJ room/NN to/TO throw/VB horseshoes/NNS ./.",,
sw09utt/sw_0964_2237.utt,2/sw2237,2237,244,ba,A,159,1,"{F Oh, } that's great. /","Oh/UH ,/, that/DT 's/BES great/JJ ./.",,
sw09utt/sw_0964_2237.utt,2/sw2237,2237,245,+,B,160,1,"{D You know, }","You/PRP know/VBP ,/,",,
sw09utt/sw_0964_2237.utt,2/sw2237,2237,246,ba^r,A,161,1,great. /,great/JJ ./.,,
sw09utt/sw_0964_2237.utt,2/sw2237,2237,247,+,B,162,1,"couple of other  ((   )) , /","couple/NN of/IN other/JJ MUMBLEx/XX ,/,",,
sw09utt/sw_0964_2237.utt,2/sw2237,2237,248,sv,A,163,1,"[ That's, +  a lot of people don't have that ] much space even. /","That/DT 's/BES ,/, a/DT lot/NN of/IN people/NNS do/VBP n't/RB have/VB that/RB much/JJ space/NN even/RB ./.",,
sw09utt/sw_0964_2237.utt,2/sw2237,2237,249,aa,B,164,1,"No,  /","No/UH ,/,",,
sw09utt/sw_0964_2237.utt,2/sw2237,2237,250,sd,B,164,2,{C and } it's nice.  /,and/CC it/PRP 's/BES nice/JJ ./.,,
sw09utt/sw_0964_2237.utt,2/sw2237,2237,251,sd,B,164,3,"I'm just inside the city  limits,  /","I/PRP 'm/VBP just/RB inside/IN the/DT city/NN limits/NNS ,/,",,
sw09utt/sw_0964_2237.utt,2/sw2237,2237,252,sd,B,164,4,"I'm probably a mile, mile and a half inside the city limits,  /","I/PRP 'm/VBP probably/RB a/DT mile/NN ,/, mile/NN and/CC a/DT half/NN inside/IN the/DT city/NN limits/NNS ,/,",,
sw09utt/sw_0964_2237.utt,2/sw2237,2237,253,sd,B,164,5,"{C and } I'm only a mile,","and/CC I/PRP 'm/VBP only/RB a/DT mile/NN ,/,",,
sw09utt/sw_0964_2237.utt,2/sw2237,2237,254,b,A,165,1,Uh-huh. /,Uh-huh/UH ./.,,
sw09utt/sw_0964_2237.utt,2/sw2237,2237,255,+,B,166,1,and a half from work. /,and/CC a/DT half/NN from/IN work/NN ./.,,
sw09utt/sw_0964_2237.utt,2/sw2237,2237,256,bf,A,167,1,"{C So } you have all the conveniences of,","So/RB you/PRP have/VBP all/PDT the/DT conveniences/NNS of/IN ,/,",,
sw09utt/sw_0964_2237.utt,2/sw2237,2237,257,aa,B,168,1,Yeah.  /,Yeah/UH ./.,,
sw09utt/sw_0964_2237.utt,2/sw2237,2237,258,sd,B,168,2,It's pretty nice. /,It/PRP 's/BES pretty/RB nice/JJ ./.,,
sw09utt/sw_0964_2237.utt,2/sw2237,2237,259,+,A,169,1,"a city,  /","a/DT city/NN ,/,",,
sw09utt/sw_0964_2237.utt,2/sw2237,2237,260,%,A,169,2,"yeah,  /","yeah/UH ,/,",,
sw09utt/sw_0964_2237.utt,2/sw2237,2237,261,bf,A,169,3,"[ and, + and ] the country also. /","and/CC ,/, and/CC the/DT country/NN also/RB ./.",,
sw09utt/sw_0964_2237.utt,2/sw2237,2237,262,sd,B,170,1,"I have the room outside I need,  /","I/PRP have/VBP the/DT room/NN outside/RB I/PRP need/VBP ,/,",,
sw09utt/sw_0964_2237.utt,2/sw2237,2237,263,sd,B,170,2,{C and } I don't really have all the room in the house I need  /,and/CC I/PRP do/VBP n't/RB really/RB have/VB all/PDT the/DT room/NN in/IN the/DT house/NN I/PRP need/VBP,,
sw09utt/sw_0964_2237.utt,2/sw2237,2237,264,%,B,170,3,"{C but, } -/","but/CC ,/,",,
sw09utt/sw_0964_2237.utt,2/sw2237,2237,265,sv,A,171,1,"<Laughter> {D Well, } you never have enough room do you think.","Well/UH ,/, you/PRP never/RB have/VBP enough/JJ room/NN do/VBP you/PRP think/VB ./.",,
sw09utt/sw_0964_2237.utt,2/sw2237,2237,266,aa,B,172,1,No. /,No/UH ./.,,
sw09utt/sw_0964_2237.utt,2/sw2237,2237,267,+,A,173,1,Especially if your into any hobbies or anything. /,Especially/RB if/IN your/PRP$ into/IN any/DT  hobbies/NNS or/CC anything/NN ./.,,
sw09utt/sw_0964_2237.utt,2/sw2237,2237,268,sd,B,174,1,I have a question to ask you about gardening though.  /,I/PRP have/VBP a/DT question/NN to/TO ask/VB you/PRP about/IN gardening/NN though/RB ./.,,
sw09utt/sw_0964_2237.utt,2/sw2237,2237,269,%,B,174,2,"{D You know, }  those, - /","You/PRP know/VBP ,/, those/DT ,/,",,
sw09utt/sw_0964_2237.utt,2/sw2237,2237,270,t1,B,174,3,"what are they called, - /","what/WP are/VBP they/PRP called/VBN ,/,",,
sw09utt/sw_0964_2237.utt,2/sw2237,2237,271,sd,B,174,4,"[ the, + they ] called, {F uh, }  (( rolly polly ))  bugs,  /","the/DT ,/, they/PRP called/VBD ,/, uh/UH ,/, rolly/JJ polly/JJ bugs/NNS ,/,",,
sw09utt/sw_0964_2237.utt,2/sw2237,2237,272,sd,B,174,5,that's what my son calls them anyway. /,that/DT 's/BES what/WP my/PRP$ son/NN calls/VBZ them/PRP anyway/RB ./.,,
sw09utt/sw_0964_2237.utt,2/sw2237,2237,273,br,A,175,1,(( Rolly Polly ))  what? /,Rolly/JJ Polly/JJ what/NN ?/.,,
sw09utt/sw_0964_2237.utt,2/sw2237,2237,274,sd,B,176,1,(( Rolly Polly ))  bugs.  /,Rolly/JJ Polly/JJ bugs/NNS ./.,,
sw09utt/sw_0964_2237.utt,2/sw2237,2237,275,sd,B,176,2,The ones that roll up in a ball.  /,The/DT ones/NNS that/WDT roll/VBP up/RP in/IN a/DT ball/NN ./.,,
sw09utt/sw_0964_2237.utt,2/sw2237,2237,276,sd,B,176,3,I don't know what they're called. /,I/PRP do/VBP n't/RB know/VB what/WP they/PRP 're/VBP called/VBN ./.,,
sw09utt/sw_0964_2237.utt,2/sw2237,2237,277,qy,A,177,1,"Is it a bug,","Is/VBZ it/PRP a/DT bug/NN ,/,",,
sw09utt/sw_0964_2237.utt,2/sw2237,2237,278,sd,B,178,1,"They look like they've got, -/","They/PRP look/VBP like/IN they/PRP 've/VBP got/VBN ,/,",,
sw09utt/sw_0964_2237.utt,2/sw2237,2237,279,+,A,179,1,You mean? /,You/PRP mean/VBP ?/.,,
sw09utt/sw_0964_2237.utt,2/sw2237,2237,280,ny,B,180,1,Yeah. /,Yeah/UH ./.,,
sw09utt/sw_0964_2237.utt,2/sw2237,2237,281,qy,A,181,1,A worm? /,A/DT worm/NN ?/.,,
sw09utt/sw_0964_2237.utt,2/sw2237,2237,282,ny,B,182,1,Yeah. /,Yeah/UH ./.,,
sw09utt/sw_0964_2237.utt,2/sw2237,2237,283,qy,A,183,1,A cutworm? /,A/DT cutworm/NN ?/.,,
sw09utt/sw_0964_2237.utt,2/sw2237,2237,284,nn,B,184,1,No. /,No/UH ./.,,
sw09utt/sw_0964_2237.utt,2/sw2237,2237,285,qy,A,185,1,Not a grub worm? /,Not/RB a/DT grub/NN worm/NN ?/.,,
sw09utt/sw_0964_2237.utt,2/sw2237,2237,286,%,B,186,1,"It's not like a, - /","It/PRP 's/BES not/RB like/IN a/DT ,/,",,
sw09utt/sw_0964_2237.utt,2/sw2237,2237,287,nn,B,186,2,no.  /,no/UH ./.,,
sw09utt/sw_0964_2237.utt,2/sw2237,2237,288,sd^e,B,186,3,"You find them under bricks and all that stuff, where it's moist,  /","You/PRP find/VBP them/PRP under/IN bricks/NNS and/CC all/PDT that/DT stuff/NN ,/, where/WRB it/PRP 's/BES moist/JJ ,/,",,
sw09utt/sw_0964_2237.utt,2/sw2237,2237,289,sd,B,186,4,"{C and } [ if, + if ] you touch them, they roll up in a ball. /","and/CC if/IN ,/, if/IN you/PRP touch/VBP them/PRP ,/, they/PRP roll/VBP up/RP in/IN a/DT ball/NN ./.",,
sw09utt/sw_0964_2237.utt,2/sw2237,2237,290,bk,A,187,1,Oh. /,Oh/UH ./.,,
sw09utt/sw_0964_2237.utt,2/sw2237,2237,291,sd,B,188,1,I don't know what they call them.  /,I/PRP do/VBP n't/RB know/VB what/WP they/PRP call/VBP them/PRP ./.,,
sw09utt/sw_0964_2237.utt,2/sw2237,2237,292,sd,B,188,2,"{C But } I'm plagued with those things, /","But/CC I/PRP 'm/VBP plagued/VBN with/IN those/DT things/NNS ,/,",,
sw09utt/sw_0964_2237.utt,2/sw2237,2237,293,b,A,189,1,{F Uh. } /,Uh/UH ./.,,
sw09utt/sw_0964_2237.utt,2/sw2237,2237,294,sd,B,190,1,"{C and } I haven't figured out, - /","and/CC I/PRP have/VBP n't/RB figured/VBN out/RP ,/,",,
sw09utt/sw_0964_2237.utt,2/sw2237,2237,295,sd,B,190,2,"I even called the nursery, /","I/PRP even/RB called/VBD the/DT nursery/NN ,/,",,
sw09utt/sw_0964_2237.utt,2/sw2237,2237,296,b,A,191,1,Uh-huh. /,Uh-huh/UH ./.,,
sw09utt/sw_0964_2237.utt,2/sw2237,2237,297,x,B,192,1,((   )) .,MUMBLEx/XX ./.,,
sw09utt/sw_0964_2237.utt,2/sw2237,2237,298,sd,A,193,1,"I'm trying to think of what they are, what kind,","I/PRP 'm/VBP trying/VBG to/TO think/VB of/IN what/WP they/PRP are/VBP ,/, what/WP kind/NN ,/,",,
sw09utt/sw_0964_2237.utt,2/sw2237,2237,299,sd,B,194,1,"[ I, +","I/PRP ,/,",,
sw09utt/sw_0964_2237.utt,2/sw2237,2237,300,+,A,195,1,they could be. /,they/PRP could/MD be/VB ./.,,
sw09utt/sw_0964_2237.utt,2/sw2237,2237,301,+,B,196,1,I ] don't know. /,I/PRP do/VBP n't/RB know/VB ./.,,
sw09utt/sw_0964_2237.utt,2/sw2237,2237,302,sd,A,197,1,"You find them under bricks usually, and that. /","You/PRP find/VBP them/PRP under/IN bricks/NNS usually/RB ,/, and/CC that/DT ./.",,
sw09utt/sw_0964_2237.utt,2/sw2237,2237,303,b,B,198,1,"Yeah,  /","Yeah/UH ,/,",,
sw09utt/sw_0964_2237.utt,2/sw2237,2237,304,b,B,198,2,"under bricks, or under wood,  /","under/IN bricks/NNS ,/, or/CC under/IN wood/NN ,/,",,
sw09utt/sw_0964_2237.utt,2/sw2237,2237,305,sv,B,198,3,"{C or } {D you know, } if you leave a piece of newspaper in the yard too long, they get in there.  /","or/CC you/PRP know/VBP ,/, if/IN you/PRP leave/VBP a/DT piece/NN of/IN newspaper/NN in/IN the/DT yard/NN too/RB long/JJ ,/, they/PRP get/VBP in/IN there/RB ./.",,
sw09utt/sw_0964_2237.utt,2/sw2237,2237,306,sv,B,198,4,"They usually come out at night,  /","They/PRP usually/RB come/VBP out/RB at/IN night/NN ,/,",,
sw09utt/sw_0964_2237.utt,2/sw2237,2237,307,sv,B,198,5,"{C but, } you can find them during the daytime if you pick something up that's  ((   ))  been laying around, /","but/CC ,/, you/PRP can/MD find/VB them/PRP during/IN the/DT daytime/NN if/IN you/PRP pick/VBP something/NN up/RB that/WDT 's/HVS MUMBLEx/XX been/VBN laying/VBG around/RB ,/,",,
sw09utt/sw_0964_2237.utt,2/sw2237,2237,308,sd,A,199,1,They're not a slug. /,They/PRP 're/VBP not/RB a/DT slug/NN ./.,,
sw09utt/sw_0964_2237.utt,2/sw2237,2237,309,aa,B,200,1,No. /,No/UH ./.,,
sw09utt/sw_0964_2237.utt,2/sw2237,2237,310,%,A,201,1,"Not a, -/","Not/RB a/DT ,/,",,
sw09utt/sw_0964_2237.utt,2/sw2237,2237,311,sv,B,202,1,A slug is actually kind of slimy -- /,A/DT slug/NN is/VBZ actually/RB kind/RB of/RB slimy/JJ --/:,,
sw09utt/sw_0964_2237.utt,2/sw2237,2237,312,aa,A,203,1,Yeah.  /,Yeah/UH ./.,,
sw09utt/sw_0964_2237.utt,2/sw2237,2237,313,aa^r,A,203,2,Yeah.  /,Yeah/UH ./.,,
sw09utt/sw_0964_2237.utt,2/sw2237,2237,314,aa^r,A,203,3,Yeah. /,Yeah/UH ./.,,
sw09utt/sw_0964_2237.utt,2/sw2237,2237,315,sd,B,204,1,"-- {C and } these are just, - /","--/: and/CC these/DT are/VBP just/RB ,/,",,
sw09utt/sw_0964_2237.utt,2/sw2237,2237,316,sd,B,204,2,"he plays with them all time,  /","he/PRP plays/VBZ with/IN them/PRP all/DT time/NN ,/,",,
sw09utt/sw_0964_2237.utt,2/sw2237,2237,317,sd,B,204,3,he picks them up and  rolls them across the patio. /,he/PRP picks/VBZ them/PRP up/RB and/CC rolls/VBZ them/PRP across/IN the/DT patio/NN ./.,,
sw09utt/sw_0964_2237.utt,2/sw2237,2237,318,b,A,205,1,{F Oh } really. /,Oh/UH really/UH ./.,,
sw09utt/sw_0964_2237.utt,2/sw2237,2237,319,x,B,206,1,<Laughter>.,,,
sw09utt/sw_0964_2237.utt,2/sw2237,2237,320,qy^g,A,207,1,They were not hard are they? /,They/PRP were/VBD not/RB hard/JJ are/VBP they/PRP ?/.,,
sw09utt/sw_0964_2237.utt,2/sw2237,2237,321,nn,B,208,1,No. /,No/UH ./.,,
sw09utt/sw_0964_2237.utt,2/sw2237,2237,322,qy,A,209,1,Are they a hard worm? /,Are/VBP they/PRP a/DT hard/JJ worm/NN ?/.,,
sw09utt/sw_0964_2237.utt,2/sw2237,2237,323,nn,B,210,1,No.  /,No/UH ./.,,
sw09utt/sw_0964_2237.utt,2/sw2237,2237,324,sd^e,B,210,2,"They're not real hard, /","They/PRP 're/VBP not/RB real/RB hard/JJ ,/,",,
sw09utt/sw_0964_2237.utt,2/sw2237,2237,325,b,A,211,1,They're not a hard  ((   )) . /,They/PRP 're/VBP not/RB a/DT hard/JJ MUMBLEx/XX ./.,,
sw09utt/sw_0964_2237.utt,2/sw2237,2237,326,sd,B,212,1,"They're like a, water bug,","They/PRP 're/VBP like/IN a/DT ,/, water/NN bug/NN ,/,",,
sw09utt/sw_0964_2237.utt,2/sw2237,2237,327,b,A,213,1,{F Huh. } /,Huh/UH ./.,,
sw09utt/sw_0964_2237.utt,2/sw2237,2237,328,+,B,214,1,"of sorts,  /","of/IN sorts/NNS ,/,",,
sw09utt/sw_0964_2237.utt,2/sw2237,2237,329,sd,B,214,2,"I don't know what,","I/PRP do/VBP n't/RB know/VB what/WP ,/,",,
sw09utt/sw_0964_2237.utt,2/sw2237,2237,330,qy,A,215,1,"{F Oh, }","Oh/UH ,/,",,
sw09utt/sw_0964_2237.utt,2/sw2237,2237,331,+,B,216,1,they're called. /,they/PRP 're/VBP called/VBN ./.,,
sw09utt/sw_0964_2237.utt,2/sw2237,2237,332,+,A,217,1,are they black then? /,are/VBP they/PRP black/JJ then/RB ?/.,,
sw09utt/sw_0964_2237.utt,2/sw2237,2237,333,ny,B,218,1,Yeah.  /,Yeah/UH ./.,,
sw09utt/sw_0964_2237.utt,2/sw2237,2237,334,ny^r,B,218,2,Yeah. /,Yeah/UH ./.,,
sw09utt/sw_0964_2237.utt,2/sw2237,2237,335,qy^d,A,219,1,{C But } they roll up. /,But/CC they/PRP roll/VBP up/RP ./.,,
sw09utt/sw_0964_2237.utt,2/sw2237,2237,336,ny,B,220,1,Yeah. /,Yeah/UH ./.,,
sw09utt/sw_0964_2237.utt,2/sw2237,2237,337,sd,A,221,1,I can't think of what kind they would be. /,I/PRP ca/MD n't/RB think/VB of/IN what/WP kind/NN they/PRP would/MD be/VB ./.,,
sw09utt/sw_0964_2237.utt,2/sw2237,2237,338,sd,B,222,1,"When you touch them, they roll up. /","When/WRB you/PRP touch/VBP them/PRP ,/, they/PRP roll/VBP up/RP ./.",,
sw09utt/sw_0964_2237.utt,2/sw2237,2237,339,b,A,223,1,Uh-huh.  /,Uh-huh/UH ./.,,
sw09utt/sw_0964_2237.utt,2/sw2237,2237,340,sd,A,223,2,"I'm no help on that, then.  Because,","I/PRP 'm/VBP no/DT help/NN on/IN that/DT ,/, then/RB ./. Because/IN ,/,",,
sw09utt/sw_0964_2237.utt,2/sw2237,2237,341,sd,B,224,1,"{C But, } I'm plagued with those. /","But/CC ,/, I/PRP 'm/VBP plagued/VBN with/IN those/DT ./.",,
sw09utt/sw_0964_2237.utt,2/sw2237,2237,342,+,A,225,1,I can't think of what they are.  What they would be.  /,I/PRP ca/MD n't/RB think/VB of/IN what/WP they/PRP are/VBP ./. What/WP they/PRP would/MD be/VB ./.,,
sw09utt/sw_0964_2237.utt,2/sw2237,2237,343,sv,A,225,2,"I think you have a lot more insects down there even [ than, + than ] what we have. /","I/PRP think/VBP you/PRP have/VBP a/DT lot/NN more/JJR insects/NNS down/IN there/RB even/RB than/IN ,/, than/IN what/WP we/PRP have/VBP ./.",,
sw09utt/sw_0964_2237.utt,2/sw2237,2237,344,sv,B,226,1,"{D You know, } I think it's a big problem because we're in more of a tempered zone.  /","You/PRP know/VBP ,/, I/PRP think/VBP it/PRP 's/BES a/DT big/JJ problem/NN because/IN we/PRP 're/VBP in/IN more/JJR of/IN a/DT tempered/JJ zone/NN ./.",,
sw09utt/sw_0964_2237.utt,2/sw2237,2237,345,sd,B,226,2,"{D You know, } [ we don't really, + we only ] freeze down here in January, and  February, at the most. /","You/PRP know/VBP ,/, we/PRP do/VBP n't/RB really/RB ,/, we/PRP only/RB freeze/VBP down/IN here/RB in/IN January/NNP ,/, and/CC February/NNP ,/, at/IN the/DT most/JJS ./.",,
sw09utt/sw_0964_2237.utt,2/sw2237,2237,346,sd,A,227,1,"I know,","I/PRP know/VBP ,/,",,
sw09utt/sw_0964_2237.utt,2/sw2237,2237,347,b,B,228,1,{D You know. } /,You/PRP know/VBP ./.,,
sw09utt/sw_0964_2237.utt,2/sw2237,2237,348,+,A,229,1,"my brother had trouble with fire ants, and that even. -/","my/PRP$ brother/NN had/VBD trouble/NN with/IN fire/NN ants/NNS ,/, and/CC that/DT even/RB ./.",,
sw09utt/sw_0964_2237.utt,2/sw2237,2237,349,b,B,230,1,Yeah.  /,Yeah/UH ./.,,
sw09utt/sw_0964_2237.utt,2/sw2237,2237,350,sd,B,230,2,"I got fire,","I/PRP got/VBN fire/NN ,/,",,
sw09utt/sw_0964_2237.utt,2/sw2237,2237,351,b,A,231,1,"{F Uh, } yeah. /","Uh/UH ,/, yeah/UH ./.",,
sw09utt/sw_0964_2237.utt,2/sw2237,2237,352,+,B,232,1,ants too. /,ants/NNS too/RB ./.,,
sw09utt/sw_0964_2237.utt,2/sw2237,2237,353,sv,A,233,1,{C And } they be can be a real <noise> dickens. /,And/CC they/PRP be/VB can/MD be/VB a/DT real/JJ dickens/NNS ./.,,
sw09utt/sw_0964_2237.utt,2/sw2237,2237,354,sv,B,234,1,"{C And, } you, spray in one part of your lawn,  /","And/CC ,/, you/PRP ,/, spray/VBP in/IN one/CD part/NN of/IN your/PRP$ lawn/NN ,/,",,
sw09utt/sw_0964_2237.utt,2/sw2237,2237,355,sv,B,234,2,"{C and } they just move to,","and/CC they/PRP just/RB move/VBP to/IN ,/,",,
sw09utt/sw_0964_2237.utt,2/sw2237,2237,356,aa,A,235,1,Uh-huh.  /,Uh-huh/UH ./.,,
sw09utt/sw_0964_2237.utt,2/sw2237,2237,357,aa^r,A,235,2,Uh-huh. /,Uh-huh/UH ./.,,
sw09utt/sw_0964_2237.utt,2/sw2237,2237,358,+,B,236,1,another part.  /,another/DT part/NN ./.,,
sw09utt/sw_0964_2237.utt,2/sw2237,2237,359,sv,B,236,2,"{C So } you got to,","So/RB you/PRP got/VBN to/TO ,/,",,
sw09utt/sw_0964_2237.utt,2/sw2237,2237,360,aa,A,237,1,Yeah.  /,Yeah/UH ./.,,
sw09utt/sw_0964_2237.utt,2/sw2237,2237,361,aa^r,A,237,2,Yeah. /,Yeah/UH ./.,,
sw09utt/sw_0964_2237.utt,2/sw2237,2237,362,+,B,238,1,"spray your whole yard,  /","spray/VB your/PRP$ whole/JJ yard/NN ,/,",,
sw09utt/sw_0964_2237.utt,2/sw2237,2237,363,sv,B,238,2,"{C and } [ [ your, + your, ] + your ] neighbor gets them,  /","and/CC your/PRP$ ,/, your/PRP$ ,/, your/PRP$ neighbor/NN gets/VBZ them/PRP ,/,",,
sw09utt/sw_0964_2237.utt,2/sw2237,2237,364,sv,B,238,3,"{C and then } he sprays his yard,  /","and/CC then/RB he/PRP sprays/VBZ his/PRP$ yard/NN ,/,",,
sw09utt/sw_0964_2237.utt,2/sw2237,2237,365,sv,B,238,4,{C and } you get them back again <laughter>. /,and/CC you/PRP get/VBP them/PRP back/RP again/RB ./.,,
sw09utt/sw_0964_2237.utt,2/sw2237,2237,366,aa,A,239,1,Yeah  <laughter>  /,Yeah/UH,,
sw09utt/sw_0964_2237.utt,2/sw2237,2237,367,sv,A,239,2,you keep trading them <laughter>. /,you/PRP keep/VBP trading/VBG them/PRP ./.,,
sw09utt/sw_0964_2237.utt,2/sw2237,2237,368,aa,B,240,1,Yeah.  /,Yeah/UH ./.,,
sw09utt/sw_0964_2237.utt,2/sw2237,2237,369,sd,B,240,2,"{C But } we're not doing too bad down here really, {D you know, }  /","But/CC we/PRP 're/VBP not/RB doing/VBG too/RB bad/RB down/IN here/RB really/RB ,/, you/PRP know/VBP ,/,",,
sw09utt/sw_0964_2237.utt,2/sw2237,2237,370,sd,B,240,3,the daffodils are out  /,the/DT daffodils/NNS are/VBP out/RB,,
sw09utt/sw_0964_2237.utt,2/sw2237,2237,371,%,B,240,4,"{C and, } -/","and/CC ,/,",,
sw09utt/sw_0964_2237.utt,2/sw2237,2237,372,b,A,241,1,Uh-huh.  /,Uh-huh/UH ./.,,
sw09utt/sw_0964_2237.utt,2/sw2237,2237,373,sd,A,241,2,Ours are going to be coming out.  /,Ours/PRP are/VBP going/VBG to/TO be/VB coming/VBG out/RB ./.,,
sw09utt/sw_0964_2237.utt,2/sw2237,2237,374,sd,A,241,3,Now our cancer society sales  daffodils.  /,Now/UH our/PRP$ cancer/NN society/NN sales/VBZ  daffodils/NNS ./.,,
sw09utt/sw_0964_2237.utt,2/sw2237,2237,375,sd,A,241,4,"[ Right now, they're, + they're big now. ]  /","Right/RB now/RB ,/, they/PRP 're/VBP ,/, they/PRP 're/VBP big/JJ now/RB ./.",,
sw09utt/sw_0964_2237.utt,2/sw2237,2237,376,sd,A,241,5,"{C So, } [ we, + we ] have daffodils,","So/RB ,/, we/PRP ,/, we/PRP have/VBP daffodils/NNS ,/,",,
sw09utt/sw_0964_2237.utt,2/sw2237,2237,377,b,B,242,1,Yeah. /,Yeah/UH ./.,,
sw09utt/sw_0964_2237.utt,2/sw2237,2237,378,+,A,243,1,"here in the house because of the cut flowers, /","here/RB in/IN the/DT house/NN because/IN of/IN the/DT cut/JJ flowers/NNS ,/,",,
sw09utt/sw_0964_2237.utt,2/sw2237,2237,379,b,B,244,1,Yeah. /,Yeah/UH ./.,,
sw09utt/sw_0964_2237.utt,2/sw2237,2237,380,sd,A,245,1,{C but } they're just beginning to come out and bud. /,but/CC they/PRP 're/VBP just/RB beginning/VBG to/TO come/VB out/RB and/CC bud/VB ./.,,
sw09utt/sw_0964_2237.utt,2/sw2237,2237,381,b,B,246,1,Yeah.  /,Yeah/UH ./.,,
sw09utt/sw_0964_2237.utt,2/sw2237,2237,382,sd,B,246,2,{D See } mine are up and bloomed already  /,See/UH mine/PRP are/VBP up/RB and/CC bloomed/JJ already/RB,,
sw09utt/sw_0964_2237.utt,2/sw2237,2237,383,%,B,246,3,"{C so, } -/","so/RB ,/,",,
sw09utt/sw_0964_2237.utt,2/sw2237,2237,384,b,A,247,1,"{F Uh, } /","Uh/UH ,/,",,
sw09utt/sw_0964_2237.utt,2/sw2237,2237,385,b,B,248,1,already. /,already/RB ./.,,
sw09utt/sw_0964_2237.utt,2/sw2237,2237,386,b,A,249,1,Uh-huh. /,Uh-huh/UH ./.,,
sw09utt/sw_0964_2237.utt,2/sw2237,2237,387,sv,B,250,1,"They sure are,","They/PRP sure/RB are/VBP ,/,",,
sw09utt/sw_0964_2237.utt,2/sw2237,2237,388,b,A,251,1,"{F uh, } /","uh/UH ,/,",,
sw09utt/sw_0964_2237.utt,2/sw2237,2237,389,+,B,252,1,"pretty, /","pretty/JJ ,/,",,
sw09utt/sw_0964_2237.utt,2/sw2237,2237,390,b,A,253,1,uh-huh. /,uh-huh/UH ./.,,
sw09utt/sw_0964_2237.utt,2/sw2237,2237,391,sd,B,254,1,"I like them  ((   )) , /","I/PRP like/VBP them/PRP MUMBLEx/XX ,/,",,
sw09utt/sw_0964_2237.utt,2/sw2237,2237,392,sv,A,255,1,"{F uh, } they're such a nice bright early Spring,","uh/UH ,/, they/PRP 're/VBP such/PDT a/DT nice/JJ bright/JJ early/JJ Spring/NN ,/,",,
sw09utt/sw_0964_2237.utt,2/sw2237,2237,393,b,B,256,1,yeah. /,yeah/UH ./.,,
sw09utt/sw_0964_2237.utt,2/sw2237,2237,394,+,A,257,1,color. /,color/NN ./.,,
sw09utt/sw_0964_2237.utt,2/sw2237,2237,395,sd,B,258,1,"{C And then } [ in, + in ] my back flower bed I have, {F uh, } tiger lilies -- /","And/CC then/RB in/IN ,/, in/IN my/PRP$ back/JJ flower/NN bed/NN I/PRP have/VBP ,/, uh/UH ,/, tiger/NN lilies/NNS --/:",,
sw09utt/sw_0964_2237.utt,2/sw2237,2237,396,b,A,259,1,Uh-huh.  /,Uh-huh/UH ./.,,
sw09utt/sw_0964_2237.utt,2/sw2237,2237,397,b^r,A,259,2,Uh-huh.  /,Uh-huh/UH ./.,,
sw09utt/sw_0964_2237.utt,2/sw2237,2237,398,b^r,A,259,3,Uh-huh. /,Uh-huh/UH ./.,,
sw09utt/sw_0964_2237.utt,2/sw2237,2237,399,sd,B,260,1,"-- {C and } they bloom in, {D you know, }","--/: and/CC they/PRP bloom/VBP in/IN ,/, you/PRP know/VBP ,/,",,
sw09utt/sw_0964_2237.utt,2/sw2237,2237,400,b,A,261,1,Uh-huh. /,Uh-huh/UH ./.,,
sw09utt/sw_0964_2237.utt,2/sw2237,2237,401,+,B,262,1,"late June, mid,","late/JJ June/NNP ,/, mid/JJ ,/,",,
sw09utt/sw_0964_2237.utt,2/sw2237,2237,402,sv,A,263,1,"{C And } they're,","And/CC they/PRP 're/VBP ,/,",,
sw09utt/sw_0964_2237.utt,2/sw2237,2237,403,+,B,264,1,July. /,July/NNP ./.,,
sw09utt/sw_0964_2237.utt,2/sw2237,2237,404,+,A,265,1,beautiful too. /,beautiful/JJ too/RB ./.,,
sw09utt/sw_0964_2237.utt,2/sw2237,2237,405,aa,B,266,1,"Yeah,  /","Yeah/UH ,/,",,
sw09utt/sw_0964_2237.utt,2/sw2237,2237,406,aa,B,266,2,they are.  /,they/PRP are/VBP ./.,,
sw09utt/sw_0964_2237.utt,2/sw2237,2237,407,aa,B,266,3,"They real,","They/PRP real/RB ,/,",,
sw09utt/sw_0964_2237.utt,2/sw2237,2237,408,sv^r,A,267,1,They're beautiful. /,They/PRP 're/VBP beautiful/JJ ./.,,
sw09utt/sw_0964_2237.utt,2/sw2237,2237,409,+,B,268,1,beautiful.  /,beautiful/JJ ./.,,
sw09utt/sw_0964_2237.utt,2/sw2237,2237,410,sd,B,268,2,"[ They're, + they're ] nice and green, {D you know, }  /","They/PRP 're/VBP ,/, they/PRP 're/VBP nice/JJ and/CC green/JJ ,/, you/PRP know/VBP ,/,",,
sw09utt/sw_0964_2237.utt,2/sw2237,2237,411,sd,B,268,3,"[ they're, + {F uh, } they're ] up above a foot,","they/PRP 're/VBP ,/, uh/UH ,/, they/PRP 're/VBP up/IN above/IN a/DT foot/NN ,/,",,
sw09utt/sw_0964_2237.utt,2/sw2237,2237,412,ba,A,269,1,<Lipsmack> {F Oh } my. /,Oh/UH my/UH ./.,,
sw09utt/sw_0964_2237.utt,2/sw2237,2237,413,+,B,270,1,maybe eighteen inches.  /,maybe/RB eighteen/CD inches/NNS ./.,,
sw09utt/sw_0964_2237.utt,2/sw2237,2237,414,sd,B,270,2,"They come up real pretty,","They/PRP come/VBP up/RB real/RB pretty/JJ ,/,",,
sw09utt/sw_0964_2237.utt,2/sw2237,2237,415,b,A,271,1,Yeah. /,Yeah/UH ./.,,
sw09utt/sw_0964_2237.utt,2/sw2237,2237,416,+,B,272,1,"every year,","every/DT year/NN ,/,",,
sw09utt/sw_0964_2237.utt,2/sw2237,2237,417,b,A,273,1,Yeah. /,Yeah/UH ./.,,
sw09utt/sw_0964_2237.utt,2/sw2237,2237,418,+,B,274,1,no problem. /,no/DT problem/NN ./.,,
sw09utt/sw_0964_2237.utt,2/sw2237,2237,419,sd,A,275,1,We won't have too much here for another couple of months yet. /,We/PRP wo/MD n't/RB have/VB too/RB much/JJ here/RB for/IN another/DT couple/NN of/IN months/NNS yet/RB ./.,,
sw09utt/sw_0964_2237.utt,2/sw2237,2237,420,qy,B,276,1,Is it still pretty cool up there? /,Is/VBZ it/PRP still/RB pretty/RB cool/JJ up/IN there/RB ?/.,,
sw09utt/sw_0964_2237.utt,2/sw2237,2237,421,ny,A,277,1,Yeah.  /,Yeah/UH ./.,,
sw09utt/sw_0964_2237.utt,2/sw2237,2237,422,ny^r,A,277,2,Yeah.  /,Yeah/UH ./.,,
sw09utt/sw_0964_2237.utt,2/sw2237,2237,423,sd^e,A,277,3,"[ We're ha-, + it's raining ] today. /","We/PRP 're/VBP ha-/XX ,/, it/PRP 's/BES raining/VBG today/NN ./.",,
sw09utt/sw_0964_2237.utt,2/sw2237,2237,424,qy,B,278,1,"{D Well, } do you all have a, - /","Well/UH ,/, do/VBP you/PRP all/DT have/VB a/DT ,/,",,
sw09utt/sw_0964_2237.utt,2/sw2237,2237,425,qw,B,278,2,"what kind o [ gra-, + grass ] do you grow up there?  /","what/WP kind/NN o/IN gra-/NN ,/, grass/NN do/VBP you/PRP grow/VB up/IN there/RB ?/.",,
sw09utt/sw_0964_2237.utt,2/sw2237,2237,426,qy,B,278,3,"Do  you grow, {F uh, } Bermuda or ((   )) , -/","Do/VBP you/PRP grow/VB ,/, uh/UH ,/, Bermuda/NNP or/CC MUMBLEx/XX ,/,",,
sw09utt/sw_0964_2237.utt,2/sw2237,2237,427,nd,A,279,1,"{D Well, } our grass, like I said is just grass.  /","Well/UH ,/, our/PRP$ grass/NN ,/, like/IN I/PRP said/VBD is/VBZ just/RB grass/NN ./.",,
sw09utt/sw_0964_2237.utt,2/sw2237,2237,428,sd,A,279,2,We really didn't plant anything.  /,We/PRP really/RB did/VBD n't/RB plant/VB anything/NN ./.,,
sw09utt/sw_0964_2237.utt,2/sw2237,2237,429,%,A,279,3,"It's just, -/","It/PRP 's/BES just/RB ,/,",,
sw09utt/sw_0964_2237.utt,2/sw2237,2237,430,b,B,280,1,Yeah. /,Yeah/UH ./.,,
sw09utt/sw_0964_2237.utt,2/sw2237,2237,431,sd,A,281,1,((   ))  I suppose maybe you call it crabgrass even. /,MUMBLEx/XX I/PRP suppose/VBP maybe/RB you/PRP call/VBP it/PRP crabgrass/NN even/RB ./.,,
sw09utt/sw_0964_2237.utt,2/sw2237,2237,432,b,B,282,1,Yeah. /,Yeah/UH ./.,,
sw09utt/sw_0964_2237.utt,2/sw2237,2237,433,%,A,283,1,"{C And, } {F uh, } -/","And/CC ,/, uh/UH ,/,",,
sw09utt/sw_0964_2237.utt,2/sw2237,2237,434,sd,B,284,1,"{D See } [ we, + I ] have Bermuda,","See/UH we/PRP ,/, I/PRP have/VBP Bermuda/NNP ,/,",,
sw09utt/sw_0964_2237.utt,2/sw2237,2237,435,b,A,285,1,Uh-huh. /,Uh-huh/UH ./.,,
sw09utt/sw_0964_2237.utt,2/sw2237,2237,436,+,B,286,1,"in my yard,  /","in/IN my/PRP$ yard/NN ,/,",,
sw09utt/sw_0964_2237.utt,2/sw2237,2237,437,sd,B,286,2,"{C and } I still have the old standby crabgrass here and there, /","and/CC I/PRP still/RB have/VBP the/DT old/JJ standby/JJ crabgrass/NN here/RB and/CC there/RB ,/,",,
sw09utt/sw_0964_2237.utt,2/sw2237,2237,438,b,A,287,1,Uh-huh. /,Uh-huh/UH ./.,,
sw09utt/sw_0964_2237.utt,2/sw2237,2237,439,%,B,288,1,"{C but, }","but/CC ,/,",,
sw09utt/sw_0964_2237.utt,2/sw2237,2237,440,qy^d,A,289,1,"It's probably,","It/PRP 's/BES probably/RB ,/,",,
sw09utt/sw_0964_2237.utt,2/sw2237,2237,441,+,B,290,1,"Bermuda seems to be, -/","Bermuda/NNP seems/VBZ to/TO be/VB ,/,",,
sw09utt/sw_0964_2237.utt,2/sw2237,2237,442,+,A,291,1,very pretty. /,very/RB pretty/JJ ./.,,
sw09utt/sw_0964_2237.utt,2/sw2237,2237,443,ny,B,292,1,Yeah.  /,Yeah/UH ./.,,
sw09utt/sw_0964_2237.utt,2/sw2237,2237,444,sd^e,B,292,2,"Bermuda seems to be pretty,","Bermuda/NNP seems/VBZ to/TO be/VB pretty/RB ,/,",,
sw09utt/sw_0964_2237.utt,2/sw2237,2237,445,b,A,293,1,Uh-huh.  /,Uh-huh/UH ./.,,
sw09utt/sw_0964_2237.utt,2/sw2237,2237,446,b^r,A,293,2,Uh-huh. /,Uh-huh/UH ./.,,
sw09utt/sw_0964_2237.utt,2/sw2237,2237,447,+,B,294,1,good down here. /,good/JJ down/IN here/RB ./.,,
sw09utt/sw_0964_2237.utt,2/sw2237,2237,448,sd,A,295,1,"We have some people that have done their lawns,  /","We/PRP have/VBP some/DT people/NNS that/WDT have/VBP done/VBN their/PRP$ lawns/NNS ,/,",,
sw09utt/sw_0964_2237.utt,2/sw2237,2237,449,%,A,295,2,"{C and, } {F uh, } -/","and/CC ,/, uh/UH ,/,",,
