swda_filename,ptb_basename,conversation_no,transcript_index,act_tag,caller,utterance_index,subutterance_index,text,pos,trees,ptb_treenumbers
sw09utt/sw_0965_2263.utt,2/sw2263,2263,0,o,B,1,1,Okay. /,Okay/UH ./.,,
sw09utt/sw_0965_2263.utt,2/sw2263,2263,1,b^m,A,2,1,Okay <laughter>.  /,Okay/UH ./.,,
sw09utt/sw_0965_2263.utt,2/sw2263,2263,2,sd^t,A,2,2,"They suggested that we, {F uh, } discuss what we think of when we say camping. /","They/PRP suggested/VBD that/IN we/PRP ,/, uh/UH ,/, discuss/VB what/WP we/PRP think/VBP of/IN when/WRB we/PRP say/VBP camping/VBG ./.",,
sw09utt/sw_0965_2263.utt,2/sw2263,2263,3,b,B,3,1,Yeah.  /,Yeah/UH ./.,,
sw09utt/sw_0965_2263.utt,2/sw2263,2263,4,qw,B,3,2,"[ What do you, + where do you ] like to camp?  /","What/WP do/VBP you/PRP ,/, where/WRB do/VBP you/PRP like/VB to/TO camp/VB ?/.",,
sw09utt/sw_0965_2263.utt,2/sw2263,2263,5,qo,B,3,3,How do you like to camp? /,How/WRB do/VBP you/PRP like/VB to/TO camp/VB ?/.,,
sw09utt/sw_0965_2263.utt,2/sw2263,2263,6,sd,A,4,1,"{F Oh, } I can camp just about, most anyway <laughter>.  /","Oh/UH ,/, I/PRP can/MD camp/VB just/RB about/RB ,/, most/RBS anyway/RB ./.",,
sw09utt/sw_0965_2263.utt,2/sw2263,2263,7,sd,A,4,2,"Camping or, {F uh, } motor home is nice, {F uh, } travel trailer, pop up, /","Camping/VBG or/CC ,/, uh/UH ,/, motor/NN home/NN is/VBZ nice/JJ ,/, uh/UH ,/, travel/NN trailer/NN ,/, pop/GW up/^NN ,/,",,
sw09utt/sw_0965_2263.utt,2/sw2263,2263,8,sd,B,5,1,"I used to, {F uh, } live in the Ozarks and, {F uh } --","I/PRP used/VBD to/TO ,/, uh/UH ,/, live/VB in/IN the/DT Ozarks/NNPS and/CC ,/, uh/UH --/:",,
sw09utt/sw_0965_2263.utt,2/sw2263,2263,9,bh,A,6,1,"{F Oh, } really? /","Oh/UH ,/, really/UH ?/.",,
sw09utt/sw_0965_2263.utt,2/sw2263,2263,10,+,B,7,1,-- liked to go up there and just take a backpack and --,--/: liked/VBD to/TO go/VB up/IN there/RB and/CC just/RB take/VB a/DT backpack/NN and/CC --/:,,
sw09utt/sw_0965_2263.utt,2/sw2263,2263,11,b,A,8,1,Oh. /,Oh/UH ./.,,
sw09utt/sw_0965_2263.utt,2/sw2263,2263,12,+,B,9,1,-- strike out into the woods. /,--/: strike/VB out/RB into/IN the/DT woods/NNS ./.,,
sw09utt/sw_0965_2263.utt,2/sw2263,2263,13,bf,A,10,1,You really rough it then. /,You/PRP really/RB rough/VBP it/PRP then/RB ./.,,
sw09utt/sw_0965_2263.utt,2/sw2263,2263,14,aa,B,11,1,Yeah. /,Yeah/UH ./.,,
sw09utt/sw_0965_2263.utt,2/sw2263,2263,15,b,A,12,1,Uh-huh.  /,Uh-huh/UH ./.,,
sw09utt/sw_0965_2263.utt,2/sw2263,2263,16,qy,A,12,2,Do you do that very often? /,Do/VBP you/PRP do/VB that/DT very/RB often/RB ?/.,,
sw09utt/sw_0965_2263.utt,2/sw2263,2263,17,ng,B,13,1,I haven't done it in quite awhile --,I/PRP have/VBP n't/RB done/VBN it/PRP in/IN quite/RB awhile/RB --/:,,
sw09utt/sw_0965_2263.utt,2/sw2263,2263,18,b,A,14,1,Uh-huh. /,Uh-huh/UH ./.,,
sw09utt/sw_0965_2263.utt,2/sw2263,2263,19,+,B,15,1,-- since I moved down here.  /,--/: since/IN I/PRP moved/VBD down/IN here/RB ./.,,
sw09utt/sw_0965_2263.utt,2/sw2263,2263,20,sd,B,15,2,{C But } I used to do it --,But/CC I/PRP used/VBD to/TO do/VB it/PRP --/:,,
sw09utt/sw_0965_2263.utt,2/sw2263,2263,21,b,A,16,1,Uh-huh. /,Uh-huh/UH ./.,,
sw09utt/sw_0965_2263.utt,2/sw2263,2263,22,+,B,17,1,-- quite a bit. /,--/: quite/PDT a/DT bit/NN ./.,,
sw09utt/sw_0965_2263.utt,2/sw2263,2263,23,qy^d,A,18,1,"You'd have a lot of hills [ in that, + down in that ] area. /","You/PRP 'd/MD have/VB a/DT lot/NN of/IN hills/NNS in/IN that/DT ,/, down/RB in/IN that/DT area/NN ./.",,
sw09utt/sw_0965_2263.utt,2/sw2263,2263,24,ny,B,19,1,"Yeah,  /","Yeah/UH ,/,",,
sw09utt/sw_0965_2263.utt,2/sw2263,2263,25,ny^r,B,19,2,yeah -- /,yeah/UH --/:,,
sw09utt/sw_0965_2263.utt,2/sw2263,2263,26,b^m,A,20,1,Yeah. /,Yeah/UH ./.,,
sw09utt/sw_0965_2263.utt,2/sw2263,2263,27,sd,B,21,1,-- it was real hilly. /,--/: it/PRP was/VBD real/RB hilly/JJ ./.,,
sw09utt/sw_0965_2263.utt,2/sw2263,2263,28,sv,A,22,1,That would be really great. /,That/DT would/MD be/VB really/RB great/JJ ./.,,
sw09utt/sw_0965_2263.utt,2/sw2263,2263,29,sd,B,23,1,Take a twenty-two  /,Take/VB a/DT twenty-two/CD,,
sw09utt/sw_0965_2263.utt,2/sw2263,2263,30,sd,B,23,2,{C and } go out. /,and/CC go/VB out/RB ./.,,
sw09utt/sw_0965_2263.utt,2/sw2263,2263,31,br,A,24,1,Pardon? /,Pardon/NN ?/.,,
sw09utt/sw_0965_2263.utt,2/sw2263,2263,32,sd^r,B,25,1,Take a twenty-two  /,Take/VB a/DT twenty-two/CD,,
sw09utt/sw_0965_2263.utt,2/sw2263,2263,33,sd,B,25,2,{C and } find a creek. /,and/CC find/VB a/DT creek/NN ./.,,
sw09utt/sw_0965_2263.utt,2/sw2263,2263,34,b,A,26,1,Uh-huh.  /,Uh-huh/UH ./.,,
sw09utt/sw_0965_2263.utt,2/sw2263,2263,35,sv,A,26,2,That sounds like it'd be fun.  /,That/DT sounds/VBZ like/IN it/PRP 'd/MD be/VB fun/NN ./.,,
sw09utt/sw_0965_2263.utt,2/sw2263,2263,36,qr,A,26,3,"Did you go alone or with a group or, -/","Did/VBD you/PRP go/VB alone/RB or/CC with/IN a/DT group/NN or/CC ,/,",,
sw09utt/sw_0965_2263.utt,2/sw2263,2263,37,sd,B,27,1,I used to go with my brother. /,I/PRP used/VBD to/TO go/VB with/IN my/PRP$ brother/NN ./.,,
sw09utt/sw_0965_2263.utt,2/sw2263,2263,38,b,A,28,1,Uh-huh. /,Uh-huh/UH ./.,,
sw09utt/sw_0965_2263.utt,2/sw2263,2263,39,sd,B,29,1,We just lived up there. /,We/PRP just/RB lived/VBD up/IN there/RB ./.,,
sw09utt/sw_0965_2263.utt,2/sw2263,2263,40,b,A,30,1,Uh-huh.  /,Uh-huh/UH ./.,,
sw09utt/sw_0965_2263.utt,2/sw2263,2263,41,ba,A,30,2,"{F Oh, } that's great.  Long as it's not raining. /","Oh/UH ,/, that/DT 's/BES great/JJ ./. Long/JJ as/IN it/PRP 's/BES not/RB raining/VBG ./.",,
sw09utt/sw_0965_2263.utt,2/sw2263,2263,42,b,B,31,1,"Yeah, /","Yeah/UH ,/,",,
sw09utt/sw_0965_2263.utt,2/sw2263,2263,43,x,A,32,1,<Laughter>.,,,
sw09utt/sw_0965_2263.utt,2/sw2263,2263,44,%,B,33,1,"it gets kind of, - /","it/PRP gets/VBZ kind/RB of/RB ,/,",,
sw09utt/sw_0965_2263.utt,2/sw2263,2263,45,sd,B,33,2,"[ I, + we ] used to have one of those little caves you can go back in --","I/PRP ,/, we/PRP used/VBD to/TO have/VB one/CD of/IN those/DT little/JJ caves/NNS you/PRP can/MD go/VB back/RB in/IN --/:",,
sw09utt/sw_0965_2263.utt,2/sw2263,2263,46,b,A,34,1,Uh-huh. /,Uh-huh/UH ./.,,
sw09utt/sw_0965_2263.utt,2/sw2263,2263,47,+,B,35,1,-- get out of the rain. /,--/: get/VB out/IN of/IN the/DT rain/NN ./.,,
sw09utt/sw_0965_2263.utt,2/sw2263,2263,48,b,A,36,1,"Really,  /","Really/UH ,/,",,
sw09utt/sw_0965_2263.utt,2/sw2263,2263,49,%,A,36,2,"{F oh, } that would be, -/","oh/UH ,/, that/DT would/MD be/VB ,/,",,
sw09utt/sw_0965_2263.utt,2/sw2263,2263,50,sd,B,37,1,{C But } I don't know much about camping in Texas. /,But/CC I/PRP do/VBP n't/RB know/VB much/JJ about/IN camping/NN in/IN Texas/NNP ./.,,
sw09utt/sw_0965_2263.utt,2/sw2263,2263,51,b,A,38,1,Huh-uh.  /,Huh-uh/UH ./.,,
sw09utt/sw_0965_2263.utt,2/sw2263,2263,52,sd,A,38,2,"{D Well, } I'm in Pennsylvania. /","Well/UH ,/, I/PRP 'm/VBP in/IN Pennsylvania/NNP ./.",,
sw09utt/sw_0965_2263.utt,2/sw2263,2263,53,qy,B,39,1,You live in Pennsylvania?  <Laughter>. /,You/PRP live/VBP in/IN Pennsylvania/NNP ?/. ./.,,
sw09utt/sw_0965_2263.utt,2/sw2263,2263,54,ny,A,40,1,Yes <laughter>. /,Yes/UH ./.,,
sw09utt/sw_0965_2263.utt,2/sw2263,2263,55,sd,B,41,1,I didn't know they did this. /,I/PRP did/VBD n't/RB know/VB they/PRP did/VBD this/DT ./.,,
sw09utt/sw_0965_2263.utt,2/sw2263,2263,56,qy,A,42,1,"Are you in Texas, now? /","Are/VBP you/PRP in/IN Texas/NNP ,/, now/RB ?/.",,
sw09utt/sw_0965_2263.utt,2/sw2263,2263,57,ny,B,43,1,Yeah. /,Yeah/UH ./.,,
sw09utt/sw_0965_2263.utt,2/sw2263,2263,58,bk,A,44,1,Oh.  /,Oh/UH ./.,,
sw09utt/sw_0965_2263.utt,2/sw2263,2263,59,bk,A,44,2,Okay. /,Okay/UH ./.,,
sw09utt/sw_0965_2263.utt,2/sw2263,2263,60,b,B,45,1,Yeah.  /,Yeah/UH ./.,,
sw09utt/sw_0965_2263.utt,2/sw2263,2263,61,sd,B,45,2,I'm down here at T I. /,I/PRP 'm/VBP down/IN here/RB at/IN T/NNP I/NNP ./.,,
sw09utt/sw_0965_2263.utt,2/sw2263,2263,62,sd,A,46,1,"Most everybody I've been talking to is from Texas,  /","Most/RB everybody/NN I/PRP 've/VBP been/VBN talking/VBG to/IN is/VBZ from/IN Texas/NNP ,/,",,
sw09utt/sw_0965_2263.utt,2/sw2263,2263,63,sd,A,46,2,"{C but, } {F uh, } we're up here in [ western, + northwestern ] part of Pennsylvania. /","but/CC ,/, uh/UH ,/, we/PRP 're/VBP up/IN here/RB in/IN western/JJ ,/, northwestern/JJ part/NN of/IN Pennsylvania/NNP ./.",,
sw09utt/sw_0965_2263.utt,2/sw2263,2263,64,sd,B,47,1,"I used to be in Ohio,  /","I/PRP used/VBD to/TO be/VB in/IN Ohio/NNP ,/,",,
sw09utt/sw_0965_2263.utt,2/sw2263,2263,65,sd,B,47,2,it's some pretty country up there. /,it/PRP 's/BES some/DT pretty/JJ country/NN up/IN there/RB ./.,,
sw09utt/sw_0965_2263.utt,2/sw2263,2263,66,b,A,48,1,Uh-huh.  /,Uh-huh/UH ./.,,
sw09utt/sw_0965_2263.utt,2/sw2263,2263,67,bf,A,48,2,"{D Well } you kind of know what it's like, then.  /","Well/UH you/PRP kind/RB of/RB know/VBP what/WP it/PRP 's/BES like/IN ,/, then/RB ./.",,
sw09utt/sw_0965_2263.utt,2/sw2263,2263,68,%,A,48,3,Yeah. /,Yeah/UH ./.,,
sw09utt/sw_0965_2263.utt,2/sw2263,2263,69,%,B,49,1,"{D So, } -/","So/UH ,/,",,
sw09utt/sw_0965_2263.utt,2/sw2263,2263,70,sd,A,50,1,"{C But, } [ we've, + {F uh, } we've ] done, {F uh, } many types of camping.  /","But/CC ,/, we/PRP 've/VBP ,/, uh/UH ,/, we/PRP 've/VBP done/VBN ,/, uh/UH ,/, many/JJ types/NNS of/IN camping/NN ./.",,
sw09utt/sw_0965_2263.utt,2/sw2263,2263,71,sd,A,50,2,"[ We've, + we've ] done tent camping,  /","We/PRP 've/VBP ,/, we/PRP 've/VBP done/VBN tent/NN camping/NN ,/,",,
sw09utt/sw_0965_2263.utt,2/sw2263,2263,72,sd,A,50,3,"{C and } we had access to a motor home which is really super great, <laughter> if you don't want to rough it too much. /","and/CC we/PRP had/VBD access/NN to/IN a/DT motor/NN home/NN which/WDT is/VBZ really/RB super/RB great/JJ ,/, if/IN you/PRP do/VBP n't/RB want/VB to/TO rough/VB it/PRP too/RB much/JJ ./.",,
sw09utt/sw_0965_2263.utt,2/sw2263,2263,73,b,B,51,1,Yeah.  /,Yeah/UH ./.,,
sw09utt/sw_0965_2263.utt,2/sw2263,2263,74,sv,B,51,2,"[ You can get the, + they have some ] nice camping grounds --","You/PRP can/MD get/VB the/DT ,/, they/PRP have/VBP some/DT nice/JJ camping/NN grounds/NNS --/:",,
sw09utt/sw_0965_2263.utt,2/sw2263,2263,75,b,A,52,1,Uh-huh. /,Uh-huh/UH ./.,,
sw09utt/sw_0965_2263.utt,2/sw2263,2263,76,+,B,53,1,"-- {D you know, } that have the water piped out -- /","--/: you/PRP know/VBP ,/, that/WDT have/VBP the/DT water/NN piped/VBN out/RB --/:",,
sw09utt/sw_0965_2263.utt,2/sw2263,2263,77,b,A,54,1,Uh-huh. /,Uh-huh/UH ./.,,
sw09utt/sw_0965_2263.utt,2/sw2263,2263,78,sv,B,55,1,-- just set it up  /,--/: just/RB set/VB it/PRP up/RP,,
sw09utt/sw_0965_2263.utt,2/sw2263,2263,79,sv,B,55,2,"{C and } [ get out of, + get out of ] the city for awhile. /","and/CC get/VB out/IN of/IN ,/, get/VB out/IN of/IN the/DT city/NN for/IN awhile/RB ./.",,
sw09utt/sw_0965_2263.utt,2/sw2263,2263,80,aa,A,56,1,Right.  /,Right/UH ./.,,
sw09utt/sw_0965_2263.utt,2/sw2263,2263,81,sv,A,56,2,Just get you away from the everyday things that are going on.  /,Just/RB get/VB you/PRP away/RB from/IN the/DT everyday/JJ things/NNS that/WDT are/VBP going/VBG on/RP ./.,,
sw09utt/sw_0965_2263.utt,2/sw2263,2263,82,sd,A,56,3,"[ We, + when the children were smaller we ] used to go to, {F uh, } Delaware along the [ o-, + ocean ] most every year.  /","We/PRP ,/, when/WRB the/DT children/NNS were/VBD smaller/JJR we/PRP used/VBD to/TO go/VB to/IN ,/, uh/UH ,/, Delaware/NNP along/IN the/DT o-/NN ,/, ocean/NN most/RB every/DT year/NN ./.",,
sw09utt/sw_0965_2263.utt,2/sw2263,2263,83,sd,A,56,4,{C And } that was fun  /,And/CC that/DT was/VBD fun/NN,,
sw09utt/sw_0965_2263.utt,2/sw2263,2263,84,sd,A,56,5,we stayed mostly in state parks  /,we/PRP stayed/VBD mostly/RB in/IN state/NN parks/NNS,,
sw09utt/sw_0965_2263.utt,2/sw2263,2263,85,sd,A,56,6,"{C and, } {F uh, } we really enjoyed that. /","and/CC ,/, uh/UH ,/, we/PRP really/RB enjoyed/VBD that/DT ./.",,
sw09utt/sw_0965_2263.utt,2/sw2263,2263,86,^h,B,57,1,"Tell you what,  /","Tell/VB you/PRP what/WP ,/,",,
sw09utt/sw_0965_2263.utt,2/sw2263,2263,87,sd^c,B,57,2,I'm losing you. /,I/PRP 'm/VBP losing/VBG you/PRP ./.,,
sw09utt/sw_0965_2263.utt,2/sw2263,2263,88,br,A,58,1,Huh? /,Huh/UH ?/.,,
sw09utt/sw_0965_2263.utt,2/sw2263,2263,89,sd^c,B,59,1,"I said I'm losing you,  /","I/PRP said/VBD I/PRP 'm/VBP losing/VBG you/PRP ,/,",,
sw09utt/sw_0965_2263.utt,2/sw2263,2263,90,sd^c,B,59,2,"[ you're getting fad-, + you're fading ] out. /","you/PRP 're/VBP getting/VBG fad-/XX ,/, you/PRP 're/VBP fading/VBG out/RP ./.",,
sw09utt/sw_0965_2263.utt,2/sw2263,2263,91,sd,A,60,1,"{F Oh, } maybe [ my, + dropping my ] phone.  /","Oh/UH ,/, maybe/RB my/PRP$ ,/, dropping/VBG my/PRP$ phone/NN ./.",,
sw09utt/sw_0965_2263.utt,2/sw2263,2263,92,qy,A,60,2,Is that better? /,Is/VBZ that/DT better/JJR ?/.,,
sw09utt/sw_0965_2263.utt,2/sw2263,2263,93,ny,B,61,1,Yeah. /,Yeah/UH ./.,,
sw09utt/sw_0965_2263.utt,2/sw2263,2263,94,bk,A,62,1,<Laughter> Oh.  /,Oh/UH ./.,,
sw09utt/sw_0965_2263.utt,2/sw2263,2263,95,%,A,62,2,"{C But, } -/","But/CC ,/,",,
sw09utt/sw_0965_2263.utt,2/sw2263,2263,96,%,B,63,1,"{D So } what,  /","So/RB what/WP ,/,",,
sw09utt/sw_0965_2263.utt,2/sw2263,2263,97,qy,B,63,2,you try to go and take a vacation every year and go out and camp? /,you/PRP try/VBP to/TO go/VB and/CC take/VB a/DT vacation/NN every/DT year/NN and/CC go/VB out/RB and/CC camp/VB ?/.,,
sw09utt/sw_0965_2263.utt,2/sw2263,2263,98,ny,A,64,1,Yeah.  /,Yeah/UH ./.,,
sw09utt/sw_0965_2263.utt,2/sw2263,2263,99,sd^e,A,64,2,"{D Well, } we used to,  /","Well/UH ,/, we/PRP used/VBD to/TO ,/,",,
sw09utt/sw_0965_2263.utt,2/sw2263,2263,100,sd,A,64,3,"we don't as much anymore,  /","we/PRP do/VBP n't/RB as/RB much/JJ anymore/RB ,/,",,
sw09utt/sw_0965_2263.utt,2/sw2263,2263,101,sd,A,64,4,"{C but, } {F uh, } we used to.  /","but/CC ,/, uh/UH ,/, we/PRP used/VBD to/TO ./.",,
sw09utt/sw_0965_2263.utt,2/sw2263,2263,102,sd,A,64,5,We kind of slowed down a little bit.  /,We/PRP kind/RB of/RB slowed/VBD down/RP a/DT little/JJ bit/NN ./.,,
sw09utt/sw_0965_2263.utt,2/sw2263,2263,103,sv,A,64,6,"{C But, } {F uh, } I think [ the worst, + the worst ] thing is when it's raining.  /","But/CC ,/, uh/UH ,/, I/PRP think/VBP the/DT worst/JJS ,/, the/DT worst/JJS thing/NN is/VBZ when/WRB it/PRP 's/BES raining/VBG ./.",,
sw09utt/sw_0965_2263.utt,2/sw2263,2263,104,sv,A,64,7,If you get a rainy season and you happen to be camping --,If/IN you/PRP get/VBP a/DT rainy/JJ season/NN and/CC you/PRP happen/VBP to/TO be/VB camping/VBG --/:,,
sw09utt/sw_0965_2263.utt,2/sw2263,2263,105,b,B,65,1,Yeah. /,Yeah/UH ./.,,
sw09utt/sw_0965_2263.utt,2/sw2263,2263,106,+,A,66,1,-- then it can be kind of bad. /,--/: then/RB it/PRP can/MD be/VB kind/RB of/RB bad/JJ ./.,,
sw09utt/sw_0965_2263.utt,2/sw2263,2263,107,sd,B,67,1,"I know the rain bring out the snakes or used to bring them out in the Ozarks, /","I/PRP know/VBP the/DT rain/NN bring/VBP out/RB the/DT  snakes/NNS or/CC used/VBD to/TO bring/VB them/PRP out/RB in/IN the/DT Ozarks/NNPS ,/,",,
sw09utt/sw_0965_2263.utt,2/sw2263,2263,108,b,A,68,1,Uh-huh. /,Uh-huh/UH ./.,,
sw09utt/sw_0965_2263.utt,2/sw2263,2263,109,sv,B,69,1,"That's [ kind of, + kind of ] rough when you got to fight snakes off when your sleeping. /","That/DT 's/BES kind/RB of/RB ,/, kind/RB of/RB rough/JJ when/WRB you/PRP got/VBD to/TO fight/VB snakes/NNS off/RP when/WRB your/PRP$ sleeping/VBG ./.",,
sw09utt/sw_0965_2263.utt,2/sw2263,2263,110,sd,A,70,1,I don't think I would like that.  /,I/PRP do/VBP n't/RB think/VB I/PRP would/MD like/VB that/DT ./.,,
sw09utt/sw_0965_2263.utt,2/sw2263,2263,111,qw,A,70,2,What kind? /,What/WP kind/NN ?/.,,
sw09utt/sw_0965_2263.utt,2/sw2263,2263,112,sd,B,71,1,"{F Uh, } copperheads mostly, /","Uh/UH ,/, copperheads/NNS mostly/RB ,/,",,
sw09utt/sw_0965_2263.utt,2/sw2263,2263,113,bk,A,72,1,Oh.  /,Oh/UH ./.,,
sw09utt/sw_0965_2263.utt,2/sw2263,2263,114,sv,A,72,2,Those aren't too pleasant. /,Those/DT are/VBP n't/RB too/RB pleasant/JJ ./.,,
sw09utt/sw_0965_2263.utt,2/sw2263,2263,115,aa,B,73,1,"No,  /","No/UH ,/,",,
sw09utt/sw_0965_2263.utt,2/sw2263,2263,116,%,B,73,2,they're. -/,they/PRP 're/VBP ./.,,
sw09utt/sw_0965_2263.utt,2/sw2263,2263,117,b,A,74,1,Yeah.  /,Yeah/UH ./.,,
sw09utt/sw_0965_2263.utt,2/sw2263,2263,118,sd,A,74,2,We have some of them around here.  /,We/PRP have/VBP some/DT of/IN them/PRP around/IN here/RB ./.,,
sw09utt/sw_0965_2263.utt,2/sw2263,2263,119,sv,A,74,3,"You probably have more there, though, I would imagine. /","You/PRP probably/RB have/VBP more/JJR there/RB ,/, though/RB ,/, I/PRP would/MD imagine/VB ./.",,
sw09utt/sw_0965_2263.utt,2/sw2263,2263,120,aa,B,75,1,Yeah.  /,Yeah/UH ./.,,
sw09utt/sw_0965_2263.utt,2/sw2263,2263,121,sd,B,75,2,"One year [ they were, + they were ] just everywhere. /","One/CD year/NN they/PRP were/VBD ,/, they/PRP were/VBD just/RB everywhere/RB ./.",,
sw09utt/sw_0965_2263.utt,2/sw2263,2263,122,b,A,76,1,Oh. /,Oh/UH ./.,,
sw09utt/sw_0965_2263.utt,2/sw2263,2263,123,sd,B,77,1,"I don't know what it was,  /","I/PRP do/VBP n't/RB know/VB what/WP it/PRP was/VBD ,/,",,
sw09utt/sw_0965_2263.utt,2/sw2263,2263,124,sd,B,77,2,we had a real rainy spring -- /,we/PRP had/VBD a/DT real/RB rainy/JJ spring/NN --/:,,
sw09utt/sw_0965_2263.utt,2/sw2263,2263,125,b,A,78,1,Uh-huh. /,Uh-huh/UH ./.,,
sw09utt/sw_0965_2263.utt,2/sw2263,2263,126,sd,B,79,1,"-- {C and then } it was all year,  /","--/: and/CC then/RB it/PRP was/VBD all/DT year/NN ,/,",,
sw09utt/sw_0965_2263.utt,2/sw2263,2263,127,sd,B,79,2,there was just copperheads everywhere. /,there/EX was/VBD just/RB copperheads/NNS everywhere/RB ./.,,
sw09utt/sw_0965_2263.utt,2/sw2263,2263,128,b,A,80,1,Uh-huh.  /,Uh-huh/UH ./.,,
sw09utt/sw_0965_2263.utt,2/sw2263,2263,129,qy^d,A,80,2,{C But } you still backpacked and camped out. /,But/CC you/PRP still/RB backpacked/VBD and/CC camped/VBD out/RP ./.,,
sw09utt/sw_0965_2263.utt,2/sw2263,2263,130,ny,B,81,1,Yeah.  /,Yeah/UH ./.,,
sw09utt/sw_0965_2263.utt,2/sw2263,2263,131,sd^e,B,81,2,"{D Well } I lived [ down in, + down in ] the bottom of a big hollow  /","Well/UH I/PRP lived/VBD down/RB in/IN ,/, down/RB in/IN the/DT bottom/NN of/IN a/DT big/JJ hollow/NN",,
sw09utt/sw_0965_2263.utt,2/sw2263,2263,132,sd,B,81,3,{C and } we had to pretty much hike out most of the time. /,and/CC we/PRP had/VBD to/TO pretty/RB much/JJ hike/VB out/RB most/JJS of/IN the/DT time/NN ./.,,
sw09utt/sw_0965_2263.utt,2/sw2263,2263,133,b,A,82,1,Uh-huh. /,Uh-huh/UH ./.,,
sw09utt/sw_0965_2263.utt,2/sw2263,2263,134,sd,B,83,1,If it rained we were stuck back in there.  /,If/IN it/PRP rained/VBD we/PRP were/VBD stuck/VBN back/RB in/IN there/RB ./.,,
sw09utt/sw_0965_2263.utt,2/sw2263,2263,135,sd,B,83,2,Had a four wheel drive. /,Had/VBD a/DT four/CD wheel/NN drive/NN ./.,,
sw09utt/sw_0965_2263.utt,2/sw2263,2263,136,b,A,84,1,Uh-huh. /,Uh-huh/UH ./.,,
sw09utt/sw_0965_2263.utt,2/sw2263,2263,137,sd,B,85,1,You just get used to it. /,You/PRP just/RB get/VBP used/JJ to/IN it/PRP ./.,,
sw09utt/sw_0965_2263.utt,2/sw2263,2263,138,b,A,86,1,Yeah.  /,Yeah/UH ./.,,
sw09utt/sw_0965_2263.utt,2/sw2263,2263,139,qy^d,A,86,2,I guess you know enough to look where you're walking or sitting --,I/PRP guess/VBP you/PRP know/VBP enough/RB to/TO look/VB where/WRB you/PRP 're/VBP walking/VBG or/CC sitting/VBG --/:,,
sw09utt/sw_0965_2263.utt,2/sw2263,2263,140,ny,B,87,1,Yeah. /,Yeah/UH ./.,,
sw09utt/sw_0965_2263.utt,2/sw2263,2263,141,+,A,88,1,-- or whatever you're doing.  /,--/: or/CC whatever/WP you/PRP 're/VBP doing/VBG ./.,,
sw09utt/sw_0965_2263.utt,2/sw2263,2263,142,b,A,88,2,Yeah.  /,Yeah/UH ./.,,
sw09utt/sw_0965_2263.utt,2/sw2263,2263,143,b^r,A,88,3,"Yeah,  /","Yeah/UH ,/,",,
sw09utt/sw_0965_2263.utt,2/sw2263,2263,144,qy^d,A,88,4,"[ I would think, + I would think ] a cave [ would be, + could have ] problems like that, too. /","I/PRP would/MD think/VB ,/, I/PRP would/MD think/VB a/DT cave/NN would/MD be/VB ,/, could/MD have/VB problems/NNS like/IN that/DT ,/, too/RB ./.",,
sw09utt/sw_0965_2263.utt,2/sw2263,2263,145,ny,B,89,1,Yeah.  /,Yeah/UH ./.,,
sw09utt/sw_0965_2263.utt,2/sw2263,2263,146,sd^e,B,89,2,"This cave that we used to go in was little,  /","This/DT cave/NN that/WDT we/PRP used/VBD to/TO go/VB in/IN was/VBD little/JJ ,/,",,
sw09utt/sw_0965_2263.utt,2/sw2263,2263,147,sd,B,89,3,it was small  /,it/PRP was/VBD small/JJ,,
sw09utt/sw_0965_2263.utt,2/sw2263,2263,148,sd,B,89,4,[ it was more -- +,it/PRP was/VBD more/RBR --/:,,
sw09utt/sw_0965_2263.utt,2/sw2263,2263,149,b,A,90,1,Uh-huh. /,Uh-huh/UH ./.,,
sw09utt/sw_0965_2263.utt,2/sw2263,2263,150,+,B,91,1,-- it was just ] big enough for a couple of people to sack out. /,--/: it/PRP was/VBD just/RB big/JJ enough/RB for/IN a/DT couple/NN of/IN people/NNS to/TO sack/VB out/RP ./.,,
sw09utt/sw_0965_2263.utt,2/sw2263,2263,151,b,A,92,1,"Uh-huh,  /","Uh-huh/UH ,/,",,
sw09utt/sw_0965_2263.utt,2/sw2263,2263,152,qy,A,92,2,is your brother younger than you  /,is/VBZ your/PRP$ brother/NN younger/JJR than/IN you/PRP,,
sw09utt/sw_0965_2263.utt,2/sw2263,2263,153,%,A,92,3,"{C or, } -/","or/CC ,/,",,
sw09utt/sw_0965_2263.utt,2/sw2263,2263,154,ny,B,93,1,Yeah.  /,Yeah/UH ./.,,
sw09utt/sw_0965_2263.utt,2/sw2263,2263,155,sd^e,B,93,2,He's about a year and a half younger. /,He/PRP 's/BES about/RB a/DT year/NN and/CC a/DT half/NN younger/JJR ./.,,
sw09utt/sw_0965_2263.utt,2/sw2263,2263,156,b,A,94,1,"Uh-huh,  /","Uh-huh/UH ,/,",,
sw09utt/sw_0965_2263.utt,2/sw2263,2263,157,b^r,A,94,2,"uh-huh,  /","uh-huh/UH ,/,",,
sw09utt/sw_0965_2263.utt,2/sw2263,2263,158,ba,A,94,3,"{D well, } that's great,  /","well/UH ,/, that/DT 's/BES great/JJ ,/,",,
sw09utt/sw_0965_2263.utt,2/sw2263,2263,159,sv,A,94,4,that'd be a lot of fun.  /,that/DT 'd/MD be/VB a/DT lot/NN of/IN fun/NN ./.,,
sw09utt/sw_0965_2263.utt,2/sw2263,2263,160,bf,A,94,5,You have a lot good experiences from that.  /,You/PRP have/VBP a/DT lot/NN good/JJ experiences/NNS from/IN that/DT ./.,,
sw09utt/sw_0965_2263.utt,2/sw2263,2263,161,%,A,94,6,Yeah. /,Yeah/UH ./.,,
sw09utt/sw_0965_2263.utt,2/sw2263,2263,162,aa,B,95,1,Yeah.  /,Yeah/UH ./.,,
sw09utt/sw_0965_2263.utt,2/sw2263,2263,163,aa^r,B,95,2,"Yeah,  /","Yeah/UH ,/,",,
sw09utt/sw_0965_2263.utt,2/sw2263,2263,164,aa,B,95,3,it was.  /,it/PRP was/VBD ./.,,
sw09utt/sw_0965_2263.utt,2/sw2263,2263,165,sd,B,95,4,Saw a few bears --,Saw/VBD a/DT few/JJ bears/NNS --/:,,
sw09utt/sw_0965_2263.utt,2/sw2263,2263,166,bh,A,96,1,Did you really? /,Did/VBD you/PRP really/RB ?/.,,
sw09utt/sw_0965_2263.utt,2/sw2263,2263,167,+,B,97,1,-- things like that. /,--/: things/NNS like/IN that/DT ./.,,
sw09utt/sw_0965_2263.utt,2/sw2263,2263,168,qy,A,98,1,"What, black ones? /","What/WP ,/, black/JJ ones/NNS ?/.",,
sw09utt/sw_0965_2263.utt,2/sw2263,2263,169,ny,B,99,1,# Yeah. # /,Yeah/UH ./.,,
sw09utt/sw_0965_2263.utt,2/sw2263,2263,170,b^m,A,100,1,# Yeah.  /,Yeah/UH ./.,,
sw09utt/sw_0965_2263.utt,2/sw2263,2263,171,sv,A,100,2,#  That would be exciting. /,That/DT would/MD be/VB exciting/JJ ./.,,
sw09utt/sw_0965_2263.utt,2/sw2263,2263,172,aa,B,101,1,"Yeah,  /","Yeah/UH ,/,",,
sw09utt/sw_0965_2263.utt,2/sw2263,2263,173,sv,B,101,2,"the [ first, + first ] couple of times it's pretty scary  /","the/DT first/JJ ,/, first/JJ couple/NN of/IN times/NNS it/PRP 's/BES pretty/RB scary/JJ",,
sw09utt/sw_0965_2263.utt,2/sw2263,2263,174,sv,B,101,3,"{C but, } {F uh, }","but/CC ,/, uh/UH ,/,",,
sw09utt/sw_0965_2263.utt,2/sw2263,2263,175,x,A,102,1,<Laughter>.,,,
sw09utt/sw_0965_2263.utt,2/sw2263,2263,176,+,B,103,1,"after that you realize they are just as afraid of you, too. /","after/IN that/DT you/PRP realize/VBP they/PRP are/VBP just/RB as/RB afraid/JJ of/IN you/PRP ,/, too/RB ./.",,
sw09utt/sw_0965_2263.utt,2/sw2263,2263,177,aa,A,104,1,"Yeah,  /","Yeah/UH ,/,",,
sw09utt/sw_0965_2263.utt,2/sw2263,2263,178,sv,A,104,2,"they're usually more afraid of you than you are of them, usually. /","they/PRP 're/VBP usually/RB more/RBR afraid/JJ of/IN you/PRP than/IN you/PRP are/VBP of/IN them/PRP ,/, usually/RB ./.",,
sw09utt/sw_0965_2263.utt,2/sw2263,2263,179,%,B,105,1,"{C But, } {F uh, } -/","But/CC ,/, uh/UH ,/,",,
sw09utt/sw_0965_2263.utt,2/sw2263,2263,180,sd,A,106,1,They're on the increase in this area. /,They/PRP 're/VBP on/IN the/DT increase/NN in/IN this/DT area/NN ./.,,
sw09utt/sw_0965_2263.utt,2/sw2263,2263,181,bh,B,107,1,"{F Oh, } really? /","Oh/UH ,/, really/UH ?/.",,
sw09utt/sw_0965_2263.utt,2/sw2263,2263,182,ny,A,108,1,Uh-huh. /,Uh-huh/UH ./.,,
sw09utt/sw_0965_2263.utt,2/sw2263,2263,183,%,B,109,1,"I don't know if, - /","I/PRP do/VBP n't/RB know/VB if/IN ,/,",,
sw09utt/sw_0965_2263.utt,2/sw2263,2263,184,qy^g,B,109,2,they don't have them up there do they? /,they/PRP do/VBP n't/RB have/VB them/PRP up/IN there/RB do/VBP they/PRP ?/.,,
sw09utt/sw_0965_2263.utt,2/sw2263,2263,185,qy^h,A,110,1,The black bear. /,The/DT black/JJ bear/NN ./.,,
sw09utt/sw_0965_2263.utt,2/sw2263,2263,186,ny,B,111,1,# Yeah. # /,Yeah/UH ./.,,
sw09utt/sw_0965_2263.utt,2/sw2263,2263,187,ny^m,A,112,1,"# {F Oh, } yeah. # /","Oh/UH ,/, yeah/UH ./.",,
sw09utt/sw_0965_2263.utt,2/sw2263,2263,188,bh,B,113,1,"# {F Oh, } do they? # /","Oh/UH ,/, do/VBP they/PRP ?/.",,
sw09utt/sw_0965_2263.utt,2/sw2263,2263,189,ny,A,114,1,"# Yeah,  /","Yeah/UH ,/,",,
sw09utt/sw_0965_2263.utt,2/sw2263,2263,190,sd^e,A,114,2,# the population's been really up.  /,the/DT population/NN 's/HVS been/VBN really/RB up/RB ./.,,
sw09utt/sw_0965_2263.utt,2/sw2263,2263,191,sd,A,114,3,"[ They've, + {F uh, } they've ] had longer hunting seasons than that even to get rid of more of them, because they were, {F uh, } increasing so much. /","They/PRP 've/VBP ,/, uh/UH ,/, they/PRP 've/VBP had/VBN longer/JJR hunting/NN seasons/NNS than/IN that/DT even/RB to/TO get/VB rid/VBN of/IN more/JJR of/IN them/PRP ,/, because/IN they/PRP were/VBD ,/, uh/UH ,/, increasing/VBG so/RB much/JJ ./.",,
sw09utt/sw_0965_2263.utt,2/sw2263,2263,192,b,B,115,1,"Yeah,  /","Yeah/UH ,/,",,
sw09utt/sw_0965_2263.utt,2/sw2263,2263,193,sd,B,115,2,"[ they, + down here [ they, + they ] ] stopped for awhile  /","they/PRP ,/, down/IN here/RB they/PRP ,/, they/PRP stopped/VBD for/IN awhile/RB",,
sw09utt/sw_0965_2263.utt,2/sw2263,2263,194,sd,B,115,3,{C or } they really made it hard to hunt them. /,or/CC they/PRP really/RB made/VBD it/PRP hard/JJ to/TO hunt/VB them/PRP ./.,,
sw09utt/sw_0965_2263.utt,2/sw2263,2263,195,b,A,116,1,Uh-huh. /,Uh-huh/UH ./.,,
sw09utt/sw_0965_2263.utt,2/sw2263,2263,196,sd,B,117,1,"I don't know what it's like now,  /","I/PRP do/VBP n't/RB know/VB what/WP it/PRP 's/BES like/IN now/RB ,/,",,
sw09utt/sw_0965_2263.utt,2/sw2263,2263,197,sd,B,117,2,I haven't been back up there in awhile. /,I/PRP have/VBP n't/RB been/VBN back/RB up/IN there/RB in/IN awhile/RB ./.,,
sw09utt/sw_0965_2263.utt,2/sw2263,2263,198,b,A,118,1,Yeah.  /,Yeah/UH ./.,,
sw09utt/sw_0965_2263.utt,2/sw2263,2263,199,sd,A,118,2,"{C But, } {F uh, } [ we, + we ] really like camping.  /","But/CC ,/, uh/UH ,/, we/PRP ,/, we/PRP really/RB like/VBP camping/NN ./.",,
sw09utt/sw_0965_2263.utt,2/sw2263,2263,200,sd,A,118,3,"[ I, + I ] must say that, {F uh, } [ we ha-, + we really have ] a lot of fun, a lot of memories in that from camping  /","I/PRP ,/, I/PRP must/MD say/VB that/IN ,/, uh/UH ,/, we/PRP ha/VBP ,/, we/PRP really/RB have/VBP a/DT lot/NN of/IN fun/NN ,/, a/DT lot/NN of/IN memories/NNS in/IN that/DT from/IN camping/NN",,
sw09utt/sw_0965_2263.utt,2/sw2263,2263,201,%,A,118,4,"{C and, } {F uh. } -/","and/CC ,/, uh/UH ./.",,
sw09utt/sw_0965_2263.utt,2/sw2263,2263,202,sv,B,119,1,"{D Well, } it's good to get out and smell some fresh air, too. /","Well/UH ,/, it/PRP 's/BES good/JJ to/TO get/VB out/RB and/CC smell/VB some/DT fresh/JJ air/NN ,/, too/RB ./.",,
sw09utt/sw_0965_2263.utt,2/sw2263,2263,203,aa,A,120,1,Yeah.  /,Yeah/UH ./.,,
sw09utt/sw_0965_2263.utt,2/sw2263,2263,204,aa^r,A,120,2,Yeah. /,Yeah/UH ./.,,
sw09utt/sw_0965_2263.utt,2/sw2263,2263,205,%,B,121,1,"{D So, } -/","So/RB ,/,",,
sw09utt/sw_0965_2263.utt,2/sw2263,2263,206,sv,A,122,1,"[ It's just, + {C so, } it's ] a lot of work, too -- /","It/PRP 's/BES just/RB ,/, so/RB ,/, it/PRP 's/BES a/DT lot/NN of/IN work/NN ,/, too/RB --/:",,
sw09utt/sw_0965_2263.utt,2/sw2263,2263,207,b,B,123,1,Yeah. /,Yeah/UH ./.,,
sw09utt/sw_0965_2263.utt,2/sw2263,2263,208,sv,A,124,1,"-- it's, {F uh, } [ get-, + {D you know, } getting ] ready and taking care of everything.  /","--/: it/PRP 's/BES ,/, uh/UH ,/, get/VBG ,/, you/PRP know/VBP ,/, getting/VBG ready/JJ and/CC taking/VBG care/NN of/IN everything/NN ./.",,
sw09utt/sw_0965_2263.utt,2/sw2263,2263,209,sv,A,124,2,"{C But } [ it's, + {F um, } it's ] really refreshing.  /","But/CC it/PRP 's/BES ,/, um/UH ,/, it/PRP 's/BES really/RB refreshing/JJ ./.",,
sw09utt/sw_0965_2263.utt,2/sw2263,2263,210,%,A,124,3,"{C So, } -/","So/RB ,/,",,
sw09utt/sw_0965_2263.utt,2/sw2263,2263,211,fc,B,125,1,"{D Well, } I think we're about to run out of our time. /","Well/UH ,/, I/PRP think/VBP we/PRP 're/VBP about/RB to/TO run/VB out/IN of/IN our/PRP$ time/NN ./.",,
sw09utt/sw_0965_2263.utt,2/sw2263,2263,212,fc,A,126,1,I think so <laughter>.  /,I/PRP think/VBP so/RB ./.,,
sw09utt/sw_0965_2263.utt,2/sw2263,2263,213,fc,A,126,2,"{D Well, } it was really good hearing from you  /","Well/UH ,/, it/PRP was/VBD really/RB good/JJ hearing/VBG from/IN you/PRP",,
sw09utt/sw_0965_2263.utt,2/sw2263,2263,214,fc,A,126,3,{C and } --,and/CC --/:,,
sw09utt/sw_0965_2263.utt,2/sw2263,2263,215,fc,B,127,1,Yeah. /,Yeah/UH ./.,,
sw09utt/sw_0965_2263.utt,2/sw2263,2263,216,+,A,128,1,"-- I hope you get back into camping again, and do a little more of it. /","--/: I/PRP hope/VBP you/PRP get/VBP back/RB into/IN camping/NN again/RB ,/, and/CC do/VBP a/DT little/RB more/JJR of/IN it/PRP ./.",,
sw09utt/sw_0965_2263.utt,2/sw2263,2263,217,fc,B,129,1,Yeah.  /,Yeah/UH ./.,,
sw09utt/sw_0965_2263.utt,2/sw2263,2263,218,fc,B,129,2,"I'm sure, I will. /","I/PRP 'm/VBP sure/JJ ,/, I/PRP will/MD ./.",,
sw09utt/sw_0965_2263.utt,2/sw2263,2263,219,fc,A,130,1,Okay.  /,Okay/UH ./.,,
sw09utt/sw_0965_2263.utt,2/sw2263,2263,220,fc,A,130,2,"Thanks a lot,  /","Thanks/NNS a/DT lot/NN ,/,",,
sw09utt/sw_0965_2263.utt,2/sw2263,2263,221,fc,A,130,3,{C and } you have a good day. /,and/CC you/PRP have/VBP a/DT good/JJ day/NN ./.,,
sw09utt/sw_0965_2263.utt,2/sw2263,2263,222,fc,B,131,1,"You, too. /","You/PRP ,/, too/RB ./.",,
sw09utt/sw_0965_2263.utt,2/sw2263,2263,223,fc,A,132,1,Bye-bye. /,Bye-bye/UH ./.,,
sw09utt/sw_0965_2263.utt,2/sw2263,2263,224,fc,B,133,1,Bye. /,Bye/UH ./.,,
