swda_filename,ptb_basename,conversation_no,transcript_index,act_tag,caller,utterance_index,subutterance_index,text,pos,trees,ptb_treenumbers
sw07utt/sw_0703_2661.utt,2/sw2661,2661,0,o,B,1,1,{D So } eating out.  /,So/UH eating/NN out/RP ./.,,
sw07utt/sw_0703_2661.utt,2/sw2661,2661,1,qw,B,1,2,What are you interested in in restaurants? /,What/WP are/VBP you/PRP interested/JJ in/IN in/IN restaurants/NNS ?/.,,
sw07utt/sw_0703_2661.utt,2/sw2661,2661,2,b,A,2,1,"Right, {F uh. }  /","Right/UH ,/, uh/UH ./.",,
sw07utt/sw_0703_2661.utt,2/sw2661,2661,3,"sd,o@",A,2,2,"We eat out quite a bit, it's just my  husband and I at home now.  /  *[[ 2 slash units? ]]","We/PRP eat/VBP out/RP quite/RB a/DT bit/NN ,/, it/PRP 's/BES just/RB my/PRP$ husband/NN and/CC I/PRP at/IN home/NN now/RB ./.",,
sw07utt/sw_0703_2661.utt,2/sw2661,2661,4,%,A,2,3,{C So. } -/,So/RB ./.,,
sw07utt/sw_0703_2661.utt,2/sw2661,2661,5,qy,B,3,1,"{F Uh, } once a week, twice a week? /","Uh/UH ,/, once/RB a/DT week/NN ,/, twice/RB a/DT week/NN ?/.",,
sw07utt/sw_0703_2661.utt,2/sw2661,2661,6,sd,A,4,1,"{F Oh, } at least once a week.  /","Oh/UH ,/, at/IN least/JJS once/RB a/DT week/NN ./.",,
sw07utt/sw_0703_2661.utt,2/sw2661,2661,7,sd,A,4,2,"[ We're, + we're ]  retired now.  /","We/PRP 're/VBP ,/, we/PRP 're/VBP retired/JJ now/RB ./.",,
sw07utt/sw_0703_2661.utt,2/sw2661,2661,8,sd,A,4,3,When we working out we ate out more than that <laughter>. /,When/WRB we/PRP working/VBG out/RP we/PRP ate/VBD out/RP more/JJR than/IN that/DT ./.,,
sw07utt/sw_0703_2661.utt,2/sw2661,2661,9,b,B,5,1,"Yeah,  /","Yeah/UH ,/,",,
sw07utt/sw_0703_2661.utt,2/sw2661,2661,10,ba,B,5,2,I understand. /,I/PRP understand/VBP ./.,,
sw07utt/sw_0703_2661.utt,2/sw2661,2661,11,o@,A,6,1,{F Uh. }  *[[ slash error ]],Uh/UH ./.,,
sw07utt/sw_0703_2661.utt,2/sw2661,2661,12,sd,B,7,1,"{F Uh, } {C but } we both work  /","Uh/UH ,/, but/CC we/PRP both/DT work/VBP",,
sw07utt/sw_0703_2661.utt,2/sw2661,2661,13,sd,B,7,2,"{C and } we have a  daughter,  /","and/CC we/PRP have/VBP a/DT daughter/NN ,/,",,
sw07utt/sw_0703_2661.utt,2/sw2661,2661,14,sd,B,7,3,{C and } we normally manage to eat out once a week anyway. /,and/CC we/PRP normally/RB manage/VBP to/TO eat/VB out/RP once/RB a/DT week/NN anyway/RB ./.,,
sw07utt/sw_0703_2661.utt,2/sw2661,2661,15,+@,A,8,1,Uh-huh.  /  *[[slash error]],Uh-huh/UH ./.,,
sw07utt/sw_0703_2661.utt,2/sw2661,2661,16,qw,A,8,2,"{D Well, } what type of restaurant do you like, Richard? /","Well/UH ,/, what/WDT type/NN of/IN restaurant/NN do/VBP you/PRP like/IN ,/, Richard/NNP ?/.",,
sw07utt/sw_0703_2661.utt,2/sw2661,2661,17,sd,B,9,1,"{F Uh, } really, I'm kind of open on food.  /","Uh/UH ,/, really/RB ,/, I/PRP 'm/VBP kind/RB of/RB open/JJ on/IN food/NN ./.",,
sw07utt/sw_0703_2661.utt,2/sw2661,2661,18,sd,B,9,2,I'm what you might  call a culinary adventurer.  /,I/PRP 'm/VBP what/WP you/PRP might/MD call/VB a/DT culinary/JJ adventurer/NN ./.,,
sw07utt/sw_0703_2661.utt,2/sw2661,2661,19,sd,B,9,3,"I'll,","I/PRP 'll/MD ,/,",,
sw07utt/sw_0703_2661.utt,2/sw2661,2661,20,x,A,10,1,<Laughter>.,,,
sw07utt/sw_0703_2661.utt,2/sw2661,2661,21,+,B,11,1,"{F uh, } try anything once. /","uh/UH ,/, try/VB anything/NN once/RB ./.",,
sw07utt/sw_0703_2661.utt,2/sw2661,2661,22,b,A,12,1,Right. /,Right/UH ./.,,
sw07utt/sw_0703_2661.utt,2/sw2661,2661,23,sd,B,13,1,Been on a real barbecue kick lately. /,Been/VBN on/IN a/DT real/JJ barbecue/NN kick/NN lately/RB ./.,,
sw07utt/sw_0703_2661.utt,2/sw2661,2661,24,bh,A,14,1,{F Oh } have you? /,Oh/UH have/VBP you/PRP ?/.,,
sw07utt/sw_0703_2661.utt,2/sw2661,2661,25,ny,B,15,1,Yeah. /,Yeah/UH ./.,,
sw07utt/sw_0703_2661.utt,2/sw2661,2661,26,sd,A,16,1,We like Chinese.  /,We/PRP like/VBP Chinese/JJ ./.,,
sw07utt/sw_0703_2661.utt,2/sw2661,2661,27,sd,A,16,2,"We eat,","We/PRP eat/VBP ,/,",,
sw07utt/sw_0703_2661.utt,2/sw2661,2661,28,x,B,17,1,<Cough>.,,,
sw07utt/sw_0703_2661.utt,2/sw2661,2661,29,+,A,18,1,a lot of Chinese food. /,a/DT lot/NN of/IN Chinese/JJ food/NN ./.,,
sw07utt/sw_0703_2661.utt,2/sw2661,2661,30,b,B,19,1,"{E Excuse me. }  {F Uh, } yeah,  /","Excuse/VB me/PRP ./. Uh/UH ,/, yeah/UH ,/,",,
sw07utt/sw_0703_2661.utt,2/sw2661,2661,31,sd,B,19,2,we usually have  Chinese once a month. /,we/PRP usually/RB have/VBP Chinese/JJ once/RB a/DT month/NN ./.,,
sw07utt/sw_0703_2661.utt,2/sw2661,2661,32,qw,A,20,1,What do you look for in a restaurant? /,What/WP do/VBP you/PRP look/VB for/IN in/IN a/DT restaurant/NN ?/.,,
sw07utt/sw_0703_2661.utt,2/sw2661,2661,33,sd,B,21,1,I hate franchised restaurants. /,I/PRP hate/VBP franchised/JJ restaurants/NNS ./.,,
sw07utt/sw_0703_2661.utt,2/sw2661,2661,34,br,A,22,1,You what?  /,You/PRP what/WP ?/.,,
sw07utt/sw_0703_2661.utt,2/sw2661,2661,35,%,A,22,2,"You, -/","You/PRP ,/,",,
sw07utt/sw_0703_2661.utt,2/sw2661,2661,36,sd^r,B,23,1,I despise --,I/PRP despise/VBP --/:,,
sw07utt/sw_0703_2661.utt,2/sw2661,2661,37,%,A,24,1,"{F Oh } I, -/","Oh/UH I/PRP ,/,",,
sw07utt/sw_0703_2661.utt,2/sw2661,2661,38,+,B,25,1,-- franchised restaurants.  /,--/: franchised/JJ restaurants/NNS ./.,,
sw07utt/sw_0703_2661.utt,2/sw2661,2661,39,sd,B,25,2,"[ [ I, + I, ] + I ]  always prefer to go to something that seems more family run.","I/PRP ,/, I/PRP ,/, I/PRP always/RB prefer/VBP to/TO go/VB to/IN something/NN that/WDT seems/VBZ more/JJR family/NN run/JJ ./.",,
sw07utt/sw_0703_2661.utt,2/sw2661,2661,40,b,A,26,1,Right. /,Right/UH ./.,,
sw07utt/sw_0703_2661.utt,2/sw2661,2661,41,+,B,27,1,"{F Uh, } some place where you seem to have the attitude like you're going into their home for dinner almost. /","Uh/UH ,/, some/DT place/NN where/WRB you/PRP seem/VBP to/TO have/VB the/DT attitude/NN like/IN you/PRP 're/VBP going/VBG into/IN their/PRP$ home/NN for/IN dinner/NN almost/RB ./.",,
sw07utt/sw_0703_2661.utt,2/sw2661,2661,42,sd,A,28,1,I know what you mean.  /,I/PRP know/VBP what/WP you/PRP mean/VBP ./.,,
sw07utt/sw_0703_2661.utt,2/sw2661,2661,43,sd,A,28,2,"I like some ambiance,  /","I/PRP like/VBP some/DT ambiance/NN ,/,",,
sw07utt/sw_0703_2661.utt,2/sw2661,2661,44,sd,A,28,3,{C and } I  like good food.  /,and/CC I/PRP like/VBP good/JJ food/NN ./.,,
sw07utt/sw_0703_2661.utt,2/sw2661,2661,45,sd,A,28,4,I don't like fast food hamburgers <laughter> and all of that. /,I/PRP do/VBP n't/RB like/VB fast/JJ food/NN hamburgers/NNS and/CC all/DT of/IN that/DT ./.,,
sw07utt/sw_0703_2661.utt,2/sw2661,2661,46,sd,B,29,1,"I don't,  /","I/PRP do/VBP n't/RB ,/,",,
sw07utt/sw_0703_2661.utt,2/sw2661,2661,47,sd,B,29,2,{C but } I don't like something fake or put on either. /,but/CC I/PRP do/VBP n't/RB like/IN something/NN fake/JJ or/CC put/VBN on/RP either/RB ./.,,
sw07utt/sw_0703_2661.utt,2/sw2661,2661,48,b,A,30,1,Uh-huh. /,Uh-huh/UH ./.,,
sw07utt/sw_0703_2661.utt,2/sw2661,2661,49,sd,B,31,1,"{D You know, } if I could have a good small restaurant or a good large restaurant I'd go to the good small restaurant. /","You/PRP know/VBP ,/, if/IN I/PRP could/MD have/VB a/DT good/JJ small/JJ restaurant/NN or/CC a/DT good/JJ large/JJ restaurant/NN I/PRP 'd/MD go/VB to/IN the/DT good/JJ small/JJ restaurant/NN ./.",,
sw07utt/sw_0703_2661.utt,2/sw2661,2661,50,b,A,32,1,Uh-huh. /,Uh-huh/UH ./.,,
sw07utt/sw_0703_2661.utt,2/sw2661,2661,51,sd,B,33,1,{C And } <breathing> I don't know why that is.  /,And/CC I/PRP do/VBP n't/RB know/VB why/WRB that/DT is/VBZ ./.,,
sw07utt/sw_0703_2661.utt,2/sw2661,2661,52,sd,B,33,2,"I think it's  probably due to pricing, often. /","I/PRP think/VBP it/PRP 's/BES probably/RB due/IN to/IN pricing/NN ,/, often/RB ./.",,
sw07utt/sw_0703_2661.utt,2/sw2661,2661,53,aa,A,34,1,"Right,  /","Right/UH ,/,",,
sw07utt/sw_0703_2661.utt,2/sw2661,2661,54,aa,A,34,2,uh-huh.  /,uh-huh/UH ./.,,
sw07utt/sw_0703_2661.utt,2/sw2661,2661,55,sd,A,34,3,I don't care to go to a place just for the price of it <laughter>. /,I/PRP do/VBP n't/RB care/VB to/TO go/VB to/IN a/DT place/NN just/RB for/IN the/DT price/NN of/IN it/PRP ./.,,
sw07utt/sw_0703_2661.utt,2/sw2661,2661,56,aa,B,35,1,"{D Well, } yeah,  /","Well/UH ,/, yeah/UH ,/,",,
sw07utt/sw_0703_2661.utt,2/sw2661,2661,57,aa^r,B,35,2,"yeah, /","yeah/UH ,/,",,
sw07utt/sw_0703_2661.utt,2/sw2661,2661,58,sd,A,36,1,"{E I mean, } it's like continental French restaurant or something really --","I/PRP mean/VBP ,/, it/PRP 's/BES like/IN continental/JJ French/JJ restaurant/NN or/CC something/NN really/RB --/:",,
sw07utt/sw_0703_2661.utt,2/sw2661,2661,59,b,B,37,1,Yeah. /,Yeah/UH ./.,,
sw07utt/sw_0703_2661.utt,2/sw2661,2661,60,+,A,38,1,-- with high prices  /,--/: with/IN high/JJ prices/NNS,,
sw07utt/sw_0703_2661.utt,2/sw2661,2661,61,sd,A,38,2,{C and } seven courses isn't  what I usually look for <laughter>. /,and/CC seven/CD courses/NNS is/VBZ n't/RB what/WP I/PRP usually/RB look/VBP for/RB ./.,,
sw07utt/sw_0703_2661.utt,2/sw2661,2661,62,br^m,B,39,1,It is what you look for? /,It/PRP is/VBZ what/WP you/PRP look/VBP for/RB ?/.,,
sw07utt/sw_0703_2661.utt,2/sw2661,2661,63,"ng^r,o@",A,40,1,"It isn't,  {D no }  that isn't what I look for. /   *[[ More than 1 slash unit? ]]","It/PRP is/VBZ n't/RB ,/, no/UH that/DT is/VBZ n't/RB what/WP I/PRP look/VBP for/RB ./.",,
sw07utt/sw_0703_2661.utt,2/sw2661,2661,64,b^m,B,41,1,"{F Oh, } [ isn't, + isn't. ] - /","Oh/UH ,/, is/VBZ n't/RB ,/, is/VBZ n't/RB ./.",,
sw07utt/sw_0703_2661.utt,2/sw2661,2661,65,sd,B,41,2,"{F Uh, } I try to get my money's worth. /","Uh/UH ,/, I/PRP try/VBP to/TO get/VB my/PRP$ money/NN 's/POS worth/NN ./.",,
sw07utt/sw_0703_2661.utt,2/sw2661,2661,66,aa,A,42,1,Right <laughter>. /,Right/UH ./.,,
sw07utt/sw_0703_2661.utt,2/sw2661,2661,67,sd,B,43,1,"{C And } not just that, [ I try to, +  {A {D well, } that's a big part of it. }  I try to ] get my money's worth.","And/CC not/RB just/RB that/DT ,/, I/PRP try/VBP to/IN ,/, well/RB ,/, that/DT 's/BES a/DT big/JJ part/NN of/IN it/PRP ./. I/PRP try/VBP to/TO get/VB my/PRP$ money/NN 's/POS worth/NN ./.",,
sw07utt/sw_0703_2661.utt,2/sw2661,2661,68,b,A,44,1,Uh-huh. /,Uh-huh/UH ./.,,
sw07utt/sw_0703_2661.utt,2/sw2661,2661,69,+,B,45,1,"{D You know, } and not just in quantity, {D you know, }  but quality, [ and, + and ] flavor and texture and care. /","You/PRP know/VBP ,/, and/CC not/RB just/RB in/IN quantity/NN ,/, you/PRP know/VBP ,/, but/CC quality/NN ,/, and/CC ,/, and/CC flavor/NN and/CC texture/NN and/CC care/NN ./.",,
sw07utt/sw_0703_2661.utt,2/sw2661,2661,70,bf,A,46,1,Presentation  /,Presentation/NN,,
sw07utt/sw_0703_2661.utt,2/sw2661,2661,71,%,A,46,2,"{C and, } -/","and/CC ,/,",,
sw07utt/sw_0703_2661.utt,2/sw2661,2661,72,arp,B,47,1,"{D Well, } presentation's not always all of it either. /","Well/UH ,/, presentation/NN 's/BES not/RB always/RB all/DT of/IN it/PRP either/RB ./.",,
sw07utt/sw_0703_2661.utt,2/sw2661,2661,73,sd,A,48,1,"{D Well, } like --","Well/UH ,/, like/IN --/:",,
sw07utt/sw_0703_2661.utt,2/sw2661,2661,74,sv,B,49,1,"[ It's, + it's ] important. /","It/PRP 's/BES ,/, it/PRP 's/BES important/JJ ./.",,
sw07utt/sw_0703_2661.utt,2/sw2661,2661,75,+,A,50,1,"-- [ we, + we've ] been eating some in a restaurant [ that + <throat_clearing> that ] just changed hands recently,  /","--/: we/PRP ,/, we/PRP 've/VBP been/VBN eating/VBG some/DT in/NN a/DT restaurant/NN that/WDT that/WDT just/RB changed/VBN hands/NNS recently/RB ,/,",,
sw07utt/sw_0703_2661.utt,2/sw2661,2661,76,sd,A,50,2,{C and } we're trying to give  them a little patronage.  /,and/CC we/PRP 're/VBP trying/VBG to/TO give/VB them/PRP a/DT little/JJ patronage/NN ./.,,
sw07utt/sw_0703_2661.utt,2/sw2661,2661,77,sd,A,50,3,"{C But } Sunday we went there,  /","But/CC Sunday/NNP we/PRP went/VBD there/RB ,/,",,
sw07utt/sw_0703_2661.utt,2/sw2661,2661,78,sd,A,50,4,{C and } I had a pretty good meal of grilled pork chops and a baked apple and potatoes. /,and/CC I/PRP had/VBD a/DT pretty/RB good/JJ meal/NN of/IN grilled/JJ pork/NN chops/NNS and/CC a/DT baked/JJ apple/NN and/CC potatoes/NNS ./.,,
sw07utt/sw_0703_2661.utt,2/sw2661,2661,79,b,B,51,1,Uh-huh. /,Uh-huh/UH ./.,,
sw07utt/sw_0703_2661.utt,2/sw2661,2661,80,sd,A,52,1,"{C So } I said if they would just add a little bit of cranberry sauce, something like that <laughter>. /","So/RB I/PRP said/VBD if/IN they/PRP would/MD just/RB add/VB a/DT little/JJ bit/NN of/IN cranberry/NN sauce/NN ,/, something/NN like/IN that/DT ./.",,
sw07utt/sw_0703_2661.utt,2/sw2661,2661,81,aa,B,53,1,"Yeah,  /","Yeah/UH ,/,",,
sw07utt/sw_0703_2661.utt,2/sw2661,2661,82,aa^r,B,53,2,"yeah,  /","yeah/UH ,/,",,
sw07utt/sw_0703_2661.utt,2/sw2661,2661,83,bf,B,53,3,something a little extra -- /,something/NN a/DT little/JJ extra/JJ --/:,,
sw07utt/sw_0703_2661.utt,2/sw2661,2661,84,aa,A,54,1,"Yeah,  /","Yeah/UH ,/,",,
sw07utt/sw_0703_2661.utt,2/sw2661,2661,85,sd,A,54,2,"that's what I mean by, -/","that/DT 's/BES what/WP I/PRP mean/VBP by/IN ,/,",,
sw07utt/sw_0703_2661.utt,2/sw2661,2661,86,sd,B,55,1,-- and just for color if nothing else. /,--/: and/CC just/RB for/IN color/NN if/IN nothing/NN else/RB ./.,,
sw07utt/sw_0703_2661.utt,2/sw2661,2661,87,aa,A,56,1,"Right,  /","Right/UH ,/,",,
sw07utt/sw_0703_2661.utt,2/sw2661,2661,88,aa^r,A,56,2,uh-huh.  /,uh-huh/UH ./.,,
sw07utt/sw_0703_2661.utt,2/sw2661,2661,89,sv,A,56,3,It would mean a lot to the looks of the plate. /,It/PRP would/MD mean/VB a/DT lot/NN to/IN the/DT looks/NNS of/IN the/DT plate/NN ./.,,
sw07utt/sw_0703_2661.utt,2/sw2661,2661,90,aa,B,57,1,"Yeah,  /","Yeah/UH ,/,",,
sw07utt/sw_0703_2661.utt,2/sw2661,2661,91,aa^r,B,57,2,yeah.  /,yeah/UH ./.,,
sw07utt/sw_0703_2661.utt,2/sw2661,2661,92,sd,B,57,3,"What I miss up here is,  I'm originally a Texan, and I miss home cooked Mexican. /","What/WP I/PRP miss/VBP up/IN here/RB is/VBZ ,/, I/PRP 'm/VBP originally/RB a/DT Texan/NNP ,/, and/CC I/PRP miss/VBP home/NN cooked/RB Mexican/JJ ./.",,
sw07utt/sw_0703_2661.utt,2/sw2661,2661,93,bf,A,58,1,"Tex-Mex, Tex-Mex. /","Tex-Mex/NNP ,/, Tex-Mex/NNP ./.",,
sw07utt/sw_0703_2661.utt,2/sw2661,2661,94,aa,B,59,1,"Yeah,  /","Yeah/UH ,/,",,
sw07utt/sw_0703_2661.utt,2/sw2661,2661,95,b^m,B,59,2,home cooked Tex-Mex. /,home/NN cooked/RB Tex-Mex/NNP ./.,,
sw07utt/sw_0703_2661.utt,2/sw2661,2661,96,x,A,60,1,<Laughter>.,,,
sw07utt/sw_0703_2661.utt,2/sw2661,2661,97,sd,B,61,1,"{F Uh, } Mexican restaurants where it's not owned by an Anglo or a corporation. /","Uh/UH ,/, Mexican/JJ restaurants/NNS where/WRB it/PRP 's/BES not/RB owned/VBN by/IN an/DT Anglo/NNP or/CC a/DT corporation/NN ./.",,
sw07utt/sw_0703_2661.utt,2/sw2661,2661,98,aa,A,62,1,"Right,  /","Right/UH ,/,",,
sw07utt/sw_0703_2661.utt,2/sw2661,2661,99,sd,A,62,2,I know.  /,I/PRP know/VBP ./.,,
sw07utt/sw_0703_2661.utt,2/sw2661,2661,100,sd,A,62,3,"{F Uh, } we have a daughter in  Texas and one in New Mexico,  /","Uh/UH ,/, we/PRP have/VBP a/DT daughter/NN in/IN Texas/NNP and/CC one/CD in/IN New/NNP Mexico/NNP ,/,",,
sw07utt/sw_0703_2661.utt,2/sw2661,2661,101,sd,A,62,4,"{C and }  we've really gotten to like, - /","and/CC we/PRP 've/VBP really/RB gotten/VBN to/TO like/VB ,/,",,
sw07utt/sw_0703_2661.utt,2/sw2661,2661,102,sd,A,62,5,we like the real Mexican food --,we/PRP like/VBP the/DT real/JJ Mexican/JJ food/NN --/:,,
sw07utt/sw_0703_2661.utt,2/sw2661,2661,103,b,B,63,1,Yeah. /,Yeah/UH ./.,,
sw07utt/sw_0703_2661.utt,2/sw2661,2661,104,+,A,64,1,-- better than Tex-Mex. /,--/: better/JJR than/IN Tex-Mex/NNP ./.,,
sw07utt/sw_0703_2661.utt,2/sw2661,2661,105,sd,B,65,1,"{D Well, } there's real Mexican food  /","Well/UH ,/, there/EX 's/BES real/RB Mexican/JJ food/NN",,
sw07utt/sw_0703_2661.utt,2/sw2661,2661,106,sd,B,65,2,"{C and } there's  real Tex-Mex Mexican, {D you know, } by third or fourth generation Americans --","and/CC there/EX 's/BES real/RB Tex-Mex/JJ Mexican/JJ ,/, you/PRP know/VBP ,/, by/IN third/JJ or/CC fourth/JJ generation/NN Americans/NNPS --/:",,
sw07utt/sw_0703_2661.utt,2/sw2661,2661,107,b,A,66,1,Right. /,Right/UH ./.,,
sw07utt/sw_0703_2661.utt,2/sw2661,2661,108,+,B,67,1,-- of Hispanic heritage. /,--/: of/IN Hispanic/NNP heritage/NN ./.,,
sw07utt/sw_0703_2661.utt,2/sw2661,2661,109,qy^g,A,68,1,"It's all pretty good, isn't it? /","It/PRP 's/BES all/DT pretty/RB good/JJ ,/, is/VBZ n't/RB it/PRP ?/.",,
sw07utt/sw_0703_2661.utt,2/sw2661,2661,110,ny,B,69,1,"{F Oh, } yes,  /","Oh/UH ,/, yes/UH ,/,",,
sw07utt/sw_0703_2661.utt,2/sw2661,2661,111,sv^e,B,69,2,"[ {C and, } + {C and } ] there's big differences, of course,  /","and/CC ,/, and/CC there/EX 's/BES big/JJ differences/NNS ,/, of/IN course/NN ,/,",,
sw07utt/sw_0703_2661.utt,2/sw2661,2661,112,sv,B,69,3,"{C and, } of course, when you talk about Mexican cuisine [ you, + ] that's kind  of like talking about American food or Chinese food, <noise>  <<dishes in background>>  because <<pause>> it's regional, too. /","and/CC ,/, of/IN course/NN ,/, when/WRB you/PRP talk/VBP about/IN Mexican/JJ cuisine/NN you/PRP ,/, that/DT 's/BES kind/RB of/RB like/IN talking/VBG about/IN American/JJ food/NN or/CC Chinese/JJ food/NN ,/, because/IN it/PRP 's/BES regional/JJ ,/, too/RB ./.",,
sw07utt/sw_0703_2661.utt,2/sw2661,2661,113,aa,A,70,1,"Right,  /","Right/UH ,/,",,
sw07utt/sw_0703_2661.utt,2/sw2661,2661,114,aa,A,70,2,"uh-huh,  /","uh-huh/UH ,/,",,
sw07utt/sw_0703_2661.utt,2/sw2661,2661,115,aa,A,70,3,that's true. /,that/DT 's/BES true/JJ ./.,,
sw07utt/sw_0703_2661.utt,2/sw2661,2661,116,%,B,71,1,{C So. } -/,So/RB ./.,,
sw07utt/sw_0703_2661.utt,2/sw2661,2661,117,sd,A,72,1,"I'm originally from Maine,  /","I/PRP 'm/VBP originally/RB from/IN Maine/NNP ,/,",,
sw07utt/sw_0703_2661.utt,2/sw2661,2661,118,sd,A,72,2,"{C so } we like seafood, too.  /","so/RB we/PRP like/VBP seafood/NN ,/, too/RB ./.",,
sw07utt/sw_0703_2661.utt,2/sw2661,2661,119,sd,A,72,3,"{C And } that's something we don't get here,  /","And/CC that/DT 's/BES something/NN we/PRP do/VBP n't/RB get/VB here/RB ,/,",,
sw07utt/sw_0703_2661.utt,2/sw2661,2661,120,sd,A,72,4,{C and } we're in the mountains in Virginia. /,and/CC we/PRP 're/VBP in/IN the/DT mountains/NNS in/IN Virginia/NNP ./.,,
sw07utt/sw_0703_2661.utt,2/sw2661,2661,121,b,B,73,1,Oh. /,Oh/UH ./.,,
sw07utt/sw_0703_2661.utt,2/sw2661,2661,122,sd,A,74,1,{C And } most of the seafood's frozen. /,And/CC most/RBS of/IN the/DT seafood/NN 's/BES frozen/JJ ./.,,
sw07utt/sw_0703_2661.utt,2/sw2661,2661,123,aa,B,75,1,"{F Uh, } yeah  /","Uh/UH ,/, yeah/UH",,
sw07utt/sw_0703_2661.utt,2/sw2661,2661,124,sd,B,75,2,"that's the way it is here in Colorado, also.  /","that/DT 's/BES the/DT way/NN it/PRP is/VBZ here/RB in/IN Colorado/NNP ,/, also/RB ./.",,
sw07utt/sw_0703_2661.utt,2/sw2661,2661,125,sd,B,75,3,"No fresh, or almost no fresh seafood -- /","No/DT fresh/JJ ,/, or/CC almost/RB no/DT fresh/JJ seafood/NN --/:",,
sw07utt/sw_0703_2661.utt,2/sw2661,2661,126,aa,A,76,1,Right. /,Right/UH ./.,,
sw07utt/sw_0703_2661.utt,2/sw2661,2661,127,sd,B,77,1,-- {C and } in Texas we got it from the Gulf. /,--/: and/CC in/IN Texas/NNP we/PRP got/VBD it/PRP from/IN the/DT Gulf/NNP ./.,,
sw07utt/sw_0703_2661.utt,2/sw2661,2661,128,aa,A,78,1,"Uh-huh,  /","Uh-huh/UH ,/,",,
sw07utt/sw_0703_2661.utt,2/sw2661,2661,129,aa,A,78,2,that's true.  /,that/DT 's/BES true/JJ ./.,,
sw07utt/sw_0703_2661.utt,2/sw2661,2661,130,sd,A,78,3,Lots of shrimp. /,Lots/NNS of/IN shrimp/NN ./.,,
sw07utt/sw_0703_2661.utt,2/sw2661,2661,131,aa,B,79,1,"{C And, } yeah,  /","And/CC ,/, yeah/UH ,/,",,
sw07utt/sw_0703_2661.utt,2/sw2661,2661,132,sd,B,79,2,here a couple years ago my  wife and I went to Seattle on vacation.  <<pause>>  /,here/RB a/DT couple/NN years/NNS ago/RB my/PRP$ wife/NN and/CC I/PRP went/VBD to/IN Seattle/NNP on/IN vacation/NN ./.,,
sw07utt/sw_0703_2661.utt,2/sw2661,2661,133,sd,B,79,3,{C And } I think everything except  breakfast was seafood for almost a week. /,And/CC I/PRP think/VBP everything/NN except/IN breakfast/NN was/VBD seafood/NN for/IN almost/RB a/DT week/NN ./.,,
sw07utt/sw_0703_2661.utt,2/sw2661,2661,134,ba,A,80,1,I know it <laughter>. /,I/PRP know/VBP it/PRP ./.,,
sw07utt/sw_0703_2661.utt,2/sw2661,2661,135,%,B,81,1,"{C And } it was, <<pause>> - /","And/CC it/PRP was/VBD ,/,",,
sw07utt/sw_0703_2661.utt,2/sw2661,2661,136,sd,B,81,2,I was like a man starving at  every meal. /,I/PRP was/VBD like/IN a/DT man/NN starving/JJ at/IN every/DT meal/NN ./.,,
sw07utt/sw_0703_2661.utt,2/sw2661,2661,137,ba,A,82,1,<Laughter>  I know the feeling.  /,I/PRP know/VBP the/DT feeling/NN ./.,,
sw07utt/sw_0703_2661.utt,2/sw2661,2661,138,sd,A,82,2,We do the same thing.  /,We/PRP do/VBP the/DT same/JJ thing/NN ./.,,
sw07utt/sw_0703_2661.utt,2/sw2661,2661,139,sd,A,82,3,"My son-in-law is a Texan,  /","My/PRP$ son-in-law/NN is/VBZ a/DT Texan/NNP ,/,",,
sw07utt/sw_0703_2661.utt,2/sw2661,2661,140,sd,A,82,4,"{C and } when he goes to Maine, he eats lobster, I guess, at least twice a day, all the time he's up there <laughter>. /","and/CC when/WRB he/PRP goes/VBZ to/IN Maine/NNP ,/, he/PRP eats/VBZ lobster/NN ,/, I/PRP guess/VBP ,/, at/IN least/JJS twice/RB a/DT day/NN ,/, all/PDT the/DT time/NN he/PRP 's/BES up/IN there/RB ./.",,
sw07utt/sw_0703_2661.utt,2/sw2661,2661,141,qy^g,B,83,1,"It's a lot cheaper there, isn't it?  /","It/PRP 's/BES a/DT lot/NN cheaper/JJR there/RB ,/, is/VBZ n't/RB it/PRP ?/.",,
sw07utt/sw_0703_2661.utt,2/sw2661,2661,142,^g,B,83,2,Lobster? /,Lobster/NN ?/.,,
sw07utt/sw_0703_2661.utt,2/sw2661,2661,143,ny,A,84,1,"{F Oh, } yeah,  /","Oh/UH ,/, yeah/UH ,/,",,
sw07utt/sw_0703_2661.utt,2/sw2661,2661,144,ny^r,A,84,2,yeah.  /,yeah/UH ./.,,
sw07utt/sw_0703_2661.utt,2/sw2661,2661,145,sd^e,A,84,3,It's like --,It/PRP 's/BES like/IN --/:,,
sw07utt/sw_0703_2661.utt,2/sw2661,2661,146,sd,B,85,1,It's like shrimp on the Gulf. /,It/PRP 's/BES like/IN shrimp/NN on/IN the/DT Gulf/NNP ./.,,
sw07utt/sw_0703_2661.utt,2/sw2661,2661,147,+,A,86,1,-- two ninety-eight a pound for a pound lobster. /,--/: two/CD ninety-eight/CD a/DT pound/NN for/IN a/DT pound/NN lobster/NN ./.,,
sw07utt/sw_0703_2661.utt,2/sw2661,2661,148,b^m,B,87,1,Two ninety-eight a pound. /,Two/CD ninety-eight/CD a/DT pound/NN ./.,,
sw07utt/sw_0703_2661.utt,2/sw2661,2661,149,b,A,88,1,Yeah. /,Yeah/UH ./.,,
sw07utt/sw_0703_2661.utt,2/sw2661,2661,150,sd,B,89,1,That's as cheap as steaks some places --,That/DT 's/BES as/RB cheap/JJ as/IN steaks/NNS some/DT places/NNS --/:,,
sw07utt/sw_0703_2661.utt,2/sw2661,2661,151,aa,A,90,1,"{F Oh } yeah,  /","Oh/UH yeah/UH ,/,",,
sw07utt/sw_0703_2661.utt,2/sw2661,2661,152,sd,A,90,2,"cheaper,  /","cheaper/JJR ,/,",,
sw07utt/sw_0703_2661.utt,2/sw2661,2661,153,aa,A,90,3,right. /,right/UH ./.,,
sw07utt/sw_0703_2661.utt,2/sw2661,2661,154,+,B,91,1,-- {E I mean } in a grocery store. /,--/: I/PRP mean/VBP in/IN a/DT grocery/NN store/NN ./.,,
sw07utt/sw_0703_2661.utt,2/sw2661,2661,155,aa,A,92,1,"Right,  /","Right/UH ,/,",,
sw07utt/sw_0703_2661.utt,2/sw2661,2661,156,aa,A,92,2,yeah.  /,yeah/UH ./.,,
sw07utt/sw_0703_2661.utt,2/sw2661,2661,157,sd,A,92,3,"A lot of the restaurants you can  get [ two pou-, + ] two one pound lobsters for like ten ninety-nine. /","A/DT lot/NN of/IN the/DT restaurants/NNS you/PRP can/MD get/VB two/CD pou-/NNS ,/, two/CD one/CD pound/NN lobsters/NNS for/IN like/IN ten/CD ninety-nine/CD ./.",,
sw07utt/sw_0703_2661.utt,2/sw2661,2661,158,ba,B,93,1,"{F Oh, } my gosh.  /","Oh/UH ,/, my/PRP$ gosh/UH ./.",,
sw07utt/sw_0703_2661.utt,2/sw2661,2661,159,sd,B,93,2,I've got to go to Maine  then <noise>  <<dishes rattling in background>>. /,I/PRP 've/VBP got/VBN to/TO go/VB to/IN Maine/NNP then/RB ./.,,
sw07utt/sw_0703_2661.utt,2/sw2661,2661,160,x,A,94,1,<Laughter>.,,,
sw07utt/sw_0703_2661.utt,2/sw2661,2661,161,sd,B,95,1,You may have sold a trip for some time. /,You/PRP may/MD have/VB sold/VBN a/DT trip/NN for/IN some/DT time/NN ./.,,
sw07utt/sw_0703_2661.utt,2/sw2661,2661,162,aa,A,96,1,"Yeah,  /","Yeah/UH ,/,",,
sw07utt/sw_0703_2661.utt,2/sw2661,2661,163,sv,A,96,2,it's a good place to go. /,it/PRP 's/BES a/DT good/JJ place/NN to/TO go/VB ./.,,
sw07utt/sw_0703_2661.utt,2/sw2661,2661,164,sv,B,97,1,"{F Uh, } it sounds wonderful.   /","Uh/UH ,/, it/PRP sounds/VBZ wonderful/JJ ./.",,
sw07utt/sw_0703_2661.utt,2/sw2661,2661,165,%,B,97,2,"{F Uh, } {C so, } -/","Uh/UH ,/, so/RB ,/,",,
sw07utt/sw_0703_2661.utt,2/sw2661,2661,166,sd,A,98,1,"Lots of little restaurants, too, with home cooked food, that's up there. /","Lots/NNS of/IN little/JJ restaurants/NNS ,/, too/RB ,/, with/IN home/NN cooked/JJ food/NN ,/, that/WDT 's/BES up/IN there/RB ./.",,
sw07utt/sw_0703_2661.utt,2/sw2661,2661,167,sv,B,99,1,That sound good.  /,That/DT sound/VBZ good/JJ ./.,,
sw07utt/sw_0703_2661.utt,2/sw2661,2661,168,sd,B,99,2,"{F Uh, } down in the Gulf I've eaten a  bunch of those little <<pause>> {F uh, } seafood shacks, we've called them. /","Uh/UH ,/, down/RB in/IN the/DT Gulf/NNP I/PRP 've/VBP eaten/VBN a/DT bunch/NN of/IN those/DT little/JJ uh/UH ,/, seafood/NN shacks/NNS ,/, we/PRP 've/VBP called/VBN them/PRP ./.",,
sw07utt/sw_0703_2661.utt,2/sw2661,2661,169,b,A,100,1,"Right,  /","Right/UH ,/,",,
sw07utt/sw_0703_2661.utt,2/sw2661,2661,170,b,A,100,2,uh-huh. /,uh-huh/UH ./.,,
sw07utt/sw_0703_2661.utt,2/sw2661,2661,171,sd,B,101,1,"{C And, } {F uh, } it's just so much different than to eat something that's been frozen.","And/CC ,/, uh/UH ,/, it/PRP 's/BES just/RB so/RB much/JJ different/JJ than/IN to/TO eat/VB something/NN that/WDT 's/HVS been/VBN frozen/JJ ./.",,
sw07utt/sw_0703_2661.utt,2/sw2661,2661,172,b,A,102,1,Uh-huh. /,Uh-huh/UH ./.,,
sw07utt/sw_0703_2661.utt,2/sw2661,2661,173,+,B,103,1,{D You know } <<pause>> -- /,You/PRP know/VBP --/:,,
sw07utt/sw_0703_2661.utt,2/sw2661,2661,174,sd,A,104,1,"We went to Gal-, -/","We/PRP went/VBD to/IN Gal-/NNP ,/,",,
sw07utt/sw_0703_2661.utt,2/sw2661,2661,175,sd,B,105,1,-- shrimp straight out of the bay. /,--/: shrimp/NN straight/RB out/IN of/IN the/DT bay/NN ./.,,
sw07utt/sw_0703_2661.utt,2/sw2661,2661,176,sd,A,106,1,"We were in Galveston last year [ [ aft-, + right aft-, ] + ]   {D well, } the first of this year, actually. /","We/PRP were/VBD in/IN Galveston/NNP last/JJ year/NN aft-/IN ,/, right/RB aft-/IN ,/, well/RB ,/, the/DT first/JJ of/IN this/DT year/NN ,/, actually/RB ./.",,
sw07utt/sw_0703_2661.utt,2/sw2661,2661,177,b,B,107,1,Hm. /,Hm/UH ./.,,
sw07utt/sw_0703_2661.utt,2/sw2661,2661,178,sd,A,108,1,"And, ate in a restaurant,  /","And/CC ,/, ate/VBD in/IN a/DT restaurant/NN ,/,",,
sw07utt/sw_0703_2661.utt,2/sw2661,2661,179,sd,A,108,2,{C and } they claimed to have the best shrimp on the Gulf coast. /,and/CC they/PRP claimed/VBD to/TO have/VB the/DT best/JJS shrimp/NN on/IN the/DT Gulf/NNP coast/NN ./.,,
sw07utt/sw_0703_2661.utt,2/sw2661,2661,180,qy,B,109,1,Was it true? /,Was/VBD it/PRP true/JJ ?/.,,
sw07utt/sw_0703_2661.utt,2/sw2661,2661,181,nn,A,110,1,No.  /,No/UH ./.,,
sw07utt/sw_0703_2661.utt,2/sw2661,2661,182,ng,A,110,2,It wasn't.  /,It/PRP was/VBD n't/RB ./.,,
sw07utt/sw_0703_2661.utt,2/sw2661,2661,183,sd,A,110,3,"On the way across Louisiana,  we pulled off, we saw a billboard and just pulled off taking a chance on a place.  /","On/IN the/DT way/NN across/IN Louisiana/NNP ,/, we/PRP pulled/VBD off/RP ,/, we/PRP saw/VBD a/DT billboard/NN and/CC just/RB pulled/VBD off/RP taking/VBG a/DT chance/NN on/IN a/DT place/NN ./.",,
sw07utt/sw_0703_2661.utt,2/sw2661,2661,184,sd,A,110,4,"{C And } they had, - /","And/CC they/PRP had/VBD ,/,",,
sw07utt/sw_0703_2661.utt,2/sw2661,2661,185,sd,A,110,5,"it was a small restaurant, just kind of out of the way,  /","it/PRP was/VBD a/DT small/JJ restaurant/NN ,/, just/RB kind/RB of/RB out/IN of/IN the/DT way/NN ,/,",,
sw07utt/sw_0703_2661.utt,2/sw2661,2661,186,sd,A,110,6,"{C and }  they were set up with two + buffets, one for their regular Sunday chicken and roast beef and  vegetables and everything.","and/CC they/PRP were/VBD set/VBN up/RP with/IN two/CD buffets/NNS ,/, one/CD for/IN their/PRP$ regular/JJ Sunday/NNP chicken/NN and/CC roast/NN beef/NN and/CC vegetables/NNS and/CC everything/NN ./.",,
sw07utt/sw_0703_2661.utt,2/sw2661,2661,187,b,B,111,1,Hm. /,Hm/UH ./.,,
sw07utt/sw_0703_2661.utt,2/sw2661,2661,188,+,A,112,1,And then one complete seafood buffet. /,And/CC then/RB one/CD complete/JJ seafood/NN buffet/NN ./.,,
sw07utt/sw_0703_2661.utt,2/sw2661,2661,189,b,B,113,1,Huh. /,Huh/UH ./.,,
sw07utt/sw_0703_2661.utt,2/sw2661,2661,190,sd,A,114,1,<Laughter>  That was the best shrimp I have ever had in my life.  /,That/DT was/VBD the/DT best/JJS shrimp/NN I/PRP have/VBP ever/RB had/VBN in/IN my/PRP$ life/NN ./.,,
sw07utt/sw_0703_2661.utt,2/sw2661,2661,191,sd,A,114,2,They had shrimp fixed probably six different ways. /,They/PRP had/VBD shrimp/NN fixed/VBN probably/RB six/CD different/JJ ways/NNS ./.,,
sw07utt/sw_0703_2661.utt,2/sw2661,2661,192,b,B,115,1,"{F Uh, } yes,  /","Uh/UH ,/, yes/UH ,/,",,
sw07utt/sw_0703_2661.utt,2/sw2661,2661,193,bf,B,115,2,the  cajuns. /,the/DT cajuns/NNS ./.,,
sw07utt/sw_0703_2661.utt,2/sw2661,2661,194,aa,A,116,1,"Uh-huh,  /","Uh-huh/UH ,/,",,
sw07utt/sw_0703_2661.utt,2/sw2661,2661,195,aa,A,116,2,right.  /,right/UH ./.,,
sw07utt/sw_0703_2661.utt,2/sw2661,2661,196,sd,A,116,3,It was wonderful. /,It/PRP was/VBD wonderful/JJ ./.,,
sw07utt/sw_0703_2661.utt,2/sw2661,2661,197,sv,B,117,1,"[ They can, + they can ] do things to shrimp [ that, +  that ] no one else can. /","They/PRP can/MD ,/, they/PRP can/MD do/VB things/NNS to/IN shrimp/NN that/WDT ,/, that/WDT no/DT one/NN else/RB can/MD ./.",,
sw07utt/sw_0703_2661.utt,2/sw2661,2661,198,b,A,118,1,Uh-huh. /,Uh-huh/UH ./.,,
sw07utt/sw_0703_2661.utt,2/sw2661,2661,199,qy,B,119,1,"{D So, } have you eaten crawfish yet? /","So/RB ,/, have/VBP you/PRP eaten/VBN crawfish/JJ yet/RB ?/.",,
sw07utt/sw_0703_2661.utt,2/sw2661,2661,200,na,A,120,1,"{F Uh, } I tried it,  /","Uh/UH ,/, I/PRP tried/VBD it/PRP ,/,",,
sw07utt/sw_0703_2661.utt,2/sw2661,2661,201,sd,A,120,2,{C but } I didn't care for it.  /,but/CC I/PRP did/VBD n't/RB care/VB for/IN it/PRP ./.,,
sw07utt/sw_0703_2661.utt,2/sw2661,2661,202,sd,A,120,3,"Not there, but at my brothers I tried it. /","Not/RB there/RB ,/, but/CC at/IN my/PRP$ brothers/NNS I/PRP tried/VBD it/PRP ./.",,
sw07utt/sw_0703_2661.utt,2/sw2661,2661,203,sv,B,121,1,"{F Oh, } as with anything, it's preparation. /","Oh/UH ,/, as/IN with/IN anything/NN ,/, it/PRP 's/BES preparation/NN ./.",,
sw07utt/sw_0703_2661.utt,2/sw2661,2661,204,aap,A,122,1,That's probably true.  /,That/DT 's/BES probably/RB true/JJ ./.,,
sw07utt/sw_0703_2661.utt,2/sw2661,2661,205,%,A,122,2,"It, - /","It/PRP ,/,",,
sw07utt/sw_0703_2661.utt,2/sw2661,2661,206,"sd,o@",A,122,3,"I wasn't hungry,  it wasn't a meal.  /  *[[ 2 slash units? ]]","I/PRP was/VBD n't/RB hungry/JJ ,/, it/PRP was/VBD n't/RB a/DT meal/NN ./.",,
sw07utt/sw_0703_2661.utt,2/sw2661,2661,207,%,A,122,4,"We just, - /","We/PRP just/RB ,/,",,
sw07utt/sw_0703_2661.utt,2/sw2661,2661,208,sd,A,122,5,he went down and bought some at a --,he/PRP went/VBD down/RB and/CC bought/VBD some/DT at/IN a/DT --/:,,
sw07utt/sw_0703_2661.utt,2/sw2661,2661,209,b,B,123,1,{F Uh. } /,Uh/UH ./.,,
sw07utt/sw_0703_2661.utt,2/sw2661,2661,210,+,A,124,1,"-- local place that steams them, just so we'd try them. /","--/: local/JJ place/NN that/WDT steams/VBZ them/PRP ,/, just/RB so/IN we/PRP 'd/MD try/VB them/PRP ./.",,
sw07utt/sw_0703_2661.utt,2/sw2661,2661,211,b,B,125,1,Uh-huh.  /,Uh-huh/UH ./.,,
sw07utt/sw_0703_2661.utt,2/sw2661,2661,212,%,B,125,2,"It, - /","It/PRP ,/,",,
sw07utt/sw_0703_2661.utt,2/sw2661,2661,213,sd,B,125,3,"there's all kinds, /","there/EX 's/BES all/DT kinds/NNS ,/,",,
sw07utt/sw_0703_2661.utt,2/sw2661,2661,214,sv,A,126,1,Probably needed some cold beer with it  /,Probably/RB needed/VBN some/DT cold/JJ beer/NN with/IN it/PRP,,
sw07utt/sw_0703_2661.utt,2/sw2661,2661,215,%,A,126,2,"{C and } <laughter>, -/","and/CC ,/,",,
sw07utt/sw_0703_2661.utt,2/sw2661,2661,216,qy^d,B,127,1,<Laughter>  {D So } you do eat out a lot. /,So/RB you/PRP do/VBP eat/VB out/RP a/DT lot/NN ./.,,
sw07utt/sw_0703_2661.utt,2/sw2661,2661,217,na,A,128,1,Quite a bit. /,Quite/RB a/DT bit/NN ./.,,
sw07utt/sw_0703_2661.utt,2/sw2661,2661,218,sd,B,129,1,"One of our other real problems with going out to eat, Sunday morning brunches. /","One/CD of/IN our/PRP$ other/JJ real/JJ problems/NNS with/IN going/VBG out/IN to/TO eat/VB ,/, Sunday/NNP morning/NN brunches/NNS ./.",,
sw07utt/sw_0703_2661.utt,2/sw2661,2661,219,b,A,130,1,Oh. /,Oh/UH ./.,,
sw07utt/sw_0703_2661.utt,2/sw2661,2661,220,sd,B,131,1,"{D You know, } Sunday brunch, [ all, + all ] you can eat brunches. /","You/PRP know/VBP ,/, Sunday/NNP brunch/NN ,/, all/DT ,/, all/DT you/PRP can/MD eat/VB brunches/NNS ./.",,
sw07utt/sw_0703_2661.utt,2/sw2661,2661,221,b,A,132,1,Right.  /,Right/UH ./.,,
sw07utt/sw_0703_2661.utt,2/sw2661,2661,222,sd,A,132,2,"We used to do that, once in a while,  /","We/PRP used/VBD to/TO do/VB that/DT ,/, once/RB in/IN a/DT while/NN ,/,",,
sw07utt/sw_0703_2661.utt,2/sw2661,2661,223,sd,A,132,3,{C but } we don't anymore. /,but/CC we/PRP do/VBP n't/RB anymore/RB ./.,,
sw07utt/sw_0703_2661.utt,2/sw2661,2661,224,sd,B,133,1,"{F Uh, } we still find it fun. /","Uh/UH ,/, we/PRP still/RB find/VBP it/PRP fun/JJ ./.",,
sw07utt/sw_0703_2661.utt,2/sw2661,2661,225,aa,A,134,1,Uh-huh.  /,Uh-huh/UH ./.,,
sw07utt/sw_0703_2661.utt,2/sw2661,2661,226,aa,A,134,2,"It's fun,  /","It/PRP 's/BES fun/JJ ,/,",,
sw07utt/sw_0703_2661.utt,2/sw2661,2661,227,sd,A,134,3,{C but } it's just so much  food <laughter>.  /,but/CC it/PRP 's/BES just/RB so/RB much/JJ food/NN ./.,,
sw07utt/sw_0703_2661.utt,2/sw2661,2661,228,sd,A,134,4,Hate to come  away feeling uncomfortable <laughter>. /,Hate/VBP to/TO come/VB away/RB feeling/VBG uncomfortable/JJ ./.,,
sw07utt/sw_0703_2661.utt,2/sw2661,2661,229,sd,B,135,1,"{D Well, } I work in machine shop and do a lot of physical labor. /","Well/UH ,/, I/PRP work/VBP in/IN machine/NN shop/NN and/CC do/VBP a/DT lot/NN of/IN physical/JJ labor/NN ./.",,
sw07utt/sw_0703_2661.utt,2/sw2661,2661,230,bh,A,136,1,"Do you,  /","Do/VBP you/PRP ,/,",,
sw07utt/sw_0703_2661.utt,2/sw2661,2661,231,sv,A,136,2,{D well } that makes a difference. /,well/UH that/DT makes/VBZ a/DT difference/NN ./.,,
sw07utt/sw_0703_2661.utt,2/sw2661,2661,232,%,B,137,1,"{C And so, } -/","And/CC so/RB ,/,",,
sw07utt/sw_0703_2661.utt,2/sw2661,2661,233,qw,A,138,1,Where do you go to brunches? - /,Where/WRB do/VBP you/PRP go/VB to/IN brunches/NNS ?/.,,
sw07utt/sw_0703_2661.utt,2/sw2661,2661,234,qy,A,138,2,"{D Like } at hotels, or restaurants there? /","Like/IN at/IN hotels/NNS ,/, or/CC restaurants/NNS there/RB ?/.",,
sw07utt/sw_0703_2661.utt,2/sw2661,2661,235,ny,B,139,1,"Yeah,  /","Yeah/UH ,/,",,
sw07utt/sw_0703_2661.utt,2/sw2661,2661,236,sd^e,B,139,2,"{F uh, } {D actually } [ one of our, + one of our ] favorites is a chain.  Shoney's. /","uh/UH ,/, actually/RB one/CD of/IN our/PRP$ ,/, one/CD of/IN our/PRP$ favorites/NNS is/VBZ a/DT chain/NN ./. Shoney/NNP 's/POS ./.",,
sw07utt/sw_0703_2661.utt,2/sw2661,2661,237,ba,A,140,1,"{F Oh, } yeah,  /","Oh/UH ,/, yeah/UH ,/,",,
sw07utt/sw_0703_2661.utt,2/sw2661,2661,238,b,A,140,2,uh-huh.  /,uh-huh/UH ./.,,
sw07utt/sw_0703_2661.utt,2/sw2661,2661,239,sd,A,140,3,We eat at Shoney's. /,We/PRP eat/VBP at/IN Shoney/NNP 's/POS ./.,,
sw07utt/sw_0703_2661.utt,2/sw2661,2661,240,b,B,141,1,"Yeah,  /","Yeah/UH ,/,",,
sw07utt/sw_0703_2661.utt,2/sw2661,2661,241,sd,B,141,2,"<noise> <<dishes rattling>> in spite of the fact  I've spoken so badly about [ chains, + chain ] restaurants, {F uh, } we, {F uh, }  do like Shoney's pretty well,  /","in/IN spite/NN of/IN the/DT fact/NN I/PRP 've/VBP spoken/VBN so/RB badly/RB about/IN chains/NNS ,/, chain/NN restaurants/NNS ,/, uh/UH ,/, we/PRP ,/, uh/UH ,/, do/VBP like/VB Shoney/NNP 's/POS pretty/RB well/RB ,/,",,
sw07utt/sw_0703_2661.utt,2/sw2661,2661,242,sd,B,141,3,"{C but } then there's a place up the pass, up in the mountains that we  pretty reliably like to [ go to on some Sunday mornings, + ] [ drive, + drive ]  up to, I think it's about eight thousand foot elevation.","but/CC then/RB there/EX 's/BES a/DT place/NN up/IN the/DT pass/NN ,/, up/IN in/IN the/DT mountains/NNS that/WDT we/PRP pretty/RB reliably/RB like/VBP to/TO go/VB to/IN on/IN some/DT Sunday/NNP mornings/NNS ,/, drive/VBP ,/, drive/VBP up/IN to/IN ,/, I/PRP think/VBP it/PRP 's/BES about/RB eight/CD thousand/CD foot/NN elevation/NN ./.",,
sw07utt/sw_0703_2661.utt,2/sw2661,2661,243,b,A,142,1,Oh. /,Oh/UH ./.,,
sw07utt/sw_0703_2661.utt,2/sw2661,2661,244,+,B,143,1,"[ And, + and ] drive through Woodland Park and go for a short drive in the mountains and have breakfast. /","And/CC ,/, and/CC drive/VB through/IN Woodland/NNP Park/NNP and/CC go/VB for/IN a/DT short/JJ drive/NN in/IN the/DT mountains/NNS and/CC have/VBP breakfast/NN ./.",,
sw07utt/sw_0703_2661.utt,2/sw2661,2661,245,b,A,144,1,"Uh-huh,  /","Uh-huh/UH ,/,",,
sw07utt/sw_0703_2661.utt,2/sw2661,2661,246,ba,A,144,2,that sounds nice. /,that/DT sounds/VBZ nice/JJ ./.,,
sw07utt/sw_0703_2661.utt,2/sw2661,2661,247,sv,B,145,1,"[ [ It, + it, ] + it's ] the way to spend a nice Sunday morning. /","It/PRP ,/, it/PRP ,/, it/PRP 's/BES the/DT way/NN to/TO spend/VB a/DT nice/JJ Sunday/NNP morning/NN ./.",,
sw07utt/sw_0703_2661.utt,2/sw2661,2661,248,aa,A,146,1,"Right,  /","Right/UH ,/,",,
sw07utt/sw_0703_2661.utt,2/sw2661,2661,249,ba,A,146,2,I imagine it is. /,I/PRP imagine/VBP it/PRP is/VBZ ./.,,
sw07utt/sw_0703_2661.utt,2/sw2661,2661,250,sd,B,147,1,"I think it's as much [ the, + the ]  trip to the mountains as it is the breakfast brunch.  {D  /","I/PRP think/VBP it/PRP 's/BES as/IN much/JJ the/DT ,/, the/DT trip/NN to/IN the/DT mountains/NNS as/IN it/PRP is/VBZ the/DT breakfast/NN brunch/NN ./.",,
sw07utt/sw_0703_2661.utt,2/sw2661,2661,251,sd,B,147,2,"You know, } {C and } it's not that far.  /","You/PRP know/VBP ,/, and/CC it/PRP 's/BES not/RB that/RB far/RB ./.",,
sw07utt/sw_0703_2661.utt,2/sw2661,2661,252,sd,B,147,3,It's thirty miles. /,It/PRP 's/BES thirty/CD miles/NNS ./.,,
sw07utt/sw_0703_2661.utt,2/sw2661,2661,253,%,A,148,1,"Whe-, - /","Whe-/XX ,/,",,
sw07utt/sw_0703_2661.utt,2/sw2661,2661,254,qw,A,148,2,"out of, which direction? /","out/IN of/IN ,/, which/WDT direction/NN ?/.",,
sw07utt/sw_0703_2661.utt,2/sw2661,2661,255,sd,B,149,1,Colorado Springs. /,Colorado/NNP Springs/NNP ./.,,
sw07utt/sw_0703_2661.utt,2/sw2661,2661,256,qw^r,A,150,1,"Out of, which direction from there? /","Out/IN of/IN ,/, which/WDT direction/NN from/IN there/RB ?/.",,
sw07utt/sw_0703_2661.utt,2/sw2661,2661,257,sd,B,151,1,West -- /,West/NN --/:,,
sw07utt/sw_0703_2661.utt,2/sw2661,2661,258,b,A,152,1,Uh-huh. /,Uh-huh/UH ./.,,
sw07utt/sw_0703_2661.utt,2/sw2661,2661,259,sd,B,153,1,-- west out of Colorado Springs. /,--/: west/NN out/IN of/IN Colorado/NNP Springs/NNP ./.,,
