swda_filename,ptb_basename,conversation_no,transcript_index,act_tag,caller,utterance_index,subutterance_index,text,pos,trees,ptb_treenumbers
sw07utt/sw_0743_2265.utt,2/sw2265,2265,0,co,B,1,1,"{F Uh, } tell you what.  {F Um, } I'll let you start <laughter>. /","Uh/UH ,/, tell/VB you/PRP what/WP ./. Um/UH ,/, I/PRP 'll/MD let/VB you/PRP start/VB ./.",,
sw07utt/sw_0743_2265.utt,2/sw2265,2265,1,aa,A,2,1,Okay.  /,Okay/UH ./.,,
sw07utt/sw_0743_2265.utt,2/sw2265,2265,2,sd,A,2,2,"My major source of information, I guess, is T V news <throat_clearing>.  /","My/PRP$ major/JJ source/NN of/IN information/NN ,/, I/PRP guess/VBP ,/, is/VBZ T/NN V/NN news/NN ./.",,
sw07utt/sw_0743_2265.utt,2/sw2265,2265,3,sd,A,2,3,"{E Excuse me. }  I, {F uh, } wake up  to it in the morning.  /","Excuse/VB me/PRP ./. I/PRP ,/, uh/UH ,/, wake/VBP up/RP to/IN it/PRP in/IN the/DT morning/NN ./.",,
sw07utt/sw_0743_2265.utt,2/sw2265,2265,4,sd,A,2,4,"This is [ my, + I guess, my ] prime time for news,  first thing in the morning while I'm getting ready to go to work.  /","This/DT is/VBZ my/PRP$ ,/, I/PRP guess/VBP ,/, my/PRP$ prime/JJ time/NN for/IN news/NN ,/, first/JJ thing/NN in/IN the/DT morning/NN while/IN I/PRP 'm/VBP getting/VBG ready/RB to/TO go/VB to/IN work/NN ./.",,
sw07utt/sw_0743_2265.utt,2/sw2265,2265,5,sd,A,2,5,"{F Oh, } I quite frequently  glance through headlines or, in the newspaper.   /","Oh/UH ,/, I/PRP quite/RB frequently/RB glance/VBP through/IN headlines/NNS or/CC ,/, in/IN the/DT newspaper/NN ./.",,
sw07utt/sw_0743_2265.utt,2/sw2265,2265,6,sd,A,2,6,"{C But, } {F uh, } primarily  mine is T V  news.  /","But/CC ,/, uh/UH ,/, primarily/RB mine/PRP is/VBZ T/NN V/NN news/NN ./.",,
sw07utt/sw_0743_2265.utt,2/sw2265,2265,7,qo,A,2,7,How about yourself? /,How/WRB about/IN yourself/PRP ?/.,,
sw07utt/sw_0743_2265.utt,2/sw2265,2265,8,b,B,3,1,Yeah.  /,Yeah/UH ./.,,
sw07utt/sw_0743_2265.utt,2/sw2265,2265,9,sd,B,3,2,"I [ have to, + have to ]  agree with you, {F um, }  /","I/PRP have/VBP to/TO ,/, have/VBP to/TO agree/VB with/IN you/PRP ,/, um/UH ,/,",,
sw07utt/sw_0743_2265.utt,2/sw2265,2265,10,sd,B,3,3,"I normally don't have time in the morning [ to, + to ] watch any type of T V.  /","I/PRP normally/RB do/VBP n't/RB have/VB time/NN in/IN the/DT morning/NN to/TO ,/, to/TO watch/VB any/DT type/NN of/IN T/NN V/NN ./.",,
sw07utt/sw_0743_2265.utt,2/sw2265,2265,11,sd,B,3,4,"Usually catch it going to work on the radio.  Or when I drag the paper in from the  front and [ it + ]  ((   ))  catch the head lines, which is normal what you see the night  before on the evening news. /","Usually/RB catch/VBP it/PRP going/VBG to/IN work/NN on/IN the/DT radio/NN ./. Or/CC when/WRB I/PRP drag/VBP the/DT paper/NN in/IN from/IN the/DT front/NN and/CC it/PRP MUMBLEx/XX catch/VBP the/DT head/NN lines/NNS ,/, which/WDT is/VBZ normal/RB what/WP you/PRP see/VBP the/DT night/NN  before/RB on/IN the/DT evening/NN news/NN ./.",,
sw07utt/sw_0743_2265.utt,2/sw2265,2265,12,aa*,A,4,1,"Huh-uh.   / *[[ LISTEN-- I think this, and successive ""Huh-uh"" answers, should be ""Uh-huh""]]",Huh-uh/UH ./.,,
sw07utt/sw_0743_2265.utt,2/sw2265,2265,13,aa,A,4,2,True. /,True/JJ ./.,,
sw07utt/sw_0743_2265.utt,2/sw2265,2265,14,%,B,5,1,"{C So } [ I've, + I've ] kind of, - /","So/RB I/PRP 've/VBP ,/, I/PRP 've/VBP kind/RB of/RB ,/,",,
sw07utt/sw_0743_2265.utt,2/sw2265,2265,15,sd,B,5,2,we have a one year old in the house  /,we/PRP have/VBP a/DT one/CD year/NN old/JJ in/IN the/DT house/NN,,
sw07utt/sw_0743_2265.utt,2/sw2265,2265,16,sd,B,5,3,"{C so } it's kind of hard sometimes to watch T V during the night,  /","so/RB it/PRP 's/BES kind/RB of/RB hard/JJ sometimes/RB to/TO watch/VB T/NN V/NN during/IN the/DT night/NN ,/,",,
sw07utt/sw_0743_2265.utt,2/sw2265,2265,17,sd,B,5,4,"{C but } I usually  try to catch the ten o'clock or, {F um, }","but/CC I/PRP usually/RB try/VBP to/TO catch/VB the/DT ten/CD o'clock/RB or/CC ,/, um/UH ,/,",,
sw07utt/sw_0743_2265.utt,2/sw2265,2265,18,b*,A,6,1,Huh-uh. /,Huh-uh/UH ./.,,
sw07utt/sw_0743_2265.utt,2/sw2265,2265,19,+,B,7,1,those type of  ((   )) . - /,those/DT type/NN of/IN MUMBLEx/XX ./.,,
sw07utt/sw_0743_2265.utt,2/sw2265,2265,20,sv,B,7,2,"I have to say, during the war [ we're, + ] the American public was probably flooded with too much information  /","I/PRP have/VBP to/TO say/VB ,/, during/IN the/DT war/NN we/PRP 're/VBP ,/, the/DT American/JJ public/NN was/VBD probably/RB flooded/VBN with/IN too/RB much/JJ information/NN",,
sw07utt/sw_0743_2265.utt,2/sw2265,2265,21,sd,B,7,3,"{C and } as far as the (( sub ))  question about [ the, + ]  was, am I  (( satisfactorily covered )) , I have to say yes.  /","and/CC as/RB far/RB as/IN the/DT sub/NN question/NN about/IN the/DT ,/, was/VBD ,/, am/VBP I/PRP satisfactorily/RB covered/VBD ,/, I/PRP have/VBP to/TO say/VB yes/UH ./.",,
sw07utt/sw_0743_2265.utt,2/sw2265,2265,22,sv,B,7,4,"{C But } when it came to the war issues,  who's telling the truth.  /","But/CC when/WRB it/PRP came/VBD to/IN the/DT war/NN issues/NNS ,/, who/WP 's/BES telling/VBG the/DT truth/NN ./.",,
sw07utt/sw_0743_2265.utt,2/sw2265,2265,23,sd,B,7,5,"Between the channels there was, {F uh, } the casualties,  the amount of missiles launched were different  /","Between/IN the/DT channels/NNS there/EX was/VBD ,/, uh/UH ,/, the/DT casualties/NNS ,/, the/DT amount/NN of/IN missiles/NNS launched/VBN were/VBD different/JJ",,
sw07utt/sw_0743_2265.utt,2/sw2265,2265,24,sv,B,7,6,"{C and } it was almost too much information, over communicated. /","and/CC it/PRP was/VBD almost/RB too/RB much/JJ information/NN ,/, over/RB communicated/JJ ./.",,
sw07utt/sw_0743_2265.utt,2/sw2265,2265,25,aa,A,8,1,"{D Well, } that's true,  /","Well/UH ,/, that/DT 's/BES true/JJ ,/,",,
sw07utt/sw_0743_2265.utt,2/sw2265,2265,26,%,A,8,2,"{C but } I, - /","but/CC I/PRP ,/,",,
sw07utt/sw_0743_2265.utt,2/sw2265,2265,27,sv,A,8,3,my personal opinion is that the various network news medias were trying to interpret the news to the best of their abilities since they were not very well informed by the military. /,my/PRP$ personal/JJ opinion/NN is/VBZ that/IN the/DT various/JJ network/NN news/NN medias/NNS were/VBD trying/VBG to/TO interpret/VB the/DT news/NN to/IN the/DT best/JJS of/IN their/PRP$ abilities/NNS since/IN they/PRP were/VBD not/RB very/RB well/RB informed/VBN by/IN the/DT military/NN ./.,,
sw07utt/sw_0743_2265.utt,2/sw2265,2265,28,aa,B,9,1,True.  /,True/JJ ./.,,
sw07utt/sw_0743_2265.utt,2/sw2265,2265,29,aa,B,9,2,I agree with you. /,I/PRP agree/VBP with/IN you/PRP ./.,,
sw07utt/sw_0743_2265.utt,2/sw2265,2265,30,sd,A,10,1,"Now, I can appreciate that, especially after what happened in Vietnam. /","Now/RB ,/, I/PRP can/MD appreciate/VB that/DT ,/, especially/RB after/IN what/WP happened/VBD in/IN Vietnam/NNP ./.",,
sw07utt/sw_0743_2265.utt,2/sw2265,2265,31,aa,B,11,1,"Yeah,  /","Yeah/UH ,/,",,
sw07utt/sw_0743_2265.utt,2/sw2265,2265,32,sv,B,11,2,which is a joke. /,which/WDT is/VBZ a/DT joke/NN ./.,,
sw07utt/sw_0743_2265.utt,2/sw2265,2265,33,o,A,12,1,"{F Uh, } let's face it,  /","Uh/UH ,/, let/VB 's/PRP face/VB it/PRP ,/,",,
sw07utt/sw_0743_2265.utt,2/sw2265,2265,34,sv,A,12,2,"today's, {F uh, }  means of communication, [ we could, + a newscaster could ] very well giveaway a  piece of top secret information.","today/RB 's/BES ,/, uh/UH ,/, means/NNS of/IN communication/NN ,/, we/PRP could/MD ,/, a/DT newscaster/NN could/MD very/RB well/JJ giveaway/VB a/DT piece/NN of/IN top/RB secret/JJ information/NN ./.",,
sw07utt/sw_0743_2265.utt,2/sw2265,2265,35,b*,B,13,1,Huh-uh. /,Huh-uh/UH ./.,,
sw07utt/sw_0743_2265.utt,2/sw2265,2265,36,+,A,14,1,"And, {F uh, } pat himself on the back [ for, + for, ]  {F uh, } making a good scoop. /","And/CC ,/, uh/UH ,/, pat/VB himself/PRP on/IN the/DT back/RB for/IN ,/, for/IN ,/, uh/UH ,/, making/VBG a/DT good/JJ scoop/NN ./.",,
sw07utt/sw_0743_2265.utt,2/sw2265,2265,37,aa,B,15,1,Yeah.  /,Yeah/UH ./.,,
sw07utt/sw_0743_2265.utt,2/sw2265,2265,38,sv,B,15,2,That's a good point.  /,That/DT 's/BES a/DT good/JJ point/NN ./.,,
sw07utt/sw_0743_2265.utt,2/sw2265,2265,39,sd,B,15,3,"{F Um, } {C but } I would  have to say across-the-board, I'm satisfied with the way, {F uh, } the news is spread.  /","Um/UH ,/, but/CC I/PRP would/MD have/VB to/TO say/VB across-the-board/RB ,/, I/PRP 'm/VBP satisfied/JJ with/IN the/DT way/NN ,/, uh/UH ,/, the/DT news/NN is/VBZ spread/VBN ./.",,
sw07utt/sw_0743_2265.utt,2/sw2265,2265,40,sd,B,15,4,"{F Um, } of course here at Texas Instruments, {F uh, } the rumor mill runs rampant.  /","Um/UH ,/, of/IN course/NN here/RB at/IN Texas/NNP Instruments/NNP ,/, uh/UH ,/, the/DT rumor/NN mill/NN runs/VBZ rampant/RB ./.",,
sw07utt/sw_0743_2265.utt,2/sw2265,2265,41,sd,B,15,5,"The secretary's probably the best resource,","The/DT secretary/NN 's/BES probably/RB the/DT best/JJS resource/NN ,/,",,
sw07utt/sw_0743_2265.utt,2/sw2265,2265,42,x,A,16,1,<Laughter>.,,,
sw07utt/sw_0743_2265.utt,2/sw2265,2265,43,+,B,17,1,of what the layoff status is. /,of/IN what/WP the/DT layoff/NN status/NN is/VBZ ./.,,
sw07utt/sw_0743_2265.utt,2/sw2265,2265,44,aa,A,18,1,Very true.  /,Very/RB true/JJ ./.,,
sw07utt/sw_0743_2265.utt,2/sw2265,2265,45,sd,A,18,2,"I find  (( T-News ))  very enlightening, too. /","I/PRP find/VBP T-News/NNP very/RB enlightening/JJ ,/, too/RB ./.",,
sw07utt/sw_0743_2265.utt,2/sw2265,2265,46,b,B,19,1,Yeah. /,Yeah/UH ./.,,
sw07utt/sw_0743_2265.utt,2/sw2265,2265,47,sd,A,20,1,{C And } I check that everyday.  /,And/CC I/PRP check/VBP that/DT everyday/RB ./.,,
sw07utt/sw_0743_2265.utt,2/sw2265,2265,48,sd,A,20,2,"Of course, with  that goes along with the stock price of T I. /","Of/IN course/NN ,/, with/IN that/DT goes/VBZ along/IN with/IN the/DT stock/NN price/NN of/IN T/NNP I/NNP ./.",,
sw07utt/sw_0743_2265.utt,2/sw2265,2265,49,aa,B,21,1,Yeah.  /,Yeah/UH ./.,,
sw07utt/sw_0743_2265.utt,2/sw2265,2265,50,aa,B,21,2,I agree you. - /,I/PRP agree/VBP you/PRP ./.,,
sw07utt/sw_0743_2265.utt,2/sw2265,2265,51,sd,B,21,3,"I think, I'm glad you mentioned that, because I think I have to, since I don't have the opportunity in the morning I'll probably catch the head lines on  (( T-News )) .  /","I/PRP think/VBP ,/, I/PRP 'm/VBP glad/JJ you/PRP mentioned/VBD that/DT ,/, because/IN I/PRP think/VBP I/PRP have/VBP to/TO ,/, since/IN I/PRP do/VBP n't/RB have/VB the/DT opportunity/NN in/IN the/DT morning/NN I/PRP 'll/MD probably/RB catch/VB the/DT head/NN lines/NNS on/IN T-News/NNP ./.",,
sw07utt/sw_0743_2265.utt,2/sw2265,2265,52,sv,B,21,4,That's a good point. /,That/DT 's/BES a/DT good/JJ point/NN ./.,,
sw07utt/sw_0743_2265.utt,2/sw2265,2265,53,sd,A,22,1,"Of course,  (( T-NEWS ))  is more or less headlines, /","Of/IN course/NN ,/, T-NEWS/NNP is/VBZ more/JJR or/CC less/JJR headlines/NNS ,/,",,
sw07utt/sw_0743_2265.utt,2/sw2265,2265,54,b*,B,23,1,Huh-uh. /,Huh-uh/UH ./.,,
sw07utt/sw_0743_2265.utt,2/sw2265,2265,55,sd,A,24,1,"{F Uh, } I don't think much of their sports coverage. /","Uh/UH ,/, I/PRP do/VBP n't/RB think/VB much/JJ of/IN their/PRP$ sports/NNS coverage/NN ./.",,
sw07utt/sw_0743_2265.utt,2/sw2265,2265,56,aa,B,25,1,Yeah  /,Yeah/UH,,
sw07utt/sw_0743_2265.utt,2/sw2265,2265,57,aa,B,25,2,<laughter>.  True.  /,./. True/JJ ./.,,
sw07utt/sw_0743_2265.utt,2/sw2265,2265,58,%,B,25,3,"Kind of, -/","Kind/RB of/RB ,/,",,
sw07utt/sw_0743_2265.utt,2/sw2265,2265,59,sd,A,26,1,Only give the scores. /,Only/RB give/VBP the/DT scores/NNS ./.,,
sw07utt/sw_0743_2265.utt,2/sw2265,2265,60,b,B,27,1,Yeah. /,Yeah/UH ./.,,
sw07utt/sw_0743_2265.utt,2/sw2265,2265,61,sd,A,28,1,"{C But, } {F uh, } that's all right.  /","But/CC ,/, uh/UH ,/, that/DT 's/BES all/RB right/JJ ./.",,
sw07utt/sw_0743_2265.utt,2/sw2265,2265,62,sd,A,28,2,"[ I'm not, + outside  of pro football, I'm not ] too interested in other games, other sports, anyway. /","I/PRP 'm/VBP not/RB ,/, outside/IN of/IN pro/JJ football/NN ,/, I/PRP 'm/VBP not/RB too/RB interested/JJ in/IN other/JJ games/NNS ,/, other/JJ sports/NNS ,/, anyway/RB ./.",,
sw07utt/sw_0743_2265.utt,2/sw2265,2265,63,aa,B,29,1,Huh-uh. /,Huh-uh/UH ./.,,
sw07utt/sw_0743_2265.utt,2/sw2265,2265,64,sv,A,30,1,"{C But, } the, {F uh, }  (( T-NEWS ))  is a good way  to keep up-to-date.  /","But/CC ,/, the/DT ,/, uh/UH ,/, T-NEWS/NNP is/VBZ a/DT good/JJ way/NN to/TO keep/VB up-to-date/JJ ./.",,
sw07utt/sw_0743_2265.utt,2/sw2265,2265,65,sv,A,30,2,I think they do a pretty good job of selecting the most important items. /,I/PRP think/VBP they/PRP do/VBP a/DT pretty/RB good/JJ job/NN of/IN selecting/VBG the/DT most/RBS important/JJ items/NNS ./.,,
sw07utt/sw_0743_2265.utt,2/sw2265,2265,66,aa,B,31,1,Yeah.  /,Yeah/UH ./.,,
sw07utt/sw_0743_2265.utt,2/sw2265,2265,67,aa,B,31,2,They do.  /,They/PRP do/VBP ./.,,
sw07utt/sw_0743_2265.utt,2/sw2265,2265,68,aa,B,31,3,Surely do.   /,Surely/RB do/VBP ./.,,
sw07utt/sw_0743_2265.utt,2/sw2265,2265,69,qy,B,31,4,"{F Uh, } anything else crossed your mind.  /","Uh/UH ,/, anything/NN else/RB crossed/VBD your/PRP$ mind/NN ./.",,
sw07utt/sw_0743_2265.utt,2/sw2265,2265,70,sv,B,31,5,"I guess most of us go by the audio, which is the television or the radio. /","I/PRP guess/VBP most/RBS of/IN us/PRP go/VBP by/IN the/DT audio/NN ,/, which/WDT is/VBZ the/DT television/NN or/CC the/DT radio/NN ./.",,
sw07utt/sw_0743_2265.utt,2/sw2265,2265,71,b*,A,32,1,Huh-uh. /,Huh-uh/UH ./.,,
sw07utt/sw_0743_2265.utt,2/sw2265,2265,72,sv,B,33,1,"{F Um, } {C but } you need to continue to  read,  so you people learn to read, {D you know } <laughter>. /","Um/UH ,/, but/CC you/PRP need/VBP to/TO continue/VB to/TO read/VB ,/, so/IN you/PRP people/NNS learn/VBP to/TO read/VB ,/, you/PRP know/VBP ./.",,
sw07utt/sw_0743_2265.utt,2/sw2265,2265,73,sd,A,34,1,"{D Well, } I spent twenty years in [ profession, + ]  commercial broadcasting (( )) radio and T V,  /","Well/UH ,/, I/PRP spent/VBD twenty/CD years/NNS in/IN profession/JJ ,/, commercial/JJ broadcasting/NN MUMBLEx/XX radio/NN and/CC T/NN V/NN ,/,",,
sw07utt/sw_0743_2265.utt,2/sw2265,2265,74,sd,A,34,2,"{C and } I know what it takes to get some of those little bits and  pieces of news on the air, /","and/CC I/PRP know/VBP what/WP it/PRP takes/VBZ to/TO get/VB some/DT of/IN those/DT little/JJ bits/NNS and/CC pieces/NNS of/IN news/NN on/IN the/DT air/NN ,/,",,
sw07utt/sw_0743_2265.utt,2/sw2265,2265,75,b*,B,35,1,Huh-uh. /,Huh-uh/UH ./.,,
sw07utt/sw_0743_2265.utt,2/sw2265,2265,76,sd,A,36,1,"{E I mean, } [ there, + there ]  are times where, {F uh, } the reporter actually will risk [ is + ] [ life, + life ] and limb.  /","I/PRP mean/VBP ,/, there/EX ,/, there/EX are/VBP times/NNS where/WRB ,/, uh/UH ,/, the/DT reporter/NN actually/RB will/MD risk/VB is/^PRP$ life/NN ,/, life/NN and/CC limb/NN ./.",,
sw07utt/sw_0743_2265.utt,2/sw2265,2265,77,sd,A,36,2,I've seen it happen time  and time again.  /,I/PRP 've/VBP seen/VBN it/PRP happen/VB time/NN and/CC time/NN again/RB ./.,,
sw07utt/sw_0743_2265.utt,2/sw2265,2265,78,sd,A,36,3,"{C And, } {F uh, }  {D well, } I remember one time up in Nashville, Tennessee.  /","And/CC ,/, uh/UH ,/, well/UH ,/, I/PRP remember/VBP one/CD time/NN up/IN in/IN Nashville/NNP ,/, Tennessee/NNP ./.",,
sw07utt/sw_0743_2265.utt,2/sw2265,2265,79,sd,A,36,4,"One of the fellows got mixed up in a riot that was going on down there, /","One/CD of/IN the/DT fellows/NNS got/VBD mixed/VBN up/RP in/IN a/DT riot/NN that/WDT was/VBD going/VBG on/RP down/RB there/RB ,/,",,
sw07utt/sw_0743_2265.utt,2/sw2265,2265,80,b*,B,37,1,Huh-uh. /,Huh-uh/UH ./.,,
sw07utt/sw_0743_2265.utt,2/sw2265,2265,81,sd,A,38,1,{C but } he was lucky he got out of it for some reason.  /,but/CC he/PRP was/VBD lucky/JJ he/PRP got/VBD out/RB of/IN it/PRP for/IN some/DT reason/NN ./.,,
sw07utt/sw_0743_2265.utt,2/sw2265,2265,82,sd,A,38,2,"{C Because } he was carrying a camera,  /","Because/IN he/PRP was/VBD carrying/VBG a/DT camera/NN ,/,",,
sw07utt/sw_0743_2265.utt,2/sw2265,2265,83,sd,A,38,3,"{F uh, } they left him alone. /","uh/UH ,/, they/PRP left/VBD him/PRP alone/RB ./.",,
sw07utt/sw_0743_2265.utt,2/sw2265,2265,84,fe,B,39,1,Ouch.  /,Ouch/UH ./.,,
sw07utt/sw_0743_2265.utt,2/sw2265,2265,85,bf,B,39,2,Everybody got excited. /,Everybody/NN got/VBD excited/JJ ./.,,
sw07utt/sw_0743_2265.utt,2/sw2265,2265,86,aa*,A,40,1,Huh-uh. /,Huh-uh/UH ./.,,
sw07utt/sw_0743_2265.utt,2/sw2265,2265,87,sv,B,41,1,That's tough.  /,That/DT 's/BES tough/JJ ./.,,
sw07utt/sw_0743_2265.utt,2/sw2265,2265,88,sv^r,B,41,2,That's tough.  /,That/DT 's/BES tough/JJ ./.,,
sw07utt/sw_0743_2265.utt,2/sw2265,2265,89,fc,B,41,3,"{D Well, }  I've enjoyed speaking with you. /","Well/UH ,/, I/PRP 've/VBP enjoyed/VBN speaking/VBG with/IN you/PRP ./.",,
sw07utt/sw_0743_2265.utt,2/sw2265,2265,90,fc,A,42,1,"Nice to talk to you, too, Jim. /","Nice/JJ to/TO talk/VB to/IN you/PRP ,/, too/RB ,/, Jim/NNP ./.",,
sw07utt/sw_0743_2265.utt,2/sw2265,2265,91,qy^t,B,43,1,"Did you get your catalog on [ your, + your ] gifts? /","Did/VBD you/PRP get/VB your/PRP$ catalog/NN on/IN your/PRP$ ,/, your/PRP$ gifts/NNS ?/.",,
sw07utt/sw_0743_2265.utt,2/sw2265,2265,92,nn,A,44,1,No. /,No/UH ./.,,
sw07utt/sw_0743_2265.utt,2/sw2265,2265,93,sd^t,B,45,1,Really I just got mine in the mail  /,Really/RB I/PRP just/RB got/VBD mine/PRP in/IN the/DT mail/NN,,
sw07utt/sw_0743_2265.utt,2/sw2265,2265,94,sd^t,B,45,2,"{C so, }   it kind of sparked me to keep calling <laughter>. /","so/RB ,/, it/PRP kind/RB of/RB sparked/VBN me/PRP to/TO keep/VB calling/VBG ./.",,
sw07utt/sw_0743_2265.utt,2/sw2265,2265,95,b,A,46,1,Oh.  /,Oh/UH ./.,,
sw07utt/sw_0743_2265.utt,2/sw2265,2265,96,sd^t,A,46,2,{D Well } I'll be looking for it then. /,Well/UH I/PRP 'll/MD be/VB looking/VBG for/IN it/PRP then/RB ./.,,
sw07utt/sw_0743_2265.utt,2/sw2265,2265,97,sv*,B,47,1,"There not to shabby.  / *[[Correction ""They're not too shabby""]]",There/EX not/RB to/TO shabby/JJ ./.,,
sw07utt/sw_0743_2265.utt,2/sw2265,2265,98,sv,B,47,2,They're pretty good. /,They/PRP 're/VBP pretty/RB good/JJ ./.,,
sw07utt/sw_0743_2265.utt,2/sw2265,2265,99,bh,A,48,1,Is that right? /,Is/VBZ that/DT right/JJ ?/.,,
sw07utt/sw_0743_2265.utt,2/sw2265,2265,100,ny,B,49,1,Yeah. /,Yeah/UH ./.,,
sw07utt/sw_0743_2265.utt,2/sw2265,2265,101,o@,A,50,1,"{D Well, } good.  *[[slash error]]","Well/UH ,/, good/JJ ./.",,
sw07utt/sw_0743_2265.utt,2/sw2265,2265,102,fc,B,51,1,Have a great day. /,Have/VBP a/DT great/JJ day/NN ./.,,
sw07utt/sw_0743_2265.utt,2/sw2265,2265,103,+@,A,52,1,"You, too. /","You/PRP ,/, too/RB ./.",,
sw07utt/sw_0743_2265.utt,2/sw2265,2265,104,fc,B,53,1,Bye-bye. /,Bye-bye/UH ./.,,
