swda_filename,ptb_basename,conversation_no,transcript_index,act_tag,caller,utterance_index,subutterance_index,text,pos,trees,ptb_treenumbers
sw07utt/sw_0773_4821.utt,4/sw4821,4821,0,o,A,1,1,<Noise> <children_talking> Okay.  /,Okay/UH ./.,,
sw07utt/sw_0773_4821.utt,4/sw4821,4821,1,^h,A,1,2,"{F Uh, } let me see <laughter>.  /","Uh/UH ,/, let/VB me/PRP see/VB ./.",,
sw07utt/sw_0773_4821.utt,4/sw4821,4821,2,sd,A,1,3,I've been sitting here awhile.  /,I/PRP 've/VBP been/VBN sitting/VBG here/RB awhile/RB ./.,,
sw07utt/sw_0773_4821.utt,4/sw4821,4821,3,sd^t,A,1,4,I almost forgot the topic.  /,I/PRP almost/RB forgot/VBD the/DT topic/NN ./.,,
sw07utt/sw_0773_4821.utt,4/sw4821,4821,4,sd,A,1,5,"{C But, } {F uh, } it seems like I get most of my news from television.  /","But/CC ,/, uh/UH ,/, it/PRP seems/VBZ like/IN I/PRP get/VBP most/JJS of/IN my/PRP$ news/NN from/IN television/NN ./.",,
sw07utt/sw_0773_4821.utt,4/sw4821,4821,5,sd,A,1,6,"[ I'm, + we ]  only get the paper on the weekends  /","I/PRP 'm/VBP ,/, we/PRP only/RB get/VBP the/DT paper/NN on/IN the/DT weekends/NNS",,
sw07utt/sw_0773_4821.utt,4/sw4821,4821,6,sd,A,1,7,"{C and so } I'm not much [ of a, + of a ]  paper reader  /","and/CC so/RB I/PRP 'm/VBP not/RB much/JJ of/IN a/DT ,/, of/IN a/DT paper/NN reader/NN",,
sw07utt/sw_0773_4821.utt,4/sw4821,4821,7,sd,A,1,8,"[ [ {C or } + {C but } ] [ I, + <whistling> I ] +  {C and } I'm ] don't, rarely listen to the, {F uh, } radio  /","or/CC but/CC I/PRP ,/, I/PRP and/CC I/PRP 'm/VBP do/VBP n't/RB ,/, rarely/RB listen/VBP to/IN the/DT ,/, uh/UH ,/, radio/NN",,
sw07utt/sw_0773_4821.utt,4/sw4821,4821,8,sd,A,1,9,"{C so } I get most of  my news {D like } from documentaries like FORTY-EIGHT HOURS,  TWENTY TWENTY, {D you know, } the news at night.","so/RB I/PRP get/VBP most/RBS of/IN my/PRP$ news/NN like/UH from/IN documentaries/NNS like/IN FORTY-EIGHT/CD HOURS/NNS ,/, TWENTY/CD TWENTY/CD ,/, you/PRP know/VBP ,/, the/DT news/NN at/IN night/NN ./.",,
sw07utt/sw_0773_4821.utt,4/sw4821,4821,9,b,B,2,1,Uh-huh. /,Uh-huh/UH ./.,,
sw07utt/sw_0773_4821.utt,4/sw4821,4821,10,+,A,3,1,"News in the afternoon, that kind of thing. /","News/NNS in/IN the/DT afternoon/NN ,/, that/DT kind/NN of/IN thing/NN ./.",,
sw07utt/sw_0773_4821.utt,4/sw4821,4821,11,b,B,4,1,Uh-huh.  /,Uh-huh/UH ./.,,
sw07utt/sw_0773_4821.utt,4/sw4821,4821,12,sd,B,4,2,"{D Well } I get a,","Well/UH I/PRP get/VBP a/DT ,/,",,
sw07utt/sw_0773_4821.utt,4/sw4821,4821,13,x,A,5,1,<Whistling>.,,,
sw07utt/sw_0773_4821.utt,4/sw4821,4821,14,+,B,6,1,weekend paper as well  /,weekend/NN paper/NN as/IN well/RB,,
sw07utt/sw_0773_4821.utt,4/sw4821,4821,15,sd,B,6,2,"{C and, } {F uh, } in addition to  that I get a local weekly.  /","and/CC ,/, uh/UH ,/, in/IN addition/NN to/IN that/DT I/PRP get/VBP a/DT local/JJ weekly/NN ./.",,
sw07utt/sw_0773_4821.utt,4/sw4821,4821,16,sd,B,6,3,"[ I, + I ] live in suburb of Milwaukee -- /","I/PRP ,/, I/PRP live/VBP in/IN suburb/NN of/IN Milwaukee/NNP --/:",,
sw07utt/sw_0773_4821.utt,4/sw4821,4821,17,b,A,7,1,Uh-huh. /,Uh-huh/UH ./.,,
sw07utt/sw_0773_4821.utt,4/sw4821,4821,18,sd,B,8,1,"-- {C and } [ they get, + they have ]  community newspapers around here  so [ the local, + their extremely local ] <laughter> stuff --","--/: and/CC they/PRP get/VBP ,/, they/PRP have/VBP community/NN newspapers/NNS around/IN here/RB so/IN the/DT local/NN ,/, their/PRP$ extremely/RB local/JJ stuff/NN --/:",,
sw07utt/sw_0773_4821.utt,4/sw4821,4821,19,b,A,9,1,Uh-huh. /,Uh-huh/UH ./.,,
sw07utt/sw_0773_4821.utt,4/sw4821,4821,20,+,B,10,1,"-- {F uh, } is in the local paper that comes  out once a week  /","--/: uh/UH ,/, is/VBZ in/IN the/DT local/JJ paper/NN that/WDT comes/VBZ out/RP once/RB a/DT week/NN",,
sw07utt/sw_0773_4821.utt,4/sw4821,4821,21,sd,B,10,2,"{C and then } I get the Sunday, {F uh, } MILWAUKEE JOURNAL because I don't have time  to read a paper.  /","and/CC then/RB I/PRP get/VBP the/DT Sunday/NNP ,/, uh/UH ,/, MILWAUKEE/NNP JOURNAL/NNP because/IN I/PRP do/VBP n't/RB have/VB time/NN to/TO read/VB a/DT paper/NN ./.",,
sw07utt/sw_0773_4821.utt,4/sw4821,4821,22,sd,B,10,3,"{F Uh, } # mostly # --","Uh/UH ,/, mostly/RB --/:",,
sw07utt/sw_0773_4821.utt,4/sw4821,4821,23,b,A,11,1,# Right. # /,Right/UH ./.,,
sw07utt/sw_0773_4821.utt,4/sw4821,4821,24,+,B,12,1,-- that's my difficulty.  /,--/: that/DT 's/BES my/PRP$ difficulty/NN ./.,,
sw07utt/sw_0773_4821.utt,4/sw4821,4821,25,sd,B,12,2,"[ I, + {F uh, } I ]  get my news pretty much from the same sources as you do, although I do listen to N P R <swallowing>  [ which has very good, + {A and that's National Public Radio } # which # --","I/PRP ,/, uh/UH ,/, I/PRP get/VBP my/PRP$ news/NN pretty/RB much/JJ from/IN the/DT same/JJ sources/NNS as/IN you/PRP do/VBP ,/, although/IN I/PRP do/VBP listen/VB to/IN N/NNP P/NNP R/NNP which/WDT has/VBZ very/RB good/JJ ,/, and/CC that/DT 's/BES National/NNP Public/NNP Radio/NNP which/WDT --/:",,
sw07utt/sw_0773_4821.utt,4/sw4821,4821,26,b,A,13,1,# Uh-huh. # /,Uh-huh/UH ./.,,
sw07utt/sw_0773_4821.utt,4/sw4821,4821,27,+,B,14,1,"-- has very good, ] {F uh, } coverage of the national and  international news,  [ I feel + ] --","--/: has/VBZ very/RB good/JJ ,/, uh/UH ,/, coverage/NN of/IN the/DT national/JJ and/CC international/JJ news/NN ,/, I/PRP feel/VBP --/:",,
sw07utt/sw_0773_4821.utt,4/sw4821,4821,28,b,A,15,1,Uh-huh. /,Uh-huh/UH ./.,,
sw07utt/sw_0773_4821.utt,4/sw4821,4821,29,+,B,16,1,-- and does a pretty good job of # analysis as well. # /,--/: and/CC does/VBZ a/DT pretty/RB good/JJ job/NN of/IN analysis/NN as/IN well/RB ./.,,
sw07utt/sw_0773_4821.utt,4/sw4821,4821,30,qy,A,17,1,# Are you in # the car quite a bit  /,Are/VBP you/PRP in/IN the/DT car/NN quite/PDT a/DT bit/NN,,
sw07utt/sw_0773_4821.utt,4/sw4821,4821,31,%,A,17,2,"{C or, } -/","or/CC ,/,",,
sw07utt/sw_0773_4821.utt,4/sw4821,4821,32,nn,B,18,1,"No,  /","No/UH ,/,",,
sw07utt/sw_0773_4821.utt,4/sw4821,4821,33,sd^e,B,18,2,"I'm not {D actually. }   {F Uh, }  /","I/PRP 'm/VBP not/RB actually/RB ./. Uh/UH ,/,",,
sw07utt/sw_0773_4821.utt,4/sw4821,4821,34,sd,B,18,3,{C but } I can  run my radio in my office.  /,but/CC I/PRP can/MD run/VB my/PRP$ radio/NN in/IN my/PRP$ office/NN ./.,,
sw07utt/sw_0773_4821.utt,4/sw4821,4821,35,sd,B,18,4,"# [ I, + I ] # --","I/PRP ,/, I/PRP --/:",,
sw07utt/sw_0773_4821.utt,4/sw4821,4821,36,b,A,19,1,# Oh. # /,Oh/UH ./.,,
sw07utt/sw_0773_4821.utt,4/sw4821,4821,37,+,B,20,1,-- teach at the university  /,--/: teach/VBP at/IN the/DT university/NN,,
sw07utt/sw_0773_4821.utt,4/sw4821,4821,38,sd,B,20,2,{C and } when I'm not --,and/CC when/WRB I/PRP 'm/VBP not/RB --/:,,
sw07utt/sw_0773_4821.utt,4/sw4821,4821,39,b,A,21,1,Oh. /,Oh/UH ./.,,
sw07utt/sw_0773_4821.utt,4/sw4821,4821,40,+,B,22,1,"-- teaching, if I choose to have the radio on I  can listen to that station,  /","--/: teaching/VBG ,/, if/IN I/PRP choose/VBP to/TO have/VB the/DT radio/NN on/RP I/PRP can/MD listen/VB to/IN that/DT station/NN ,/,",,
sw07utt/sw_0773_4821.utt,4/sw4821,4821,41,%,B,22,2,{C so. } -/,so/RB ./.,,
sw07utt/sw_0773_4821.utt,4/sw4821,4821,42,b,A,23,1,Uh-huh.  /,Uh-huh/UH ./.,,
sw07utt/sw_0773_4821.utt,4/sw4821,4821,43,bk,A,23,2,"{F Oh, } I see.  {F Uh, } /","Oh/UH ,/, I/PRP see/VBP ./. Uh/UH ,/,",,
sw07utt/sw_0773_4821.utt,4/sw4821,4821,44,qy,B,24,1,"[ How are you, + are you ] satisfied with the  TWENTY TWENTY and FORTY-EIGHT HOURS and the things that you do # watch? # /","How/WRB are/VBP you/PRP ,/, are/VBP you/PRP satisfied/JJ with/IN the/DT TWENTY/CD TWENTY/CD and/CC FORTY-EIGHT/CD HOURS/NNS and/CC the/DT things/NNS that/WDT you/PRP do/VBP watch/VB ?/.",,
sw07utt/sw_0773_4821.utt,4/sw4821,4821,45,ny,A,25,1,# Yeah.  /,Yeah/UH ./.,,
sw07utt/sw_0773_4821.utt,4/sw4821,4821,46,sd^e,A,25,2,"#  [ [ I, + I, ] + I ] pretty much  am  /","I/PRP ,/, I/PRP ,/, I/PRP pretty/RB much/JJ am/VBP",,
sw07utt/sw_0773_4821.utt,4/sw4821,4821,47,sd,A,25,3,{C and } I watch the news at least twice a day. /,and/CC I/PRP watch/VBP the/DT news/NN at/IN least/JJS twice/RB a/DT day/NN ./.,,
sw07utt/sw_0773_4821.utt,4/sw4821,4821,48,b,B,26,1,Uh-huh. /,Uh-huh/UH ./.,,
sw07utt/sw_0773_4821.utt,4/sw4821,4821,49,sd,A,27,1,"{C So, } {F uh, } if I've missed something [ and, + and ]  I've just recently decided to stay home with my children  /","So/RB ,/, uh/UH ,/, if/IN I/PRP 've/VBP missed/VBN something/NN and/CC ,/, and/CC I/PRP 've/VBP just/RB recently/RB decided/VBN to/TO stay/VB home/NN with/IN my/PRP$ children/NNS",,
sw07utt/sw_0773_4821.utt,4/sw4821,4821,50,sd,A,27,2,"{C and so } <laughter> it seems  as if I catch the news [ ris-, + right ] as it happens, {D you know. } /","and/CC so/RB it/PRP seems/VBZ as/IN if/IN I/PRP catch/VBP the/DT news/NN ris-/XX ,/, right/RB as/IN it/PRP happens/VBZ ,/, you/PRP know/VBP ./.",,
sw07utt/sw_0773_4821.utt,4/sw4821,4821,51,b,B,28,1,Uh-huh. /,Uh-huh/UH ./.,,
sw07utt/sw_0773_4821.utt,4/sw4821,4821,52,sd,A,29,1,There was the explosions and that kind of thing.  /,There/EX was/VBD the/DT explosions/NNS and/CC that/DT kind/NN of/IN thing/NN ./.,,
sw07utt/sw_0773_4821.utt,4/sw4821,4821,53,sd(^q),A,29,2,My husband will say how did you know about that.  /,My/PRP$ husband/NN will/MD say/VB how/WRB did/VBD you/PRP know/VB about/IN that/DT ./.,,
sw07utt/sw_0773_4821.utt,4/sw4821,4821,54,^q,A,29,3,"Yes,  /","Yes/UH ,/,",,
sw07utt/sw_0773_4821.utt,4/sw4821,4821,55,^q,A,29,4,it happened at such and  such time <laughter>.  /,it/PRP happened/VBD at/IN such/JJ and/CC such/JJ time/NN ./.,,
sw07utt/sw_0773_4821.utt,4/sw4821,4821,56,sd,A,29,5,"{C And } [ [ that's so, + that, ] + that's ]  different for me.   /","And/CC that/DT 's/BES so/RB ,/, that/DT ,/, that/DT 's/BES different/JJ for/IN me/PRP ./.",,
sw07utt/sw_0773_4821.utt,4/sw4821,4821,57,sd,A,29,6,{C So } I usually find out exactly when it happens and that # kind of thing. # /,So/RB I/PRP usually/RB find/VBP out/RP exactly/RB when/WRB it/PRP happens/VBZ and/CC that/DT kind/NN of/IN thing/NN ./.,,
sw07utt/sw_0773_4821.utt,4/sw4821,4821,58,qy,B,30,1,"# Is that # the aspect of the news that you're most  interested in [ is, + is ] the timely [ yo-, + ] noting of the events as they happen?  /","Is/VBZ that/DT the/DT aspect/NN of/IN the/DT news/NN that/WDT you/PRP 're/VBP most/RBS interested/JJ in/RP is/VBZ ,/, is/VBZ the/DT timely/JJ yo-/XX ,/, noting/NN of/IN the/DT events/NNS as/IN they/PRP happen/VBP ?/.",,
sw07utt/sw_0773_4821.utt,4/sw4821,4821,59,qy,B,30,2,Is that what you feel good about # in the news coverage? # /,Is/VBZ that/DT what/WP you/PRP feel/VBP good/JJ about/IN in/IN the/DT news/NN coverage/NN ?/.,,
sw07utt/sw_0773_4821.utt,4/sw4821,4821,60,nn,A,31,1,"# {F Uh, } no  /","Uh/UH ,/, no/UH",,
sw07utt/sw_0773_4821.utt,4/sw4821,4821,61,sd^e,A,31,2,"it # just seems like since I've recently  stayed home, that is what's happened, {D you know. }  /","it/PRP just/RB seems/VBZ like/IN since/IN I/PRP 've/VBP recently/RB stayed/VBN home/NN ,/, that/DT is/VBZ what/WP 's/HVS happened/VBN ,/, you/PRP know/VBP ./.",,
sw07utt/sw_0773_4821.utt,4/sw4821,4821,62,sd,A,31,3,"It's just that, {F uh, }  now that I've stayed home, [ I'm, + I'm ] usually aware of when these things # occurred # -- /","It/PRP 's/BES just/RB that/IN ,/, uh/UH ,/, now/RB that/IN I/PRP 've/VBP stayed/VBN home/NN ,/, I/PRP 'm/VBP ,/, I/PRP 'm/VBP usually/RB aware/JJ of/IN when/WRB these/DT things/NNS occurred/VBD --/:",,
sw07utt/sw_0773_4821.utt,4/sw4821,4821,63,b,B,32,1,# <Noise> Uh-huh. # /,Uh-huh/UH ./.,,
sw07utt/sw_0773_4821.utt,4/sw4821,4821,64,sd,A,33,1,-- {C and } it happened  /,--/: and/CC it/PRP happened/VBD,,
sw07utt/sw_0773_4821.utt,4/sw4821,4821,65,%,A,33,2,"{C and, } -/","and/CC ,/,",,
sw07utt/sw_0773_4821.utt,4/sw4821,4821,66,sd,B,34,1,"{D Well, } I, myself, {F uh, } [ th-, + the ]  reason why I listen to N P R and the reason why I watch MACNEIL LEHRER,","Well/UH ,/, I/PRP ,/, myself/PRP ,/, uh/UH ,/, th-/DT ,/, the/DT reason/NN why/WRB I/PRP listen/VBP to/IN N/NNP P/NNP R/NNP and/CC the/DT reason/NN why/WRB I/PRP watch/VBP MACNEIL/NNP LEHRER/NNP ,/,",,
sw07utt/sw_0773_4821.utt,4/sw4821,4821,67,x,A,35,1,<Whistling>.,,,
sw07utt/sw_0773_4821.utt,4/sw4821,4821,68,+,B,36,1,"rather [ than the, + than the ]  network news shows at night, although I do [ o-, + ] watch a local ten o'clock in the evening news which  carries over a lot of the national news stories --","rather/IN than/IN the/DT ,/, than/IN the/DT network/NN news/NN shows/NNS at/IN night/NN ,/, although/IN I/PRP do/VBP o-/XX ,/, watch/VB a/DT local/JJ ten/CD o'clock/RB in/IN the/DT evening/NN news/NN which/WDT carries/VBZ over/RP a/DT lot/NN of/IN the/DT national/JJ news/NN stories/NNS --/:",,
sw07utt/sw_0773_4821.utt,4/sw4821,4821,69,b,A,37,1,"Right,  /","Right/UH ,/,",,
sw07utt/sw_0773_4821.utt,4/sw4821,4821,70,b^r,A,37,2,right. /,right/UH ./.,,
sw07utt/sw_0773_4821.utt,4/sw4821,4821,71,+,B,38,1,"-- {F uh, } is that quite often it seems to  me <sigh> the national doesn't do a very good job of analysis. /","--/: uh/UH ,/, is/VBZ that/DT quite/RB often/RB it/PRP seems/VBZ to/IN me/PRP the/DT national/JJ does/VBZ n't/RB do/VB a/DT very/RB good/JJ job/NN of/IN analysis/NN ./.",,
sw07utt/sw_0773_4821.utt,4/sw4821,4821,72,x,A,39,1,<Whistling>.,,,
sw07utt/sw_0773_4821.utt,4/sw4821,4821,73,sd,B,40,1,The local doesn't either  /,The/DT local/JJ does/VBZ n't/RB either/RB,,
sw07utt/sw_0773_4821.utt,4/sw4821,4821,74,sv,B,40,2,"{C but } I feel that MACNEIL  LEHRER get a little more deeply into [ some, + some ]  of the issues that are really current. /","but/CC I/PRP feel/VBP that/IN MACNEIL/NNP LEHRER/NNP get/VBP a/DT little/RB more/RBR deeply/RB into/IN some/DT ,/, some/DT of/IN the/DT issues/NNS that/WDT are/VBP really/RB current/JJ ./.",,
sw07utt/sw_0773_4821.utt,4/sw4821,4821,75,b,A,41,1,Uh-huh  /,Uh-huh/UH,,
sw07utt/sw_0773_4821.utt,4/sw4821.pos,4821,76,x@,A,41,2,"<<very faint>>.  *[[slash unit, plus is this considered non-speech?]]",./.
sw07utt/sw_0773_4821.utt,4/sw4821,4821,77,sv,B,42,1,{C And } perhaps newspapers do that  /,And/CC perhaps/RB newspapers/NNS do/VBP that/DT,,
sw07utt/sw_0773_4821.utt,4/sw4821,4821,78,sd,B,42,2,"{C but } as I said,  I don't have time to sit down and read a newspaper  /","but/CC as/IN I/PRP said/VBD ,/, I/PRP do/VBP n't/RB have/VB time/NN to/TO sit/VB down/RP and/CC read/VB a/DT newspaper/NN",,
sw07utt/sw_0773_4821.utt,4/sw4821,4821,79,sd,B,42,3,{C and } frankly when I have <laughter>  read a newspaper --,and/CC frankly/RB when/WRB I/PRP have/VBP read/VBN a/DT newspaper/NN --/:,,
sw07utt/sw_0773_4821.utt,4/sw4821,4821,80,b,A,43,1,Uh-huh. /,Uh-huh/UH ./.,,
sw07utt/sw_0773_4821.utt,4/sw4821,4821,81,+,B,44,1,-- I haven't noticed that kind of analysis either. /,--/: I/PRP have/VBP n't/RB noticed/VBN that/DT kind/NN of/IN analysis/NN either/RB ./.,,
sw07utt/sw_0773_4821.utt,4/sw4821,4821,82,b,A,45,1,Huh. /,Huh/UH ./.,,
sw07utt/sw_0773_4821.utt,4/sw4821,4821,83,sv,B,46,1,"{C So. } {F Uh, } [ there's, + there is ]  some danger to that, of course, too.  /","So/RB ./. Uh/UH ,/, there/EX 's/BES ,/, there/EX is/VBZ some/DT danger/NN to/IN that/DT ,/, of/IN course/NN ,/, too/RB ./.",,
sw07utt/sw_0773_4821.utt,4/sw4821,4821,84,qh,B,46,2,"{C Because } if the analysis is inaccurate or biased or whatever then, {D you know, }   how good is it.  /","Because/IN if/IN the/DT analysis/NN is/VBZ inaccurate/JJ or/CC biased/JJ or/CC whatever/WDT then/RB ,/, you/PRP know/VBP ,/, how/WRB good/JJ is/VBZ it/PRP ./.",,
sw07utt/sw_0773_4821.utt,4/sw4821,4821,85,sd,B,46,3,"{C But, } {F uh, } I like a little more indepth  coverage  /","But/CC ,/, uh/UH ,/, I/PRP like/VBP a/DT little/RB more/RBR indepth/JJ coverage/NN",,
sw07utt/sw_0773_4821.utt,4/sw4821,4821,86,sv,B,46,4,"{C and } I think that's what [ you're, + ] maybe appealing to you too on  something like TWENTY TWENTY or --","and/CC I/PRP think/VBP that/DT 's/BES what/WP you/PRP 're/VBP ,/, maybe/RB appealing/VBG to/IN you/PRP too/RB on/IN something/NN like/IN TWENTY/CD TWENTY/CD or/CC --/:",,
sw07utt/sw_0773_4821.utt,4/sw4821,4821,87,aa,A,47,1,Right. /,Right/UH ./.,,
sw07utt/sw_0773_4821.utt,4/sw4821,4821,88,+,B,48,1,-- FORTY-EIGHT # HOURS. # /,--/: FORTY-EIGHT/CD HOURS/NNS ./.,,
sw07utt/sw_0773_4821.utt,4/sw4821,4821,89,aa,A,49,1,# Right.  /,Right/UH ./.,,
sw07utt/sw_0773_4821.utt,4/sw4821,4821,90,sv,A,49,2,#  It kind of gives you the whole story or  more of the story. /,It/PRP kind/RB of/RB gives/VBZ you/PRP the/DT whole/JJ story/NN or/CC more/JJR of/IN the/DT story/NN ./.,,
sw07utt/sw_0773_4821.utt,4/sw4821,4821,91,b,B,50,1,Uh-huh. /,Uh-huh/UH ./.,,
sw07utt/sw_0773_4821.utt,4/sw4821,4821,92,h,A,51,1,That kind of thing. /,That/DT kind/NN of/IN thing/NN ./.,,
sw07utt/sw_0773_4821.utt,4/sw4821,4821,93,b,B,52,1,Yeah. /,Yeah/UH ./.,,
sw07utt/sw_0773_4821.utt,4/sw4821,4821,94,%,A,53,1,"{C So. } {F Uh, } -/","So/RB ./. Uh/UH ,/,",,
sw07utt/sw_0773_4821.utt,4/sw4821,4821,95,sd,B,54,1,I'm more interested in trying to understand  what's going on in the # world # --,I/PRP 'm/VBP more/RBR interested/JJ in/IN trying/VBG to/TO understand/VB what/WP 's/BES going/VBG on/RP in/IN the/DT world/NN --/:,,
sw07utt/sw_0773_4821.utt,4/sw4821,4821,96,b,A,55,1,# Yeah. # /,Yeah/UH ./.,,
sw07utt/sw_0773_4821.utt,4/sw4821,4821,97,+,B,56,1,"-- rather than simply being aware [ that, + {D you know, }  there, that ] an event has occurred <laughter>. /","--/: rather/IN than/IN simply/RB being/VBG aware/JJ that/IN ,/, you/PRP know/VBP ,/, there/RB ,/, that/IN an/DT event/NN has/VBZ occurred/VBN ./.",,
sw07utt/sw_0773_4821.utt,4/sw4821,4821,98,b,A,57,1,<Laughter> Yeah. /,Yeah/UH ./.,,
sw07utt/sw_0773_4821.utt,4/sw4821,4821,99,sd,B,58,1,"[ I, + I ] like to stand back and get a slightly bigger   picture.  /","I/PRP ,/, I/PRP like/VBP to/TO stand/VB back/RB and/CC get/VB a/DT slightly/RB bigger/JJR picture/NN ./.",,
sw07utt/sw_0773_4821.utt,4/sw4821,4821,100,sd,B,58,2,Maybe because I'm easily confused by detail.  /,Maybe/RB because/IN I/PRP 'm/VBP easily/RB confused/VBN by/IN detail/NN ./.,,
sw07utt/sw_0773_4821.utt,4/sw4821,4821,101,h,B,58,3,I don't know <laughter>. /,I/PRP do/VBP n't/RB know/VB ./.,,
sw07utt/sw_0773_4821.utt,4/sw4821,4821,102,b,A,59,1,Uh-huh.  /,Uh-huh/UH ./.,,
sw07utt/sw_0773_4821.utt,4/sw4821,4821,103,b,A,59,2,"Yeah,  /","Yeah/UH ,/,",,
sw07utt/sw_0773_4821.utt,4/sw4821,4821,104,sd,A,59,3,I know what you're saying.  /,I/PRP know/VBP what/WP you/PRP 're/VBP saying/VBG ./.,,
sw07utt/sw_0773_4821.utt,4/sw4821,4821,105,%,A,59,4,# Yeah. # /,Yeah/UH ./.,,
sw07utt/sw_0773_4821.utt,4/sw4821,4821,106,%,B,60,1,# {C So. } # -/,So/RB ./.,,
sw07utt/sw_0773_4821.utt,4/sw4821,4821,107,sd,A,61,1,{C But } I try and catch most of those  programs <throat_clearing> on Wednesday's and Friday's  /,But/CC I/PRP try/VBP and/CC catch/VB most/JJS of/IN those/DT programs/NNS on/IN Wednesday/NNP 's/POS and/CC Friday/NNP 's/POS,,
sw07utt/sw_0773_4821.utt,4/sw4821,4821,108,sd,A,61,2,"{C and } if I miss them, [ I try + <laughter>,  {D you know, } I try ] [ and, + and ] tape them if I'm out  ((   ))  that kind of thing,  /","and/CC if/IN I/PRP miss/VBP them/PRP ,/, I/PRP try/VBP ,/, you/PRP know/VBP ,/, I/PRP try/VBP and/CC ,/, and/CC tape/VB them/PRP if/IN I/PRP 'm/VBP out/IN MUMBLEx/XX that/DT kind/NN of/IN thing/NN ,/,",,
sw07utt/sw_0773_4821.utt,4/sw4821,4821,109,sd^r,A,61,3,I try  and tape them  /,I/PRP try/VBP and/CC tape/VB them/PRP,,
sw07utt/sw_0773_4821.utt,4/sw4821,4821,110,sd,A,61,4,{C and } <sniffing> {C so } I can sit back and watch them.  /,and/CC so/RB I/PRP can/MD sit/VB back/RP and/CC watch/VB them/PRP ./.,,
sw07utt/sw_0773_4821.utt,4/sw4821,4821,111,sd,A,61,5,{C And }  it's pretty interesting. /,And/CC it/PRP 's/BES pretty/RB interesting/JJ ./.,,
sw07utt/sw_0773_4821.utt,4/sw4821,4821,112,%,B,62,1,"When, - /","When/WRB ,/,",,
sw07utt/sw_0773_4821.utt,4/sw4821,4821,113,qy^g,B,62,2,"you have young children, right? /","you/PRP have/VBP young/JJ children/NNS ,/, right/UH ?/.",,
sw07utt/sw_0773_4821.utt,4/sw4821,4821,114,ny,A,63,1,Uh-huh. /,Uh-huh/UH ./.,,
sw07utt/sw_0773_4821.utt,4/sw4821,4821,115,qy^d,B,64,1,{C So } those evening shows are probably also  at a time when you're at liberty to take some time off and be in front of the T V set for  awhile # without interruption. # /,So/RB those/DT evening/NN shows/NNS are/VBP probably/RB also/RB at/IN a/DT time/NN when/WRB you/PRP 're/VBP at/IN liberty/NN to/TO take/VB some/DT time/NN off/RP and/CC be/VB in/IN front/RB of/IN the/DT T/NN V/NN set/NN for/IN awhile/RB without/IN interruption/NN ./.,,
sw07utt/sw_0773_4821.utt,4/sw4821,4821,116,ny,A,65,1,"# {D Well, } yeah.  /","Well/UH ,/, yeah/UH ./.",,
sw07utt/sw_0773_4821.utt,4/sw4821,4821,117,sd^e,A,65,2,"{C Plus, } # I find that I have  to video tape quite a bit of things <laughter>. /","Plus/CC ,/, I/PRP find/VBP that/IN I/PRP have/VBP to/TO video/GW tape/^VB quite/PDT a/DT bit/NN of/IN things/NNS ./.",,
sw07utt/sw_0773_4821.utt,4/sw4821,4821,118,bh,B,66,1,"{F Oh, } you do?  /","Oh/UH ,/, you/PRP do/VBP ?/.",,
sw07utt/sw_0773_4821.utt,4/sw4821,4821,119,b,B,66,2,Uh-huh. /,Uh-huh/UH ./.,,
sw07utt/sw_0773_4821.utt,4/sw4821,4821,120,sd,A,67,1,"If I don't want any interruptions, # {D you know. } # /","If/IN I/PRP do/VBP n't/RB want/VB any/DT interruptions/NNS ,/, you/PRP know/VBP ./.",,
sw07utt/sw_0773_4821.utt,4/sw4821,4821,121,b,B,68,1,# Uh-huh. # /,Uh-huh/UH ./.,,
sw07utt/sw_0773_4821.utt,4/sw4821,4821,122,h,A,69,1,That kind of thing. /,That/DT kind/NN of/IN thing/NN ./.,,
sw07utt/sw_0773_4821.utt,4/sw4821,4821,123,qw,B,70,1,When is your good watching time? /,When/WRB is/VBZ your/PRP$ good/JJ watching/NN time/NN ?/.,,
sw07utt/sw_0773_4821.utt,4/sw4821,4821,124,sd,A,71,1,"{F Uh, } it seems like ten o'clock at night <laughter>. /","Uh/UH ,/, it/PRP seems/VBZ like/IN ten/CD o'clock/RB at/IN night/NN ./.",,
sw07utt/sw_0773_4821.utt,4/sw4821,4821,125,b,B,72,1,Uh-huh.  /,Uh-huh/UH ./.,,
sw07utt/sw_0773_4821.utt,4/sw4821,4821,126,b,B,72,2,Yes.  /,Yes/UH ./.,,
sw07utt/sw_0773_4821.utt,4/sw4821,4821,127,b,B,72,3,"Yeah,  /","Yeah/UH ,/,",,
sw07utt/sw_0773_4821.utt,4/sw4821,4821,128,%,B,72,4,"# that's what, # -/","that/DT 's/BES what/WP ,/,",,
sw07utt/sw_0773_4821.utt,4/sw4821,4821,129,sd,A,73,1,"# Unfortunately, #  /","Unfortunately/RB ,/,",,
sw07utt/sw_0773_4821.utt,4/sw4821,4821,130,sd^r,A,73,2,"{C but } [ that, + that's ]  what it seems like, ten o'clock at night. /","but/CC that/DT ,/, that/DT 's/BES what/WP it/PRP seems/VBZ like/IN ,/, ten/CD o'clock/RB at/IN night/NN ./.",,
sw07utt/sw_0773_4821.utt,4/sw4821,4821,131,sd,B,74,1,I have older children --,I/PRP have/VBP older/JJR children/NNS --/:,,
sw07utt/sw_0773_4821.utt,4/sw4821,4821,132,b,A,75,1,Uh-huh  </noise> </children_talking>. /,Uh-huh/UH ./.,,
sw07utt/sw_0773_4821.utt,4/sw4821,4821,133,+,B,76,1,-- and getting dinner on the table.  /,--/: and/CC getting/VBG dinner/NN on/IN the/DT table/NN ./.,,
sw07utt/sw_0773_4821.utt,4/sw4821,4821,134,sd,B,76,2,I come from the east coast  /,I/PRP come/VBP from/IN the/DT east/JJ coast/NN,,
sw07utt/sw_0773_4821.utt,4/sw4821,4821,135,%,B,76,3,"{C and }  I was, - /","and/CC I/PRP was/VBD ,/,",,
sw07utt/sw_0773_4821.utt,4/sw4821,4821,136,sd,B,76,4,"<laughter> it amazed me when I got out here to the midwest and  found out that even though they're an hour earlier in time, they still watch the news when, -/","it/PRP amazed/VBD me/PRP when/WRB I/PRP got/VBD out/IN here/RB to/IN the/DT midwest/NN and/CC found/VBD out/RP that/IN even/RB though/IN they/PRP 're/VBP an/DT hour/NN earlier/JJR in/IN time/NN ,/, they/PRP still/RB watch/VBP the/DT news/NN when/WRB ,/,",,
