swda_filename,ptb_basename,conversation_no,transcript_index,act_tag,caller,utterance_index,subutterance_index,text,pos,trees,ptb_treenumbers
sw07utt/sw_0700_2586.utt,2/sw2586,2586,0,qy,A,1,1,"{D So, } do you fish? /","So/UH ,/, do/VBP you/PRP fish/VB ?/.",,
sw07utt/sw_0700_2586.utt,2/sw2586,2586,1,ny,B,2,1,"{F Oh, } yeah.  /","Oh/UH ,/, yeah/UH ./.",,
sw07utt/sw_0700_2586.utt,2/sw2586,2586,2,sd^e,B,2,2,"My dad has a lake cabin,  /","My/PRP$ dad/NN has/VBZ a/DT lake/NN cabin/NN ,/,",,
sw07utt/sw_0700_2586.utt,2/sw2586,2586,3,sd,B,2,3,"{C and so }  we go there for the small lake, {F uh, } just outside of the Dallas Fort Worth area.  /","and/CC so/RB we/PRP go/VBP there/RB for/IN the/DT small/JJ lake/NN ,/, uh/UH ,/, just/RB outside/IN of/IN the/DT Dallas/NNP Fort/NNP Worth/NNP area/NN ./.",,
sw07utt/sw_0700_2586.utt,2/sw2586,2586,4,sd,B,2,4,It takes us about three hours to get there.  /,It/PRP takes/VBZ us/PRP about/RB three/CD hours/NNS to/TO get/VB there/RB ./.,,
sw07utt/sw_0700_2586.utt,2/sw2586,2586,5,sd,B,2,5,"{C And } we go, and we fish,  /","And/CC we/PRP go/VBP ,/, and/CC we/PRP fish/VBP ,/,",,
sw07utt/sw_0700_2586.utt,2/sw2586,2586,6,sd,B,2,6,"{C and } we  catch a bunch of junk <laughter>.  [ Nothing, + nothing ] to talk about for the  most part,  /","and/CC we/PRP catch/VBP a/DT bunch/NN of/IN junk/NN ./. Nothing/NN ,/, nothing/NN to/TO talk/VB about/IN for/IN the/DT most/JJS part/NN ,/,",,
sw07utt/sw_0700_2586.utt,2/sw2586,2586,7,sd,B,2,7,{C but } it's fun. /,but/CC it/PRP 's/BES fun/JJ ./.,,
sw07utt/sw_0700_2586.utt,2/sw2586,2586,8,qr,A,3,1,"{F Uh, } from a boat or from shore? /","Uh/UH ,/, from/IN a/DT boat/NN or/CC from/IN shore/NN ?/.",,
sw07utt/sw_0700_2586.utt,2/sw2586,2586,9,sd,B,4,1,"From the dock, from shore. /","From/IN the/DT dock/NN ,/, from/IN shore/NN ./.",,
sw07utt/sw_0700_2586.utt,2/sw2586,2586,10,ba,A,5,1,"{F Oh, } that's nice.  /","Oh/UH ,/, that/DT 's/BES nice/JJ ./.",,
sw07utt/sw_0700_2586.utt,2/sw2586,2586,11,qy,A,5,2,"{F Uh, } mostly catfish  /","Uh/UH ,/, mostly/JJ catfish/NN",,
sw07utt/sw_0700_2586.utt,2/sw2586,2586,12,%,A,5,3,"{C or, } -/","or/CC ,/,",,
sw07utt/sw_0700_2586.utt,2/sw2586,2586,13,sd,B,6,1,"{F Oh, } mostly we catch  carp.  /","Oh/UH ,/, mostly/RB we/PRP catch/VBP carp/NN ./.",,
sw07utt/sw_0700_2586.utt,2/sw2586,2586,14,sd,B,6,2,"If we're doing good, we catch a catfish or two once in a while.   /","If/IN we/PRP 're/VBP doing/VBG good/RB ,/, we/PRP catch/VBP a/DT catfish/NN or/CC two/CD once/RB in/IN a/DT while/NN ./.",,
sw07utt/sw_0700_2586.utt,2/sw2586,2586,15,sd,B,6,3,"{C And, } {D you know, } we go ahead and eat  those.  /","And/CC ,/, you/PRP know/VBP ,/, we/PRP go/VBP ahead/RB and/CC eat/VBP those/DT ./.",,
sw07utt/sw_0700_2586.utt,2/sw2586,2586,16,sd,B,6,4,{C But } we've never caught enough to really have what you'd call a fish fry.  /,But/CC we/PRP 've/VBP never/RB caught/VBN enough/RB to/TO really/RB have/VBP what/WP you/PRP 'd/MD call/VB a/DT fish/NN fry/NN ./.,,
sw07utt/sw_0700_2586.utt,2/sw2586,2586,17,sd,B,6,5,"What we normally do is just, {F uh, } go ahead and clean it up,  and then, {F uh, }  {D you know, } put it in a bag  and freeze it.  /","What/WP we/PRP normally/RB do/VB is/VBZ just/RB ,/, uh/UH ,/, go/VB ahead/RB and/CC clean/JJ it/PRP up/RP ,/, and/CC then/RB ,/, uh/UH ,/, you/PRP know/VBP ,/, put/VB it/PRP in/IN a/DT bag/NN and/CC freeze/VB it/PRP ./.",,
sw07utt/sw_0700_2586.utt,2/sw2586,2586,18,sd,B,6,6,"[ {C And, } + {C and } ] somebody takes it  home and eats it then when there's  just a couple people instead of a whole  crowd. /","And/CC ,/, and/CC somebody/NN takes/VBZ it/PRP home/NN and/CC eats/VBZ it/PRP then/RB when/WRB there/EX 's/BES just/RB a/DT couple/NN people/NNS instead/IN of/IN a/DT whole/JJ crowd/NN ./.",,
sw07utt/sw_0700_2586.utt,2/sw2586,2586,19,sd,B,6,7,"{D Usually, }  there's a pretty good crowd there,  /","Usually/RB ,/, there/EX 's/BES a/DT pretty/RB good/JJ crowd/NN there/RB ,/,",,
sw07utt/sw_0700_2586.utt,2/sw2586,2586,20,sd,B,6,8,{C so } we don't ever catch enough to eat.  /,so/RB we/PRP do/VBP n't/RB ever/RB catch/VB enough/RB to/TO eat/VB ./.,,
sw07utt/sw_0700_2586.utt,2/sw2586,2586,21,sd,B,6,9,Carp is usually pretty much fun.  /,Carp/NNP is/VBZ usually/RB pretty/RB much/RB fun/JJ ./.,,
sw07utt/sw_0700_2586.utt,2/sw2586,2586,22,sd,B,6,10,"{C Because } I've caught up to about an eight pound carp on [ a little, + {D you know, } a little ] pole with twenty pound test line.  /","Because/IN I/PRP 've/VBP caught/VBN up/IN to/IN about/RB an/DT eight/CD pound/NN carp/NN on/IN a/DT little/JJ ,/, you/PRP know/VBP ,/, a/DT little/JJ pole/NN with/IN twenty/CD pound/NN test/NN line/NN ./.",,
sw07utt/sw_0700_2586.utt,2/sw2586,2586,23,sd,B,6,11,"{C And } [ that, + that's ] a pretty good fight. /","And/CC that/DT ,/, that/DT 's/BES a/DT pretty/RB good/JJ fight/NN ./.",,
sw07utt/sw_0700_2586.utt,2/sw2586,2586,24,sd,B,6,12,{C So } that's a lot of fun. /,So/RB that/DT 's/BES a/DT lot/NN of/IN fun/NN ./.,,
sw07utt/sw_0700_2586.utt,2/sw2586,2586,25,b,A,7,1,Yeah.  /,Yeah/UH ./.,,
sw07utt/sw_0700_2586.utt,2/sw2586,2586,26,qy,A,7,2,"A real light line, real light rig? /","A/DT real/RB light/JJ line/NN ,/, real/RB light/JJ rig/NN ?/.",,
sw07utt/sw_0700_2586.utt,2/sw2586,2586,27,ny,B,8,1,Yeah. /,Yeah/UH ./.,,
sw07utt/sw_0700_2586.utt,2/sw2586,2586,28,sv,A,9,1,"{D Well, } that sounds like fun. /","Well/UH ,/, that/DT sounds/VBZ like/IN fun/JJ ./.",,
sw07utt/sw_0700_2586.utt,2/sw2586,2586,29,sd,B,10,1,They fight hard. /,They/PRP fight/VBP hard/RB ./.,,
sw07utt/sw_0700_2586.utt,2/sw2586,2586,30,sv,A,11,1,"Fish in Colorado [ s-, + ]  different than that. -/","Fish/NN in/IN Colorado/NNP s-/XX ,/, different/JJ than/IN that/DT ./.",,
sw07utt/sw_0700_2586.utt,2/sw2586,2586,31,bh,B,12,1,Yeah? /,Yeah/UH ?/.,,
sw07utt/sw_0700_2586.utt,2/sw2586,2586,32,sd,A,13,1,Mostly trout in the mountains. /,Mostly/RB trout/NN in/IN the/DT mountains/NNS ./.,,
sw07utt/sw_0700_2586.utt,2/sw2586,2586,33,b,B,14,1,"Yeah,  /","Yeah/UH ,/,",,
sw07utt/sw_0700_2586.utt,2/sw2586,2586,34,qy,B,14,2,{C and } in the rivers and stuff? /,and/CC in/IN the/DT rivers/NNS and/CC stuff/NN ?/.,,
sw07utt/sw_0700_2586.utt,2/sw2586,2586,35,ny,A,15,1,"Yeah,  /","Yeah/UH ,/,",,
sw07utt/sw_0700_2586.utt,2/sw2586,2586,36,ny^r,A,15,2,"yeah,  /","yeah/UH ,/,",,
sw07utt/sw_0700_2586.utt,2/sw2586,2586,37,sd^e,A,15,3,mountain streams and rivers. /,mountain/NN streams/NNS and/CC rivers/NNS ./.,,
sw07utt/sw_0700_2586.utt,2/sw2586,2586,38,qy,B,16,1,Are they good to eat? /,Are/VBP they/PRP good/JJ to/TO eat/VB ?/.,,
sw07utt/sw_0700_2586.utt,2/sw2586,2586,39,ny,A,17,1,"{F Uh, } yeah,  /","Uh/UH ,/, yeah/UH ,/,",,
sw07utt/sw_0700_2586.utt,2/sw2586,2586,40,sd^e,A,17,2,"[ very. + {D Yeah, } very ]  much there, {D you know. } /","very/RB ./. Yeah/UH ,/, very/RB much/RB there/RB ,/, you/PRP know/VBP ./.",,
sw07utt/sw_0700_2586.utt,2/sw2586,2586,41,qy,B,18,1,"{F Oh, } you mean size wise they're not very big? /","Oh/UH ,/, you/PRP mean/VBP size/NN wise/RB they/PRP 're/VBP not/RB very/RB big/JJ ?/.",,
sw07utt/sw_0700_2586.utt,2/sw2586,2586,42,nn,A,19,1,"{F Um, } by and large, no.  /","Um/UH ,/, by/IN and/CC large/JJ ,/, no/UH ./.",,
sw07utt/sw_0700_2586.utt,2/sw2586,2586,43,sd^e,A,19,2,"[ {C But, } + {C but } ]  they're big fun. /","But/CC ,/, but/CC they/PRP 're/VBP big/RB fun/JJ ./.",,
sw07utt/sw_0700_2586.utt,2/sw2586,2586,44,b,B,20,1,Yeah.  /,Yeah/UH ./.,,
sw07utt/sw_0700_2586.utt,2/sw2586,2586,45,sd,B,20,2,"{D Well, } I've been, - /","Well/UH ,/, I/PRP 've/VBP been/VBN ,/,",,
sw07utt/sw_0700_2586.utt,2/sw2586,2586,46,qy,B,20,3,"is that mostly, {F uh, } fly fishing when you're doing that  /","is/VBZ that/DT mostly/RB ,/, uh/UH ,/, fly/NN fishing/NN when/WRB you/PRP 're/VBP doing/VBG that/DT",,
sw07utt/sw_0700_2586.utt,2/sw2586,2586,47,%,B,20,4,"{C or, } -/","or/CC ,/,",,
sw07utt/sw_0700_2586.utt,2/sw2586,2586,48,br,A,21,1,What? /,What/WP ?/.,,
sw07utt/sw_0700_2586.utt,2/sw2586,2586,49,qy^r,B,22,1,Are you fly fishing  /,Are/VBP you/PRP fly/GW fishing/^VBG,,
sw07utt/sw_0700_2586.utt,2/sw2586,2586,50,qrr,B,22,2,{C or } are you using a bobber? /,or/CC are/VBP you/PRP using/VBG a/DT bobber/NN ?/.,,
sw07utt/sw_0700_2586.utt,2/sw2586,2586,51,sd,A,23,1,"[ [ I, + I, ] + I'm ] a fly fisherman. /","I/PRP ,/, I/PRP ,/, I/PRP 'm/VBP a/DT fly/NN fisherman/NN ./.",,
sw07utt/sw_0700_2586.utt,2/sw2586,2586,52,b,B,24,1,Yeah. /,Yeah/UH ./.,,
sw07utt/sw_0700_2586.utt,2/sw2586,2586,53,b,A,25,1,"Yeah,  /","Yeah/UH ,/,",,
sw07utt/sw_0700_2586.utt,2/sw2586,2586,54,sd,A,25,2,"[ I, + I ] cast a ways.  /","I/PRP ,/, I/PRP cast/VBP a/DT ways/RB ./.",,
sw07utt/sw_0700_2586.utt,2/sw2586,2586,55,sd,A,25,3,"I'm not highly  proficient,  /","I/PRP 'm/VBP not/RB highly/RB proficient/JJ ,/,",,
sw07utt/sw_0700_2586.utt,2/sw2586,2586,56,sd,A,25,4,{C but } it's fun. /,but/CC it/PRP 's/BES fun/NN ./.,,
sw07utt/sw_0700_2586.utt,2/sw2586,2586,57,sd,B,26,1,I've never even tried that.  /,I/PRP 've/VBP never/RB even/RB tried/VBN that/DT ./.,,
sw07utt/sw_0700_2586.utt,2/sw2586,2586,58,%,B,26,2,"My, - /","My/PRP$ ,/,",,
sw07utt/sw_0700_2586.utt,2/sw2586,2586,59,sd,B,26,3,"if I don't have a reel with a button on it, I tend to get so much backlash, it's not worth the trouble <laughter>. /","if/IN I/PRP do/VBP n't/RB have/VB a/DT reel/NN with/IN a/DT button/NN on/IN it/PRP ,/, I/PRP tend/VBP to/TO get/VB so/RB much/JJ backlash/NN ,/, it/PRP 's/BES not/RB worth/NN the/DT trouble/NN ./.",,
sw07utt/sw_0700_2586.utt,2/sw2586,2586,60,co,A,27,1,"{D Well, } let me explain [ fly, + fly ] fishing to you then.  /","Well/UH ,/, let/VB me/PRP explain/VB fly/NN ,/, fly/NN fishing/NN to/IN you/PRP then/RB ./.",,
sw07utt/sw_0700_2586.utt,2/sw2586,2586,61,qy^d,A,27,2,You're not casting a weight on the end of the line? /,You/PRP 're/VBP not/RB casting/VBG a/DT weight/NN on/IN the/DT end/NN of/IN the/DT line/NN ?/.,,
sw07utt/sw_0700_2586.utt,2/sw2586,2586,62,ny,B,28,1,Uh-huh. /,Uh-huh/UH ./.,,
sw07utt/sw_0700_2586.utt,2/sw2586,2586,63,qy^d^r,A,29,1,You're casting the weight of the line. /,You/PRP 're/VBP casting/VBG the/DT weight/NN of/IN the/DT line/NN ./.,,
sw07utt/sw_0700_2586.utt,2/sw2586,2586,64,sd,B,30,1,With the little thing on the end. /,With/IN the/DT little/JJ thing/NN on/IN the/DT end/NN ./.,,
sw07utt/sw_0700_2586.utt,2/sw2586,2586,65,b,A,31,1,"Yeah,  /","Yeah/UH ,/,",,
sw07utt/sw_0700_2586.utt,2/sw2586,2586,66,sd,A,31,2,"{D well, }","well/UH ,/,",,
sw07utt/sw_0700_2586.utt,2/sw2586,2586,67,b,B,32,1,"# Yeah,  /","Yeah/UH ,/,",,
sw07utt/sw_0700_2586.utt,2/sw2586,2586,68,sd,B,32,2,I thought it had a weight.  # /,I/PRP thought/VBD it/PRP had/VBD a/DT weight/NN ./.,,
sw07utt/sw_0700_2586.utt,2/sw2586,2586,69,+,A,33,1,# the fly on the end weighs nothing.  #  /,the/DT fly/NN on/IN the/DT end/NN weighs/VBZ nothing/NN ./.,,
sw07utt/sw_0700_2586.utt,2/sw2586,2586,70,sd,A,33,2,It weighs less than the line. /,It/PRP weighs/VBZ less/JJR than/IN the/DT line/NN ./.,,
sw07utt/sw_0700_2586.utt,2/sw2586,2586,71,b,B,34,1,Oh. /,Oh/UH ./.,,
sw07utt/sw_0700_2586.utt,2/sw2586,2586,72,sd,A,35,1,"{C So } what you do is, you strip off, {F oh, } four, five, six little rolls, coils, of line into your hand. /","So/RB what/WP you/PRP do/VBP is/VBZ ,/, you/PRP strip/VBP off/RB ,/, oh/UH ,/, four/CD ,/, five/CD ,/, six/CD little/JJ rolls/NNS ,/, coils/NNS ,/, of/IN line/NN into/IN your/PRP$ hand/NN ./.",,
sw07utt/sw_0700_2586.utt,2/sw2586,2586,73,b,B,36,1,# Uh-huh. # /,Uh-huh/UH ./.,,
sw07utt/sw_0700_2586.utt,2/sw2586,2586,74,sd,A,37,1,# {C And } # you whip the line. /,And/CC you/PRP whip/VBP the/DT line/NN ./.,,
sw07utt/sw_0700_2586.utt,2/sw2586,2586,75,b,B,38,1,{F Um. } /,Um/UH ./.,,
sw07utt/sw_0700_2586.utt,2/sw2586,2586,76,sd,A,39,1,"As you whip it, over your head,","As/IN you/PRP whip/VBP it/PRP ,/, over/IN your/PRP$ head/NN ,/,",,
sw07utt/sw_0700_2586.utt,2/sw2586,2586,77,b,B,40,1,# Uh-huh. # /,Uh-huh/UH ./.,,
sw07utt/sw_0700_2586.utt,2/sw2586,2586,78,+,A,41,1,"# or # side to side, you slowly feed out more and more. /","or/CC side/NN to/IN side/NN ,/, you/PRP slowly/RB feed/VBP out/RB more/RBR and/CC more/RBR ./.",,
sw07utt/sw_0700_2586.utt,2/sw2586,2586,79,qy^d,B,42,1,{F Um. }  {C So } you're fishing downstream so it will carry some? /,Um/UH ./. So/RB you/PRP 're/VBP fishing/VBG downstream/RB so/RB it/PRP will/MD carry/VB some/DT ?/.,,
sw07utt/sw_0700_2586.utt,2/sw2586,2586,80,nn,A,43,1,"{D Well, } no,  /","Well/UH ,/, no/UH ,/,",,
sw07utt/sw_0700_2586.utt,2/sw2586,2586,81,nn^r,A,43,2,no.  /,no/UH ./.,,
sw07utt/sw_0700_2586.utt,2/sw2586,2586,82,sd^e,A,43,3,You fish upstream. /,You/PRP fish/VBP upstream/RB ./.,,
sw07utt/sw_0700_2586.utt,2/sw2586,2586,83,qy^d^m,B,44,1,"{F Oh, } you fish upstream? /","Oh/UH ,/, you/PRP fish/VBP upstream/RB ?/.",,
sw07utt/sw_0700_2586.utt,2/sw2586,2586,84,na,A,45,1,Right.  /,Right/UH ./.,,
sw07utt/sw_0700_2586.utt,2/sw2586,2586,85,sd,A,45,2,{C And then } you let it carry it downstream. /,And/CC then/RB you/PRP let/VBP it/PRP carry/VBP it/PRP downstream/RB ./.,,
sw07utt/sw_0700_2586.utt,2/sw2586,2586,86,b,B,46,1,Uh-huh. /,Uh-huh/UH ./.,,
sw07utt/sw_0700_2586.utt,2/sw2586,2586,87,sd,A,47,1,"{C And then } you reel it in,  /","And/CC then/RB you/PRP reel/VBP it/PRP in/IN ,/,",,
sw07utt/sw_0700_2586.utt,2/sw2586,2586,88,sd,A,47,2,{C and } you do it again. /,and/CC you/PRP do/VBP it/PRP again/RB ./.,,
sw07utt/sw_0700_2586.utt,2/sw2586,2586,89,bf,B,48,1,"You hope that they think it's a bug [ and, +","You/PRP hope/VBP that/IN they/PRP think/VBP it/PRP 's/BES a/DT bug/NN and/CC ,/,",,
sw07utt/sw_0700_2586.utt,2/sw2586,2586,90,aa,A,49,1,"# Yeah,  /","Yeah/UH ,/,",,
sw07utt/sw_0700_2586.utt,2/sw2586,2586,91,aa,A,49,2,exactly.  # /,exactly/UH ./.,,
sw07utt/sw_0700_2586.utt,2/sw2586,2586,92,+,B,50,1,# and ] eat # it. /,and/CC eat/VB it/PRP ./.,,
sw07utt/sw_0700_2586.utt,2/sw2586,2586,93,aa,A,51,1,"Yeah,  /","Yeah/UH ,/,",,
sw07utt/sw_0700_2586.utt,2/sw2586,2586,94,aa,A,51,2,exactly. /,exactly/UH ./.,,
sw07utt/sw_0700_2586.utt,2/sw2586,2586,95,b,B,52,1,Yeah. /,Yeah/UH ./.,,
sw07utt/sw_0700_2586.utt,2/sw2586,2586,96,bf,A,53,1,Jump at it.  /,Jump/VBP at/IN it/PRP ./.,,
sw07utt/sw_0700_2586.utt,2/sw2586,2586,97,sd,A,53,2,"{F Uh, } from what I'm seeing and hearing  and all, [ the, + the ] big pattern that's really looking forward for spring is the grub pattern. /","Uh/UH ,/, from/IN what/WP I/PRP 'm/VBP seeing/VBG and/CC hearing/VBG and/CC all/PDT ,/, the/DT ,/, the/DT big/JJ pattern/NN that/WDT 's/BES really/RB looking/VBG forward/RB for/IN spring/NN is/VBZ the/DT grub/NN pattern/NN ./.",,
sw07utt/sw_0700_2586.utt,2/sw2586,2586,98,br,B,54,1,That's a fish? /,That/DT 's/BES a/DT fish/NN ?/.,,
sw07utt/sw_0700_2586.utt,2/sw2586,2586,99,nn,A,55,1,"No,  /","No/UH ,/,",,
sw07utt/sw_0700_2586.utt,2/sw2586,2586,100,nn^r,A,55,2,no.  /,no/UH ./.,,
sw07utt/sw_0700_2586.utt,2/sw2586,2586,101,sd^e,A,55,3,"[ It, + it ] looks like a grub.  /","It/PRP ,/, it/PRP looks/VBZ like/IN a/DT grub/NN ./.",,
sw07utt/sw_0700_2586.utt,2/sw2586,2586,102,%,A,55,4,Yeah. /,Yeah/UH ./.,,
sw07utt/sw_0700_2586.utt,2/sw2586,2586,103,bf,B,56,1,"{F Oh, } [ it's a, + it's a ] lure. /","Oh/UH ,/, it/PRP 's/BES a/DT ,/, it/PRP 's/BES a/DT lure/NN ./.",,
sw07utt/sw_0700_2586.utt,2/sw2586,2586,104,aa,A,57,1,"Okay,  /","Okay/UH ,/,",,
sw07utt/sw_0700_2586.utt,2/sw2586,2586,105,%,A,57,2,"whenever you, {D yeah, } - /","whenever/WRB you/PRP ,/, yeah/UH ,/,",,
sw07utt/sw_0700_2586.utt,2/sw2586,2586,106,sd,A,57,3,"a lure, a fly. /","a/DT lure/NN ,/, a/DT fly/NN ./.",,
sw07utt/sw_0700_2586.utt,2/sw2586,2586,107,bk,B,58,1,I see. /,I/PRP see/VBP ./.,,
sw07utt/sw_0700_2586.utt,2/sw2586,2586,108,sd,A,59,1,"Whenever you have [ a, + ] something that looks like  something else -- /","Whenever/WRB you/PRP have/VBP a/DT ,/, something/NN that/WDT looks/VBZ like/IN something/NN else/RB --/:",,
sw07utt/sw_0700_2586.utt,2/sw2586,2586,109,b,B,60,1,Uh-huh. /,Uh-huh/UH ./.,,
sw07utt/sw_0700_2586.utt,2/sw2586,2586,110,sd,A,61,1,"-- {C and } it's a fly, you call it a pattern. /","--/: and/CC it/PRP 's/BES a/DT fly/NN ,/, you/PRP call/VBP it/PRP a/DT pattern/NN ./.",,
sw07utt/sw_0700_2586.utt,2/sw2586,2586,111,b,B,62,1,Oh. /,Oh/UH ./.,,
sw07utt/sw_0700_2586.utt,2/sw2586,2586,112,sd,A,63,1,"{D All right, } {F uh, } {D you know, }  [ there's bumble bee patterns + --","All/RB right/JJ ,/, uh/UH ,/, you/PRP know/VBP ,/, there/EX 's/BES bumble/GW bee/^NN patterns/NNS --/:",,
sw07utt/sw_0700_2586.utt,2/sw2586,2586,113,b,B,64,1,Uh-huh. /,Uh-huh/UH ./.,,
sw07utt/sw_0700_2586.utt,2/sw2586,2586,114,+,A,65,1,"-- [ there's <sneezing>, +   {E excuse me. }  {F Uh, } there's ] bumble patterns, ] there's mosquito patterns, there's wasp patterns, there's grub patterns. /","--/: there/EX 's/BES ,/, excuse/NN me/PRP ./. Uh/UH ,/, there/EX 's/BES bumble/NN patterns/NNS ,/, there/EX 's/BES mosquito/NN patterns/NNS ,/, there/EX 's/BES wasp/NN patterns/NNS ,/, there/EX 's/BES grub/NN patterns/NNS ./.",,
sw07utt/sw_0700_2586.utt,2/sw2586,2586,115,b,B,66,1,{F Um. } /,Um/UH ./.,,
sw07utt/sw_0700_2586.utt,2/sw2586,2586,116,%,A,67,1,"{F Uh, } /","Uh/UH ,/,",,
sw07utt/sw_0700_2586.utt,2/sw2586,2586,117,qy,B,68,1,"Did someone just come up with this design,  /","Did/VBD someone/NN just/RB come/VB up/RP with/IN this/DT design/NN ,/,",,
sw07utt/sw_0700_2586.utt,2/sw2586,2586,118,qy^d,B,68,2,"[ {C and, } + {C and } ] you're going to make one for yourself, /","and/CC ,/, and/CC you/PRP 're/VBP going/VBG to/TO make/VB one/CD for/IN yourself/PRP ,/,",,
sw07utt/sw_0700_2586.utt,2/sw2586,2586,119,%,A,69,1,"# {F Uh, } # /","Uh/UH ,/,",,
sw07utt/sw_0700_2586.utt,2/sw2586,2586,120,qrr,B,70,1,# {C or } # are you going to buy it? /,or/CC are/VBP you/PRP going/VBG to/TO buy/VB it/PRP ?/.,,
sw07utt/sw_0700_2586.utt,2/sw2586,2586,121,sd,A,71,1,You can buy them.  /,You/PRP can/MD buy/VB them/PRP ./.,,
sw07utt/sw_0700_2586.utt,2/sw2586,2586,122,sd,A,71,2,"{F Uh, } I've got some.  /","Uh/UH ,/, I/PRP 've/VBP got/VBN some/DT ./.",,
sw07utt/sw_0700_2586.utt,2/sw2586,2586,123,sd,A,71,3,"{C And, }","And/CC ,/,",,
sw07utt/sw_0700_2586.utt,2/sw2586,2586,124,b,B,72,1,Uh-huh. /,Uh-huh/UH ./.,,
sw07utt/sw_0700_2586.utt,2/sw2586,2586,125,+,A,73,1,They seemed to have been hitting real heavy on it in Fall. /,They/PRP seemed/VBD to/TO have/VB been/VBN hitting/VBG real/RB heavy/RB on/IN it/PRP in/IN Fall/NNP ./.,,
sw07utt/sw_0700_2586.utt,2/sw2586,2586,126,bf,B,74,1,"{F Oh, } it's just, that, that just happens to be what the fish like this year,  /","Oh/UH ,/, it/PRP 's/BES just/RB ,/, that/IN ,/, that/DT just/RB happens/VBZ to/TO be/VB what/WP the/DT fish/NN like/VBP this/DT year/NN ,/,",,
sw07utt/sw_0700_2586.utt,2/sw2586,2586,127,^g,B,74,2,huh? /,huh/UH ?/.,,
sw07utt/sw_0700_2586.utt,2/sw2586,2586,128,ny,A,75,1,"Yeah,  /","Yeah/UH ,/,",,
sw07utt/sw_0700_2586.utt,2/sw2586,2586,129,ny^r,A,75,2,yeah. /,yeah/UH ./.,,
sw07utt/sw_0700_2586.utt,2/sw2586,2586,130,b,B,76,1,{F Um. } /,Um/UH ./.,,
sw07utt/sw_0700_2586.utt,2/sw2586,2586,131,sd,A,77,1,"You know how that changes, the phase of the moon  /","You/PRP know/VBP how/WRB that/DT changes/VBZ ,/, the/DT phase/NN of/IN the/DT moon/NN",,
sw07utt/sw_0700_2586.utt,2/sw2586,2586,132,%,A,77,2,"{C and, } -/","and/CC ,/,",,
sw07utt/sw_0700_2586.utt,2/sw2586,2586,133,na,B,78,1,<Laughter>  I guess so.  /,I/PRP guess/VBP so/RB ./.,,
sw07utt/sw_0700_2586.utt,2/sw2586,2586,134,sd,B,78,2,We tend to use just bait.,We/PRP tend/VBP to/TO use/VB just/RB bait/NN ./.,,
sw07utt/sw_0700_2586.utt,2/sw2586,2586,135,b,A,79,1,Yeah.  /,Yeah/UH ./.,,
sw07utt/sw_0700_2586.utt,2/sw2586,2586,136,b^r,A,79,2,"Yeah,  /","Yeah/UH ,/,",,
sw07utt/sw_0700_2586.utt,2/sw2586,2586,137,sd,A,79,3,"[ [ I, + I, ]","I/PRP ,/, I/PRP ,/,",,
sw07utt/sw_0700_2586.utt,2/sw2586,2586,138,+,B,80,1,"And, a few lures,  /","And/CC ,/, a/DT few/JJ lures/NNS ,/,",,
sw07utt/sw_0700_2586.utt,2/sw2586,2586,139,sd,B,80,2,"{C but } bait tends to work the best, just some blood bait. /","but/CC bait/NN tends/VBZ to/TO work/VB the/DT best/RBS ,/, just/RB some/DT blood/NN bait/NN ./.",,
sw07utt/sw_0700_2586.utt,2/sw2586,2586,140,+,A,81,1,"{D You see, } I'm ] from west Texas. /","You/PRP see/VBP ,/, I/PRP 'm/VBP from/IN west/JJ Texas/NNP ./.",,
sw07utt/sw_0700_2586.utt,2/sw2586,2586,141,bh,B,82,1,"{F Oh, } are you? /","Oh/UH ,/, are/VBP you/PRP ?/.",,
sw07utt/sw_0700_2586.utt,2/sw2586,2586,142,ny,A,83,1,Yeah. /,Yeah/UH ./.,,
sw07utt/sw_0700_2586.utt,2/sw2586,2586,143,qw,B,84,1,Where are you from? /,Where/WRB are/VBP you/PRP from/RB ?/.,,
sw07utt/sw_0700_2586.utt,2/sw2586,2586,144,sd,A,85,1,Lubbock. /,Lubbock/NNP ./.,,
sw07utt/sw_0700_2586.utt,2/sw2586,2586,145,sd,B,86,1,"{F Oh, } I'm from Midland. /","Oh/UH ,/, I/PRP 'm/VBP from/IN Midland/NNP ./.",,
sw07utt/sw_0700_2586.utt,2/sw2586,2586,146,bf,A,87,1,"{F Oh, } another west Texan. /","Oh/UH ,/, another/DT west/JJ Texan/NNP ./.",,
sw07utt/sw_0700_2586.utt,2/sw2586,2586,147,sd,B,88,1,"I went to college at Tech,  /","I/PRP went/VBD to/IN college/NN at/IN Tech/NNP ,/,",,
sw07utt/sw_0700_2586.utt,2/sw2586,2586,148,qy^d,B,88,2,{C so. } You've been out to  Buffalo Gap fishing. /,so/RB ./. You/PRP 've/VBP been/VBN out/IN to/IN Buffalo/NNP Gap/NNP fishing/VBG ./.,,
sw07utt/sw_0700_2586.utt,2/sw2586,2586,149,ny,A,89,1,"Yeah,  /","Yeah/UH ,/,",,
sw07utt/sw_0700_2586.utt,2/sw2586,2586,150,ny^r,A,89,2,yeah. /,yeah/UH ./.,,
sw07utt/sw_0700_2586.utt,2/sw2586,2586,151,b,B,90,1,Yeah.  /,Yeah/UH ./.,,
sw07utt/sw_0700_2586.utt,2/sw2586,2586,152,sd,B,90,2,I've been up there. /,I/PRP 've/VBP been/VBN up/IN there/RB ./.,,
sw07utt/sw_0700_2586.utt,2/sw2586,2586,153,sv,A,91,1,"[ [ It, +","It/PRP ,/,",,
sw07utt/sw_0700_2586.utt,2/sw2586,2586,154,sd,B,92,1,"I didn't catch anything,  /","I/PRP did/VBD n't/RB catch/VB anything/NN ,/,",,
sw07utt/sw_0700_2586.utt,2/sw2586,2586,155,sd,B,92,2,{C but } I've been up there <laughter>. /,but/CC I/PRP 've/VBP been/VBN up/IN there/RB ./.,,
sw07utt/sw_0700_2586.utt,2/sw2586,2586,156,+,A,93,1,"It, ] + it's ] kind of nice way to get away from everything for the day. /","It/PRP ,/, it/PRP 's/BES kind/RB of/RB nice/JJ way/NN to/TO get/VB away/RB from/IN everything/NN for/IN the/DT day/NN ./.",,
sw07utt/sw_0700_2586.utt,2/sw2586,2586,157,aa,B,94,1,"Yeah,  /","Yeah/UH ,/,",,
sw07utt/sw_0700_2586.utt,2/sw2586,2586,158,sv,B,94,2,it's fun.  /,it/PRP 's/BES fun/JJ ./.,,
sw07utt/sw_0700_2586.utt,2/sw2586,2586,159,sv,B,94,3,It's lazy.  /,It/PRP 's/BES lazy/JJ ./.,,
sw07utt/sw_0700_2586.utt,2/sw2586,2586,160,sd,B,94,4,Take a picnic lunch.  /,Take/VB a/DT picnic/NN lunch/NN ./.,,
sw07utt/sw_0700_2586.utt,2/sw2586,2586,161,sd,B,94,5,I used to do that with my dad.  /,I/PRP used/VBD to/TO do/VB that/DT with/IN my/PRP$ dad/NN ./.,,
sw07utt/sw_0700_2586.utt,2/sw2586,2586,162,sd,B,94,6,Every once in a while we'd go out on a Saturday and just spend the day.,Every/DT once/RB in/IN a/DT while/NN we/PRP 'd/MD go/VB out/RB on/IN a/DT Saturday/NNP and/CC just/RB spend/VB the/DT day/NN ./.,,
sw07utt/sw_0700_2586.utt,2/sw2586,2586,163,b,A,95,1,Yeah. /,Yeah/UH ./.,,
sw07utt/sw_0700_2586.utt,2/sw2586,2586,164,+,B,96,1,Before it got too hot. /,Before/IN it/PRP got/VBD too/RB hot/JJ ./.,,
sw07utt/sw_0700_2586.utt,2/sw2586,2586,165,sd,A,97,1,"{D Well, } there you fish mornings and evenings.","Well/UH ,/, there/EX you/PRP fish/VBP mornings/NNS and/CC evenings/NNS ./.",,
sw07utt/sw_0700_2586.utt,2/sw2586,2586,166,aa,B,98,1,Yeah. /,Yeah/UH ./.,,
sw07utt/sw_0700_2586.utt,2/sw2586,2586,167,+,A,99,1,And  nights. /,And/CC nights/NNS ./.,,
sw07utt/sw_0700_2586.utt,2/sw2586,2586,168,aa,B,100,1,"<Laughter>  Yeah,  /","Yeah/UH ,/,",,
sw07utt/sw_0700_2586.utt,2/sw2586,2586,169,sd,B,100,2,we do most of our fishing at night. /,we/PRP do/VBP most/RBS of/IN our/PRP$ fishing/NN at/IN night/NN ./.,,
sw07utt/sw_0700_2586.utt,2/sw2586,2586,170,b,A,101,1,Yeah. /,Yeah/UH ./.,,
sw07utt/sw_0700_2586.utt,2/sw2586,2586,171,sd,B,102,1,Just from the heat of it all.  /,Just/RB from/IN the/DT heat/NN of/IN it/PRP all/DT ./.,,
sw07utt/sw_0700_2586.utt,2/sw2586,2586,172,sv,B,102,2,That's one advantage  you've certainly got on us. /,That/DT 's/BES one/CD advantage/NN you/PRP 've/VBP certainly/RB got/VBN on/IN us/PRP ./.,,
sw07utt/sw_0700_2586.utt,2/sw2586,2586,173,sd,A,103,1,"It, at times, gets incredibly hot here. /","It/PRP ,/, at/IN times/NNS ,/, gets/VBZ incredibly/RB hot/JJ here/RB ./.",,
sw07utt/sw_0700_2586.utt,2/sw2586,2586,174,bh,B,104,1,It does?  /,It/PRP does/VBZ ?/.,,
sw07utt/sw_0700_2586.utt,2/sw2586,2586,175,sd,B,104,2,I've only been up there once.  /,I/PRP 've/VBP only/RB been/VBN up/IN there/RB once/RB ./.,,
sw07utt/sw_0700_2586.utt,2/sw2586,2586,176,sd,B,104,3,"In the summer.  {D Well, } - /","In/IN the/DT summer/NN ./. Well/UH ,/,",,
sw07utt/sw_0700_2586.utt,2/sw2586,2586,177,ar,B,104,4,"no,  /","no/UH ,/,",,
sw07utt/sw_0700_2586.utt,2/sw2586,2586,178,sd,B,104,5,I've been up there twice in the summer.   /,I/PRP 've/VBP been/VBN up/IN there/RB twice/RB in/IN the/DT summer/NN ./.,,
sw07utt/sw_0700_2586.utt,2/sw2586,2586,179,sd,B,104,6,{C But } both times it was  really pleasant.  /,But/CC both/DT times/NNS it/PRP was/VBD really/RB pleasant/JJ ./.,,
sw07utt/sw_0700_2586.utt,2/sw2586,2586,180,sd,B,104,7,"In fact, it snowed on us [ in, + in, ] {D gosh, } when was that? /","In/IN fact/NN ,/, it/PRP snowed/VBD on/IN us/PRP in/IN ,/, in/IN ,/, gosh/UH ,/, when/WRB was/VBD that/DT ?/.",,
sw07utt/sw_0700_2586.utt,2/sw2586,2586,181,qy,A,105,1,June? /,June/NNP ?/.,,
sw07utt/sw_0700_2586.utt,2/sw2586,2586,182,sd,B,106,1,"We were in Mesa Verde Park,  /","We/PRP were/VBD in/IN Mesa/NNP Verde/NNP Park/NNP ,/,",,
sw07utt/sw_0700_2586.utt,2/sw2586,2586,183,sd,B,106,2,{C and } [ it was like the  end of Ju-. + ] It  was just before July fourth. /,and/CC it/PRP was/VBD like/IN the/DT end/NN of/IN Ju-/NNP ./. It/PRP was/VBD just/RB before/IN July/NNP fourth/JJ ./.,,
sw07utt/sw_0700_2586.utt,2/sw2586,2586,184,b,A,107,1,Oh. /,Oh/UH ./.,,
sw07utt/sw_0700_2586.utt,2/sw2586,2586,185,sd,B,108,1,"{C And } it was twenty-eight, twenty-nine degrees. /","And/CC it/PRP was/VBD twenty-eight/CD ,/, twenty-nine/CD degrees/NNS ./.",,
sw07utt/sw_0700_2586.utt,2/sw2586,2586,186,sd,B,108,2,"We were out in this silly tent with regular little sleeping bags, not knowing any  better <laughter>.  /","We/PRP were/VBD out/IN in/IN this/DT silly/JJ tent/NN with/IN regular/JJ little/JJ sleeping/NN bags/NNS ,/, not/RB knowing/VBG any/DT better/RBR ./.",,
sw07utt/sw_0700_2586.utt,2/sw2586,2586,187,sd,B,108,3,"{C And } here it went and it froze,  /","And/CC here/RB it/PRP went/VBD and/CC it/PRP froze/VBD ,/,",,
sw07utt/sw_0700_2586.utt,2/sw2586,2586,188,sd,B,108,4,{C and } it snowed on us. /,and/CC it/PRP snowed/VBD on/IN us/PRP ./.,,
sw07utt/sw_0700_2586.utt,2/sw2586,2586,189,b,A,109,1,Yeah. /,Yeah/UH ./.,,
sw07utt/sw_0700_2586.utt,2/sw2586,2586,190,sd,B,110,1,We did not know what to do about it. /,We/PRP did/VBD not/RB know/VB what/WP to/TO do/VB about/IN it/PRP ./.,,
sw07utt/sw_0700_2586.utt,2/sw2586,2586,191,sv,A,111,1,"Fishing is not [ just, + just ] dragging fish out of the water.  /","Fishing/NN is/VBZ not/RB just/RB ,/, just/RB dragging/VBG fish/NN out/IN of/IN the/DT water/NN ./.",,
sw07utt/sw_0700_2586.utt,2/sw2586,2586,192,sv,A,111,2,"[ It's, + it's ] a total experience, {D you know, } getting out in nature and,","It/PRP 's/BES ,/, it/PRP 's/BES a/DT total/JJ experience/NN ,/, you/PRP know/VBP ,/, getting/VBG out/IN in/IN nature/NN and/CC ,/,",,
sw07utt/sw_0700_2586.utt,2/sw2586,2586,193,b,B,112,1,# Yeah. # /,Yeah/UH ./.,,
sw07utt/sw_0700_2586.utt,2/sw2586,2586,194,+,A,113,1,"# hearing # the crickets, and listening to the birds and,","hearing/VBG the/DT crickets/NNS ,/, and/CC listening/VBG to/IN the/DT birds/NNS and/CC ,/,",,
sw07utt/sw_0700_2586.utt,2/sw2586,2586,195,b,B,114,1,# Uh-huh. # /,Uh-huh/UH ./.,,
sw07utt/sw_0700_2586.utt,2/sw2586,2586,196,+,A,115,1,"# seeing # the squirrels and,","seeing/VBG the/DT squirrels/NNS and/CC ,/,",,
sw07utt/sw_0700_2586.utt,2/sw2586,2586,197,%,B,116,1,"# Do, # -/","Do/VBP ,/,",,
sw07utt/sw_0700_2586.utt,2/sw2586,2586,198,+,A,117,1,"# camping # out, and eating out,","camping/VBG out/RP ,/, and/CC eating/VBG out/IN ,/,",,
sw07utt/sw_0700_2586.utt,2/sw2586,2586,199,b,B,118,1,# Yeah. # /,Yeah/UH ./.,,
sw07utt/sw_0700_2586.utt,2/sw2586,2586,200,+,A,119,1,# of # doors  /,of/IN doors/NNS,,
sw07utt/sw_0700_2586.utt,2/sw2586,2586,201,%,A,119,2,"{C and, } -/","and/CC ,/,",,
sw07utt/sw_0700_2586.utt,2/sw2586,2586,202,qy,B,120,1,"Do you have to, - /","Do/VBP you/PRP have/VB to/TO ,/,",,
sw07utt/sw_0700_2586.utt,2/sw2586,2586,203,qy,B,120,2,do you wear waders when you fish? /,do/VBP you/PRP wear/VB waders/NNS when/WRB you/PRP fish/VBP ?/.,,
sw07utt/sw_0700_2586.utt,2/sw2586,2586,204,ng,A,121,1,"{F Uh, } I probably ought to.  /","Uh/UH ,/, I/PRP probably/RB ought/MD to/TO ./.",,
sw07utt/sw_0700_2586.utt,2/sw2586,2586,205,sd,A,121,2,I just freeze. /,I/PRP just/RB freeze/VBP ./.,,
sw07utt/sw_0700_2586.utt,2/sw2586,2586,206,b,B,122,1,Oh.  /,Oh/UH ./.,,
sw07utt/sw_0700_2586.utt,2/sw2586,2586,207,bf,B,122,2,"{D Goodness, } it must be a little bit cold. /","Goodness/UH ,/, it/PRP must/MD be/VB a/DT little/JJ bit/NN cold/JJ ./.",,
sw07utt/sw_0700_2586.utt,2/sw2586,2586,208,aa,A,123,1,"Yeah,  /","Yeah/UH ,/,",,
sw07utt/sw_0700_2586.utt,2/sw2586,2586,209,aa^r,A,123,2,"yeah,  /","yeah/UH ,/,",,
sw07utt/sw_0700_2586.utt,2/sw2586,2586,210,sd,A,123,3,"{D well, } {D you know, }","well/UH ,/, you/PRP know/VBP ,/,",,
sw07utt/sw_0700_2586.utt,2/sw2586,2586,211,sd,B,124,1,# That's cold water around there.  # /,That/DT 's/BES cold/JJ water/NN around/IN there/RB ./.,,
sw07utt/sw_0700_2586.utt,2/sw2586,2586,212,+,A,125,1,"# ankle deep or standing on # the bank, and slipping it out there. /","ankle/NN deep/JJ or/CC standing/VBG on/IN the/DT bank/NN ,/, and/CC slipping/VBG it/PRP out/IN there/RB ./.",,
sw07utt/sw_0700_2586.utt,2/sw2586,2586,213,qy,B,126,1,"{F Um. }  Do you have any, -/","Um/UH ./. Do/VBP you/PRP have/VB any/DT ,/,",,
sw07utt/sw_0700_2586.utt,2/sw2586,2586,214,sd,A,127,1,"{D You know, } I always intend to just stand on the  bank and just kind of slip it,","You/PRP know/VBP ,/, I/PRP always/RB intend/VBP to/TO just/RB stand/VB on/IN the/DT bank/NN and/CC just/RB kind/RB of/RB slip/VB it/PRP ,/,",,
sw07utt/sw_0700_2586.utt,2/sw2586,2586,215,bk,B,128,1,"# {F Oh, } I see.  # /","Oh/UH ,/, I/PRP see/VBP ./.",,
sw07utt/sw_0700_2586.utt,2/sw2586,2586,216,+,A,129,1,"# out there,  /","out/IN there/RB ,/,",,
sw07utt/sw_0700_2586.utt,2/sw2586,2586,217,qy^d,A,129,2,{C and } # you know how it is.  /,and/CC you/PRP know/VBP how/WRB it/PRP is/VBZ ./.,,
sw07utt/sw_0700_2586.utt,2/sw2586,2586,218,sd,A,129,3,"The water's kind of, -/","The/DT water/NN 's/BES kind/RB of/RB ,/,",,
sw07utt/sw_0700_2586.utt,2/sw2586,2586,219,aa,B,130,1,Yeah.  /,Yeah/UH ./.,,
sw07utt/sw_0700_2586.utt,2/sw2586,2586,220,bf,B,130,2,"{C And } [ you get, + you get ]  a little more carried away with it,  /","And/CC you/PRP get/VBP ,/, you/PRP get/VBP a/DT little/RB more/JJR carried/JJ away/RB with/IN it/PRP ,/,",,
sw07utt/sw_0700_2586.utt,2/sw2586,2586,221,bf,B,130,3,{C and } you move a little closer. /,and/CC you/PRP move/VBP a/DT little/RB closer/RBR ./.,,
sw07utt/sw_0700_2586.utt,2/sw2586,2586,222,sd,A,131,1,"{C And then } you're in to it just a  little bit,  /","And/CC then/RB you/PRP 're/VBP in/IN to/IN it/PRP just/RB a/DT little/JJ bit/NN ,/,",,
sw07utt/sw_0700_2586.utt,2/sw2586,2586,223,sd,A,131,2,{C and then } you splash in  /,and/CC then/RB you/PRP splash/VBP in/RB,,
sw07utt/sw_0700_2586.utt,2/sw2586,2586,224,sd,A,131,3,"{C and, }","and/CC ,/,",,
sw07utt/sw_0700_2586.utt,2/sw2586,2586,225,b,B,132,1,# Yeah. # /,Yeah/UH ./.,,
sw07utt/sw_0700_2586.utt,2/sw2586,2586,226,+,A,133,1,"# the # next thing you know, your knees are wet. /","the/DT next/JJ thing/NN you/PRP know/VBP ,/, your/PRP$ knees/NNS are/VBP wet/JJ ./.",,
sw07utt/sw_0700_2586.utt,2/sw2586,2586,227,qy,B,134,1,<Laughter>  Do you have any kids that you take fishing? /,Do/VBP you/PRP have/VBP any/DT kids/NNS that/WDT you/PRP take/VBP fishing/VBG ?/.,,
sw07utt/sw_0700_2586.utt,2/sw2586,2586,228,na,A,135,1,"{F Uh, } got a stepdaughter. /","Uh/UH ,/, got/VBN a/DT stepdaughter/NN ./.",,
sw07utt/sw_0700_2586.utt,2/sw2586,2586,229,b,B,136,1,Uh-huh. /,Uh-huh/UH ./.,,
sw07utt/sw_0700_2586.utt,2/sw2586,2586,230,sd,A,137,1,She's real sweet.  /,She/PRP 's/BES real/RB sweet/JJ ./.,,
sw07utt/sw_0700_2586.utt,2/sw2586,2586,231,sd,A,137,2,"{C And, } {F uh, } at times  she enjoys it, at times not. /","And/CC ,/, uh/UH ,/, at/IN times/NNS she/PRP enjoys/VBZ it/PRP ,/, at/IN times/NNS not/RB ./.",,
sw07utt/sw_0700_2586.utt,2/sw2586,2586,232,b,B,138,1,Yeah. /,Yeah/UH ./.,,
sw07utt/sw_0700_2586.utt,2/sw2586,2586,233,sd,A,139,1,A fuzzy little dog. /,A/DT fuzzy/JJ little/JJ dog/NN ./.,,
sw07utt/sw_0700_2586.utt,2/sw2586,2586,234,sd,B,140,1,<Laughter>  I have a three and a half year old and a one and  a half year old. /,I/PRP have/VBP a/DT three/CD and/CC a/DT half/NN year/NN old/JJ and/CC a/DT one/CD and/CC a/DT half/NN year/NN old/JJ ./.,,
sw07utt/sw_0700_2586.utt,2/sw2586,2586,235,b,A,141,1,Oh. /,Oh/UH ./.,,
sw07utt/sw_0700_2586.utt,2/sw2586,2586,236,sd,B,142,1,"{C And } the little one, of course, [ is, + ] could care less. /","And/CC the/DT little/JJ one/NN ,/, of/IN course/NN ,/, is/VBZ ,/, could/MD care/VB less/RBR ./.",,
sw07utt/sw_0700_2586.utt,2/sw2586,2586,237,b,A,143,1,# Yeah. # /,Yeah/UH ./.,,
sw07utt/sw_0700_2586.utt,2/sw2586,2586,238,sd,B,144,1,"# The, # {F uh, } three and a half year old has just gotten  to the point, - /","The/DT ,/, uh/UH ,/, three/CD and/CC a/DT half/NN year/NN old/JJ has/VBZ just/RB gotten/VBN to/IN the/DT point/NN ,/,",,
sw07utt/sw_0700_2586.utt,2/sw2586,2586,239,sd,B,144,2,"we got him a little pole last year,  /","we/PRP got/VBD him/PRP a/DT little/JJ pole/NN last/JJ year/NN ,/,",,
sw07utt/sw_0700_2586.utt,2/sw2586,2586,240,sd,B,144,3,"{C and } [ just put, + ] {F uh, }  his big thing last year was throwing it in the water and reeling it up <laughter>.  /","and/CC just/RB put/VB ,/, uh/UH ,/, his/PRP$ big/JJ thing/NN last/JJ year/NN was/VBD throwing/VBG it/PRP in/IN the/DT water/NN and/CC reeling/VBG it/PRP up/RB ./.",,
sw07utt/sw_0700_2586.utt,2/sw2586,2586,241,sd,B,144,4,That was what he considered fishing <laughter>.  /,That/DT was/VBD what/WP he/PRP considered/VBN fishing/NN ./.,,
sw07utt/sw_0700_2586.utt,2/sw2586,2586,242,sd,B,144,5,"This year, he's gotten to where  he can.  /","This/DT year/NN ,/, he/PRP 's/HVS gotten/VBN to/IN where/WRB he/PRP can/MD ./.",,
sw07utt/sw_0700_2586.utt,2/sw2586,2586,243,sd,B,144,6,"[ We, + we ] were at a friend's, {F uh, } stock pond, we were out at their  farm,  /","We/PRP ,/, we/PRP were/VBD at/IN a/DT friend/NN 's/POS ,/, uh/UH ,/, stock/NN pond/NN ,/, we/PRP were/VBD out/IN at/IN their/PRP$ farm/NN ,/,",,
sw07utt/sw_0700_2586.utt,2/sw2586,2586,244,sd,B,144,7,"[ {C and, } + {C and } ] they had been fishing and let him use the pole while [ we wal-, + we all ]  walked off a healthy hundred yards or so and let him fish. /","and/CC ,/, and/CC they/PRP had/VBD been/VBN fishing/VBG and/CC let/VB him/PRP use/VB the/DT pole/NN while/IN we/PRP wal-/XX ,/, we/PRP all/DT walked/VBD off/RP a/DT healthy/JJ hundred/CD yards/NNS or/CC so/RB and/CC let/VB him/PRP fish/NN ./.",,
sw07utt/sw_0700_2586.utt,2/sw2586,2586,245,b,A,145,1,Yeah. /,Yeah/UH ./.,,
sw07utt/sw_0700_2586.utt,2/sw2586,2586,246,sd,B,146,1,{C And } he started trying to cast it.  /,And/CC he/PRP started/VBD trying/VBG to/TO cast/VB it/PRP ./.,,
sw07utt/sw_0700_2586.utt,2/sw2586,2586,247,sd,B,146,2,"{C So, } [ he, + he ]  was kind of getting there  /","So/RB ,/, he/PRP ,/, he/PRP was/VBD kind/RB of/RB getting/VBG there/RB",,
sw07utt/sw_0700_2586.utt,2/sw2586,2586,248,sd,B,146,3,"{C but } [ he's, +","but/CC he/PRP 's/BES ,/,",,
sw07utt/sw_0700_2586.utt,2/sw2586,2586,249,b,A,147,1,"Yeah,  /","Yeah/UH ,/,",,
sw07utt/sw_0700_2586.utt,2/sw2586,2586,250,sv,A,147,2,you guys sure want to be out of range. /,you/PRP guys/NNS sure/RB want/VBP to/TO be/VB out/IN of/IN range/NN ./.,,
sw07utt/sw_0700_2586.utt,2/sw2586,2586,251,+,B,148,1,He's ] at a dangerous point right now <laughter>.  /,He/PRP 's/BES at/IN a/DT dangerous/JJ point/NN right/RB now/RB ./.,,
sw07utt/sw_0700_2586.utt,2/sw2586,2586,252,sd,B,148,2,"He understands the mechanics of pushing the button and throw, but not necessarily  the direction it's going to go in. /","He/PRP understands/VBZ the/DT mechanics/NNS of/IN pushing/VBG the/DT button/NN and/CC throw/VB ,/, but/CC not/RB necessarily/RB the/DT direction/NN it/PRP 's/BES going/VBG to/TO go/VB in/RB ./.",,
sw07utt/sw_0700_2586.utt,2/sw2586,2586,253,sv,A,149,1,It takes time. /,It/PRP takes/VBZ time/NN ./.,,
sw07utt/sw_0700_2586.utt,2/sw2586,2586,254,b,B,150,1,Yeah. /,Yeah/UH ./.,,
sw07utt/sw_0700_2586.utt,2/sw2586,2586,255,b,A,151,1,Yeah.  /,Yeah/UH ./.,,
sw07utt/sw_0700_2586.utt,2/sw2586,2586,256,sd,A,151,2,"Last year, we had [ a, + ] {F oh, } just a wonderful trip up to Travers Lake.  / *[[ Trapper's Lake in Colorado? ]]","Last/JJ year/NN ,/, we/PRP had/VBD a/DT ,/, oh/UH ,/, just/RB a/DT wonderful/JJ trip/NN up/IN to/IN Travers/NNP Lake/NNP ./.",,
sw07utt/sw_0700_2586.utt,2/sw2586,2586,257,sd,A,151,3,"{F Oh, } it was cold, and rain the whole time.  /","Oh/UH ,/, it/PRP was/VBD cold/JJ ,/, and/CC rain/NN the/DT whole/JJ time/NN ./.",,
sw07utt/sw_0700_2586.utt,2/sw2586,2586,258,sd,A,151,4,"{C And } we  still had a good time out,","And/CC we/PRP still/RB had/VBD a/DT good/JJ time/NN out/IN ,/,",,
sw07utt/sw_0700_2586.utt,2/sw2586,2586,259,b,B,152,1,# Yeah. # /,Yeah/UH ./.,,
sw07utt/sw_0700_2586.utt,2/sw2586,2586,260,+,A,153,1,# of # the deal. /,of/IN the/DT deal/NN ./.,,
sw07utt/sw_0700_2586.utt,2/sw2586,2586,261,ba,B,154,1,"{D Well, } that's good. /","Well/UH ,/, that/DT 's/BES good/JJ ./.",,
sw07utt/sw_0700_2586.utt,2/sw2586,2586,262,sv,A,155,1,"{F Uh, } {C and } Colorado is a beautiful place to live. /","Uh/UH ,/, and/CC Colorado/NNP is/VBZ a/DT beautiful/JJ place/NN to/TO live/VB ./.",,
sw07utt/sw_0700_2586.utt,2/sw2586,2586,263,aa,B,156,1,"{F Oh, } yeah.  /","Oh/UH ,/, yeah/UH ./.",,
sw07utt/sw_0700_2586.utt,2/sw2586,2586,264,sd,B,156,2,"My husband would like to live there,  /","My/PRP$ husband/NN would/MD like/VB to/TO live/VB there/RB ,/,",,
sw07utt/sw_0700_2586.utt,2/sw2586,2586,265,sd,B,156,3,{C but } I don't know.  All of our family is here  /,but/CC I/PRP do/VBP n't/RB know/VB ./. All/DT of/IN our/PRP$ family/NN is/VBZ here/RB,,
sw07utt/sw_0700_2586.utt,2/sw2586,2586,266,%,B,156,4,"{C so, } -/","so/RB ,/,",,
sw07utt/sw_0700_2586.utt,2/sw2586,2586,267,sd,A,157,1,"{D Well, } {C and } you've got to have, - /","Well/UH ,/, and/CC you/PRP 've/VBP got/VBN to/TO have/VB ,/,",,
sw07utt/sw_0700_2586.utt,2/sw2586,2586,268,sd,A,157,2,you've got to work for a living. /,you/PRP 've/VBP got/VBN to/TO work/VB for/IN a/DT living/NN ./.,,
sw07utt/sw_0700_2586.utt,2/sw2586,2586,269,aa,B,158,1,"{D Well, } yeah,  /","Well/UH ,/, yeah/UH ,/,",,
sw07utt/sw_0700_2586.utt,2/sw2586,2586,270,sd,B,158,2,"{C but } T I is up there,  /","but/CC T/NNP I/NNP is/VBZ up/IN there/RB ,/,",,
sw07utt/sw_0700_2586.utt,2/sw2586,2586,271,sd,B,158,3,{C so } <laughter>  that part of it would probably work out <static>  <noise>. /,so/RB that/DT part/NN of/IN it/PRP would/MD probably/RB work/VB out/RP ./.,,
sw07utt/sw_0700_2586.utt,2/sw2586,2586,272,qw,A,159,1,What division you all in? /,What/WDT division/NN you/PRP all/DT in/IN ?/.,,
sw07utt/sw_0700_2586.utt,2/sw2586,2586,273,br,B,160,1,"{E I'm sorry, } what? /","I/PRP 'm/VBP sorry/JJ ,/, what/WP ?/.",,
sw07utt/sw_0700_2586.utt,2/sw2586,2586,274,qw^r,A,161,1,What division are you all in? /,What/WDT division/NN are/VBP you/PRP all/DT in/NN ?/.,,
sw07utt/sw_0700_2586.utt,2/sw2586,2586,275,sd,B,162,1,"We're both, {F uh, } - /","We/PRP 're/VBP both/DT ,/, uh/UH ,/,",,
sw07utt/sw_0700_2586.utt,2/sw2586,2586,276,sd,B,162,2,"I was, {F uh, } military,  /","I/PRP was/VBD ,/, uh/UH ,/, military/NN ,/,",,
sw07utt/sw_0700_2586.utt,2/sw2586,2586,277,sd,B,162,3,{C but }  he's division three.  /,but/CC he/PRP 's/BES division/NN three/CD ./.,,
sw07utt/sw_0700_2586.utt,2/sw2586,2586,278,sd,B,162,4,It goes back and forth.  /,It/PRP goes/VBZ back/RB and/CC forth/RB ./.,,
sw07utt/sw_0700_2586.utt,2/sw2586,2586,279,sd,B,162,5,"Division, {D well, } - /","Division/NNP ,/, well/UH ,/,",,
sw07utt/sw_0700_2586.utt,2/sw2586,2586,280,sd,B,162,6,maybe division one  right now.   /,maybe/RB division/NN one/CD right/RB now/RB ./.,,
sw07utt/sw_0700_2586.utt,2/sw2586,2586,281,sd,B,162,7,He's in computers. /,He/PRP 's/BES in/IN computers/NNS ./.,,
sw07utt/sw_0700_2586.utt,2/sw2586,2586,282,b,A,163,1,Oh. /,Oh/UH ./.,,
sw07utt/sw_0700_2586.utt,2/sw2586,2586,283,%,B,164,1,"{C So, } -/","So/RB ,/,",,
sw07utt/sw_0700_2586.utt,2/sw2586,2586,284,sd,A,165,1,"# {D Well, } the only thing up here, #","Well/UH ,/, the/DT only/JJ thing/NN up/IN here/RB ,/,",,
sw07utt/sw_0700_2586.utt,2/sw2586,2586,285,sd,B,166,1,"# {C And } he's in school, #","And/CC he/PRP 's/BES in/IN school/NN ,/,",,
sw07utt/sw_0700_2586.utt,2/sw2586,2586,286,+,A,167,1,is division one. /,is/VBZ division/NN one/CD ./.,,
sw07utt/sw_0700_2586.utt,2/sw2586,2586,287,+,B,168,1,and everything else.  /,and/CC everything/NN else/RB ./.,,
sw07utt/sw_0700_2586.utt,2/sw2586,2586,288,sd,B,168,2,I have some friends who work up there. /,I/PRP have/VBP some/DT friends/NNS who/WP work/VBP up/IN there/RB ./.,,
sw07utt/sw_0700_2586.utt,2/sw2586,2586,289,bh,A,169,1,"{F Oh, } yeah? /","Oh/UH ,/, yeah/UH ?/.",,
sw07utt/sw_0700_2586.utt,2/sw2586,2586,290,sd,B,170,1,Kathy and Kevin Guy. /,Kathy/NNP and/CC Kevin/NNP Guy/NNP ./.,,
sw07utt/sw_0700_2586.utt,2/sw2586,2586,291,b,A,171,1,Okay.  /,Okay/UH ./.,,
sw07utt/sw_0700_2586.utt,2/sw2586,2586,292,b,A,171,2,Yeah. /,Yeah/UH ./.,,
sw07utt/sw_0700_2586.utt,2/sw2586,2586,293,b,B,172,1,Yeah.  /,Yeah/UH ./.,,
sw07utt/sw_0700_2586.utt,2/sw2586,2586,294,sd,B,172,2,{C And } they like to fish.  /,And/CC they/PRP like/VBP to/TO fish/VB ./.,,
sw07utt/sw_0700_2586.utt,2/sw2586,2586,295,sd,B,172,3,They've been inviting  us to come up there in the summer.  /,They/PRP 've/VBP been/VBN inviting/VBG us/PRP to/TO come/VB up/IN there/RB in/IN the/DT summer/NN ./.,,
sw07utt/sw_0700_2586.utt,2/sw2586,2586,296,sd,B,172,4,"Her dad has a cabin,  /","Her/PRP$ dad/NN has/VBZ a/DT cabin/NN ,/,",,
sw07utt/sw_0700_2586.utt,2/sw2586,2586,297,sd,B,172,5,"{C and } they go fishing, up there. /","and/CC they/PRP go/VBP fishing/VBG ,/, up/IN there/RB ./.",,
sw07utt/sw_0700_2586.utt,2/sw2586,2586,298,sd,A,173,1,"{F Oh, } [ fishing's, +","Oh/UH ,/, fishing/NN 's/BES ,/,",,
sw07utt/sw_0700_2586.utt,2/sw2586,2586,299,sd,B,174,1,"# {C So } that would be neat to, #","So/RB that/DT would/MD be/VB neat/JJ to/TO ,/,",,
sw07utt/sw_0700_2586.utt,2/sw2586,2586,300,+,A,175,1,# fishing is ] fun up here.  /,fishing/NN is/VBZ fun/JJ up/IN here/RB ./.,,
sw07utt/sw_0700_2586.utt,2/sw2586,2586,301,sd,A,175,2,"It's # not, -/","It/PRP 's/BES not/RB ,/,",,
sw07utt/sw_0700_2586.utt,2/sw2586,2586,302,+,B,176,1,try it some time. /,try/VB it/PRP some/DT time/NN ./.,,
sw07utt/sw_0700_2586.utt,2/sw2586,2586,303,sd,A,177,1,"It seems like [ the success ratio, + the success rate ] here is  not as good as on some of the better lakes there.  /","It/PRP seems/VBZ like/IN the/DT success/NN ratio/NN ,/, the/DT success/NN rate/NN here/RB is/VBZ not/RB as/RB good/JJ as/IN on/IN some/DT of/IN the/DT better/JJR lakes/NNS there/RB ./.",,
sw07utt/sw_0700_2586.utt,2/sw2586,2586,304,sd,A,177,2,{C But } <sigh>  it is fun. /,But/CC it/PRP is/VBZ fun/JJ ./.,,
sw07utt/sw_0700_2586.utt,2/sw2586,2586,305,b,B,178,1,"Yeah, /","Yeah/UH ,/,",,
sw07utt/sw_0700_2586.utt,2/sw2586,2586,306,sv,A,179,1,"# {D You know, } #","You/PRP know/VBP ,/,",,
sw07utt/sw_0700_2586.utt,2/sw2586,2586,307,sv,B,180,1,"# long as # you have a good time, that's the main point  /","long/RB as/IN you/PRP have/VBP a/DT good/JJ time/NN ,/, that/DT 's/BES the/DT main/JJ point/NN",,
sw07utt/sw_0700_2586.utt,2/sw2586,2586,308,%,B,180,2,"{C so, } -/","so/RB ,/,",,
sw07utt/sw_0700_2586.utt,2/sw2586,2586,309,+,A,181,1,"[ The, + the ] experience [ is, + is ] better up here, I think. /","The/DT ,/, the/DT experience/NN is/VBZ ,/, is/VBZ better/JJR up/IN here/RB ,/, I/PRP think/VBP ./.",,
sw07utt/sw_0700_2586.utt,2/sw2586,2586,310,b,B,182,1,Uh-huh. /,Uh-huh/UH ./.,,
sw07utt/sw_0700_2586.utt,2/sw2586,2586,311,sv,A,183,1,"{D You know, } it seems more relaxing, there's <static>  more to look at. /","You/PRP know/VBP ,/, it/PRP seems/VBZ more/JJR relaxing/JJ ,/, there/EX 's/BES more/JJR to/TO look/VB at/RB ./.",,
sw07utt/sw_0700_2586.utt,2/sw2586,2586,312,aa^m,B,184,1,<Laughter>  Definitely more to look at. /,Definitely/RB more/JJR to/TO look/VB at/RB ./.,,
sw07utt/sw_0700_2586.utt,2/sw2586,2586,313,sv,A,185,1,"[ {C And, } + {C and } ] there's something about listening to water run that's relaxing to the soul <static>.","And/CC ,/, and/CC there/EX 's/BES something/NN about/IN listening/VBG to/TO water/VB run/VB that/WDT 's/BES relaxing/JJ to/IN the/DT soul/NN ./.",,
sw07utt/sw_0700_2586.utt,2/sw2586,2586,314,b,B,186,1,Yeah. /,Yeah/UH ./.,,
sw07utt/sw_0700_2586.utt,2/sw2586,2586,315,+,A,187,1,"{D You know, } [ if you're, + if you're ] just sitting on  a nice hot lake, /","You/PRP know/VBP ,/, if/IN you/PRP 're/VBP ,/, if/IN you/PRP 're/VBP just/RB sitting/VBG on/IN a/DT nice/JJ hot/JJ lake/NN ,/,",,
sw07utt/sw_0700_2586.utt,2/sw2586,2586,316,aa,B,188,1,Yeah.  /,Yeah/UH ./.,,
sw07utt/sw_0700_2586.utt,2/sw2586,2586,317,sd,B,188,2,The only thing you've got to watch is when that creek comes up.  /,The/DT only/JJ thing/NN you/PRP 've/VBP got/VBN to/TO watch/VB is/VBZ when/WRB that/DT creek/NN comes/VBZ up/RB ./.,,
sw07utt/sw_0700_2586.utt,2/sw2586,2586,318,sd,B,188,3,"We camped next to one, one time when we were there a couple of summers ago.  /","We/PRP camped/VBD next/RB to/IN one/CD ,/, one/CD time/NN when/WRB we/PRP were/VBD there/RB a/DT couple/NN of/IN summers/NNS ago/RB ./.",,
sw07utt/sw_0700_2586.utt,2/sw2586,2586,319,sd,B,188,4,{C And } we figured we were up a long way off.  /,And/CC we/PRP figured/VBD we/PRP were/VBD up/IN a/DT long/JJ way/NN off/RB ./.,,
sw07utt/sw_0700_2586.utt,2/sw2586,2586,320,sd,B,188,5,"{C And then }  it rained that night,  /","And/CC then/RB it/PRP rained/VBD that/DT night/NN ,/,",,
sw07utt/sw_0700_2586.utt,2/sw2586,2586,321,sd(^q),B,188,6,"{C and } we thought, {D well, } wonder how far off we are?  /","and/CC we/PRP thought/VBD ,/, well/UH ,/, wonder/NN how/WRB far/RB off/RB we/PRP are/VBP ?/.",,
sw07utt/sw_0700_2586.utt,2/sw2586,2586,322,sd,B,188,7,"{C And } we got up  the next day,  /","And/CC we/PRP got/VBD up/IN the/DT next/JJ day/NN ,/,",,
sw07utt/sw_0700_2586.utt,2/sw2586,2586,323,sd,B,188,8,{C and } that creek that had been fifty or sixty feet from our site of our tent was now about three feet away <laughter>.  /,and/CC that/DT creek/NN that/WDT had/VBD been/VBN fifty/CD or/CC sixty/CD feet/NNS from/IN our/PRP$ site/NN of/IN our/PRP$ tent/NN was/VBD now/RB about/RB three/CD feet/NNS away/RB ./.,,
sw07utt/sw_0700_2586.utt,2/sw2586,2586,324,x,A,189,1,<Laughter>.,,,
sw07utt/sw_0700_2586.utt,2/sw2586,2586,325,sd(^q),B,190,1,"{C And } it's like, {F oh, } {D well, } maybe we ought to  move just a touch.  /","And/CC it/PRP 's/BES like/IN ,/, oh/UH ,/, well/UH ,/, maybe/RB we/PRP ought/MD to/TO move/VB just/RB a/DT touch/NN ./.",,
sw07utt/sw_0700_2586.utt,2/sw2586,2586,326,sd,B,190,2,"{C So, } that was kind of funny. /","So/RB ,/, that/DT was/VBD kind/RB of/RB funny/JJ ./.",,
sw07utt/sw_0700_2586.utt,2/sw2586,2586,327,b,A,191,1,"Yeah,  /","Yeah/UH ,/,",,
sw07utt/sw_0700_2586.utt,2/sw2586,2586,328,sv,A,191,2,"[ it, + it ] is interesting to watch that water rise all of a sudden. /","it/PRP ,/, it/PRP is/VBZ interesting/JJ to/TO watch/VB that/DT water/NN rise/VBP all/DT of/IN a/DT sudden/JJ ./.",,
sw07utt/sw_0700_2586.utt,2/sw2586,2586,329,aa,B,192,1,"Yeah,  /","Yeah/UH ,/,",,
sw07utt/sw_0700_2586.utt,2/sw2586,2586,330,sd,B,192,2,I just love the way it looks.  /,I/PRP just/RB love/VBP the/DT way/NN it/PRP looks/VBZ ./.,,
sw07utt/sw_0700_2586.utt,2/sw2586,2586,331,sd,B,192,3,"I could almost just  watch the wa-, - /","I/PRP could/MD almost/RB just/RB watch/VB the/DT wa-/NN ,/,",,
sw07utt/sw_0700_2586.utt,2/sw2586,2586,332,sd,B,192,4,"[ we, + {D in fact, } we ] have gotten out [ on, + on ] trips before and  just stopped and watched it because there was so much,  /","we/PRP ,/, in/IN fact/NN ,/, we/PRP have/VBP gotten/VBN out/IN on/IN ,/, on/IN trips/NNS before/RB and/CC just/RB stopped/VBD and/CC watched/VBD it/PRP because/IN there/EX was/VBD so/RB much/JJ ,/,",,
sw07utt/sw_0700_2586.utt,2/sw2586,2586,333,sd,B,192,5,"{C and } if you were there.  {E I mean, } - /","and/CC if/IN you/PRP were/VBD there/RB ./. I/PRP mean/VBP ,/,",,
sw07utt/sw_0700_2586.utt,2/sw2586,2586,334,sd,B,192,6,"it was, - /","it/PRP was/VBD ,/,",,
sw07utt/sw_0700_2586.utt,2/sw2586,2586,335,sd,B,192,7,"one time we were there,  /","one/CD time/NN we/PRP were/VBD there/EX ,/,",,
sw07utt/sw_0700_2586.utt,2/sw2586,2586,336,sd,B,192,8,"{C and } I guess it was late May,  /","and/CC I/PRP guess/VBP it/PRP was/VBD late/JJ May/NNP ,/,",,
sw07utt/sw_0700_2586.utt,2/sw2586,2586,337,sd,B,192,9,"{C so } it was  really your spring almost,","so/RB it/PRP was/VBD really/RB your/PRP$ spring/NN almost/RB ,/,",,
sw07utt/sw_0700_2586.utt,2/sw2586,2586,338,b,A,193,1,# Uh-huh. # /,Uh-huh/UH ./.,,
sw07utt/sw_0700_2586.utt,2/sw2586,2586,339,+,B,194,1,"# {D you # know, } [ at, + ] even though [ it was, + it was ]  really summer down here.  /","you/PRP know/VBP ,/, at/IN ,/, even/RB though/IN it/PRP was/VBD ,/, it/PRP was/VBD really/RB summer/NN down/RB here/RB ./.",,
sw07utt/sw_0700_2586.utt,2/sw2586,2586,340,sd,B,194,2,"[ {C And, } + {C and } ] [ the, + ] I guess the creek, the mountains were really  starting to melt,  /","And/CC ,/, and/CC the/DT ,/, I/PRP guess/VBP the/DT creek/NN ,/, the/DT mountains/NNS were/VBD really/RB starting/VBG to/TO melt/VB ,/,",,
sw07utt/sw_0700_2586.utt,2/sw2586,2586,341,sd,B,194,3,"{C and } the creek was just wild, just running.  /","and/CC the/DT creek/NN was/VBD just/RB wild/JJ ,/, just/RB running/VBG ./.",,
sw07utt/sw_0700_2586.utt,2/sw2586,2586,342,sd,B,194,4,"[ {C And, } + {C and } ]  all the white water and  noise {C and } the, - /","And/CC ,/, and/CC all/PDT the/DT white/JJ water/NN and/CC noise/NN and/CC the/DT ,/,",,
sw07utt/sw_0700_2586.utt,2/sw2586,2586,343,sd,B,194,5,it was just beautiful. /,it/PRP was/VBD just/RB beautiful/JJ ./.,,
sw07utt/sw_0700_2586.utt,2/sw2586,2586,344,b,A,195,1,Yeah.  /,Yeah/UH ./.,,
sw07utt/sw_0700_2586.utt,2/sw2586,2586,345,%,A,195,2,"I-, - /","I-/PRP ,/,",,
sw07utt/sw_0700_2586.utt,2/sw2586,2586,346,sd,A,195,3,"it gets [ f-, + ] foamy almost. /","it/PRP gets/VBZ f/JJ ,/, foamy/JJ almost/RB ./.",,
sw07utt/sw_0700_2586.utt,2/sw2586,2586,347,b,B,196,1,Uh-huh. /,Uh-huh/UH ./.,,
sw07utt/sw_0700_2586.utt,2/sw2586,2586,348,sd,A,197,1,{C And } {D you know } it's just pure and pristine.,And/CC you/PRP know/VBP it/PRP 's/BES just/RB pure/JJ and/CC pristine/JJ ./.,,
sw07utt/sw_0700_2586.utt,2/sw2586,2586,349,b,B,198,1,Yeah. /,Yeah/UH ./.,,
sw07utt/sw_0700_2586.utt,2/sw2586,2586,350,+,A,199,1,And the froth  /,And/CC the/DT froth/NN,,
sw07utt/sw_0700_2586.utt,2/sw2586,2586,351,%,A,199,2,"{C and, } -/","and/CC ,/,",,
