swda_filename,ptb_basename,conversation_no,transcript_index,act_tag,caller,utterance_index,subutterance_index,text,pos,trees,ptb_treenumbers
sw07utt/sw_0787_2926.utt,2/sw2926,2926,0,ad^t,A,1,1,"{D Well, } I guess, {F um, } I'll start out,  /","Well/UH ,/, I/PRP guess/VBP ,/, um/UH ,/, I/PRP 'll/MD start/VB out/RP ,/,",,
sw07utt/sw_0787_2926.utt,2/sw2926,2926,1,sd^t,A,1,2,"{C and } that is, {F um, } I don't know what section of the public school system they're talking about,  whether it's the first eight grades, the high school, or colleges.  /","and/CC that/DT is/VBZ ,/, um/UH ,/, I/PRP do/VBP n't/RB know/VB what/WDT section/NN of/IN the/DT public/JJ school/NN system/NN they/PRP 're/VBP talking/VBG about/IN ,/, whether/IN it/PRP 's/BES the/DT first/JJ eight/CD grades/NNS ,/, the/DT high/JJ school/NN ,/, or/CC colleges/NNS ./.",,
sw07utt/sw_0787_2926.utt,2/sw2926,2926,2,sd,A,1,3,I have mixed views on all three of them. /,I/PRP have/VBP mixed/JJ views/NNS on/IN all/DT three/CD of/IN them/PRP ./.,,
sw07utt/sw_0787_2926.utt,2/sw2926,2926,3,b,B,2,1,Uh-huh.  /,Uh-huh/UH ./.,,
sw07utt/sw_0787_2926.utt,2/sw2926,2926,4,qo,B,2,2,"[ What do you think about, + what do you think about ]  [ the, + the ] lower grades, {D you know, } # K through seven? # /","What/WP do/VBP you/PRP think/VB about/IN ,/, what/WP do/VBP you/PRP think/VB about/IN the/DT ,/, the/DT lower/JJR grades/NNS ,/, you/PRP know/VBP ,/, K/NNP through/IN seven/CD ?/.",,
sw07utt/sw_0787_2926.utt,2/sw2926,2926,5,sd,A,3,1,"# {D Well, } [ [ I, + I, ] + I ] # should imagine the  lower grades,  /","Well/UH ,/, I/PRP ,/, I/PRP ,/, I/PRP should/MD imagine/VB the/DT lower/JJR grades/NNS ,/,",,
sw07utt/sw_0787_2926.utt,2/sw2926,2926,6,sv,A,3,2,"[ [ [ what would, + what, ] + what's, ] + what's ] certainly drawn everyone's attention to  that is the fact that, {F uh, } many of the inner city and, {F uh, } I guess what we'd call, {F uh, }  ghetto or poorer districts,","what/WP would/MD ,/, what/WP ,/, what/WP 's/HVS ,/, what/WP 's/HVS certainly/RB drawn/VBN everyone/NN 's/POS attention/NN to/IN that/DT is/VBZ the/DT fact/NN that/IN ,/, uh/UH ,/, many/JJ of/IN the/DT inner/JJ city/NN and/CC ,/, uh/UH ,/, I/PRP guess/VBP what/WP we/PRP 'd/MD call/VB ,/, uh/UH ,/, ghetto/NN or/CC poorer/JJR districts/NNS ,/,",,
sw07utt/sw_0787_2926.utt,2/sw2926,2926,7,b,B,4,1,Uh-huh. /,Uh-huh/UH ./.,,
sw07utt/sw_0787_2926.utt,2/sw2926,2926,8,+,A,5,1,"including rural districts, don't seem to be able  to produce the students that, [ ind-, + indeed ] many, {F uh, } manufacturing and other,","including/VBG rural/JJ districts/NNS ,/, do/VBP n't/RB seem/VB to/TO be/VB able/JJ to/TO produce/VB the/DT students/NNS that/WDT ,/, ind-/RB ,/, indeed/RB many/JJ ,/, uh/UH ,/, manufacturing/NN and/CC other/JJ ,/,",,
sw07utt/sw_0787_2926.utt,2/sw2926,2926,9,b,B,6,1,Right. /,Right/UH ./.,,
sw07utt/sw_0787_2926.utt,2/sw2926,2926,10,+,A,7,1,enterprises want.  /,enterprises/NNS want/VBP ./.,,
sw07utt/sw_0787_2926.utt,2/sw2926,2926,11,sv,A,7,2,"[ They can't seem to, + they  can't seem to ]  read properly, do math,","They/PRP ca/MD n't/RB seem/VB to/TO ,/, they/PRP ca/MD n't/RB seem/VB to/TO read/VB properly/RB ,/, do/VBP math/NN ,/,",,
sw07utt/sw_0787_2926.utt,2/sw2926,2926,12,b,B,8,1,Uh-huh. /,Uh-huh/UH ./.,,
sw07utt/sw_0787_2926.utt,2/sw2926,2926,13,+,A,9,1,"properly, and conform to what employers want. /","properly/RB ,/, and/CC conform/VB to/IN what/WP employers/NNS want/VBP ./.",,
sw07utt/sw_0787_2926.utt,2/sw2926,2926,14,aa,B,10,1,Yep.  /,Yep/UH ./.,,
sw07utt/sw_0787_2926.utt,2/sw2926,2926,15,%,B,10,2,"I, {F uh, } -/","I/PRP ,/, uh/UH ,/,",,
sw07utt/sw_0787_2926.utt,2/sw2926,2926,16,sv,A,11,1,{C So } that's got everybody excited.  /,So/RB that/DT 's/HVS got/VBN everybody/NN excited/JJ ./.,,
sw07utt/sw_0787_2926.utt,2/sw2926,2926,17,sd,A,11,2,"High schools, I'm not too sure.  /","High/JJ schools/NNS ,/, I/PRP 'm/VBP not/RB too/RB sure/JJ ./.",,
sw07utt/sw_0787_2926.utt,2/sw2926,2926,18,sd,A,11,3,"It seems that high schools at least produce candidates, [ [ a-, + a-, ] + although ]  I have great misgivings about the S A T -s, that go on to a  variety of colleges.  /","It/PRP seems/VBZ that/IN high/JJ schools/NNS at/IN least/JJS produce/VBP candidates/NNS ,/, a-/IN ,/, a-/IN ,/, although/IN I/PRP have/VBP great/JJ misgivings/NNS about/IN the/DT S/NNP A/NNP T/NNP -s/NNS ,/, that/WDT go/VBP on/RP to/IN a/DT variety/NN of/IN colleges/NNS ./.",,
sw07utt/sw_0787_2926.utt,2/sw2926,2926,19,sv,A,11,4,"It seems a great deal of our public colleges have foreign students  in them, {F uh, } from, {F um, } a myriad of nations,  /","It/PRP seems/VBZ a/DT great/JJ deal/NN of/IN our/PRP public/JJ colleges/NNS have/VBP foreign/JJ students/NNS in/IN them/PRP ,/, uh/UH ,/, from/IN ,/, um/UH ,/, a/DT myriad/NN of/IN nations/NNS ,/,",,
sw07utt/sw_0787_2926.utt,2/sw2926,2926,20,sv,A,11,5,"[ {C and, } + {F uh, } {C and } ] also, {F um, } {F uh, }  I think that, {F uh, } a certain percentage of, {F uh, } the [ colleges produce a  fairly de-, + {F uh, } public colleges produce a fairly decent ] student,","and/CC ,/, uh/UH ,/, and/CC also/RB ,/, um/UH ,/, uh/UH ,/, I/PRP think/VBP that/IN ,/, uh/UH ,/, a/DT certain/JJ percentage/NN of/IN ,/, uh/UH ,/, the/DT colleges/NNS produce/VBP a/DT fairly/RB de-/XX ,/, uh/UH ,/, public/JJ colleges/NNS produce/VBP a/DT fairly/RB decent/JJ student/NN ,/,",,
sw07utt/sw_0787_2926.utt,2/sw2926,2926,21,b,B,12,1,Uh-huh. /,Uh-huh/UH ./.,,
sw07utt/sw_0787_2926.utt,2/sw2926,2926,22,+,A,13,1,"or fairly decent graduate, I should say. /","or/CC fairly/RB decent/JJ graduate/NN ,/, I/PRP should/MD say/VB ./.",,
sw07utt/sw_0787_2926.utt,2/sw2926,2926,23,aa,B,14,1,"Yeah,  /","Yeah/UH ,/,",,
sw07utt/sw_0787_2926.utt,2/sw2926,2926,24,sd,B,14,2,"[ [ I, + I, ] + I ] just read some things  recently where, {F um, } <swallowing> {F uh, } [ colleges now, + {F uh, } graduate programs ] in general  [ now train, + ] basically, they're fifty per cent foreign <lipsmack>.  # {F Uh, } # /","I/PRP ,/, I/PRP ,/, I/PRP just/RB read/VBD some/DT things/NNS recently/RB where/WRB ,/, um/UH ,/, uh/UH ,/, colleges/NNS now/RB ,/, uh/UH ,/, graduate/NN programs/NNS in/IN general/JJ now/JJ train/VBP ,/, basically/RB ,/, they/PRP 're/VBP fifty/CD per/GW cent/^NN foreign/JJ ./. Uh/UH ,/,",,
sw07utt/sw_0787_2926.utt,2/sw2926,2926,25,sd,A,15,1,"# {F Oh, } # # I didn't realize it was that high. # /","Oh/UH ,/, I/PRP did/VBD n't/RB realize/VB it/PRP was/VBD that/RB high/JJ ./.",,
sw07utt/sw_0787_2926.utt,2/sw2926,2926,26,aa,B,16,1,"# Yeah,  /","Yeah/UH ,/,",,
sw07utt/sw_0787_2926.utt,2/sw2926,2926,27,sd,B,16,2,"{F oh, } just # about f-, - /","oh/UH ,/, just/RB about/RB f-/XX ,/,",,
sw07utt/sw_0787_2926.utt,2/sw2926,2926,28,%,B,16,3,yeah  /,yeah/UH,,
sw07utt/sw_0787_2926.utt,2/sw2926,2926,29,sd,B,16,4,"{C but } [ when  you consider, + {F um, }","but/CC when/WRB you/PRP consider/VBP ,/, um/UH ,/,",,
sw07utt/sw_0787_2926.utt,2/sw2926,2926,30,ba,A,17,1,Wow. /,Wow/UH ./.,,
sw07utt/sw_0787_2926.utt,2/sw2926,2926,31,+,B,18,1,"when you consider, ] {F uh, }","when/WRB you/PRP consider/VBP ,/, uh/UH ,/,",,
sw07utt/sw_0787_2926.utt,2/sw2926,2926,32,x,A,19,1,<Laughter>.,,,
sw07utt/sw_0787_2926.utt,2/sw2926,2926,33,+,B,20,1,"especially in technical areas, science,","especially/RB in/IN technical/JJ areas/NNS ,/, science/NN ,/,",,
sw07utt/sw_0787_2926.utt,2/sw2926,2926,34,b,A,21,1,Yeah. /,Yeah/UH ./.,,
sw07utt/sw_0787_2926.utt,2/sw2926,2926,35,+,B,22,1,engineering and # computers. # -/,engineering/NN and/CC computers/NNS ./.,,
sw07utt/sw_0787_2926.utt,2/sw2926,2926,36,sv,A,23,1,"# {D well } that's what # I was going to point out, #  I think it mostly is that technical, # -/","well/RB that/DT 's/BES what/WP I/PRP was/VBD going/VBG to/TO point/VB out/RP ,/, I/PRP think/VBP it/PRP mostly/RB is/VBZ that/RB technical/JJ ,/,",,
sw07utt/sw_0787_2926.utt,2/sw2926,2926,37,b,B,24,1,"# Yeah,  /","Yeah/UH ,/,",,
sw07utt/sw_0787_2926.utt,2/sw2926,2926,38,sd,B,24,2,"especially in those areas, #  [ [ it's, + {F um, } <lipsmack> [ I kn-, + ] it's, ] + it's ] almost fifty per cent foreign, {D like } forty-eight  per cent,  /","especially/RB in/IN those/DT areas/NNS ,/, it/PRP 's/BES ,/, um/UH ,/, I/PRP kn/VBP ,/, it/PRP 's/BES ,/, it/PRP 's/BES almost/RB fifty/CD per/GW cent/^NN foreign/JJ ,/, like/IN forty-eight/CD per/GW cent/^NN ,/,",,
sw07utt/sw_0787_2926.utt,2/sw2926,2926,39,sd,B,24,3,"{C and } that involves both Canadian,","and/CC that/DT involves/VBZ both/DT Canadian/JJ ,/,",,
sw07utt/sw_0787_2926.utt,2/sw2926,2926,40,b,A,25,1,Yeah. /,Yeah/UH ./.,,
sw07utt/sw_0787_2926.utt,2/sw2926,2926,41,+,B,26,1,"and, {F uh, } {F uh, } European,  Middle Eastern, [ and, + and ] Far Eastern,  /","and/CC ,/, uh/UH ,/, uh/UH ,/, European/JJ ,/, Middle/RB Eastern/JJ ,/, and/CC ,/, and/CC Far/RB Eastern/JJ ,/,",,
sw07utt/sw_0787_2926.utt,2/sw2926,2926,42,%,B,26,2,yeah. /,yeah/UH ./.,,
sw07utt/sw_0787_2926.utt,2/sw2926,2926,43,ba,A,27,1,Wow. /,Wow/UH ./.,,
sw07utt/sw_0787_2926.utt,2/sw2926,2926,44,sd,B,28,1,"[ [ I, + I ] think, + {F um, } I think ] I have similar  views,  /","I/PRP ,/, I/PRP think/VBP ,/, um/UH ,/, I/PRP think/VBP I/PRP have/VBP similar/JJ views/NNS ,/,",,
sw07utt/sw_0787_2926.utt,2/sw2926,2926,45,sv,B,28,2,"that's, {D you know, } where our elementary grades, {F um, } <lipsmack> - /","that/DT 's/BES ,/, you/PRP know/VBP ,/, where/WRB our/PRP elementary/JJ grades/NNS ,/, um/UH ,/,",,
sw07utt/sw_0787_2926.utt,2/sw2926,2926,46,sv,B,28,3,"[ i-, + it's ] amazing,  /","i-/XX ,/, it/PRP 's/BES amazing/JJ ,/,",,
sw07utt/sw_0787_2926.utt,2/sw2926,2926,47,sd,B,28,4,"I have a friend [ who's an e-, + who's an elementary ] school teacher, /","I/PRP have/VBP a/DT friend/NN who/WP 's/BES an/DT e/JJ ,/, who/WP 's/BES an/DT elementary/JJ school/NN teacher/NN ,/,",,
sw07utt/sw_0787_2926.utt,2/sw2926,2926,48,b,A,29,1,Yeah. /,Yeah/UH ./.,,
sw07utt/sw_0787_2926.utt,2/sw2926,2926,49,sd,B,30,1,"{C and } she said that  [ [ they recently, + {D you know, } they have to go through, ] + [ they have to, + they have to ] ]  pat the kids down, because they bring guns to school.  /","and/CC she/PRP said/VBD that/IN they/PRP recently/RB ,/, you/PRP know/VBP ,/, they/PRP have/VBP to/TO go/VB through/RB ,/, they/PRP have/VBP to/TO ,/, they/PRP have/VBP to/TO pat/VB the/DT kids/NNS down/RP ,/, because/IN they/PRP bring/VBP guns/NNS to/IN school/NN ./.",,
sw07utt/sw_0787_2926.utt,2/sw2926,2926,50,sd,B,30,2,"She teaches in the city,","She/PRP teaches/VBZ in/IN the/DT city/NN ,/,",,
sw07utt/sw_0787_2926.utt,2/sw2926,2926,51,b,A,31,1,Yeah. /,Yeah/UH ./.,,
sw07utt/sw_0787_2926.utt,2/sw2926,2926,52,+,B,32,1,"of Baltimore,  /","of/IN Baltimore/NNP ,/,",,
sw07utt/sw_0787_2926.utt,2/sw2926,2926,53,%,B,32,2,"{C and } # that, # -/","and/CC that/DT ,/,",,
sw07utt/sw_0787_2926.utt,2/sw2926,2926,54,b,A,33,1,"# Yeah,  /","Yeah/UH ,/,",,
sw07utt/sw_0787_2926.utt,2/sw2926,2926,55,%,A,33,2,"that, - /","that/DT ,/,",,
sw07utt/sw_0787_2926.utt,2/sw2926,2926,56,%,A,33,3,"# yeah,  /","yeah/UH ,/,",,
sw07utt/sw_0787_2926.utt,2/sw2926,2926,57,sv,A,33,4,that must be an inner  school.  /,that/DT must/MD be/VB an/DT inner/JJ school/NN ./.,,
sw07utt/sw_0787_2926.utt,2/sw2926,2926,58,sd,A,33,5,"I just read [ a, + an, ]","I/PRP just/RB read/VBD a/DT ,/, an/DT ,/,",,
sw07utt/sw_0787_2926.utt,2/sw2926,2926,59,b,B,34,1,Uh-huh. /,Uh-huh/UH ./.,,
sw07utt/sw_0787_2926.utt,2/sw2926,2926,60,+,A,35,1,"amazing article, {A I guess, }","amazing/JJ article/NN ,/, I/PRP guess/VBP ,/,",,
sw07utt/sw_0787_2926.utt,2/sw2926,2926,61,b,B,36,1,Yeah. /,Yeah/UH ./.,,
sw07utt/sw_0787_2926.utt,2/sw2926,2926,62,+,A,37,1,"in [ this month's NE-, + this week's NEW YORKER ]  about Baltimore,","in/IN this/DT month/NN 's/POS NE-/NNP ,/, this/DT week/NN 's/POS NEW/NNP YORKER/NNP about/IN Baltimore/NNP ,/,",,
sw07utt/sw_0787_2926.utt,2/sw2926,2926,63,b,B,38,1,Uh-huh. /,Uh-huh/UH ./.,,
sw07utt/sw_0787_2926.utt,2/sw2926,2926,64,+,A,39,1,"{F uh, } which, {F uh, } went on to talk about, - /","uh/UH ,/, which/WDT ,/, uh/UH ,/, went/VBD on/RB to/TO talk/VB about/IN ,/,",,
sw07utt/sw_0787_2926.utt,2/sw2926,2926,65,h,A,39,2,"I don't know,  /","I/PRP do/VBP n't/RB know/VB ,/,",,
sw07utt/sw_0787_2926.utt,2/sw2926,2926,66,sd,A,39,3,"I thought it was rather slanted in favor of the mayor,  [ [ or, + or, ] + or ]  the politicians [ in the, + in there, ]  /","I/PRP thought/VBD it/PRP was/VBD rather/RB slanted/JJ in/IN favor/NN of/IN the/DT mayor/NN ,/, or/CC ,/, or/CC ,/, or/CC the/DT politicians/NNS in/IN the/DT ,/, in/IN there/RB ,/,",,
sw07utt/sw_0787_2926.utt,2/sw2926,2926,67,sd,A,39,4,"[ [ I d-, + I do, ] + I do ]  know a few people and [ have been, +","I/PRP d/VBP ,/, I/PRP do/VBP ,/, I/PRP do/VBP know/VB a/DT few/JJ people/NNS and/CC have/VBP been/VBN ,/,",,
sw07utt/sw_0787_2926.utt,2/sw2926,2926,68,b,B,40,1,Uh-huh. /,Uh-huh/UH ./.,,
sw07utt/sw_0787_2926.utt,2/sw2926,2926,69,+,A,41,1,"have done ] some business up in Baltimore,  /","have/VBP done/VBN some/DT business/NN up/IN in/IN Baltimore/NNP ,/,",,
sw07utt/sw_0787_2926.utt,2/sw2926,2926,70,sd,A,41,2,"{C but } it seemed to me that [ the inner school system there was the one thing  that didn't s-, + the inner city school system was the one thing ] that didn't flower too well.  /","but/CC it/PRP seemed/VBD to/IN me/PRP that/IN the/DT inner/JJ school/NN system/NN there/RB was/VBD the/DT one/CD thing/NN that/WDT did/VBD n't/RB s-/XX ,/, the/DT inner/JJ city/NN school/NN system/NN was/VBD the/DT one/CD thing/NN that/WDT did/VBD n't/RB flower/VB too/RB well/RB ./.",,
sw07utt/sw_0787_2926.utt,2/sw2926,2926,71,sd,A,41,3,"They talked about individual cases of people trying hard,  /","They/PRP talked/VBD about/IN individual/JJ cases/NNS of/IN people/NNS trying/VBG hard/RB ,/,",,
sw07utt/sw_0787_2926.utt,2/sw2926,2926,72,sd,A,41,4,{C but } it was very difficult. /,but/CC it/PRP was/VBD very/RB difficult/JJ ./.,,
sw07utt/sw_0787_2926.utt,2/sw2926,2926,73,b,B,42,1,Uh-huh. /,Uh-huh/UH ./.,,
sw07utt/sw_0787_2926.utt,2/sw2926,2926,74,sd,A,43,1,"[ [ [ I, + I, ] + I, ] + I ] think, if I was going to  fault it, {D now, } - /","I/PRP ,/, I/PRP ,/, I/PRP ,/, I/PRP think/VBP ,/, if/IN I/PRP was/VBD going/VBG to/TO fault/VB it/PRP ,/, now/RB ,/,",,
sw07utt/sw_0787_2926.utt,2/sw2926,2926,75,sd,A,43,2,"if [ I'm, + I'm ] looking to carry on a conversation,","if/IN I/PRP 'm/VBP ,/, I/PRP 'm/VBP looking/VBG to/TO carry/VB on/IN a/DT conversation/NN ,/,",,
sw07utt/sw_0787_2926.utt,2/sw2926,2926,76,b,B,44,1,Yeah. /,Yeah/UH ./.,,
sw07utt/sw_0787_2926.utt,2/sw2926,2926,77,+,A,45,1,"that way, [ I thi-, + ] there's a couple of things that  really bother me,  /","that/DT way/NN ,/, I/PRP thi/VBP ,/, there/EX 's/BES a/DT couple/NN of/IN things/NNS that/WDT really/RB bother/VB me/PRP ,/,",,
sw07utt/sw_0787_2926.utt,2/sw2926,2926,78,sd,A,45,2,"I think when I learned the other day, {F uh, } {F uh, }  that, {F uh, } [ the average American, + the average American, ]","I/PRP think/VBP when/WRB I/PRP learned/VBD the/DT other/JJ day/NN ,/, uh/UH ,/, uh/UH ,/, that/IN ,/, uh/UH ,/, the/DT average/JJ American/NNP ,/, the/DT average/JJ American/NNP ,/,",,
sw07utt/sw_0787_2926.utt,2/sw2926,2926,79,b,B,46,1,Uh-huh. /,Uh-huh/UH ./.,,
sw07utt/sw_0787_2926.utt,2/sw2926,2926,80,+,A,47,1,"now, watches seven point two hours of television a day,  /","now/RB ,/, watches/VBZ seven/CD point/NN two/CD hours/NNS of/IN television/NN a/DT day/NN ,/,",,
sw07utt/sw_0787_2926.utt,2/sw2926,2926,81,sd,A,47,2,"and that school children, [ [ a-, + a-, ] + are ]  not far off that mark with six point eight. /","and/CC that/IN school/NN children/NNS ,/, a/VBP ,/, a/VBP ,/, are/VBP not/RB far/RB off/IN that/DT mark/NN with/IN six/CD point/NN eight/CD ./.",,
sw07utt/sw_0787_2926.utt,2/sw2926,2926,82,x,B,48,1,<Throat_clearing>.,,,
sw07utt/sw_0787_2926.utt,2/sw2926,2926,83,sd,A,49,1,"{D Now, } I don't know what school children,  what year that is. /","Now/RB ,/, I/PRP do/VBP n't/RB know/VB what/WDT school/NN children/NNS ,/, what/WDT year/NN that/DT is/VBZ ./.",,
sw07utt/sw_0787_2926.utt,2/sw2926,2926,84,b,B,50,1,Right. /,Right/UH ./.,,
sw07utt/sw_0787_2926.utt,2/sw2926,2926,85,sv,A,51,1,{E I mean } that's a hell of a lot time to be  sitting in front of the tube. /,I/PRP mean/VBP that/DT 's/BES a/DT hell/NN of/IN a/DT lot/NN time/NN to/TO be/VB sitting/VBG in/IN front/RB of/IN the/DT tube/NN ./.,,
sw07utt/sw_0787_2926.utt,2/sw2926,2926,86,b,B,52,1,"Yeah,  /","Yeah/UH ,/,",,
sw07utt/sw_0787_2926.utt,2/sw2926,2926,87,%,B,52,2,"[ a-, + ] {C and } [ it's, + {F uh, } {F uh, } it's ]  really, - /","a-/CC ,/, and/CC it/PRP 's/BES ,/, uh/UH ,/, uh/UH ,/, it/PRP 's/BES really/RB ,/,",,
sw07utt/sw_0787_2926.utt,2/sw2926,2926,88,sv,B,52,3,"{D you know, } kids can't read, {F um, } /","you/PRP know/VBP ,/, kids/NNS ca/MD n't/RB read/VB ,/, um/UH ,/,",,
sw07utt/sw_0787_2926.utt,2/sw2926,2926,89,%,A,53,1,"{D Well, } I, -/","Well/UH ,/, I/PRP ,/,",,
sw07utt/sw_0787_2926.utt,2/sw2926,2926,90,%,B,54,1,"it's really, - /","it/PRP 's/BES really/RB ,/,",,
sw07utt/sw_0787_2926.utt,2/sw2926,2926,91,%,B,54,2,"they, - /","they/PRP ,/,",,
sw07utt/sw_0787_2926.utt,2/sw2926,2926,92,sd,B,54,3,"you know by the time,","you/PRP know/VBP by/IN the/DT time/NN ,/,",,
sw07utt/sw_0787_2926.utt,2/sw2926,2926,93,b,A,55,1,Yeah. /,Yeah/UH ./.,,
sw07utt/sw_0787_2926.utt,2/sw2926,2926,94,+,B,56,1,"they, - /","they/PRP ,/,",,
sw07utt/sw_0787_2926.utt,2/sw2926,2926,95,sd,B,56,2,"my wife teaches, {F uh, } middle school. /","my/PRP$ wife/NN teaches/VBZ ,/, uh/UH ,/, middle/JJ school/NN ./.",,
sw07utt/sw_0787_2926.utt,2/sw2926,2926,96,bh,A,57,1,Really? /,Really/UH ?/.,,
sw07utt/sw_0787_2926.utt,2/sw2926,2926,97,ny,B,58,1,"Yeah,  /","Yeah/UH ,/,",,
sw07utt/sw_0787_2926.utt,2/sw2926,2926,98,sd,B,58,2,"# [ an-, + {C and } ] they can't, # -/","an-/CC ,/, and/CC they/PRP ca/MD n't/RB ,/,",,
sw07utt/sw_0787_2926.utt,2/sw2926,2926,99,bf,A,59,1,"# {F Oh, } {C so } you're close to the subject. # /","Oh/UH ,/, so/RB you/PRP 're/VBP close/JJ to/IN the/DT subject/NN ./.",,
sw07utt/sw_0787_2926.utt,2/sw2926,2926,100,aa,B,60,1,"yeah,  /","yeah/UH ,/,",,
sw07utt/sw_0787_2926.utt,2/sw2926,2926,101,sd,B,60,2,"by the time they get there,  they can't read.  /","by/IN the/DT time/NN they/PRP get/VBP there/RB ,/, they/PRP ca/MD n't/RB read/VB ./.",,
sw07utt/sw_0787_2926.utt,2/sw2926,2926,102,sd,B,60,3,"[ [ The-, + they, ] + they ] can't read anything. /","The-/PRP ,/, they/PRP ,/, they/PRP ca/MD n't/RB read/VB anything/NN ./.",,
sw07utt/sw_0787_2926.utt,2/sw2926,2926,103,sd,A,61,1,"{C And } yet, you know I have  grandchildren,  /","And/CC yet/RB ,/, you/PRP know/VBP I/PRP have/VBP grandchildren/NNS ,/,",,
sw07utt/sw_0787_2926.utt,2/sw2926,2926,104,sd,A,61,2,"I have [ ten, + {F uh, } nine ]  grandchildren in various parts of the country, /","I/PRP have/VBP ten/CD ,/, uh/UH ,/, nine/CD grandchildren/NNS in/IN various/JJ parts/NNS of/IN the/DT country/NN ,/,",,
sw07utt/sw_0787_2926.utt,2/sw2926,2926,105,b,B,62,1,Uh-huh. /,Uh-huh/UH ./.,,
sw07utt/sw_0787_2926.utt,2/sw2926,2926,106,sd,A,63,1,"{C and, } of course, {D you know, } I can't speak  to the rural or poorer inner city schools, /","and/CC ,/, of/IN course/NN ,/, you/PRP know/VBP ,/, I/PRP ca/MD n't/RB speak/VB to/IN the/DT rural/JJ or/CC poorer/RBR inner/JJ city/NN schools/NNS ,/,",,
sw07utt/sw_0787_2926.utt,2/sw2926,2926,107,b,B,64,1,Yeah. /,Yeah/UH ./.,,
sw07utt/sw_0787_2926.utt,2/sw2926,2926,108,sd,A,65,1,"these kids go to a f-, - /","these/DT kids/NNS go/VBP to/IN a/DT f-/XX ,/,",,
sw07utt/sw_0787_2926.utt,2/sw2926,2926,109,sd,A,65,2,"they live in a fairly nice upper scale neighborhood, /","they/PRP live/VBP in/IN a/DT fairly/RB nice/JJ upper/JJ scale/NN neighborhood/NN ,/,",,
sw07utt/sw_0787_2926.utt,2/sw2926,2926,110,b,B,66,1,Yeah. /,Yeah/UH ./.,,
sw07utt/sw_0787_2926.utt,2/sw2926,2926,111,sd,A,67,1,{C and } they seem to be doing extraordinarily well. /,and/CC they/PRP seem/VBP to/TO be/VB doing/VBG extraordinarily/RB well/RB ./.,,
sw07utt/sw_0787_2926.utt,2/sw2926,2926,112,b,B,68,1,Uh-huh. /,Uh-huh/UH ./.,,
sw07utt/sw_0787_2926.utt,2/sw2926,2926,113,sd,A,69,1,"[ I, + I, ]  {E I mean } I quiz them  /","I/PRP ,/, I/PRP ,/, I/PRP mean/VBP I/PRP quiz/VBP them/PRP",,
sw07utt/sw_0787_2926.utt,2/sw2926,2926,114,sd,A,69,2,"{C and }  I talk to them,  /","and/CC I/PRP talk/VBP to/IN them/PRP ,/,",,
sw07utt/sw_0787_2926.utt,2/sw2926,2926,115,sd,A,69,3,"{C and } [ they, + they ] read well,  /","and/CC they/PRP ,/, they/PRP read/VBP well/RB ,/,",,
sw07utt/sw_0787_2926.utt,2/sw2926,2926,116,sd,A,69,4,they do everything well.  /,they/PRP do/VBP everything/NN well/RB ./.,,
sw07utt/sw_0787_2926.utt,2/sw2926,2926,117,sv,A,69,5,"{C But }  [ I, + I, ] {E I mean, } I think  [ that's a f-, + that's ] part of the environment. /","But/CC I/PRP ,/, I/PRP ,/, I/PRP mean/VBP ,/, I/PRP think/VBP that/DT 's/BES a/DT f-/XX ,/, that/DT 's/BES part/NN of/IN the/DT environment/NN ./.",,
sw07utt/sw_0787_2926.utt,2/sw2926,2926,118,aa,B,70,1,"Yeah,  /","Yeah/UH ,/,",,
sw07utt/sw_0787_2926.utt,2/sw2926,2926,119,sv,B,70,2,"I think [ it's, + it's ]  probably the work that [ [ your, + your ] children, + your children ] are doing, {F uh, } {F um } <lipsmack>, /","I/PRP think/VBP it/PRP 's/BES ,/, it/PRP 's/BES probably/RB the/DT work/NN that/WDT your/PRP$ ,/, your/PRP$ children/NNS ,/, your/PRP$ children/NNS are/VBP doing/VBG ,/, uh/UH ,/, um/UH ,/,",,
sw07utt/sw_0787_2926.utt,2/sw2926,2926,120,aa,A,71,1,"Yeah,  /","Yeah/UH ,/,",,
sw07utt/sw_0787_2926.utt,2/sw2926,2926,121,sv,A,71,2,"[ [ [ that, + that, ] + that, ] + that ]  could be # very well true. # /","that/DT ,/, that/DT ,/, that/DT ,/, that/DT could/MD be/VB very/RB well/RB true/JJ ./.",,
sw07utt/sw_0787_2926.utt,2/sw2926,2926,122,sd,B,72,1,"# [ [ [ She, + she's, ] + {D yeah, }  # she ] can tell, +","She/PRP ,/, she/PRP 's/BES ,/, yeah/UH ,/, she/PRP can/MD tell/VB ,/,",,
sw07utt/sw_0787_2926.utt,2/sw2926,2926,123,b,A,73,1,Yeah. /,Yeah/UH ./.,,
sw07utt/sw_0787_2926.utt,2/sw2926,2926,124,+,B,74,1,"she can tell, ] {D you know, } when they have kids  come in for, -/","she/PRP can/MD tell/VB ,/, you/PRP know/VBP ,/, when/WRB they/PRP have/VBP kids/NNS come/VB in/RB for/IN ,/,",,
sw07utt/sw_0787_2926.utt,2/sw2926,2926,125,b,A,75,1,Right. /,Right/UH ./.,,
sw07utt/sw_0787_2926.utt,2/sw2926,2926,126,sd,B,76,1,"they meet with all of the parents, /","they/PRP meet/VBP with/IN all/DT of/IN the/DT parents/NNS ,/,",,
sw07utt/sw_0787_2926.utt,2/sw2926,2926,127,b,A,77,1,Yes. /,Yes/UH ./.,,
sw07utt/sw_0787_2926.utt,2/sw2926,2926,128,sd,B,78,1,"{C and } she can tell before a parent comes in, normally,","and/CC she/PRP can/MD tell/VB before/IN a/DT parent/NN comes/VBZ in/RB ,/, normally/RB ,/,",,
sw07utt/sw_0787_2926.utt,2/sw2926,2926,129,b,A,79,1,Really. /,Really/UH ./.,,
sw07utt/sw_0787_2926.utt,2/sw2926,2926,130,+,B,80,1,"{D you know, } give or take, eighty, ninety,","you/PRP know/VBP ,/, give/VB or/CC take/VB ,/, eighty/CD ,/, ninety/CD ,/,",,
sw07utt/sw_0787_2926.utt,2/sw2926,2926,131,b,A,81,1,Yeah. /,Yeah/UH ./.,,
sw07utt/sw_0787_2926.utt,2/sw2926,2926,132,+,B,82,1,"per cent, {D you know, } what the parents are  going to be like when they come in, and the responses the parents # will give back. # /","per/GW cent/^NN ,/, you/PRP know/VBP ,/, what/WP the/DT parents/NNS are/VBP going/VBG to/TO be/VB like/IN when/WRB they/PRP come/VBP in/RB ,/, and/CC the/DT responses/NNS the/DT parents/NNS will/MD give/VB back/RB ./.",,
sw07utt/sw_0787_2926.utt,2/sw2926,2926,133,bh,A,83,1,# No kidding. #  /,No/DT kidding/NN ./.,,
sw07utt/sw_0787_2926.utt,2/sw2926,2926,134,%,A,83,2,"# {F Oh, } [ [ I, + I, ] + I, ] # -/","Oh/UH ,/, I/PRP ,/, I/PRP ,/, I/PRP ,/,",,
sw07utt/sw_0787_2926.utt,2/sw2926,2926,135,ny,B,84,1,"# {F Oh, } yeah. # /","Oh/UH ,/, yeah/UH ./.",,
sw07utt/sw_0787_2926.utt,2/sw2926,2926,136,b,A,85,1,"yeah,  /","yeah/UH ,/,",,
sw07utt/sw_0787_2926.utt,2/sw2926,2926,137,sd,A,85,2,"I guess [ I could, + I can ] understand that. /","I/PRP guess/VBP I/PRP could/MD ,/, I/PRP can/MD understand/VB that/DT ./.",,
sw07utt/sw_0787_2926.utt,2/sw2926,2926,138,b,B,86,1,Uh-huh. /,Uh-huh/UH ./.,,
sw07utt/sw_0787_2926.utt,2/sw2926,2926,139,sd,A,87,1,"However, I'm a product of the New York City  public school system from fifty years ago,","However/RB ,/, I/PRP 'm/VBP a/DT product/NN of/IN the/DT New/NNP York/NNP City/NNP public/JJ school/NN system/NN from/IN fifty/CD years/NNS ago/RB ,/,",,
sw07utt/sw_0787_2926.utt,2/sw2926,2926,140,b,B,88,1,Yeah. /,Yeah/UH ./.,,
sw07utt/sw_0787_2926.utt,2/sw2926,2926,141,+,A,89,1,"{F uh, } maybe not that long ago,  /","uh/UH ,/, maybe/RB not/RB that/RB long/JJ ago/RB ,/,",,
sw07utt/sw_0787_2926.utt,2/sw2926,2926,142,%,A,89,2,"{C but, } - /","but/CC ,/,",,
sw07utt/sw_0787_2926.utt,2/sw2926,2926,143,sd,A,89,3,"[ {C and, } + {F um, } {C and so, } ] [ I, + I ]  always felt I didn't get a real good education [ in the pu-, + in the ]  grammar schools and part of high school, /","and/CC ,/, um/UH ,/, and/CC so/RB ,/, I/PRP ,/, I/PRP always/RB felt/VBD I/PRP did/VBD n't/RB get/VB a/DT real/RB good/JJ education/NN in/IN the/DT pu/JJ ,/, in/IN the/DT grammar/NN schools/NNS and/CC part/NN of/IN high/JJ school/NN ,/,",,
sw07utt/sw_0787_2926.utt,2/sw2926,2926,144,b,B,90,1,Uh-huh. /,Uh-huh/UH ./.,,
sw07utt/sw_0787_2926.utt,2/sw2926,2926,145,sd,A,91,1,"{C so } I lived in New England at the  time,  /","so/RB I/PRP lived/VBD in/IN New/NNP England/NNP at/IN the/DT time/NN ,/,",,
sw07utt/sw_0787_2926.utt,2/sw2926,2926,146,sd,A,91,2,I sent all my children to prep school.  /,I/PRP sent/VBD all/DT my/PRP$ children/NNS to/IN prep/NN school/NN ./.,,
sw07utt/sw_0787_2926.utt,2/sw2926,2926,147,%,A,91,3,"I was f-, - /","I/PRP was/VBD f-/XX ,/,",,
sw07utt/sw_0787_2926.utt,2/sw2926,2926,148,sd,A,91,4,"[ I w-, + I didn't ]  have that much money  /","I/PRP w-/XX ,/, I/PRP did/VBD n't/RB have/VB that/RB much/JJ money/NN",,
sw07utt/sw_0787_2926.utt,2/sw2926,2926,149,sd,A,91,5,{C but } we struggled  /,but/CC we/PRP struggled/VBD,,
sw07utt/sw_0787_2926.utt,2/sw2926,2926,150,sd,A,91,6,{C and } # we did it # -- /,and/CC we/PRP did/VBD it/PRP --/:,,
sw07utt/sw_0787_2926.utt,2/sw2926,2926,151,b,B,92,1,# Right. # /,Right/UH ./.,,
sw07utt/sw_0787_2926.utt,2/sw2926,2926,152,sd,A,93,1,"-- {C and } [ I thought it, + I thought ]  [ a great deal of it was, + a great deal of the ] success that they had in their education was  due to the low student teacher ratio. /","--/: and/CC I/PRP thought/VBD it/PRP ,/, I/PRP thought/VBD a/DT great/JJ deal/NN of/IN it/PRP was/VBD ,/, a/DT great/JJ deal/NN of/IN the/DT success/NN that/WDT they/PRP had/VBD in/IN their/PRP education/NN was/VBD due/IN to/IN the/DT low/JJ student/NN teacher/NN ratio/NN ./.",,
sw07utt/sw_0787_2926.utt,2/sw2926,2926,153,sv,B,94,1,"[ I think, + I think ] it's probably very true. /","I/PRP think/VBP ,/, I/PRP think/VBP it/PRP 's/BES probably/RB very/RB true/JJ ./.",,
sw07utt/sw_0787_2926.utt,2/sw2926,2926,154,sv,A,95,1,"{C And, } [ [  I, + I, ] + I ]  think [ that could, + that's ] a formula that could be applied everywhere,","And/CC ,/, I/PRP ,/, I/PRP ,/, I/PRP think/VBP that/DT could/MD ,/, that/DT 's/BES a/DT formula/NN that/WDT could/MD be/VB applied/VBN everywhere/RB ,/,",,
sw07utt/sw_0787_2926.utt,2/sw2926,2926,155,b,B,96,1,Uh-huh. /,Uh-huh/UH ./.,,
sw07utt/sw_0787_2926.utt,2/sw2926,2926,156,+,A,97,1,"except it must cost a heck of a lot of money if you do,","except/IN it/PRP must/MD cost/VB a/DT heck/NN of/IN a/DT lot/NN of/IN money/NN if/IN you/PRP do/VBP ,/,",,
sw07utt/sw_0787_2926.utt,2/sw2926,2926,157,b,B,98,1,Uh-huh. /,Uh-huh/UH ./.,,
sw07utt/sw_0787_2926.utt,2/sw2926,2926,158,+,A,99,1,it in public school. /,it/PRP in/IN public/JJ school/NN ./.,,
sw07utt/sw_0787_2926.utt,2/sw2926,2926,159,sv(^q),B,100,1,"{C But } {D you know, } surprisingly,  [ [ I, + I, ] + ] because you put such a commitment on education,","But/CC you/PRP know/VBP ,/, surprisingly/RB ,/, I/PRP ,/, I/PRP ,/, because/IN you/PRP put/VBP such/PDT a/DT commitment/NN on/IN education/NN ,/,",,
sw07utt/sw_0787_2926.utt,2/sw2926,2926,160,b,A,101,1,Yeah. /,Yeah/UH ./.,,
sw07utt/sw_0787_2926.utt,2/sw2926,2926,161,+,B,102,1,"{F um, } your children probably could have  gone to schools with, {F uh, } {F uh, } a higher student teacher ratio,","um/UH ,/, your/PRP children/NNS probably/RB could/MD have/VB gone/VBN to/IN schools/NNS with/IN ,/, uh/UH ,/, uh/UH ,/, a/DT higher/JJR student/NN teacher/NN ratio/NN ,/,",,
sw07utt/sw_0787_2926.utt,2/sw2926,2926,162,b,A,103,1,Yeah. /,Yeah/UH ./.,,
sw07utt/sw_0787_2926.utt,2/sw2926,2926,163,+,B,104,1,"and still done well, because when they would  come home, you and your wife,","and/CC still/RB done/VBN well/RB ,/, because/IN when/WRB they/PRP would/MD come/VB home/NN ,/, you/PRP and/CC your/PRP$ wife/NN ,/,",,
sw07utt/sw_0787_2926.utt,2/sw2926,2926,164,b,A,105,1,Yeah. /,Yeah/UH ./.,,
sw07utt/sw_0787_2926.utt,2/sw2926,2926,165,+,B,106,1,"would say, {D you know, } what did you do today, /","would/MD say/VB ,/, you/PRP know/VBP ,/, what/WP did/VBD you/PRP do/VB today/RB ,/,",,
sw07utt/sw_0787_2926.utt,2/sw2926,2926,166,b,A,107,1,Yeah. /,Yeah/UH ./.,,
sw07utt/sw_0787_2926.utt,2/sw2926,2926,167,^q,B,108,1,"[ if we, + ] let's sit down and read together. /","if/IN we/PRP ,/, let/VB 's/PRP sit/VB down/RB and/CC read/VB together/RB ./.",,
sw07utt/sw_0787_2926.utt,2/sw2926,2926,168,sv,A,109,1,"{D Well, } [ [ [ [ that, + that, ] +  that's,  ] +","Well/UH ,/, that/DT ,/, that/DT ,/, that/DT 's/BES ,/,",,
sw07utt/sw_0787_2926.utt,2/sw2926,2926,169,b,B,110,1,Yeah. /,Yeah/UH ./.,,
sw07utt/sw_0787_2926.utt,2/sw2926,2926,170,+,A,111,1,"that, ] + that ] must be,","that/DT ,/, that/DT must/MD be/VB ,/,",,
sw07utt/sw_0787_2926.utt,2/sw2926,2926,171,b,B,112,1,Uh-huh. /,Uh-huh/UH ./.,,
sw07utt/sw_0787_2926.utt,2/sw2926,2926,172,+,A,113,1,"[ then, + then ]  if that's, {F uh, } - /","then/RB ,/, then/RB if/IN that/DT 's/BES ,/, uh/UH ,/,",,
sw07utt/sw_0787_2926.utt,2/sw2926,2926,173,sv,A,113,2,"I think we both agree on that, #  [ [ [ then, + then, ] + then, ] + then ] a [ parent, + #","I/PRP think/VBP we/PRP both/DT agree/VBP on/IN that/DT ,/, then/RB ,/, then/RB ,/, then/RB ,/, then/RB a/DT parent/NN ,/,",,
sw07utt/sw_0787_2926.utt,2/sw2926,2926,174,aa,B,114,1,"# Yeah,  /","Yeah/UH ,/,",,
sw07utt/sw_0787_2926.utt,2/sw2926,2926,175,sv,B,114,2,"{F oh, } it's parental.  /","oh/UH ,/, it/PRP 's/BES parental/JJ ./.",,
sw07utt/sw_0787_2926.utt,2/sw2926,2926,176,aa,B,114,3,Yep. # /,Yep/UH ./.,,
sw07utt/sw_0787_2926.utt,2/sw2926,2926,177,+,A,115,1,parental ] involvement has to be there. /,parental/JJ involvement/NN has/VBZ to/TO be/VB there/RB ./.,,
sw07utt/sw_0787_2926.utt,2/sw2926,2926,178,aa,B,116,1,"Uh-huh,  /","Uh-huh/UH ,/,",,
sw07utt/sw_0787_2926.utt,2/sw2926,2926,179,aa,B,116,2,yeah. /,yeah/UH ./.,,
sw07utt/sw_0787_2926.utt,2/sw2926,2926,180,sv,A,117,1,{C And } I guess you got to take them away  from the tube also.  /,And/CC I/PRP guess/VBP you/PRP got/VBD to/TO take/VB them/PRP away/RB from/IN the/DT tube/NN also/RB ./.,,
sw07utt/sw_0787_2926.utt,2/sw2926,2926,181,sd,A,117,2,"[ Another thing that I have, + another problem I have ]  is, {F uh, } I don't really know how to resolve this,  /","Another/DT thing/NN that/WDT I/PRP have/VBP ,/, another/DT problem/NN I/PRP have/VBP is/VBZ ,/, uh/UH ,/, I/PRP do/VBP n't/RB really/RB know/VB how/WRB to/TO resolve/VB this/DT ,/,",,
sw07utt/sw_0787_2926.utt,2/sw2926,2926,182,sv,A,117,3,"{C but } is the,  incredible,  {A at least in the high school and college level, } emphasis on sports, where enormous amounts of money are  spent, - /","but/CC is/VBZ the/DT ,/, incredible/JJ ,/, at/IN least/JJS in/IN the/DT high/JJ school/NN and/CC college/NN level/NN ,/, emphasis/NN on/IN sports/NNS ,/, where/WRB enormous/JJ amounts/NNS of/IN money/NN are/VBP spent/VBN ,/,",,
sw07utt/sw_0787_2926.utt,2/sw2926,2926,183,sv,A,117,4,"{C and } it seems to me that [ mo-, + money ]  could be more [ well, + well ] spent # somewhere else. # /","and/CC it/PRP seems/VBZ to/IN me/PRP that/IN mo-/NN ,/, money/NN could/MD be/VB more/RBR well/RB ,/, well/RB spent/VBN somewhere/RB else/RB ./.",,
sw07utt/sw_0787_2926.utt,2/sw2926,2926,184,sd,B,118,1,"# {C But } [ you kn-, + # you know ]  what's really funny is that [ they, + there's ] been some research, because [ I'm a, +","But/CC you/PRP kn/VBP ,/, you/PRP know/VBP what/WP 's/BES really/RB funny/JJ is/VBZ that/IN they/PRP ,/, there/EX 's/HVS been/VBN some/DT research/NN ,/, because/IN I/PRP 'm/VBP a/DT ,/,",,
sw07utt/sw_0787_2926.utt,2/sw2926,2926,185,b,A,119,1,Yeah. /,Yeah/UH ./.,,
sw07utt/sw_0787_2926.utt,2/sw2926,2926,186,+,B,120,1,"I'm a ]  college professor,","I/PRP 'm/VBP a/DT college/NN professor/NN ,/,",,
sw07utt/sw_0787_2926.utt,2/sw2926,2926,187,ba,A,121,1,"{F Oh, } yeah. /","Oh/UH ,/, yeah/UH ./.",,
sw07utt/sw_0787_2926.utt,2/sw2926,2926,188,+,B,122,1,"<Lipsmack> [ [ {C and, } + {F um, } {F uh, } {C and, } ] +  {C and, } ] [ w-, + ] a lot of the research shows that like, [ Georgetown, +","and/CC ,/, um/UH ,/, uh/UH ,/, and/CC ,/, and/CC ,/, w-/XX ,/, a/DT lot/NN of/IN the/DT research/NN shows/VBZ that/IN like/IN ,/, Georgetown/NNP ,/,",,
sw07utt/sw_0787_2926.utt,2/sw2926,2926,189,b,A,123,1,Yeah. /,Yeah/UH ./.,,
sw07utt/sw_0787_2926.utt,2/sw2926,2926,190,+,B,124,1,"while Hewing was playing at Georgetown, ]","while/IN Hewing/NNP was/VBD playing/VBG at/IN Georgetown/NNP ,/,",,
sw07utt/sw_0787_2926.utt,2/sw2926,2926,191,b,A,125,1,Right. /,Right/UH ./.,,
sw07utt/sw_0787_2926.utt,2/sw2926,2926,192,+,B,126,1,"{A basketball, Georgetown, }","basketball/NN ,/, Georgetown/NNP ,/,",,
sw07utt/sw_0787_2926.utt,2/sw2926,2926,193,b,A,127,1,"Right,  /","Right/UH ,/,",,
sw07utt/sw_0787_2926.utt,2/sw2926,2926,194,b^r,A,127,2,"right,  /","right/UH ,/,",,
sw07utt/sw_0787_2926.utt,2/sw2926,2926,195,b^r,A,127,3,right. /,right/UH ./.,,
sw07utt/sw_0787_2926.utt,2/sw2926,2926,196,+,B,128,1,"and they were winning,","and/CC they/PRP were/VBD winning/VBG ,/,",,
sw07utt/sw_0787_2926.utt,2/sw2926,2926,197,b,A,129,1,Yeah. /,Yeah/UH ./.,,
sw07utt/sw_0787_2926.utt,2/sw2926,2926,198,+,B,130,1,"endowment to the university, in other words,   money that could to everything, everything, and normally gets directed away from sports, realistically, a lot of the, was, {F uh, }  was probably, two-thirds, I guess it's now two-thirds of what it was when they were national champions. -/","endowment/NN to/IN the/DT university/NN ,/, in/IN other/JJ words/NNS ,/, money/NN that/WDT could/MD to/IN everything/NN ,/, everything/NN ,/, and/CC normally/RB gets/VBZ directed/VBN away/RB from/IN sports/NNS ,/, realistically/RB ,/, a/DT lot/NN of/IN the/DT ,/, was/VBD ,/, uh/UH ,/, was/VBD probably/RB ,/, two-thirds/NNS ,/, I/PRP guess/VBP it/PRP 's/BES now/JJ two-thirds/NNS of/IN what/WP it/PRP was/VBD when/WRB they/PRP were/VBD national/JJ champions/NNS ./.",,
sw07utt/sw_0787_2926.utt,2/sw2926,2926,199,x,A,131,1,<Laughter>.,,,
sw07utt/sw_0787_2926.utt,2/sw2926,2926,200,sd,B,132,1,"In other words, while they're national champions,","In/IN other/JJ words/NNS ,/, while/IN they/PRP 're/VBP national/JJ champions/NNS ,/,",,
sw07utt/sw_0787_2926.utt,2/sw2926,2926,201,b,A,133,1,"Yeah,  /","Yeah/UH ,/,",,
sw07utt/sw_0787_2926.utt,2/sw2926,2926,202,b^r,A,133,2,yeah. /,yeah/UH ./.,,
sw07utt/sw_0787_2926.utt,2/sw2926,2926,203,+,B,134,1,people donate more money. /,people/NNS donate/VBP more/JJR money/NN ./.,,
sw07utt/sw_0787_2926.utt,2/sw2926,2926,204,b,A,135,1,Right. /,Right/UH ./.,,
sw07utt/sw_0787_2926.utt,2/sw2926,2926,205,sd,B,136,1,"Average human beings like you and I,  average Joes, that make a decent # salary, #","Average/JJ human/JJ beings/NNS like/IN you/PRP and/CC I/PRP ,/, average/JJ Joes/NNS ,/, that/WDT make/VBP a/DT decent/JJ salary/NN ,/,",,
sw07utt/sw_0787_2926.utt,2/sw2926,2926,206,%,A,137,1,"# Ri-, - /","Ri-/XX ,/,",,
sw07utt/sw_0787_2926.utt,2/sw2926,2926,207,b,A,137,2,"{C but } {E I mean, } #","but/CC I/PRP mean/VBP ,/,",,
sw07utt/sw_0787_2926.utt,2/sw2926,2926,208,+,B,138,1,"that are a graduate of the school,","that/WDT are/VBP a/DT graduate/NN of/IN the/DT school/NN ,/,",,
sw07utt/sw_0787_2926.utt,2/sw2926,2926,209,+,A,139,1,"{F uh, } right. /","uh/UH ,/, right/UH ./.",,
sw07utt/sw_0787_2926.utt,2/sw2926,2926,210,+,B,140,1,"send big bucks, {D like } couple hundreds of dollars,  /","send/VBP big/JJ bucks/NNS ,/, like/IN couple/NN hundreds/NNS of/IN dollars/NNS ,/,",,
sw07utt/sw_0787_2926.utt,2/sw2926,2926,211,sd,B,140,2,"{C but } # thousands of people, # -/","but/CC thousands/NNS of/IN people/NNS ,/,",,
sw07utt/sw_0787_2926.utt,2/sw2926,2926,212,%,A,141,1,"# [ [ To, + to what, ] + {F uh, } to, ] - /","To/IN ,/, to/IN what/WP ,/, uh/UH ,/, to/IN ,/,",,
sw07utt/sw_0787_2926.utt,2/sw2926,2926,213,bf,A,141,2,"# you say  other things than sports, though. /","you/PRP say/VBP other/JJ things/NNS than/IN sports/NNS ,/, though/RB ./.",,
sw07utt/sw_0787_2926.utt,2/sw2926,2926,214,ar,B,142,1,"{C Because, } no,  /","Because/IN ,/, no/UH ,/,",,
sw07utt/sw_0787_2926.utt,2/sw2926,2926,215,sd,B,142,2,"[ bec-, + ]  normally it's because of the sports. /","bec-/IN ,/, normally/RB it/PRP 's/BES because/IN of/IN the/DT sports/NNS ./.",,
sw07utt/sw_0787_2926.utt,2/sw2926,2926,216,aa,A,143,1,"Yeah,  /","Yeah/UH ,/,",,
sw07utt/sw_0787_2926.utt,2/sw2926,2926,217,aa,A,143,2,"I know,  /","I/PRP know/VBP ,/,",,
sw07utt/sw_0787_2926.utt,2/sw2926,2926,218,sv,A,143,3,"{C but } {E I mean, } they don't   just send it to the new # stadium,  /","but/CC I/PRP mean/VBP ,/, they/PRP do/VBP n't/RB just/RB send/VB it/PRP to/IN the/DT new/JJ stadium/NN ,/,",,
sw07utt/sw_0787_2926.utt,2/sw2926,2926,219,%,A,143,4,"{C or, } # -/","or/CC ,/,",,
sw07utt/sw_0787_2926.utt,2/sw2926,2926,220,aa,B,144,1,"# Right,  /","Right/UH ,/,",,
sw07utt/sw_0787_2926.utt,2/sw2926,2926,221,aa^r,B,144,2,"right,  /","right/UH ,/,",,
sw07utt/sw_0787_2926.utt,2/sw2926,2926,222,sd,B,144,3,"# {C but } {D see, }  the sports brings in the money. /","but/CC see/VB ,/, the/DT sports/NNS brings/VBZ in/RB the/DT money/NN ./.",,
sw07utt/sw_0787_2926.utt,2/sw2926,2926,223,b,A,145,1,Really. /,Really/UH ./.,,
sw07utt/sw_0787_2926.utt,2/sw2926,2926,224,sd,B,146,1,"{C Because } when Georgetown # was number one, #","Because/IN when/WRB Georgetown/NNP was/VBD number/NN one/CD ,/,",,
sw07utt/sw_0787_2926.utt,2/sw2926,2926,225,sv,A,147,1,"# [ I,  + {D well, } # I ] guess they're <laughter>,","I/PRP ,/, well/UH ,/, I/PRP guess/VBP they/PRP 're/VBP ,/,",,
sw07utt/sw_0787_2926.utt,2/sw2926,2926,226,+,B,148,1,"[ [ their, + their, ] + their ]  money that was donated to # them from companies, #","their/PRP ,/, their/PRP ,/, their/PRP money/NN that/WDT was/VBD donated/VBN to/IN them/PRP from/IN companies/NNS ,/,",,
sw07utt/sw_0787_2926.utt,2/sw2926,2926,227,+,A,149,1,"# Right,  /","Right/UH ,/,",,
sw07utt/sw_0787_2926.utt,2/sw2926,2926,228,b,A,149,2,"right,  /","right/UH ,/,",,
sw07utt/sw_0787_2926.utt,2/sw2926,2926,229,b^r,A,149,3,right. # /,right/UH ./.,,
sw07utt/sw_0787_2926.utt,2/sw2926,2926,230,+,B,150,1,"[ [ from, + from l-, ] + from ]  business people, from graduates, whatever,","from/IN ,/, from/IN l-/XX ,/, from/IN business/NN people/NNS ,/, from/IN graduates/NNS ,/, whatever/WDT ,/,",,
sw07utt/sw_0787_2926.utt,2/sw2926,2926,231,b,A,151,1,Yeah. /,Yeah/UH ./.,,
sw07utt/sw_0787_2926.utt,2/sw2926,2926,232,+,B,152,1,"was up into, {D you know, } {D like }  twenty million dollars,  /","was/VBD up/IN into/IN ,/, you/PRP know/VBP ,/, like/IN twenty/CD million/CD dollars/NNS ,/,",,
sw07utt/sw_0787_2926.utt,2/sw2926,2926,233,sd,B,152,2,"{C and } now it's down to {D like, } fourteen million.  /","and/CC now/RB it/PRP 's/BES down/IN to/IN like/UH ,/, fourteen/CD million/CD ./.",,
sw07utt/sw_0787_2926.utt,2/sw2926,2926,234,sd,B,152,3,"During that time period, in other words,","During/IN that/DT time/NN period/NN ,/, in/IN other/JJ words/NNS ,/,",,
sw07utt/sw_0787_2926.utt,2/sw2926,2926,235,sd,A,153,1,"{D Well, } I never thought of # that benefit, yeah. # /","Well/UH ,/, I/PRP never/RB thought/VBD of/IN that/DT benefit/NN ,/, yeah/UH ./.",,
sw07utt/sw_0787_2926.utt,2/sw2926,2926,236,+,B,154,1,"# [ their income # has slow-, +","their/PRP income/NN has/VBZ slow/VBN ,/,",,
sw07utt/sw_0787_2926.utt,2/sw2926,2926,237,b,A,155,1,Yeah. /,Yeah/UH ./.,,
sw07utt/sw_0787_2926.utt,2/sw2926,2926,238,+,B,156,1,"[ their, + their ] [ al-, + alumni ] giving and  other funds have slowly ] dropped since then. /","their/PRP$ ,/, their/PRP$ al-/NNS ,/, alumni/NNS giving/VBG and/CC other/JJ funds/NNS have/VBP slowly/RB dropped/VBN since/IN then/RB ./.",,
sw07utt/sw_0787_2926.utt,2/sw2926,2926,239,sd^r,A,157,1,"{D Well, } [ I, + I ] never thought,","Well/UH ,/, I/PRP ,/, I/PRP never/RB thought/VBD ,/,",,
sw07utt/sw_0787_2926.utt,2/sw2926,2926,240,b,B,158,1,Uh-huh. /,Uh-huh/UH ./.,,
sw07utt/sw_0787_2926.utt,2/sw2926,2926,241,+,A,159,1,"of that benefit,  /","of/IN that/DT benefit/NN ,/,",,
sw07utt/sw_0787_2926.utt,2/sw2926,2926,242,sv,A,159,2,"{C but } the consequence,","but/CC the/DT consequence/NN ,/,",,
sw07utt/sw_0787_2926.utt,2/sw2926,2926,243,b,B,160,1,Yeah. /,Yeah/UH ./.,,
sw07utt/sw_0787_2926.utt,2/sw2926,2926,244,+,A,161,1,"then, - /","then/RB ,/,",,
sw07utt/sw_0787_2926.utt,2/sw2926,2926,245,sd(^q),A,161,2,"[ [ I, + my, ] + I ]  guess what I'd have to say about that, is,","I/PRP ,/, my/PRP$ ,/, I/PRP guess/VBP what/WP I/PRP 'd/MD have/VB to/TO say/VB about/IN that/DT ,/, is/VBZ ,/,",,
sw07utt/sw_0787_2926.utt,2/sw2926,2926,246,b,B,162,1,Yeah. /,Yeah/UH ./.,,
sw07utt/sw_0787_2926.utt,2/sw2926,2926,247,+,A,163,1,there can only be one champion <laughter>. /,there/EX can/MD only/RB be/VB one/CD champion/NN ./.,,
sw07utt/sw_0787_2926.utt,2/sw2926,2926,248,%,B,164,1,"That's, - /","That/DT 's/BES ,/,",,
sw07utt/sw_0787_2926.utt,2/sw2926,2926,249,aa,B,164,2,yeah.  /,yeah/UH ./.,,
sw07utt/sw_0787_2926.utt,2/sw2926,2926,250,sv,B,164,3,"[ It's, + it's ]  amazing the way, - /","It/PRP 's/BES ,/, it/PRP 's/BES amazing/JJ the/DT way/NN ,/,",,
sw07utt/sw_0787_2926.utt,2/sw2926,2926,251,sv,B,164,4,{C but } now that's big time. /,but/CC now/RB that/DT 's/BES big/JJ time/NN ./.,,
sw07utt/sw_0787_2926.utt,2/sw2926,2926,252,qh,A,165,1,"Isn't that something, # though, # /","Is/VBZ n't/RB that/DT something/NN ,/, though/RB ,/,",,
sw07utt/sw_0787_2926.utt,2/sw2926,2926,253,aa,B,166,1,# Yeah. # /,Yeah/UH ./.,,
sw07utt/sw_0787_2926.utt,2/sw2926,2926,254,sd,A,167,1,I didn't realize that. /,I/PRP did/VBD n't/RB realize/VB that/DT ./.,,
sw07utt/sw_0787_2926.utt,2/sw2926,2926,255,qy^d,B,168,1,"[ {C But, } + {C but, } ] {F uh, } smaller schools  aren't like that, {F uh, } /","But/CC ,/, but/CC ,/, uh/UH ,/, smaller/JJR schools/NNS are/VBP n't/RB like/IN that/DT ,/, uh/UH ,/,",,
sw07utt/sw_0787_2926.utt,2/sw2926,2926,256,nn,A,169,1,No. /,No/UH ./.,,
sw07utt/sw_0787_2926.utt,2/sw2926,2926,257,qy^d,B,170,1,"[ only, + only ] the big time schools show that. /","only/RB ,/, only/RB the/DT big/JJ time/NN schools/NNS show/VBP that/DT ./.",,
sw07utt/sw_0787_2926.utt,2/sw2926,2926,258,ny,A,171,1,Yeah. /,Yeah/UH ./.,,
sw07utt/sw_0787_2926.utt,2/sw2926,2926,259,sv,B,172,1,"{C But } you're right,  /","But/CC you/PRP 're/VBP right/JJ ,/,",,
sw07utt/sw_0787_2926.utt,2/sw2926,2926,260,sv,B,172,2,"[ I, + I ]  think the emphasis on sports,  /","I/PRP ,/, I/PRP think/VBP the/DT emphasis/NN on/IN sports/NNS ,/,",,
sw07utt/sw_0787_2926.utt,2/sw2926,2926,261,%,B,172,3,"{C and } as a, - /","and/CC as/IN a/DT ,/,",,
sw07utt/sw_0787_2926.utt,2/sw2926,2926,262,sd,B,172,4,"{D see, } [ [ I'm a, + I'm a, ] + I'm a ] former athlete in a  sense,  /","see/VB ,/, I/PRP 'm/VBP a/DT ,/, I/PRP 'm/VBP a/DT ,/, I/PRP 'm/VBP a/DT former/JJ athlete/NN in/IN a/DT sense/NN ,/,",,
sw07utt/sw_0787_2926.utt,2/sw2926,2926,263,sd,B,172,5,"I swam, {F um, } /","I/PRP swam/VBD ,/, um/UH ,/,",,
sw07utt/sw_0787_2926.utt,2/sw2926,2926,264,b,A,173,1,"Yeah,  /","Yeah/UH ,/,",,
sw07utt/sw_0787_2926.utt,2/sw2926,2926,265,b^r,A,173,2,yeah. /,yeah/UH ./.,,
sw07utt/sw_0787_2926.utt,2/sw2926,2926,266,sv,B,174,1,"{C but } swimming never gets much glory, so  it really doesn't matter.  /","but/CC swimming/NN never/RB gets/VBZ much/JJ glory/NN ,/, so/IN it/PRP really/RB does/VBZ n't/RB matter/VB ./.",,
sw07utt/sw_0787_2926.utt,2/sw2926,2926,267,%,B,174,2,"# {C But, } # -/","But/CC ,/,",,
sw07utt/sw_0787_2926.utt,2/sw2926,2926,268,sd,A,175,1,"# {D Well, } # Mark Spitz made a lot of money on it. /","Well/UH ,/, Mark/NNP Spitz/NNP made/VBD a/DT lot/NN of/IN money/NN on/IN it/PRP ./.",,
sw07utt/sw_0787_2926.utt,2/sw2926,2926,269,aa,B,176,1,"That's true,  /","That/DT 's/BES true/JJ ,/,",,
sw07utt/sw_0787_2926.utt,2/sw2926,2926,270,aa^r,B,176,2,"that's true,  /","that/DT 's/BES true/JJ ,/,",,
sw07utt/sw_0787_2926.utt,2/sw2926,2926,271,sd,B,176,3,"{C but }  you know # they still, # -/","but/CC you/PRP know/VBP they/PRP still/RB ,/,",,
sw07utt/sw_0787_2926.utt,2/sw2926,2926,272,sd,A,177,1,"# [ {C And } he di-, + # {C and } he came ]  back this year,  /","And/CC he/PRP di/VBD ,/, and/CC he/PRP came/VBD back/RB this/DT year/NN ,/,",,
sw07utt/sw_0787_2926.utt,2/sw2926,2926,273,^g,A,177,2,"didn't he,  /","did/VBD n't/RB he/PRP ,/,",,
sw07utt/sw_0787_2926.utt,2/sw2926,2926,274,sd,A,177,3,{C but } he didn't make it. /,but/CC he/PRP did/VBD n't/RB make/VB it/PRP ./.,,
sw07utt/sw_0787_2926.utt,2/sw2926,2926,275,b^m,B,178,1,"He didn't make it,  /","He/PRP did/VBD n't/RB make/VB it/PRP ,/,",,
sw07utt/sw_0787_2926.utt,2/sw2926,2926,276,aa,B,178,2,no. /,no/UH ./.,,
sw07utt/sw_0787_2926.utt,2/sw2926,2926,277,b,A,179,1,No. /,No/UH ./.,,
sw07utt/sw_0787_2926.utt,2/sw2926,2926,278,sd,B,180,1,"[ I, + I ]  would have liked it [ if he, + if he ] would have, though, /","I/PRP ,/, I/PRP would/MD have/VB liked/VBN it/PRP if/IN he/PRP ,/, if/IN he/PRP would/MD have/VB ,/, though/RB ,/,",,
sw07utt/sw_0787_2926.utt,2/sw2926,2926,279,b,A,181,1,Yeah. /,Yeah/UH ./.,,
sw07utt/sw_0787_2926.utt,2/sw2926,2926,280,sd,B,182,1,"{C but } I think, {F uh, } realistically  {D you know, } you read [ the, +","but/CC I/PRP think/VBP ,/, uh/UH ,/, realistically/RB you/PRP know/VBP ,/, you/PRP read/VBP the/DT ,/,",,
sw07utt/sw_0787_2926.utt,2/sw2926,2926,281,b,A,183,1,Yeah. /,Yeah/UH ./.,,
sw07utt/sw_0787_2926.utt,2/sw2926,2926,282,+,B,184,1,"the ] research studies,  /","the/DT research/NN studies/NNS ,/,",,
sw07utt/sw_0787_2926.utt,2/sw2926,2926,283,sv,B,184,2,"{C and, } {F uh, }  I don't think he would have made it simply because [ the w-, + the event ] he was trying to swim, [ they even, + ] the research shows that distance running,","and/CC ,/, uh/UH ,/, I/PRP do/VBP n't/RB think/VB he/PRP would/MD have/VB made/VBN it/PRP simply/RB because/IN the/DT w-/XX ,/, the/DT event/NN he/PRP was/VBD trying/VBG to/TO swim/VB ,/, they/PRP even/RB ,/, the/DT research/NN shows/VBZ that/DT distance/NN running/NN ,/,",,
sw07utt/sw_0787_2926.utt,2/sw2926,2926,284,b,A,185,1,Yeah. /,Yeah/UH ./.,,
sw07utt/sw_0787_2926.utt,2/sw2926,2926,285,+,B,186,1,"so I would assume distance swimming might be similar,   that, - /","so/IN I/PRP would/MD assume/VB distance/NN swimming/NN might/MD be/VB similar/JJ ,/, that/DT ,/,",,
sw07utt/sw_0787_2926.utt,2/sw2926,2926,286,sv,B,186,2,"{C and } he was good at distance, Spitz, as a swimmer, {D you know, }  /","and/CC he/PRP was/VBD good/JJ at/IN distance/NN ,/, Spitz/NNP ,/, as/IN a/DT swimmer/NN ,/, you/PRP know/VBP ,/,",,
sw07utt/sw_0787_2926.utt,2/sw2926,2926,287,%,B,186,3,"at, -/","at/DT ,/,",,
sw07utt/sw_0787_2926.utt,2/sw2926,2926,288,%,A,187,1,"{D Well, } -/","Well/UH ,/,",,
sw07utt/sw_0787_2926.utt,2/sw2926,2926,289,sd,B,188,1,"I can remember that,  /","I/PRP can/MD remember/VB that/DT ,/,",,
sw07utt/sw_0787_2926.utt,2/sw2926,2926,290,sd,B,188,2,"{C but } [ the distance, + {F um, }  <lipsmack> [ the, + the ] distance ] strength and endurance, or whatever,  sort of starts to peak at about twenty-eight, twenty-nine, thirty.  /","but/CC the/DT distance/NN ,/, um/UH ,/, the/DT ,/, the/DT distance/NN strength/NN and/CC endurance/NN ,/, or/CC whatever/WDT ,/, sort/RB of/RB starts/VBZ to/TO peak/VB at/IN about/RB twenty-eight/CD ,/, twenty-nine/CD ,/, thirty/CD ./.",,
sw07utt/sw_0787_2926.utt,2/sw2926,2926,291,sd,B,188,3,"That's why some of your long distance runners,","That/DT 's/BES why/WRB some/DT of/IN your/PRP$ long/JJ distance/NN runners/NNS ,/,",,
sw07utt/sw_0787_2926.utt,2/sw2926,2926,292,b,A,189,1,Right. /,Right/UH ./.,,
sw07utt/sw_0787_2926.utt,2/sw2926,2926,293,+,B,190,1,"were in their [ l-, + ] early thirties, /","were/VBD in/IN their/PRP$ l-/XX ,/, early/JJ thirties/NNS ,/,",,
sw07utt/sw_0787_2926.utt,2/sw2926,2926,294,b,A,191,1,"Right,  /","Right/UH ,/,",,
sw07utt/sw_0787_2926.utt,2/sw2926,2926,295,b^r,A,191,2,right. /,right/UH ./.,,
sw07utt/sw_0787_2926.utt,2/sw2926,2926,296,sd,B,192,1,"{C and, } {C but } he's was trying to make  it in the sprinter's event, /","and/CC ,/, but/CC he/PRP 's/BES was/VBD trying/VBG to/TO make/VB it/PRP in/IN the/DT sprinter/NN 's/POS event/NN ,/,",,
sw07utt/sw_0787_2926.utt,2/sw2926,2926,297,b,A,193,1,Right. /,Right/UH ./.,,
sw07utt/sw_0787_2926.utt,2/sw2926,2926,298,sd,B,194,1,"{C and } most of them,","and/CC most/JJS of/IN them/PRP ,/,",,
sw07utt/sw_0787_2926.utt,2/sw2926,2926,299,sd,A,195,1,"{D Well, }","Well/UH ,/,",,
sw07utt/sw_0787_2926.utt,2/sw2926,2926,300,+,B,196,1,are under twenty-five. /,are/VBP under/IN twenty-five/CD ./.,,
sw07utt/sw_0787_2926.utt,2/sw2926,2926,301,+,A,197,1,"[ I read, + [ I, + I ] also read, ]  I, - /","I/PRP read/VBD ,/, I/PRP ,/, I/PRP also/RB read/VBD ,/, I/PRP ,/,",,
sw07utt/sw_0787_2926.utt,2/sw2926,2926,302,sv^t,A,197,2,"we're getting off the subject here a bit, /","we/PRP 're/VBP getting/VBG off/IN the/DT subject/NN here/RB a/DT bit/NN ,/,",,
sw07utt/sw_0787_2926.utt,2/sw2926,2926,303,b,B,198,1,"Uh-huh,  /","Uh-huh/UH ,/,",,
sw07utt/sw_0787_2926.utt,2/sw2926,2926,304,b^r,B,198,2,yeah. /,yeah/UH ./.,,
sw07utt/sw_0787_2926.utt,2/sw2926,2926,305,sd,A,199,1,"{C but } [ I, + I ] do want to add this to  that, because [ I, + I ] was quite interested in that myself, /","but/CC I/PRP ,/, I/PRP do/VBP want/VB to/TO add/VB this/DT to/IN that/DT ,/, because/IN I/PRP ,/, I/PRP was/VBD quite/RB interested/JJ in/IN that/DT myself/PRP ,/,",,
sw07utt/sw_0787_2926.utt,2/sw2926,2926,306,b,B,200,1,Uh-huh. /,Uh-huh/UH ./.,,
sw07utt/sw_0787_2926.utt,2/sw2926,2926,307,sd,A,201,1,"{C but } I read where, the reason that he  had to do this in the sprint events is that national television wouldn't pay for the [ l-, + ]  distance events,  /","but/CC I/PRP read/VBD where/WRB ,/, the/DT reason/NN that/WDT he/PRP had/VBD to/TO do/VB this/DT in/NN the/DT sprint/NN events/NNS is/VBZ that/IN national/JJ television/NN would/MD n't/RB pay/VB for/IN the/DT l/JJ ,/, distance/NN events/NNS ,/,",,
sw07utt/sw_0787_2926.utt,2/sw2926,2926,308,sd,A,201,2,"{C and } they didn't think they could capture the excitement to get sponsors,","and/CC they/PRP did/VBD n't/RB think/VB they/PRP could/MD capture/VB the/DT excitement/NN to/TO get/VB sponsors/NNS ,/,",,
sw07utt/sw_0787_2926.utt,2/sw2926,2926,309,ba,B,202,1,"{F Oh, } you're kidding. /","Oh/UH ,/, you/PRP 're/VBP kidding/VBG ./.",,
sw07utt/sw_0787_2926.utt,2/sw2926,2926,310,+,A,203,1,"if you brought just the f-, - /","if/IN you/PRP brought/VBD just/RB the/DT f-/XX ,/,",,
sw07utt/sw_0787_2926.utt,2/sw2926,2926,311,^q,A,203,2,"here he comes down the finish line,  /","here/RB he/PRP comes/VBZ down/IN the/DT finish/NN line/NN ,/,",,
sw07utt/sw_0787_2926.utt,2/sw2926,2926,312,^g,A,203,3,right?  /,right/UH ?/.,,
sw07utt/sw_0787_2926.utt,2/sw2926,2926,313,sd,A,203,4,"{C So }  [ it had to be, + it had to be, ]","So/RB it/PRP had/VBD to/TO be/VB ,/, it/PRP had/VBD to/TO be/VB ,/,",,
sw07utt/sw_0787_2926.utt,2/sw2926,2926,314,ba,B,204,1,Jeez. /,Jeez/UH ./.,,
sw07utt/sw_0787_2926.utt,2/sw2926,2926,315,+,A,205,1,"where they could put it in one segment,  /","where/WRB they/PRP could/MD put/VB it/PRP in/IN one/CD segment/NN ,/,",,
sw07utt/sw_0787_2926.utt,2/sw2926,2926,316,sd,A,205,2,"[ [ and, g-, + and, ] + and ] I guess, capture the whole thing for some sponsor. /","and/CC ,/, g/VB ,/, and/CC ,/, and/CC I/PRP guess/VBP ,/, capture/VB the/DT whole/JJ thing/NN for/IN some/DT sponsor/NN ./.",,
sw07utt/sw_0787_2926.utt,2/sw2926,2926,317,b,B,206,1,Huh.  /,Huh/UH ./.,,
sw07utt/sw_0787_2926.utt,2/sw2926,2926,318,%,B,206,2,# {C And } that # -- -/,And/CC that/DT --/:,,
sw07utt/sw_0787_2926.utt,2/sw2926,2926,319,co,A,207,1,# Let me # ask you another question. /,Let/VB me/PRP ask/VB you/PRP another/DT question/NN ./.,,
sw07utt/sw_0787_2926.utt,2/sw2926,2926,320,sd,B,208,1,"-- [ as, + as ] an athlete, I just hate that.  /","--/: as/RB ,/, as/IN an/DT athlete/NN ,/, I/PRP just/RB hate/VBP that/DT ./.",,
sw07utt/sw_0787_2926.utt,2/sw2926,2926,321,aa,B,208,2,"# Go head, # /","Go/VB head/RB ,/,",,
sw07utt/sw_0787_2926.utt,2/sw2926,2926,322,b,A,209,1,# Yeah. # /,Yeah/UH ./.,,
sw07utt/sw_0787_2926.utt,2/sw2926,2926,323,b,B,210,1,"yeah,  /","yeah/UH ,/,",,
sw07utt/sw_0787_2926.utt,2/sw2926,2926,324,qw,B,210,2,"[ what were say-, + what were you saying? ] /","what/WP were/VBD say/VBG ,/, what/WP were/VBD you/PRP saying/VBG ?/.",,
sw07utt/sw_0787_2926.utt,2/sw2926,2926,325,sd,A,211,1,"{D Well, } [ i-, + if ]  you teach [ c-, + {F uh, } college, ] -/","Well/UH ,/, i-/IN ,/, if/IN you/PRP teach/VBP c-/NN ,/, uh/UH ,/, college/NN ,/,",,
sw07utt/sw_0787_2926.utt,2/sw2926,2926,326,b,B,212,1,Yeah. /,Yeah/UH ./.,,
sw07utt/sw_0787_2926.utt,2/sw2926,2926,327,sd,A,213,1,"[ {C and, } + {C and, } ]  I know, when I went to college,  [ I, + I ] went to summer school, /","and/CC ,/, and/CC ,/, I/PRP know/VBP ,/, when/WRB I/PRP went/VBD to/IN college/NN ,/, I/PRP ,/, I/PRP went/VBD to/IN summer/NN school/NN ,/,",,
sw07utt/sw_0787_2926.utt,2/sw2926,2926,328,b,B,214,1,Uh-huh. /,Uh-huh/UH ./.,,
sw07utt/sw_0787_2926.utt,2/sw2926,2926,329,sd,A,215,1,"{C and } I thought [ that, + {F uh, }  in fact that, ] my idea of it was, {F uh, } [ rather than, + rather than ] finish early, I just enjoyed some of  the subjects that I was taking  /","and/CC I/PRP thought/VBD that/IN ,/, uh/UH ,/, in/IN fact/NN that/IN ,/, my/PRP$ idea/NN of/IN it/PRP was/VBD ,/, uh/UH ,/, rather/IN than/IN ,/, rather/RB than/IN finish/VB early/JJ ,/, I/PRP just/RB enjoyed/VBD some/DT of/IN the/DT subjects/NNS that/WDT I/PRP was/VBD taking/VBG",,
sw07utt/sw_0787_2926.utt,2/sw2926,2926,330,sd,A,215,2,"{C and } I had the ability [ to, + to ]  go in summer school,  /","and/CC I/PRP had/VBD the/DT ability/NN to/TO ,/, to/TO go/VB in/IN summer/NN school/NN ,/,",,
sw07utt/sw_0787_2926.utt,2/sw2926,2926,331,sd,A,215,3,"{C and } [ I, + I ] did, [ n-, + ]","and/CC I/PRP ,/, I/PRP did/VBD ,/, n-/XX ,/,",,
sw07utt/sw_0787_2926.utt,2/sw2926,2926,332,b,B,216,1,Uh-huh. /,Uh-huh/UH ./.,,
sw07utt/sw_0787_2926.utt,2/sw2926,2926,333,+,A,217,1,"take those subjects,  /","take/VB those/DT subjects/NNS ,/,",,
sw07utt/sw_0787_2926.utt,2/sw2926,2926,334,sd,A,217,2,"{C so } what that leads  me, - /","so/RB what/WP that/DT leads/VBZ me/PRP ,/,",,
sw07utt/sw_0787_2926.utt,2/sw2926,2926,335,sd,A,217,3,"my next thought is, I understand there's a lot of talk now about  extending the school year which seems inordinately short anyway,","my/PRP$ next/JJ thought/VBD is/VBZ ,/, I/PRP understand/VBP there/EX 's/BES a/DT lot/NN of/IN talk/NN now/RB about/IN extending/VBG the/DT school/NN year/NN which/WDT seems/VBZ inordinately/RB short/JJ anyway/RB ,/,",,
sw07utt/sw_0787_2926.utt,2/sw2926,2926,336,b,B,218,1,Uh-huh. /,Uh-huh/UH ./.,,
sw07utt/sw_0787_2926.utt,2/sw2926,2926,337,+,A,219,1,"compared to the Japanese,","compared/VBN to/IN the/DT Japanese/NNPS ,/,",,
sw07utt/sw_0787_2926.utt,2/sw2926,2926,338,b,B,220,1,Right. /,Right/UH ./.,,
sw07utt/sw_0787_2926.utt,2/sw2926,2926,339,+,A,221,1,or the Germans. /,or/CC the/DT Germans/NNPS ./.,,
sw07utt/sw_0787_2926.utt,2/sw2926,2926,340,b,B,222,1,Yeah.  /,Yeah/UH ./.,,
sw07utt/sw_0787_2926.utt,2/sw2926,2926,341,sv,B,222,2,"# [ [ I think, + I think, ] + #","I/PRP think/VBP ,/, I/PRP think/VBP ,/,",,
sw07utt/sw_0787_2926.utt,2/sw2926,2926,342,qw,A,223,1,"# {D Well, } how do you think # that would  work in grammar schools  /","Well/UH ,/, how/WRB do/VBP you/PRP think/VB that/DT would/MD work/VB in/IN grammar/NN schools/NNS",,
sw07utt/sw_0787_2926.utt,2/sw2926,2926,343,%,A,223,2,"{C and, } -/","and/CC ,/,",,
sw07utt/sw_0787_2926.utt,2/sw2926,2926,344,+,B,224,1,"I think, ] {F uh, } [ in, + in ]  some sense, {F um, } <lipsmack> what I would do before I would extend a school year, is I would make it better.    Before I would continue the agony, /","I/PRP think/VBP ,/, uh/UH ,/, in/IN ,/, in/IN some/DT sense/NN ,/, um/UH ,/, what/WP I/PRP would/MD do/VB before/IN I/PRP would/MD extend/VB a/DT school/NN year/NN ,/, is/VBZ I/PRP would/MD make/VB it/PRP better/JJR ./. Before/IN I/PRP would/MD continue/VB the/DT agony/NN ,/,",,
sw07utt/sw_0787_2926.utt,2/sw2926,2926,345,aa,A,225,1,"Yeah,  /","Yeah/UH ,/,",,
sw07utt/sw_0787_2926.utt,2/sw2926,2926,346,aa^r,A,225,2,"yeah,  /","yeah/UH ,/,",,
sw07utt/sw_0787_2926.utt,2/sw2926,2926,347,aa,A,225,3,# that's right <laughter>. # /,that/DT 's/BES right/JJ ./.,,
sw07utt/sw_0787_2926.utt,2/sw2926,2926,348,sd,B,226,1,"# {C and } something you have to  consider, too, # {F um, } because I know [  a-, + ] [ [ as a, + as a, ] +","and/CC something/NN you/PRP have/VBP to/TO consider/VB ,/, too/RB ,/, um/UH ,/, because/IN I/PRP know/VBP a-/IN ,/, as/IN a/DT ,/, as/IN a/DT ,/,",,
sw07utt/sw_0787_2926.utt,2/sw2926,2926,349,x,A,227,1,<Laughter>.,,,
sw07utt/sw_0787_2926.utt,2/sw2926,2926,350,+,B,228,1,"as a ] former high school teacher,","as/IN a/DT former/JJ high/JJ school/NN teacher/NN ,/,",,
sw07utt/sw_0787_2926.utt,2/sw2926,2926,351,b,A,229,1,Yeah. /,Yeah/UH ./.,,
sw07utt/sw_0787_2926.utt,2/sw2926,2926,352,+,B,230,1,"I know that from right now, -/","I/PRP know/VBP that/IN from/IN right/RB now/RB ,/,",,
