swda_filename,ptb_basename,conversation_no,transcript_index,act_tag,caller,utterance_index,subutterance_index,text,pos,trees,ptb_treenumbers
sw07utt/sw_0791_3050.utt,3/sw3050,3050,0,o,A,1,1,"Okay,  /","Okay/UH ,/,",,
sw07utt/sw_0791_3050.utt,3/sw3050,3050,1,sd^t,A,1,2,there we go. /,there/EX we/PRP go/VBP ./.,,
sw07utt/sw_0791_3050.utt,3/sw3050,3050,2,b,B,2,1,"Okay,  /","Okay/UH ,/,",,
sw07utt/sw_0791_3050.utt,3/sw3050,3050,3,ba,B,2,2,great. /,great/JJ ./.,,
sw07utt/sw_0791_3050.utt,3/sw3050,3050,4,qy,A,3,1,"{C So, } do you play golf at all? /","So/RB ,/, do/VBP you/PRP play/VB golf/NN at/IN all/DT ?/.",,
sw07utt/sw_0791_3050.utt,3/sw3050,3050,5,ny,B,4,1,"Yeah,  /","Yeah/UH ,/,",,
sw07utt/sw_0791_3050.utt,3/sw3050,3050,6,sd^e,B,4,2,"I do,  /","I/PRP do/VBP ,/,",,
sw07utt/sw_0791_3050.utt,3/sw3050,3050,7,sd,B,4,3,I'm a player.  /,I/PRP 'm/VBP a/DT player/NN ./.,,
sw07utt/sw_0791_3050.utt,3/sw3050,3050,8,sd,B,4,4,"I'm kind of embarrassed  I'm talking to a man, cause I'm sure that [ you are, + you play ]  a lot more than I do. /","I/PRP 'm/VBP kind/RB of/RB embarrassed/JJ I/PRP 'm/VBP talking/VBG to/IN a/DT man/NN ,/, cause/IN I/PRP 'm/VBP sure/JJ that/IN you/PRP are/VBP ,/, you/PRP play/VBP a/DT lot/NN more/RBR than/IN I/PRP do/VBP ./.",,
sw07utt/sw_0791_3050.utt,3/sw3050,3050,9,sd,A,5,1,"{D Actually, } I don't. /","Actually/RB ,/, I/PRP do/VBP n't/RB ./.",,
sw07utt/sw_0791_3050.utt,3/sw3050,3050,10,bh,B,6,1,"{F Oh, } really. /","Oh/UH ,/, really/UH ./.",,
sw07utt/sw_0791_3050.utt,3/sw3050,3050,11,nn,A,7,1,"No,  /","No/UH ,/,",,
sw07utt/sw_0791_3050.utt,3/sw3050,3050,12,sd^e,A,7,2,"{F uh, } [ I, + {F uh, } when I ]  was younger, I played a little bit  /","uh/UH ,/, I/PRP ,/, uh/UH ,/, when/WRB I/PRP was/VBD younger/JJR ,/, I/PRP played/VBD a/DT little/JJ bit/NN",,
sw07utt/sw_0791_3050.utt,3/sw3050,3050,13,sd,A,7,3,"{C and } I was horrible, <laughter>  /","and/CC I/PRP was/VBD horrible/JJ ,/,",,
sw07utt/sw_0791_3050.utt,3/sw3050,3050,14,sd,A,7,4,{C so } I just stopped playing. /,so/RB I/PRP just/RB stopped/VBD playing/VBG ./.,,
sw07utt/sw_0791_3050.utt,3/sw3050,3050,15,sd,B,8,1,"{F Oh, } {D well, } my husband [ is, + is ]  a very good golfer.  /","Oh/UH ,/, well/UH ,/, my/PRP$ husband/NN is/VBZ ,/, is/VBZ a/DT very/RB good/JJ golfer/NN ./.",,
sw07utt/sw_0791_3050.utt,3/sw3050,3050,16,sd,B,8,2,"He has got, {D like } a six handicap. /","He/PRP has/VBZ got/VBN ,/, like/IN a/DT six/CD handicap/NN ./.",,
sw07utt/sw_0791_3050.utt,3/sw3050,3050,17,ba,A,9,1,"Wow,  /","Wow/UH ,/,",,
sw07utt/sw_0791_3050.utt,3/sw3050,3050,18,sv,A,9,2,that is real good. /,that/DT is/VBZ real/RB good/JJ ./.,,
sw07utt/sw_0791_3050.utt,3/sw3050,3050,19,%,B,10,1,"{C So, } {F uh, } - /","So/RB ,/, uh/UH ,/,",,
sw07utt/sw_0791_3050.utt,3/sw3050,3050,20,sd,B,10,2,{C and } he has been playing  since we have been married for twenty two years.  /,and/CC he/PRP has/VBZ been/VBN playing/VBG since/IN we/PRP have/VBP been/VBN married/VBN for/IN twenty/CD two/CD years/NNS ./.,,
sw07utt/sw_0791_3050.utt,3/sw3050,3050,21,sd,B,10,3,"{C So, } I had to start playing because,  he was, {D you know, } such an avid golfer.   /","So/RB ,/, I/PRP had/VBD to/TO start/VB playing/VBG because/IN ,/, he/PRP was/VBD ,/, you/PRP know/VBP ,/, such/PDT an/DT avid/JJ golfer/NN ./.",,
sw07utt/sw_0791_3050.utt,3/sw3050,3050,22,sd,B,10,4,"{C So, } I have been playing now, - /","So/RB ,/, I/PRP have/VBP been/VBN playing/VBG now/RB ,/,",,
sw07utt/sw_0791_3050.utt,3/sw3050,3050,23,sd,B,10,5,"{D well } I have had clubs for twenty years, {D you know. } /","well/UH I/PRP have/VBP had/VBN clubs/NNS for/IN twenty/CD years/NNS ,/, you/PRP know/VBP ./.",,
sw07utt/sw_0791_3050.utt,3/sw3050,3050,24,ba,A,11,1,"Wow,  /","Wow/UH ,/,",,
sw07utt/sw_0791_3050.utt,3/sw3050,3050,25,bf,A,11,2,"{C so } you have been playing, /","so/RB you/PRP have/VBP been/VBN playing/VBG ,/,",,
sw07utt/sw_0791_3050.utt,3/sw3050,3050,26,sd,B,12,1,"[ {C But, } + {C but, } ] I really enjoy it.  /","But/CC ,/, but/CC ,/, I/PRP really/RB enjoy/VBP it/PRP ./.",,
sw07utt/sw_0791_3050.utt,3/sw3050,3050,27,sd,B,12,2,"{C So, } I had to check that [ and, + and, ] {F uh, } talk about it.  /","So/RB ,/, I/PRP had/VBD to/TO check/VB that/DT and/CC ,/, and/CC ,/, uh/UH ,/, talk/VB about/IN it/PRP ./.",,
sw07utt/sw_0791_3050.utt,3/sw3050,3050,28,qy,B,12,3,"{D Well, } have you played recently? /","Well/UH ,/, have/VBP you/PRP played/VBN recently/RB ?/.",,
sw07utt/sw_0791_3050.utt,3/sw3050,3050,29,nn,A,13,1,"No,  /","No/UH ,/,",,
sw07utt/sw_0791_3050.utt,3/sw3050,3050,30,sd^e,A,13,2,"{D actually, } I don't even know if I  checked that or not, to be perfectly honest. {F Um } <laughter>. /","actually/RB ,/, I/PRP do/VBP n't/RB even/RB know/VB if/IN I/PRP checked/VBD that/DT or/CC not/RB ,/, to/TO be/VB perfectly/RB honest/JJ ./. Um/UH ./.",,
sw07utt/sw_0791_3050.utt,3/sw3050,3050,31,b,B,14,1,Oh <laughter>. /,Oh/UH ./.,,
sw07utt/sw_0791_3050.utt,3/sw3050,3050,32,sd,A,15,1,"That seems to have been a mistake,  /","That/DT seems/VBZ to/TO have/VB been/VBN a/DT mistake/NN ,/,",,
sw07utt/sw_0791_3050.utt,3/sw3050,3050,33,h,A,15,2,I don't know.  {F Um. } /,I/PRP do/VBP n't/RB know/VB ./. Um/UH ./.,,
sw07utt/sw_0791_3050.utt,3/sw3050,3050,34,bd,B,16,1,"{F Oh, } that's okay. /","Oh/UH ,/, that/DT 's/BES okay/JJ ./.",,
sw07utt/sw_0791_3050.utt,3/sw3050,3050,35,aa,A,17,1,"Yeah,  /","Yeah/UH ,/,",,
sw07utt/sw_0791_3050.utt,3/sw3050,3050,36,sd,A,17,2,I have not played in a long time.  /,I/PRP have/VBP not/RB played/VBN in/IN a/DT long/JJ time/NN ./.,,
sw07utt/sw_0791_3050.utt,3/sw3050,3050,37,sd,A,17,3,"{F Um, } when I was, - /","Um/UH ,/, when/WRB I/PRP was/VBD ,/,",,
sw07utt/sw_0791_3050.utt,3/sw3050,3050,38,sd,A,17,4,"about five or six years ago, my dad , who plays every now and  then took me out with him  /","about/RB five/CD or/CC six/CD years/NNS ago/RB ,/, my/PRP$ dad/NN ,/, who/WP plays/VBZ every/DT now/RB and/CC then/RB took/VBD me/PRP out/RB with/IN him/PRP",,
sw07utt/sw_0791_3050.utt,3/sw3050,3050,39,sd,A,17,5,"[ {C and, } + {C and } ] I basically, {F um, } [ I + ]  had a horrible slice or hook,  /","and/CC ,/, and/CC I/PRP basically/RB ,/, um/UH ,/, I/PRP had/VBD a/DT horrible/JJ slice/NN or/CC hook/NN ,/,",,
sw07utt/sw_0791_3050.utt,3/sw3050,3050,40,sd,A,17,6,I forget which one it was. /,I/PRP forget/VBP which/WDT one/CD it/PRP was/VBD ./.,,
sw07utt/sw_0791_3050.utt,3/sw3050,3050,41,b,B,18,1,Yeah. /,Yeah/UH ./.,,
sw07utt/sw_0791_3050.utt,3/sw3050,3050,42,sd,A,19,1,"It wound up tossing the ball into the trees,","It/PRP wound/VBD up/RP tossing/VBG the/DT ball/NN into/IN the/DT trees/NNS ,/,",,
sw07utt/sw_0791_3050.utt,3/sw3050,3050,43,b,B,20,1,Yeah. /,Yeah/UH ./.,,
sw07utt/sw_0791_3050.utt,3/sw3050,3050,44,+,A,21,1,virtually every time. /,virtually/RB every/DT time/NN ./.,,
sw07utt/sw_0791_3050.utt,3/sw3050,3050,45,b,B,22,1,"Yeah,  /","Yeah/UH ,/,",,
sw07utt/sw_0791_3050.utt,3/sw3050,3050,46,sd,B,22,2,the slice goes to the right  /,the/DT slice/NN goes/VBZ to/IN the/DT right/NN,,
sw07utt/sw_0791_3050.utt,3/sw3050,3050,47,sd,B,22,3,"{C and } the hook  goes to the left,  /","and/CC the/DT hook/NN goes/VBZ to/IN the/DT left/NN ,/,",,
sw07utt/sw_0791_3050.utt,3/sw3050,3050,48,h,B,22,4,I think. /,I/PRP think/VBP ./.,,
sw07utt/sw_0791_3050.utt,3/sw3050,3050,49,aa,A,23,1,"Yes,  /","Yes/UH ,/,",,
sw07utt/sw_0791_3050.utt,3/sw3050,3050,50,sd,A,23,2,"I was slicing, {D actually. } /","I/PRP was/VBD slicing/VBG ,/, actually/RB ./.",,
sw07utt/sw_0791_3050.utt,3/sw3050,3050,51,b,B,24,1,Yeah. /,Yeah/UH ./.,,
sw07utt/sw_0791_3050.utt,3/sw3050,3050,52,sd,A,25,1,"{C And, }","And/CC ,/,",,
sw07utt/sw_0791_3050.utt,3/sw3050,3050,53,b,B,26,1,Yeah. /,Yeah/UH ./.,,
sw07utt/sw_0791_3050.utt,3/sw3050,3050,54,+,A,27,1,"as it turns out, {F uh, } I went and took some lessons for  awhile, because I just, [ I + ] would lose so many balls, and, {F uh, } make it a  horrible time for everybody. /","as/IN it/PRP turns/VBZ out/RP ,/, uh/UH ,/, I/PRP went/VBD and/CC took/VBD some/DT lessons/NNS for/IN awhile/RB ,/, because/IN I/PRP just/RB ,/, I/PRP would/MD lose/VB so/RB many/JJ balls/NNS ,/, and/CC ,/, uh/UH ,/, make/VB it/PRP a/DT horrible/JJ time/NN for/IN everybody/NN ./.",,
sw07utt/sw_0791_3050.utt,3/sw3050,3050,55,b,B,28,1,Yeah. /,Yeah/UH ./.,,
sw07utt/sw_0791_3050.utt,3/sw3050,3050,56,sd^r,A,29,1,"I went and took some lessons,  /","I/PRP went/VBD and/CC took/VBD some/DT lessons/NNS ,/,",,
sw07utt/sw_0791_3050.utt,3/sw3050,3050,57,sd,A,29,2,"{C and } a I got a little  bit better,  /","and/CC a/DT I/PRP got/VBD a/DT little/JJ bit/NN better/JJR ,/,",,
sw07utt/sw_0791_3050.utt,3/sw3050,3050,58,sd,A,29,3,"[ {C but } I st-, + {C but } then I ] sort of, {D you know, }  ((   ))   [ went, + went ] back to school and did not have time and this and that,  /","but/CC I/PRP st-/XX ,/, but/CC then/RB I/PRP sort/RB of/RB ,/, you/PRP know/VBP ,/, MUMBLEx/XX went/VBD ,/, went/VBD back/RB to/IN school/NN and/CC did/VBD not/RB have/VB time/NN and/CC this/DT and/CC that/DT ,/,",,
sw07utt/sw_0791_3050.utt,3/sw3050,3050,59,sd,A,29,4,"[ {C and, } + {C and } ]  the only thing I do now is I occasionally go out to a driving range and hit a couple of balls and  see what I can do.  /","and/CC ,/, and/CC the/DT only/JJ thing/NN I/PRP do/VBP now/RB is/VBZ I/PRP occasionally/RB go/VBP out/RB to/IN a/DT driving/NN range/NN and/CC hit/VBP a/DT couple/NN of/IN balls/NNS and/CC see/VB what/WP I/PRP can/MD do/VB ./.",,
sw07utt/sw_0791_3050.utt,3/sw3050,3050,60,sd,A,29,5,"[ {C And }  I, +","And/CC I/PRP ,/,",,
sw07utt/sw_0791_3050.utt,3/sw3050,3050,61,b,B,30,1,"Yeah,  /","Yeah/UH ,/,",,
sw07utt/sw_0791_3050.utt,3/sw3050,3050,62,sv,B,30,2,I think that's really a good thing to do.  /,I/PRP think/VBP that/DT 's/BES really/RB a/DT good/JJ thing/NN to/TO do/VB ./.,,
sw07utt/sw_0791_3050.utt,3/sw3050,3050,63,qw,B,30,3,"{D So, }  where,","So/RB ,/, where/WRB ,/,",,
sw07utt/sw_0791_3050.utt,3/sw3050,3050,64,+,A,31,1,"{C And } I ] still have this  (( slice )) , /","And/CC I/PRP still/RB have/VBP this/DT slice/NN ,/,",,
sw07utt/sw_0791_3050.utt,3/sw3050,3050,65,+,B,32,1,"are you in your life,  /","are/VBP you/PRP in/IN your/PRP$ life/NN ,/,",,
sw07utt/sw_0791_3050.utt,3/sw3050,3050,66,qy,B,32,2,"{E I mean, } are you in school? /","I/PRP mean/VBP ,/, are/VBP you/PRP in/IN school/NN ?/.",,
sw07utt/sw_0791_3050.utt,3/sw3050,3050,67,sd,A,33,1,"I'm a graduate student,  /","I/PRP 'm/VBP a/DT graduate/NN student/NN ,/,",,
sw07utt/sw_0791_3050.utt,3/sw3050,3050,68,%,A,33,2,yeah. /,yeah/UH ./.,,
sw07utt/sw_0791_3050.utt,3/sw3050,3050,69,bk,B,34,1,"{F Oh, } okay,  /","Oh/UH ,/, okay/UH ,/,",,
sw07utt/sw_0791_3050.utt,3/sw3050,3050,70,qy,B,34,2,at the University of Rochester? /,at/IN the/DT University/NNP of/IN Rochester/NNP ?/.,,
sw07utt/sw_0791_3050.utt,3/sw3050,3050,71,ny,A,35,1,Yes. /,Yes/UH ./.,,
sw07utt/sw_0791_3050.utt,3/sw3050,3050,72,ba,B,36,1,"{F Oh, } great. /","Oh/UH ,/, great/JJ ./.",,
sw07utt/sw_0791_3050.utt,3/sw3050,3050,73,sd,A,37,1,"As a matter of fact, {F um, } [ so + ] I don't have time to  do much else, except for graduate work. /","As/IN a/DT matter/NN of/IN fact/NN ,/, um/UH ,/, so/RB I/PRP do/VBP n't/RB have/VB time/NN to/TO do/VB much/JJ else/NN ,/, except/IN for/IN graduate/NN work/NN ./.",,
sw07utt/sw_0791_3050.utt,3/sw3050,3050,74,b,B,38,1,Yeah.  /,Yeah/UH ./.,,
sw07utt/sw_0791_3050.utt,3/sw3050,3050,75,b^r,B,38,2,Yeah. /,Yeah/UH ./.,,
sw07utt/sw_0791_3050.utt,3/sw3050,3050,76,b,A,39,1,"Right,  /","Right/UH ,/,",,
sw07utt/sw_0791_3050.utt,3/sw3050,3050,77,sd,A,39,2,"{C so } I hang around this way,  /","so/RB I/PRP hang/VBP around/RP this/DT way/NN ,/,",,
sw07utt/sw_0791_3050.utt,3/sw3050,3050,78,%,A,39,3,"{C and } I, -/","and/CC I/PRP ,/,",,
sw07utt/sw_0791_3050.utt,3/sw3050,3050,79,b,B,40,1,Sure. /,Sure/UH ./.,,
sw07utt/sw_0791_3050.utt,3/sw3050,3050,80,%,A,41,1,"Occasionally, {F uh, } {F uh, } - /","Occasionally/RB ,/, uh/UH ,/, uh/UH ,/,",,
sw07utt/sw_0791_3050.utt,3/sw3050,3050,81,sd,A,41,2,a bunch of us  ((   ))   were pretty avid [ golfers. +,a/DT bunch/NN of/IN us/PRP MUMBLEx/XX were/VBD pretty/RB avid/JJ golfers/NNS ./.,,
sw07utt/sw_0791_3050.utt,3/sw3050,3050,82,b,B,42,1,Uh-huh. /,Uh-huh/UH ./.,,
sw07utt/sw_0791_3050.utt,3/sw3050,3050,83,+,A,43,1,"Golfers, ]  so we will go  out  /","Golfers/NNS ,/, so/IN we/PRP will/MD go/VB out/RB",,
sw07utt/sw_0791_3050.utt,3/sw3050,3050,84,sd,A,43,2,"{C and } [ [ we will, + we will, ] + we will ]  play, {D you know. }  /","and/CC we/PRP will/MD ,/, we/PRP will/MD ,/, we/PRP will/MD play/VB ,/, you/PRP know/VBP ./.",,
sw07utt/sw_0791_3050.utt,3/sw3050,3050,85,%@,A,43,3,{F Um. }  *[[ slash error ]],Um/UH ./.,,
sw07utt/sw_0791_3050.utt,3/sw3050,3050,86,qy^d,B,44,1,"{C And } [ you don't, +","And/CC you/PRP do/VBP n't/RB ,/,",,
sw07utt/sw_0791_3050.utt,3/sw3050,3050,87,+@,A,45,1,"((   )) .   *[[ slash error, but may want to LISTEN to this ]]",MUMBLEx/XX ./.,,
sw07utt/sw_0791_3050.utt,3/sw3050,3050,88,+,B,46,1,you don't ] have the length of the playing  time that we do. /,you/PRP do/VBP n't/RB have/VB the/DT length/NN of/IN the/DT playing/NN time/NN that/WDT we/PRP do/VBP ./.,,
sw07utt/sw_0791_3050.utt,3/sw3050,3050,89,+@,A,47,1,"No,  / *[[slash error]]","No/UH ,/,",,
sw07utt/sw_0791_3050.utt,3/sw3050,3050,90,sd^e,A,47,2,"[ [ I have, + I have ] very litt-, +  at the moment I have very little ] playing time.  /","I/PRP have/VBP ,/, I/PRP have/VBP very/RB litt/JJ ,/, at/IN the/DT moment/NN I/PRP have/VBP very/RB little/JJ playing/NN time/NN ./.",,
sw07utt/sw_0791_3050.utt,3/sw3050,3050,91,sd,A,47,3,"[ When I, + when I ]  go on vacation, my father and I, {F uh } --","When/WRB I/PRP ,/, when/WRB I/PRP go/VBP on/IN vacation/NN ,/, my/PRP$ father/NN and/CC I/PRP ,/, uh/UH --/:",,
sw07utt/sw_0791_3050.utt,3/sw3050,3050,92,b,B,48,1,Yes. /,Yes/UH ./.,,
sw07utt/sw_0791_3050.utt,3/sw3050,3050,93,+,A,49,1,-- play a little bit.   /,--/: play/VBP a/DT little/JJ bit/NN ./.,,
sw07utt/sw_0791_3050.utt,3/sw3050,3050,94,sd,A,49,2,"{C But, }  I don't, {D you know, } - /","But/CC ,/, I/PRP do/VBP n't/RB ,/, you/PRP know/VBP ,/,",,
sw07utt/sw_0791_3050.utt,3/sw3050,3050,95,sd,A,49,3,"we play [ a par, + a par ] three, nine hole course.  /","we/PRP play/VBP a/DT par/NN ,/, a/DT par/NN three/CD ,/, nine/CD hole/NN course/NN ./.",,
sw07utt/sw_0791_3050.utt,3/sw3050,3050,96,%,A,49,4,"{C Because, }","Because/IN ,/,",,
sw07utt/sw_0791_3050.utt,3/sw3050,3050,97,sd,B,50,1,"{F Oh, } that's my favorite kind to play. /","Oh/UH ,/, that/DT 's/BES my/PRP$ favorite/JJ kind/NN to/TO play/VB ./.",,
sw07utt/sw_0791_3050.utt,3/sw3050,3050,98,+,A,51,1,((   )) . -/,MUMBLEx/XX ./.,,
sw07utt/sw_0791_3050.utt,3/sw3050,3050,99,sd,B,52,1,"{C Because, } for a woman, it's really nice to play a  par three course because,","Because/IN ,/, for/IN a/DT woman/NN ,/, it/PRP 's/BES really/RB nice/JJ to/TO play/VB a/DT par/NN three/CD course/NN because/IN ,/,",,
sw07utt/sw_0791_3050.utt,3/sw3050,3050,100,b,A,53,1,Yeah. /,Yeah/UH ./.,,
sw07utt/sw_0791_3050.utt,3/sw3050,3050,101,+,B,54,1,"[ that's my, + ]  I can't hit a driver very far  /","that/DT 's/BES my/PRP$ ,/, I/PRP ca/MD n't/RB hit/VB a/DT driver/NN very/RB far/RB",,
sw07utt/sw_0791_3050.utt,3/sw3050,3050,102,sd,B,54,2,"{C and, } in fact, I don't  even like  to use a driver,  /","and/CC ,/, in/IN fact/NN ,/, I/PRP do/VBP n't/RB even/RB like/VB to/TO use/VB a/DT driver/NN ,/,",,
sw07utt/sw_0791_3050.utt,3/sw3050,3050,103,sd,B,54,3,I use a three iron off the tee --,I/PRP use/VBP a/DT three/CD iron/NN off/IN the/DT tee/NN --/:,,
sw07utt/sw_0791_3050.utt,3/sw3050,3050,104,%,A,55,1,{F Um. } /,Um/UH ./.,,
sw07utt/sw_0791_3050.utt,3/sw3050,3050,105,+,B,56,1,"-- because, I have more control over it. /","--/: because/IN ,/, I/PRP have/VBP more/JJR control/NN over/IN it/PRP ./.",,
sw07utt/sw_0791_3050.utt,3/sw3050,3050,106,b,A,57,1,Uh-huh. /,Uh-huh/UH ./.,,
sw07utt/sw_0791_3050.utt,3/sw3050,3050,107,sd,B,58,1,"{C And, } [ I can, + I can ] just have better contact  with the ball that way.  /","And/CC ,/, I/PRP can/MD ,/, I/PRP can/MD just/RB have/VB better/JJR contact/NN with/IN the/DT ball/NN that/DT way/NN ./.",,
sw07utt/sw_0791_3050.utt,3/sw3050,3050,108,sd,B,58,2,"{C So, } I'm still using a three iron  /","So/RB ,/, I/PRP 'm/VBP still/RB using/VBG a/DT three/CD iron/NN",,
sw07utt/sw_0791_3050.utt,3/sw3050,3050,109,sd,B,58,3,"{C and } my husband is trying to  get me into using a, {D you,","and/CC my/PRP$ husband/NN is/VBZ trying/VBG to/TO get/VB me/PRP into/IN using/VBG a/DT ,/, you/PRP ,/,",,
sw07utt/sw_0791_3050.utt,3/sw3050,3050,110,x,A,59,1,((   )) .,MUMBLEx/XX ./.,,
sw07utt/sw_0791_3050.utt,3/sw3050,3050,111,+,B,60,1,"know, } {D like } a high number wood --","know/VB ,/, like/IN a/DT high/JJ number/NN wood/NN --/:",,
sw07utt/sw_0791_3050.utt,3/sw3050,3050,112,b,A,61,1,Right. /,Right/UH ./.,,
sw07utt/sw_0791_3050.utt,3/sw3050,3050,113,+,B,62,1,-- instead. /,--/: instead/RB ./.,,
sw07utt/sw_0791_3050.utt,3/sw3050,3050,114,qy^g,A,63,1,"{C But, } those are, {F uh, } still not you favorite, {F huh? } /","But/CC ,/, those/DT are/VBP ,/, uh/UH ,/, still/RB not/RB you/PRP favorite/JJ ,/, huh/UH ?/.",,
sw07utt/sw_0791_3050.utt,3/sw3050,3050,115,nn,B,64,1,"No,  /","No/UH ,/,",,
sw07utt/sw_0791_3050.utt,3/sw3050,3050,116,sd^e,B,64,2,"it's not my favorite,  /","it/PRP 's/BES not/RB my/PRP$ favorite/JJ ,/,",,
sw07utt/sw_0791_3050.utt,3/sw3050,3050,117,sd,B,64,3,"{C but, } [ [ I, + I, ] +  {F uh, } I ] enjoy,  /","but/CC ,/, I/PRP ,/, I/PRP ,/, uh/UH ,/, I/PRP enjoy/VBP ,/,",,
sw07utt/sw_0791_3050.utt,3/sw3050,3050,118,sd,B,64,4,"[ I, + I ] really do,  /","I/PRP ,/, I/PRP really/RB do/VBP ,/,",,
sw07utt/sw_0791_3050.utt,3/sw3050,3050,119,sd,B,64,5,"I think I'm going to like golf  ((   ))  the older I get,","I/PRP think/VBP I/PRP 'm/VBP going/VBG to/TO like/VB golf/NN MUMBLEx/XX the/DT older/JJR I/PRP get/VBP ,/,",,
sw07utt/sw_0791_3050.utt,3/sw3050,3050,120,x,A,65,1,<Laughter>.,,,
sw07utt/sw_0791_3050.utt,3/sw3050,3050,121,+,B,66,1,and the more time I have to play.  /,and/CC the/DT more/JJR time/NN I/PRP have/VBP to/TO play/VB ./.,,
sw07utt/sw_0791_3050.utt,3/sw3050,3050,122,sd,B,66,2,"[ I, + we ] have three teenage daughters. /","I/PRP ,/, we/PRP have/VBP three/CD teenage/JJ daughters/NNS ./.",,
sw07utt/sw_0791_3050.utt,3/sw3050,3050,123,ba,A,67,1,"{F Uh, } wow,  ((   )) . /","Uh/UH ,/, wow/UH ,/, MUMBLEx/XX ./.",,
sw07utt/sw_0791_3050.utt,3/sw3050,3050,124,sd,B,68,1,"One is, -/","One/CD is/VBZ ,/,",,
sw07utt/sw_0791_3050.utt,3/sw3050,3050,125,sv,A,69,1,You must be very busy. /,You/PRP must/MD be/VB very/RB busy/JJ ./.,,
sw07utt/sw_0791_3050.utt,3/sw3050,3050,126,aa,B,70,1,"Yeah,  /","Yeah/UH ,/,",,
sw07utt/sw_0791_3050.utt,3/sw3050,3050,127,sd,B,70,2,"I'm very busy,  /","I/PRP 'm/VBP very/RB busy/JJ ,/,",,
sw07utt/sw_0791_3050.utt,3/sw3050,3050,128,sd,B,70,3,I have a part time job  /,I/PRP have/VBP a/DT part/GW time/^JJ job/NN,,
sw07utt/sw_0791_3050.utt,3/sw3050,3050,129,sd,B,70,4,"[ {C and, } + {C and } ] during the year, I don't play much golf  /","and/CC ,/, and/CC during/IN the/DT year/NN ,/, I/PRP do/VBP n't/RB play/VB much/JJ golf/NN",,
sw07utt/sw_0791_3050.utt,3/sw3050,3050,130,sd,B,70,5,"[ {C but, } + {C but, } ] when [ I'm, + we ]  are on vacation, I love to play.  Just like you said. /","but/CC ,/, but/CC ,/, when/WRB I/PRP 'm/VBP ,/, we/PRP are/VBP on/IN vacation/NN ,/, I/PRP love/VBP to/TO play/VB ./. Just/RB like/IN you/PRP said/VBD ./.",,
sw07utt/sw_0791_3050.utt,3/sw3050,3050,131,%,A,71,1,{F Um. } /,Um/UH ./.,,
sw07utt/sw_0791_3050.utt,3/sw3050,3050,132,sd,B,72,1,"{C And, } we got to play in Monterrey in  California, right, {D you know, } along the Pacific Ocean, this past spring.  /","And/CC ,/, we/PRP got/VBD to/TO play/VB in/IN Monterrey/NNP in/IN California/NNP ,/, right/RB ,/, you/PRP know/VBP ,/, along/IN the/DT Pacific/NNP Ocean/NNP ,/, this/DT past/JJ spring/NN ./.",,
sw07utt/sw_0791_3050.utt,3/sw3050,3050,133,sd,B,72,2,"{C And } [ that was, +  {A I told my husband, } that was ] the way to play, {D you know, }  /","And/CC that/DT was/VBD ,/, I/PRP told/VBD my/PRP$ husband/NN ,/, that/DT was/VBD the/DT way/NN to/TO play/VB ,/, you/PRP know/VBP ,/,",,
sw07utt/sw_0791_3050.utt,3/sw3050,3050,134,sd,B,72,3,"that was, <laughter> - /","that/DT was/VBD ,/,",,
sw07utt/sw_0791_3050.utt,3/sw3050,3050,135,sd,B,72,4,"if I could play there every time I want, [ it was, + it was ] great.  /","if/IN I/PRP could/MD play/VB there/RB every/DT time/NN I/PRP want/VBP ,/, it/PRP was/VBD ,/, it/PRP was/VBD great/JJ ./.",,
sw07utt/sw_0791_3050.utt,3/sw3050,3050,136,sd,B,72,5,[ <laughter> + ]  A neat experience <sigh>. -/,A/DT neat/JJ experience/NN ./.,,
sw07utt/sw_0791_3050.utt,3/sw3050,3050,137,sd,A,73,1,"Miniature golf, there's my game. {F Uh. } /","Miniature/JJ golf/NN ,/, there/EX 's/BES my/PRP$ game/NN ./. Uh/UH ./.",,
sw07utt/sw_0791_3050.utt,3/sw3050,3050,138,sv,B,74,1,"Miniature golf is great,  /","Miniature/JJ golf/NN is/VBZ great/JJ ,/,",,
sw07utt/sw_0791_3050.utt,3/sw3050,3050,139,aa,B,74,2,yes. /,yes/UH ./.,,
sw07utt/sw_0791_3050.utt,3/sw3050,3050,140,sd,A,75,1,"Miniature golf, <laughter> there you go, putt, putt. /","Miniature/JJ golf/NN ,/, there/EX you/PRP go/VBP ,/, putt/NN ,/, putt/NN ./.",,
sw07utt/sw_0791_3050.utt,3/sw3050,3050,141,sd,B,76,1,"{D Well, } that's the thing my kids like  to do that [ with, + ] {D you know, } on dates and stuff. /","Well/UH ,/, that/DT 's/BES the/DT thing/NN my/PRP$ kids/NNS like/VBP to/TO do/VB that/DT with/IN ,/, you/PRP know/VBP ,/, on/IN dates/NNS and/CC stuff/NN ./.",,
sw07utt/sw_0791_3050.utt,3/sw3050,3050,142,%,A,77,1,{F Uh. } /,Uh/UH ./.,,
sw07utt/sw_0791_3050.utt,3/sw3050,3050,143,sd,B,78,1,"{C But, } golf is {F um, } - /","But/CC ,/, golf/NN is/VBZ um/UH ,/,",,
sw07utt/sw_0791_3050.utt,3/sw3050,3050,144,sv^t,B,78,2,"[ we, + we ] probably are talking about golf because I did check it  (( {D You know } )) . /","we/PRP ,/, we/PRP probably/RB are/VBP talking/VBG about/IN golf/NN because/IN I/PRP did/VBD check/VB it/PRP You/PRP know/VBP ./.",,
sw07utt/sw_0791_3050.utt,3/sw3050,3050,145,%,A,79,1,"[ [ I don't, + I don't, ] + I don't ] - /","I/PRP do/VBP n't/RB ,/, I/PRP do/VBP n't/RB ,/, I/PRP do/VBP n't/RB",,
sw07utt/sw_0791_3050.utt,3/sw3050,3050,146,sd^t,A,79,2,"((   ))  <<voice fades>> [ I may have, actually, + I may have ] just checked random things. /","MUMBLEx/XX I/PRP may/MD have/VB ,/, actually/RB ,/, I/PRP may/MD have/VB just/RB checked/VBN random/JJ things/NNS ./.",,
sw07utt/sw_0791_3050.utt,3/sw3050,3050,147,sd,A,79,3,"[ I don't, + I don't ] recall anymore. /","I/PRP do/VBP n't/RB ,/, I/PRP do/VBP n't/RB recall/VB anymore/RB ./.",,
sw07utt/sw_0791_3050.utt,3/sw3050,3050,148,b,B,80,1,"{D Well, } yeah,  /","Well/UH ,/, yeah/UH ,/,",,
sw07utt/sw_0791_3050.utt,3/sw3050,3050,149,sd,B,80,2,"if you ever played, - /","if/IN you/PRP ever/RB played/VBD ,/,",,
sw07utt/sw_0791_3050.utt,3/sw3050,3050,150,sv,B,80,3,"{E I mean, } I feel like anybody that's ever played golf can talk about it  /","I/PRP mean/VBP ,/, I/PRP feel/VBP like/IN anybody/NN that/WDT 's/HVS ever/RB played/VBN golf/NN can/MD talk/VB about/IN it/PRP",,
sw07utt/sw_0791_3050.utt,3/sw3050,3050,151,sv,B,80,4,"{C and } maybe if you can  even talk about it, [ if you, + if you ] have, {F uh, } watched it on T V. /","and/CC maybe/RB if/IN you/PRP can/MD even/RB talk/VB about/IN it/PRP ,/, if/IN you/PRP ,/, if/IN you/PRP have/VBP ,/, uh/UH ,/, watched/VBN it/PRP on/IN T/NN V/NN ./.",,
sw07utt/sw_0791_3050.utt,3/sw3050,3050,152,aa,A,81,1,Right.  /,Right/UH ./.,,
sw07utt/sw_0791_3050.utt,3/sw3050,3050,153,aa,A,81,2,"Yeah,  /","Yeah/UH ,/,",,
sw07utt/sw_0791_3050.utt,3/sw3050,3050,154,sd,A,81,3,"{D actually, } we have a  very very, {F um, } - /","actually/RB ,/, we/PRP have/VBP a/DT very/RB very/RB ,/, um/UH ,/,",,
sw07utt/sw_0791_3050.utt,3/sw3050,3050,155,sd,A,81,4,"we had the, {F uh, } -/","we/PRP had/VBD the/DT ,/, uh/UH ,/,",,
sw07utt/sw_0791_3050.utt,3/sw3050,3050,156,b,B,82,1,"Yeah,  /","Yeah/UH ,/,",,
sw07utt/sw_0791_3050.utt,3/sw3050,3050,157,ad,B,82,2,tell me about your clubs up there.  /,tell/VB me/PRP about/IN your/PRP$ clubs/NNS up/IN there/RB ./.,,
sw07utt/sw_0791_3050.utt,3/sw3050,3050,158,%,B,82,3,"What, -/","What/WP ,/,",,
sw07utt/sw_0791_3050.utt,3/sw3050,3050,159,sd,A,83,1,"{D Well, } we had, - /","Well/UH ,/, we/PRP had/VBD ,/,",,
sw07utt/sw_0791_3050.utt,3/sw3050,3050,160,sd,A,83,2,I haven't played around here too much.  /,I/PRP have/VBP n't/RB played/VBN around/IN here/RB too/RB much/RB ./.,,
sw07utt/sw_0791_3050.utt,3/sw3050,3050,161,sd,A,83,3,We have a very good one called Locust Hill though.  /,We/PRP have/VBP a/DT very/RB good/JJ one/NN called/VBN Locust/NNP Hill/NNP though/RB ./.,,
sw07utt/sw_0791_3050.utt,3/sw3050,3050,162,%,A,83,4,"There, {F uh, } the L-, -/","There/EX ,/, uh/UH ,/, the/DT L-/XX ,/,",,
sw07utt/sw_0791_3050.utt,3/sw3050,3050,163,br^m,B,84,1,Locust Hill? /,Locust/NNP Hill/NNP ?/.,,
sw07utt/sw_0791_3050.utt,3/sw3050,3050,164,aa,A,85,1,"Yeah,  /","Yeah/UH ,/,",,
sw07utt/sw_0791_3050.utt,3/sw3050,3050,165,sd,A,85,2,the L P G A  comes here every year --,the/DT L/NNP P/NNP G/NNP A/NNP comes/VBZ here/RB every/DT year/NN --/:,,
sw07utt/sw_0791_3050.utt,3/sw3050,3050,166,b,B,86,1,"Uh-huh,  /","Uh-huh/UH ,/,",,
sw07utt/sw_0791_3050.utt,3/sw3050,3050,167,b,B,86,2,right. /,right/UH ./.,,
sw07utt/sw_0791_3050.utt,3/sw3050,3050,168,+,A,87,1,-- the Rochester International.  /,--/: the/DT Rochester/NNP International/NNP ./.,,
sw07utt/sw_0791_3050.utt,3/sw3050,3050,169,sd,A,87,2,"{C And then }  we had a P G A, {D actually, } a very big P G A, {F uh, } tour stop here, last year. /","And/CC then/RB we/PRP had/VBD a/DT P/NNP G/NNP A/NNP ,/, actually/RB ,/, a/DT very/RB big/JJ P/NNP G/NNP A/NNP ,/, uh/UH ,/, tour/NN stop/VB here/RB ,/, last/JJ year/NN ./.",,
sw07utt/sw_0791_3050.utt,3/sw3050,3050,170,ba,B,88,1,"{F Oh, } great. /","Oh/UH ,/, great/JJ ./.",,
sw07utt/sw_0791_3050.utt,3/sw3050,3050,171,sd,A,89,1,"{C And, } {D actually, } {F um, } they say [ the, + the, ] - /","And/CC ,/, actually/RB ,/, um/UH ,/, they/PRP say/VBP the/DT ,/, the/DT ,/,",,
sw07utt/sw_0791_3050.utt,3/sw3050,3050,172,sd,A,89,2,"I have not played the course,  /","I/PRP have/VBP not/RB played/VBN the/DT course/NN ,/,",,
sw07utt/sw_0791_3050.utt,3/sw3050,3050,173,sd,A,89,3,"{C but, } they say the course [ is very, + [ [ is, + is, ] + is ] pretty ]  tough, pretty challenging. /","but/CC ,/, they/PRP say/VBP the/DT course/NN is/VBZ very/RB ,/, is/VBZ ,/, is/VBZ ,/, is/VBZ pretty/RB tough/JJ ,/, pretty/RB challenging/JJ ./.",,
sw07utt/sw_0791_3050.utt,3/sw3050,3050,174,b,B,90,1,Uh-huh. /,Uh-huh/UH ./.,,
sw07utt/sw_0791_3050.utt,3/sw3050,3050,175,sd,A,91,1,"{C And } it's, {F um, } not only that,  /","And/CC it/PRP 's/BES ,/, um/UH ,/, not/RB only/RB that/DT ,/,",,
sw07utt/sw_0791_3050.utt,3/sw3050,3050,176,sd,A,91,2,"{C but, } it's exceedingly well kept, apparently. /","but/CC ,/, it/PRP 's/BES exceedingly/RB well/RB kept/JJ ,/, apparently/RB ./.",,
sw07utt/sw_0791_3050.utt,3/sw3050,3050,177,ba,B,92,1,"{F Oh, } yeah. /","Oh/UH ,/, yeah/UH ./.",,
sw07utt/sw_0791_3050.utt,3/sw3050,3050,178,sd,A,93,1,"{C Because, } [ th-, + those ]  are the comments I kept hearing from the pros, {D you know, } /","Because/IN ,/, th-/DT ,/, those/DT are/VBP the/DT comments/NNS I/PRP kept/VBD hearing/VBG from/IN the/DT pros/NNS ,/, you/PRP know/VBP ,/,",,
sw07utt/sw_0791_3050.utt,3/sw3050,3050,179,sd,A,93,2,"they kept saying, we hear, {D you know, } [ on, + on ]  television  ((   ))  I, - /","they/PRP kept/VBD saying/VBG ,/, we/PRP hear/VBP ,/, you/PRP know/VBP ,/, on/IN ,/, on/IN television/NN MUMBLEx/XX I/PRP ,/,",,
sw07utt/sw_0791_3050.utt,3/sw3050,3050,180,sd,A,93,3,"{C but, } they keep saying it's just wonderful, {F uh, }  /","but/CC ,/, they/PRP keep/VBP saying/VBG it/PRP 's/BES just/RB wonderful/JJ ,/, uh/UH ,/,",,
sw07utt/sw_0791_3050.utt,3/sw3050,3050,181,sd,A,93,4,the course is so well maintained  /,the/DT course/NN is/VBZ so/RB well/RB maintained/JJ,,
sw07utt/sw_0791_3050.utt,3/sw3050,3050,182,sd,A,93,5,"{C and, } {D you know, } [ [ it, + it, ] + it ]  rained through half the {F um, } tournament, so people had to  ((   )) , - /","and/CC ,/, you/PRP know/VBP ,/, it/PRP ,/, it/PRP ,/, it/PRP rained/VBD through/IN half/PDT the/DT um/UH ,/, tournament/NN ,/, so/IN people/NNS had/VBD to/TO MUMBLEx/XX ,/,",,
sw07utt/sw_0791_3050.utt,3/sw3050,3050,183,sd,A,93,6,"{C but, } they still, - /","but/CC ,/, they/PRP still/RB ,/,",,
sw07utt/sw_0791_3050.utt,3/sw3050,3050,184,sd,A,93,7,"the grounds keepers were absolutely wonderful about,","the/DT grounds/NNS keepers/NNS were/VBD absolutely/RB wonderful/JJ about/IN ,/,",,
sw07utt/sw_0791_3050.utt,3/sw3050,3050,185,ba,B,94,1,"{F Oh, } yeah. /","Oh/UH ,/, yeah/UH ./.",,
sw07utt/sw_0791_3050.utt,3/sw3050,3050,186,+,A,95,1,getting things back up again.  /,getting/VBG things/NNS back/RB up/RP again/RB ./.,,
sw07utt/sw_0791_3050.utt,3/sw3050,3050,187,%,A,95,2,"{C And } this, - /","And/CC this/DT ,/,",,
sw07utt/sw_0791_3050.utt,3/sw3050,3050,188,sd,A,95,3,"{D actually, } [ [ when, + when the, ] + {F um, } when the ] L P G A came here --","actually/RB ,/, when/WRB ,/, when/WRB the/DT ,/, um/UH ,/, when/WRB the/DT L/NNP P/NNP G/NNP A/NNP came/VBD here/RB --/:",,
sw07utt/sw_0791_3050.utt,3/sw3050,3050,189,b,B,96,1,Uh-huh. /,Uh-huh/UH ./.,,
sw07utt/sw_0791_3050.utt,3/sw3050,3050,190,+,A,97,1,"-- I guess that was about a week and a half ago,  [ it was just, + [ it, + it ] takes ] over the whole town. /","--/: I/PRP guess/VBP that/DT was/VBD about/RB a/DT week/NN and/CC a/DT half/NN ago/RB ,/, it/PRP was/VBD just/RB ,/, it/PRP ,/, it/PRP takes/VBZ over/RP the/DT whole/JJ town/NN ./.",,
sw07utt/sw_0791_3050.utt,3/sw3050,3050,191,aa,B,98,1,"# {F Oh, } sure. # /","Oh/UH ,/, sure/UH ./.",,
sw07utt/sw_0791_3050.utt,3/sw3050,3050,192,sd,A,99,1,"# {D You know. } #  It's all over the news,  /","You/PRP know/VBP ./. It/PRP 's/BES all/RB over/IN the/DT news/NN ,/,",,
sw07utt/sw_0791_3050.utt,3/sw3050,3050,193,sd,A,99,2,{C and } --,and/CC --/:,,
sw07utt/sw_0791_3050.utt,3/sw3050,3050,194,b,B,100,1,Yes. /,Yes/UH ./.,,
sw07utt/sw_0791_3050.utt,3/sw3050,3050,195,+,A,101,1,"-- lots and lots of people take off work,","--/: lots/NNS and/CC lots/NNS of/IN people/NNS take/VBP off/RP work/NN ,/,",,
sw07utt/sw_0791_3050.utt,3/sw3050,3050,196,b,B,102,1,Yeah. /,Yeah/UH ./.,,
sw07utt/sw_0791_3050.utt,3/sw3050,3050,197,+,A,103,1,[ to go + --,to/TO go/VB --/:,,
sw07utt/sw_0791_3050.utt,3/sw3050,3050,198,^2,B,104,1,"To watch them,  /","To/TO watch/VB them/PRP ,/,",,
sw07utt/sw_0791_3050.utt,3/sw3050,3050,199,%,B,104,2,yeah. /,yeah/UH ./.,,
sw07utt/sw_0791_3050.utt,3/sw3050,3050,200,+,A,105,1,"-- to go ] an watch [ the, + the, ]  {F uh, } ladies <<sounds like some loss of words here>>,","--/: to/TO go/VB an/CC watch/NN the/DT ,/, the/DT ,/,  uh/UH ,/, ladies/NNS ,/,",,
sw07utt/sw_0791_3050.utt,3/sw3050,3050,201,^2,B,106,1,"The ladies, -/","The/DT ladies/NNS ,/,",,
sw07utt/sw_0791_3050.utt,3/sw3050,3050,202,+,A,107,1,play.  /,play/VB ./.,,
sw07utt/sw_0791_3050.utt,3/sw3050,3050,203,sd,A,107,2,"{C So, } {E I mean, } I think [ it's  actually, + it's absolutely ] wonderful to see. /","So/RB ,/, I/PRP mean/VBP ,/, I/PRP think/VBP it/PRP 's/BES actually/RB ,/, it/PRP 's/BES absolutely/RB wonderful/JJ to/TO see/VB ./.",,
sw07utt/sw_0791_3050.utt,3/sw3050,3050,204,aa,B,108,1,"Yeah,  /","Yeah/UH ,/,",,
sw07utt/sw_0791_3050.utt,3/sw3050,3050,205,sv,B,108,2,I'm sure the people love golf up  there like they do down here. /,I/PRP 'm/VBP sure/JJ the/DT people/NNS love/VBP golf/NN up/IN there/RB like/IN they/PRP do/VBP down/IN here/RB ./.,,
sw07utt/sw_0791_3050.utt,3/sw3050,3050,206,b,A,109,1,"Yeah,  /","Yeah/UH ,/,",,
sw07utt/sw_0791_3050.utt,3/sw3050,3050,207,%,A,109,2,{F uh. } -/,uh/UH ./.,,
sw07utt/sw_0791_3050.utt,3/sw3050,3050,208,sv,B,110,1,"People are just cra-, - /","People/NNS are/VBP just/RB cra-/XX ,/,",,
sw07utt/sw_0791_3050.utt,3/sw3050,3050,209,sv,B,110,2,"golf is just, - /","golf/NN is/VBZ just/RB ,/,",,
sw07utt/sw_0791_3050.utt,3/sw3050,3050,210,sv,B,110,3,"it's just the coming thing,  /","it/PRP 's/BES just/RB the/DT coming/VBG thing/NN ,/,",,
sw07utt/sw_0791_3050.utt,3/sw3050,3050,211,sv,B,110,4,{E I mean } a lot of people are just crazy about it. /,I/PRP mean/VBP a/DT lot/NN of/IN people/NNS are/VBP just/RB crazy/JJ about/IN it/PRP ./.,,
sw07utt/sw_0791_3050.utt,3/sw3050,3050,212,aa,A,111,1,It seems to be.  /,It/PRP seems/VBZ to/TO be/VB ./.,,
sw07utt/sw_0791_3050.utt,3/sw3050,3050,213,sv,A,111,2,"It seems a lot of people  are really, {D you know, } - /","It/PRP seems/VBZ a/DT lot/NN of/IN people/NNS are/VBP really/RB ,/, you/PRP know/VBP ,/,",,
sw07utt/sw_0791_3050.utt,3/sw3050,3050,214,sv,A,111,3,"[ either, + {F um, } either ] you have not played it, [ or, + or ] [ you, + you ] have played it /","either/CC ,/, um/UH ,/, either/CC you/PRP have/VBP not/RB played/VBN it/PRP ,/, or/CC ,/, or/CC you/PRP ,/, you/PRP have/VBP played/VBN it/PRP",,
sw07utt/sw_0791_3050.utt,3/sw3050,3050,215,sd,A,111,4,"and you sort of stink, like me, /","and/CC you/PRP sort/RB of/RB stink/VBP ,/, like/IN me/PRP ,/,",,
sw07utt/sw_0791_3050.utt,3/sw3050,3050,216,sv,B,112,1,"{D Well, }","Well/UH ,/,",,
sw07utt/sw_0791_3050.utt,3/sw3050,3050,217,sv,A,113,1,{C and } you sort of play every now and then. /,and/CC you/PRP sort/RB of/RB play/VBP every/DT now/RB and/CC then/RB ./.,,
sw07utt/sw_0791_3050.utt,3/sw3050,3050,218,+,B,114,1,"[ it's, + it's ]  just such a difficult thing.   /","it/PRP 's/BES ,/, it/PRP 's/BES just/RB such/PDT a/DT difficult/JJ thing/NN ./.",,
sw07utt/sw_0791_3050.utt,3/sw3050,3050,219,sd,B,114,2,"{E I mean } [ [ it's, + I just, ] + I  watch ] my husband  /","I/PRP mean/VBP it/PRP 's/BES ,/, I/PRP just/RB ,/, I/PRP watch/VBP my/PRP$ husband/NN",,
sw07utt/sw_0791_3050.utt,3/sw3050,3050,220,sd,B,114,3,"{C and } [ he's, + he was ]  a professional athlete,  /","and/CC he/PRP 's/BES ,/, he/PRP was/VBD a/DT professional/JJ athlete/NN ,/,",,
sw07utt/sw_0791_3050.utt,3/sw3050,3050,221,sd,B,114,4,"[ he, + he's ] a very good athlete  /","he/PRP ,/, he/PRP 's/BES a/DT very/RB good/JJ athlete/NN",,
sw07utt/sw_0791_3050.utt,3/sw3050,3050,222,sd,B,114,5,"{C and } he's got the coordination, that God given coordination,  /","and/CC he/PRP 's/HVS got/VBN the/DT coordination/NN ,/, that/DT God/NNP given/JJ coordination/NN ,/,",,
sw07utt/sw_0791_3050.utt,3/sw3050,3050,223,sd,B,114,6,"{C and } he just struggles,","and/CC he/PRP just/RB struggles/VBZ ,/,",,
sw07utt/sw_0791_3050.utt,3/sw3050,3050,224,b,A,115,1,Yeah. /,Yeah/UH ./.,,
sw07utt/sw_0791_3050.utt,3/sw3050,3050,225,+,B,116,1,"{D you know, } all the time, [ to + {F um, } to ]  master this game. /","you/PRP know/VBP ,/, all/PDT the/DT time/NN ,/, to/TO um/UH ,/, to/TO master/VB this/DT game/NN ./.",,
sw07utt/sw_0791_3050.utt,3/sw3050,3050,226,b,A,117,1,"Yeah,  /","Yeah/UH ,/,",,
sw07utt/sw_0791_3050.utt,3/sw3050,3050,227,sd,A,117,2,"{D well, } same here, {E I mean, } I'm a brown belt  in Karate at this point in time.  /","well/UH ,/, same/JJ here/RB ,/, I/PRP mean/VBP ,/, I/PRP 'm/VBP a/DT brown/JJ belt/NN in/IN Karate/NNP at/IN this/DT point/NN in/IN time/NN ./.",,
sw07utt/sw_0791_3050.utt,3/sw3050,3050,228,sd,A,117,3,"[ [ [ {C And, } + {F uh, }","And/CC ,/, uh/UH ,/,",,
sw07utt/sw_0791_3050.utt,3/sw3050,3050,229,ba,B,118,1,"{F Oh } my, really! /","Oh/UH my/UH ,/, really/UH !/.",,
sw07utt/sw_0791_3050.utt,3/sw3050,3050,230,+,A,119,1,"{C And, } ] + {C and  ] I can not, ] + {C and } I can not ]  hit a golf ball <laughter>. /","And/CC ,/, and/CC I/PRP can/MD not/RB ,/, and/CC I/PRP can/MD not/RB hit/VB a/DT golf/NN ball/NN ./.",,
sw07utt/sw_0791_3050.utt,3/sw3050,3050,231,b,B,120,1,Yeah. /,Yeah/UH ./.,,
sw07utt/sw_0791_3050.utt,3/sw3050,3050,232,%,A,121,1,"{D You know } I, -/","You/PRP know/VBP I/PRP ,/,",,
sw07utt/sw_0791_3050.utt,3/sw3050,3050,233,%,B,122,1,"{C Because } it, - /","Because/IN it/PRP ,/,",,
sw07utt/sw_0791_3050.utt,3/sw3050,3050,234,sd,B,122,2,"{D well, } I watch my husband swing  /","well/UH ,/, I/PRP watch/VBP my/PRP$ husband/NN swing/VB",,
sw07utt/sw_0791_3050.utt,3/sw3050,3050,235,sd,B,122,3,"{C and } his swing, {D you know, } {D like } compared to the pros, is so, [ it's + ] ridged./","and/CC his/PRP$ swing/NN ,/, you/PRP know/VBP ,/, like/IN compared/VBN to/IN the/DT pros/NNS ,/, is/VBZ so/RB ,/, it/PRP 's/BES ridged/JJ ./.",,
sw07utt/sw_0791_3050.utt,3/sw3050,3050,236,sd,B,122,4,"It's like he's trying so hard, it's not that flowing movement.","It/PRP 's/BES like/IN he/PRP 's/BES trying/VBG so/RB hard/JJ ,/, it/PRP 's/BES not/RB that/DT flowing/JJ movement/NN ./.",,
sw07utt/sw_0791_3050.utt,3/sw3050,3050,237,b,A,123,1,Right. /,Right/UH ./.,,
sw07utt/sw_0791_3050.utt,3/sw3050,3050,238,+,B,124,1,{D You know. } /,You/PRP know/VBP ./.,,
sw07utt/sw_0791_3050.utt,3/sw3050,3050,239,sd(^q),A,125,1,"That's because he's probably doing what I do, worrying about,","That/DT 's/BES because/IN he/PRP 's/BES probably/RB doing/VBG what/WP I/PRP do/VBP ,/, worrying/VBG about/IN ,/,",,
sw07utt/sw_0791_3050.utt,3/sw3050,3050,240,b,B,126,1,Yeah. /,Yeah/UH ./.,,
sw07utt/sw_0791_3050.utt,3/sw3050,3050,241,+,A,127,1,"is my head straight, is my arm right,","is/VBZ my/PRP$ head/NN straight/JJ ,/, is/VBZ my/PRP$ arm/NN right/JJ ,/,",,
sw07utt/sw_0791_3050.utt,3/sw3050,3050,242,b,B,128,1,Yeah. /,Yeah/UH ./.,,
sw07utt/sw_0791_3050.utt,3/sw3050,3050,243,+@,A,129,1,"is this correct, am I holding correctly, stuff like that.  *[[ slash error ]]","is/VBZ this/DT correct/JJ ,/, am/VBP I/PRP holding/VBG correctly/RB ,/, stuff/NN like/IN that/DT ./.",,
sw07utt/sw_0791_3050.utt,3/sw3050,3050,244,bf,B,130,1,"Or, how far he's going to hit it, I think, {D you know. } /","Or/CC ,/, how/WRB far/RB he/PRP 's/BES going/VBG to/TO hit/VB it/PRP ,/, I/PRP think/VBP ,/, you/PRP know/VBP ./.",,
sw07utt/sw_0791_3050.utt,3/sw3050,3050,245,+@,A,131,1,"Yeah,  /   *[[slash error]]","Yeah/UH ,/,",,
sw07utt/sw_0791_3050.utt,3/sw3050,3050,246,aa,A,131,2,{F oh }  yeah. /,oh/UH yeah/UH ./.,,
sw07utt/sw_0791_3050.utt,3/sw3050,3050,247,sd,B,132,1,{C And } I worry about that. /,And/CC I/PRP worry/VBP about/IN that/DT ./.,,
sw07utt/sw_0791_3050.utt,3/sw3050,3050,248,aa,A,133,1,"{F Oh, } yeah. /","Oh/UH ,/, yeah/UH ./.",,
sw07utt/sw_0791_3050.utt,3/sw3050,3050,249,sd,B,134,1,"I have just got to get this drive, {D you know, }  really far,  /","I/PRP have/VBP just/RB got/VBN to/TO get/VB this/DT drive/NN ,/, you/PRP know/VBP ,/, really/RB far/RB ,/,",,
sw07utt/sw_0791_3050.utt,3/sw3050,3050,250,sd,B,134,2,I have got to hit it. /,I/PRP have/VBP got/VBN to/TO hit/VB it/PRP ./.,,
sw07utt/sw_0791_3050.utt,3/sw3050,3050,251,b,A,135,1,<Sigh> Yeah. /,Yeah/UH ./.,,
sw07utt/sw_0791_3050.utt,3/sw3050,3050,252,%,B,136,1,{C So. } -/,So/RB ./.,,
sw07utt/sw_0791_3050.utt,3/sw3050,3050,253,b,A,137,1,Yeah. /,Yeah/UH ./.,,
sw07utt/sw_0791_3050.utt,3/sw3050,3050,254,b,B,138,1,Yeah. /,Yeah/UH ./.,,
sw07utt/sw_0791_3050.utt,3/sw3050,3050,255,sd,A,139,1,"I have this nasty habit [ of +  ((   ))  of ]  turning my head at the last second, [ or, +","I/PRP have/VBP this/DT nasty/JJ habit/NN of/IN MUMBLEx/XX of/IN turning/VBG my/PRP$ head/NN at/IN the/DT last/JJ second/NN ,/, or/CC ,/,",,
sw07utt/sw_0791_3050.utt,3/sw3050,3050,256,b,B,140,1,"Yep,  /","Yep/UH ,/,",,
sw07utt/sw_0791_3050.utt,3/sw3050,3050,257,%,B,140,2,"{C or, } -/","or/CC ,/,",,
sw07utt/sw_0791_3050.utt,3/sw3050,3050,258,+,A,141,1,or ] just keeping my arm wrong. /,or/CC just/RB keeping/VBG my/PRP$ arm/NN wrong/JJ ./.,,
sw07utt/sw_0791_3050.utt,3/sw3050,3050,259,aa,B,142,1,"Yeah,  /","Yeah/UH ,/,",,
sw07utt/sw_0791_3050.utt,3/sw3050,3050,260,sd,B,142,2,"turning your head is probably the most  common thing for women,","turning/VBG your/PRP$ head/NN is/VBZ probably/RB the/DT most/RBS common/JJ thing/NN for/IN women/NNS ,/,",,
sw07utt/sw_0791_3050.utt,3/sw3050,3050,261,qy,A,143,1,Is it? /,Is/VBZ it/PRP ?/.,,
sw07utt/sw_0791_3050.utt,3/sw3050,3050,262,+,B,144,1,they say.   /,they/PRP say/VBP ./.,,
sw07utt/sw_0791_3050.utt,3/sw3050,3050,263,sv,B,144,2,{C And } you are always so anxious to see  where it goes. /,And/CC you/PRP are/VBP always/RB so/RB anxious/JJ to/TO see/VB where/WRB it/PRP goes/VBZ ./.,,
sw07utt/sw_0791_3050.utt,3/sw3050,3050,264,aa,A,145,1,"Right,  /","Right/UH ,/,",,
sw07utt/sw_0791_3050.utt,3/sw3050,3050,265,aa,A,145,2,exactly. /,exactly/UH ./.,,
sw07utt/sw_0791_3050.utt,3/sw3050,3050,266,b,B,146,1,Uh-huh. /,Uh-huh/UH ./.,,
sw07utt/sw_0791_3050.utt,3/sw3050,3050,267,aa,A,147,1,"Exactly,  /","Exactly/RB ,/,",,
sw07utt/sw_0791_3050.utt,3/sw3050,3050,268,sd,A,147,2,"It's just like [ I, + I ]  don't watch the ball die,  /","It/PRP 's/BES just/RB like/IN I/PRP ,/, I/PRP do/VBP n't/RB watch/VB the/DT ball/NN die/VB ,/,",,
sw07utt/sw_0791_3050.utt,3/sw3050,3050,269,sd,A,147,3,I have  ((   )) . - /,I/PRP have/VBP MUMBLEx/XX ./.,,
sw07utt/sw_0791_3050.utt,3/sw3050,3050,270,sd,A,147,4,It took me a long time to learn to wait until the ball  was in the air before I looked up. /,It/PRP took/VBD me/PRP a/DT long/JJ time/NN to/TO learn/VB to/TO wait/VB until/IN the/DT ball/NN was/VBD in/IN the/DT air/NN before/IN I/PRP looked/VBD up/RB ./.,,
sw07utt/sw_0791_3050.utt,3/sw3050,3050,271,aa,B,148,1,"Yeah,  /","Yeah/UH ,/,",,
sw07utt/sw_0791_3050.utt,3/sw3050,3050,272,aa^r,B,148,2,"yeah,  /","yeah/UH ,/,",,
sw07utt/sw_0791_3050.utt,3/sw3050,3050,273,sd,B,148,3,"I have to that, especially,  even more so, with a short iron than a long ir-, {D you know, }","I/PRP have/VBP to/IN that/IN ,/, especially/RB ,/, even/RB more/RBR so/RB ,/, with/IN a/DT short/JJ iron/NN than/IN a/DT long/JJ ir-/NN ,/, you/PRP know/VBP ,/,",,
sw07utt/sw_0791_3050.utt,3/sw3050,3050,274,^2,A,149,1,"{F Oh, }  ((   ))  driver. /","Oh/UH ,/, MUMBLEx/XX driver/NN ./.",,
sw07utt/sw_0791_3050.utt,3/sw3050,3050,275,+,B,150,1,than with a driver or something.  /,than/IN with/IN a/DT driver/NN or/CC something/NN ./.,,
sw07utt/sw_0791_3050.utt,3/sw3050,3050,276,sv,B,150,2,"{C Because, }  those short irons, it's just, you want to look up --","Because/IN ,/, those/DT short/JJ irons/NNS ,/, it/PRP 's/BES just/RB ,/, you/PRP want/VBP to/TO look/VB up/RB --/:",,
sw07utt/sw_0791_3050.utt,3/sw3050,3050,277,b,A,151,1,Yeah. /,Yeah/UH ./.,,
sw07utt/sw_0791_3050.utt,3/sw3050,3050,278,+,B,152,1,-- cause you are getting close to the green <laughter>  /,--/: cause/IN you/PRP are/VBP getting/VBG close/RB to/IN the/DT green/JJ,,
sw07utt/sw_0791_3050.utt,3/sw3050,3050,279,sv,B,152,2,{C and } you want to see it hit the green. </laughter> #  /,and/CC you/PRP want/VBP to/TO see/VB it/PRP hit/VB the/DT green/NN ./.,,
sw07utt/sw_0791_3050.utt,3/sw3050,3050,280,sv,B,152,3,"{C And } you know that's why, # -/","And/CC you/PRP know/VBP that/DT 's/BES why/WRB ,/,",,
sw07utt/sw_0791_3050.utt,3/sw3050,3050,281,bf,A,153,1,# Watch where it's going. # /,Watch/VB where/WRB it/PRP 's/BES going/VBG ./.,,
sw07utt/sw_0791_3050.utt,3/sw3050,3050,282,b,B,154,1,"Yeah,  /","Yeah/UH ,/,",,
sw07utt/sw_0791_3050.utt,3/sw3050,3050,283,sd^t,B,154,2,{C so. },so/RB ./.,,
sw07utt/sw_0791_3050.utt,3/sw3050,3050,284,aa,A,155,1,"[ That, + that ] is certainly true  /","That/DT ,/, that/DT is/VBZ certainly/RB true/JJ",,
sw07utt/sw_0791_3050.utt,3/sw3050,3050,285,ft,A,155,2,(( thank you )) . /,thank/VB you/PRP ./.,,
sw07utt/sw_0791_3050.utt,3/sw3050,3050,286,+,B,156,1,"[ I ca-, + I don't ]  know what I'm supposed to ask questions about,  /","I/PRP ca/MD ,/, I/PRP do/VBP n't/RB know/VB what/WP I/PRP 'm/VBP supposed/VBN to/TO ask/VB questions/NNS about/IN ,/,",,
sw07utt/sw_0791_3050.utt,3/sw3050,3050,287,qy^t,B,156,2,"am I supposed to ask questions about this whole procedure,  /","am/VBP I/PRP supposed/VBD to/TO ask/VB questions/NNS about/IN this/DT whole/JJ procedure/NN ,/,",,
sw07utt/sw_0791_3050.utt,3/sw3050,3050,288,sd,B,156,3,I know that. /,I/PRP know/VBP that/DT ./.,,
sw07utt/sw_0791_3050.utt,3/sw3050,3050,289,aa,A,157,1,"That's okay,  /","That/DT 's/BES okay/JJ ,/,",,
sw07utt/sw_0791_3050.utt,3/sw3050,3050,290,ad,A,157,2,"go ahead, #  /","go/VB ahead/RB ,/,",,
sw07utt/sw_0791_3050.utt,3/sw3050,3050,291,bd,A,157,3,it's no big deal. # /,it/PRP 's/BES no/DT big/JJ deal/NN ./.,,
sw07utt/sw_0791_3050.utt,3/sw3050,3050,292,sd,B,158,1,"# {D Well, } {F uh, } # when I, - /","Well/UH ,/, uh/UH ,/, when/WRB I/PRP ,/,",,
sw07utt/sw_0791_3050.utt,3/sw3050,3050,293,qr^t,B,158,2,"do you [ get, + get, ]  {F um, } reimbursed for the calls you make or the calls you talk on too? /","do/VBP you/PRP get/VBP ,/, get/VBP ,/, um/UH ,/, reimbursed/VBN for/IN the/DT calls/NNS you/PRP make/VBP or/CC the/DT calls/NNS you/PRP talk/VBP on/RP too/RB ?/.",,
sw07utt/sw_0791_3050.utt,3/sw3050,3050,294,sd^t,A,159,1,Both. /,Both/DT ./.,,
sw07utt/sw_0791_3050.utt,3/sw3050,3050,295,b^m^t,B,160,1,Both.  /,Both/DT ./.,,
sw07utt/sw_0791_3050.utt,3/sw3050,3050,296,bk,B,160,2,Okay. /,Okay/UH ./.,,
sw07utt/sw_0791_3050.utt,3/sw3050,3050,297,sd^t,A,161,1,I believe so. /,I/PRP believe/VBP so/RB ./.,,
sw07utt/sw_0791_3050.utt,3/sw3050,3050,298,b,B,162,1,"Okay,  /","Okay/UH ,/,",,
sw07utt/sw_0791_3050.utt,3/sw3050,3050,299,sd^t,B,162,2,"{D well } I really did not know # so I, # -/","well/UH I/PRP really/RB did/VBD not/RB know/VB so/IN I/PRP ,/,",,
sw07utt/sw_0791_3050.utt,3/sw3050,3050,300,sd^t,A,163,1,"# [ [ I, + I, ] + # I ]  actually don't know,  /","I/PRP ,/, I/PRP ,/, I/PRP actually/RB do/VBP n't/RB know/VB ,/,",,
sw07utt/sw_0791_3050.utt,3/sw3050,3050,301,sd^t,A,163,2,I get a  (( random ))  reimbursement every now and then and [ don't really + --,I/PRP get/VBP a/DT random/JJ reimbursement/NN every/DT now/RB and/CC then/RB and/CC do/VBP n't/RB really/RB --/:,,
sw07utt/sw_0791_3050.utt,3/sw3050,3050,302,b,B,164,1,Yeah. /,Yeah/UH ./.,,
sw07utt/sw_0791_3050.utt,3/sw3050,3050,303,+,A,165,1,"-- don't really ] figure it out,","--/: do/VBP n't/RB really/RB figure/VB it/PRP out/RP ,/,",,
sw07utt/sw_0791_3050.utt,3/sw3050,3050,304,b,B,166,1,# Okay. # /,Okay/UH ./.,,
sw07utt/sw_0791_3050.utt,3/sw3050,3050,305,+,A,167,1,# until # afterward <sigh>. /,until/IN afterward/RB ./.,,
sw07utt/sw_0791_3050.utt,3/sw3050,3050,306,sd^t,B,168,1,{C Cause } this is only my second day  doing it  /,Cause/IN this/DT is/VBZ only/RB my/PRP$ second/JJ day/NN doing/VBG it/PRP,,
sw07utt/sw_0791_3050.utt,3/sw3050,3050,307,sd^t,B,168,2,"{C and } [ I just did not, + I did not ] know #  /","and/CC I/PRP just/RB did/VBD not/RB ,/, I/PRP did/VBD not/RB know/VB",,
sw07utt/sw_0791_3050.utt,3/sw3050,3050,308,sd^t,B,168,3,(( {C and } that was )) . #,and/CC that/DT was/VBD ./.,,
sw07utt/sw_0791_3050.utt,3/sw3050,3050,309,b,A,169,1,"# {F Oh, } # really. /","Oh/UH ,/, really/UH ./.",,
sw07utt/sw_0791_3050.utt,3/sw3050,3050,310,+,B,170,1,"the details,  /","the/DT details/NNS ,/,",,
sw07utt/sw_0791_3050.utt,3/sw3050,3050,311,sd^t,B,170,2,"[ we, + I ] just started yesterday. /","we/PRP ,/, I/PRP just/RB started/VBD yesterday/RB ./.",,
sw07utt/sw_0791_3050.utt,3/sw3050,3050,312,sd^t,A,171,1,"I have been doing this for awhile, {D actually. } /","I/PRP have/VBP been/VBN doing/VBG this/DT for/IN awhile/RB ,/, actually/RB ./.",,
sw07utt/sw_0791_3050.utt,3/sw3050,3050,313,bh,B,172,1,Have you? /,Have/VBP you/PRP ?/.,,
sw07utt/sw_0791_3050.utt,3/sw3050,3050,314,na,A,173,1,It seems like it's been a while. /,It/PRP seems/VBZ like/IN it/PRP 's/HVS been/VBN a/DT while/NN ./.,,
sw07utt/sw_0791_3050.utt,3/sw3050,3050,315,b,B,174,1,Yeah. /,Yeah/UH ./.,,
sw07utt/sw_0791_3050.utt,3/sw3050,3050,316,sd^t,A,175,1,"{C And } [ they just, + # I just, ] #","And/CC they/PRP just/RB ,/, I/PRP just/RB ,/,",,
sw07utt/sw_0791_3050.utt,3/sw3050,3050,317,sd,B,176,1,"#  (( I had a )) , # -/","I/PRP had/VBD a/DT ,/,",,
sw07utt/sw_0791_3050.utt,3/sw3050,3050,318,+,A,177,1,get these random checks in the mail every now and then  /,get/VB these/DT random/JJ checks/NNS in/IN the/DT mail/NN every/DT now/RB and/CC then/RB,,
sw07utt/sw_0791_3050.utt,3/sw3050,3050,319,%,A,177,2,"{C and, } -/","and/CC ,/,",,
sw07utt/sw_0791_3050.utt,3/sw3050,3050,320,bk,B,178,1,I see. /,I/PRP see/VBP ./.,,
sw07utt/sw_0791_3050.utt,3/sw3050,3050,321,sd^t,A,179,1,"My wife and I both do it, as a matter of fact. /","My/PRP$ wife/NN and/CC I/PRP both/DT do/VBP it/PRP ,/, as/IN a/DT matter/NN of/IN fact/NN ./.",,
sw07utt/sw_0791_3050.utt,3/sw3050,3050,322,bk,B,180,1,I see. /,I/PRP see/VBP ./.,,
sw07utt/sw_0791_3050.utt,3/sw3050,3050,323,sd^t,A,181,1,"{C And } we both just, sort of, get these random checks  in the mail  /","And/CC we/PRP both/DT just/RB ,/, sort/RB of/RB ,/, get/VBP these/DT random/JJ checks/NNS in/IN the/DT mail/NN",,
sw07utt/sw_0791_3050.utt,3/sw3050,3050,324,sd^t,A,181,2,"{C and, }","and/CC ,/,",,
sw07utt/sw_0791_3050.utt,3/sw3050,3050,325,b,B,182,1,Yeah. /,Yeah/UH ./.,,
sw07utt/sw_0791_3050.utt,3/sw3050,3050,326,+,A,183,1,"To be honest, [ I, + I ]  really have not been accounting,  /","To/TO be/VB honest/JJ ,/, I/PRP ,/, I/PRP really/RB have/VBP not/RB been/VBN accounting/VBG ,/,",,
sw07utt/sw_0791_3050.utt,3/sw3050,3050,327,sd^t,A,183,2,"I just sort of figured, {D well, } it's going to work. /","I/PRP just/RB sort/RB of/RB figured/VBD ,/, well/UH ,/, it/PRP 's/BES going/VBG to/TO work/VB ./.",,
sw07utt/sw_0791_3050.utt,3/sw3050,3050,328,b,B,184,1,Uh-huh. /,Uh-huh/UH ./.,,
sw07utt/sw_0791_3050.utt,3/sw3050,3050,329,sd^t,A,185,1,"{D You know, } if it works, it works.   /","You/PRP know/VBP ,/, if/IN it/PRP works/VBZ ,/, it/PRP works/VBZ ./.",,
sw07utt/sw_0791_3050.utt,3/sw3050,3050,330,%,A,185,2,"(( {C So } )) , -/","So/RB ,/,",,
sw07utt/sw_0791_3050.utt,3/sw3050,3050,331,%,B,186,1,"{D Well, } my, {F uh, } -/","Well/UH ,/, my/PRP$ ,/, uh/UH ,/,",,
