swda_filename,ptb_basename,conversation_no,transcript_index,act_tag,caller,utterance_index,subutterance_index,text,pos,trees,ptb_treenumbers
sw07utt/sw_0711_3007.utt,3/sw3007,3007,0,%,A,1,1,"Okay,  /","Okay/UH ,/,",,
sw07utt/sw_0711_3007.utt,3/sw3007,3007,1,qy,A,1,2,do you have any pets? /,do/VBP you/PRP have/VB any/DT pets/NNS ?/.,,
sw07utt/sw_0711_3007.utt,3/sw3007,3007,2,ny,B,2,1,"Yes,  /","Yes/UH ,/,",,
sw07utt/sw_0711_3007.utt,3/sw3007,3007,3,sd^e,B,2,2,"[ I've had, + I have had ] a number of them  in my lifetime  /","I/PRP 've/VBP had/VBN ,/, I/PRP have/VBP had/VBN a/DT number/NN of/IN them/PRP in/IN my/PRP$ lifetime/NN",,
sw07utt/sw_0711_3007.utt,3/sw3007,3007,4,%,B,2,3,"{C and } I've, - /","and/CC I/PRP 've/VBP ,/,",,
sw07utt/sw_0711_3007.utt,3/sw3007,3007,5,sd,B,2,4,"I am a Golden retriever fan, /","I/PRP am/VBP a/DT Golden/NNP retriever/NN fan/NN ,/,",,
sw07utt/sw_0711_3007.utt,3/sw3007,3007,6,b,A,3,1,Oh. /,Oh/UH ./.,,
sw07utt/sw_0711_3007.utt,3/sw3007,3007,7,sd,B,4,1,{C but } I had to replace it with something that the kids could carry. /,but/CC I/PRP had/VBD to/TO replace/VB it/PRP with/IN something/NN that/WDT the/DT kids/NNS could/MD carry/VB ./.,,
sw07utt/sw_0711_3007.utt,3/sw3007,3007,8,b,A,5,1,Oh <laughter>. /,Oh/UH ./.,,
sw07utt/sw_0711_3007.utt,3/sw3007,3007,9,b,B,6,1,Yes.  /,Yes/UH ./.,,
sw07utt/sw_0711_3007.utt,3/sw3007,3007,10,b^r,B,6,2,Yes. /,Yes/UH ./.,,
sw07utt/sw_0711_3007.utt,3/sw3007,3007,11,bf,A,7,1,Instead of being carried <laughter>. /,Instead/RB of/IN being/VBG carried/VBN ./.,,
sw07utt/sw_0711_3007.utt,3/sw3007,3007,12,aa,B,8,1,"Yes,  /","Yes/UH ,/,",,
sw07utt/sw_0711_3007.utt,3/sw3007,3007,13,sd,B,8,2,"{D well, } they were, - /","well/UH ,/, they/PRP were/VBD ,/,",,
sw07utt/sw_0711_3007.utt,3/sw3007,3007,14,sd,B,8,3,"they really wanted  something teeny tiny,  /","they/PRP really/RB wanted/VBD something/NN teeny/RB tiny/JJ ,/,",,
sw07utt/sw_0711_3007.utt,3/sw3007,3007,15,sd,B,8,4,"{C and } I, {F uh, } really wanted that retriever's disposition.","and/CC I/PRP ,/, uh/UH ,/, really/RB wanted/VBD that/DT retriever/NN 's/POS disposition/NN ./.",,
sw07utt/sw_0711_3007.utt,3/sw3007,3007,16,b,A,9,1,Yeah. /,Yeah/UH ./.,,
sw07utt/sw_0711_3007.utt,3/sw3007,3007,17,+,B,10,1,"{F Uh, } the ultimate to tolerant, trainable disposition, /","Uh/UH ,/, the/DT ultimate/NN to/IN tolerant/JJ ,/, trainable/JJ disposition/NN ,/,",,
sw07utt/sw_0711_3007.utt,3/sw3007,3007,18,b,A,11,1,Really. /,Really/UH ./.,,
sw07utt/sw_0711_3007.utt,3/sw3007,3007,19,sd,B,12,1,{C so } I called <breathing> four or five dog trainers  because I don't like  the little dogs. /,so/RB I/PRP called/VBD four/CD or/CC five/CD dog/NN trainers/NNS because/IN I/PRP do/VBP n't/RB like/VB the/DT little/JJ dogs/NNS ./.,,
sw07utt/sw_0711_3007.utt,3/sw3007,3007,20,b,A,13,1,Uh-huh. /,Uh-huh/UH ./.,,
sw07utt/sw_0711_3007.utt,3/sw3007,3007,21,sd(^q),B,14,1,"[ {C And, } + {C and } ] I asked them, {D you know, } these are the ages of the kids, what do I get. /","And/CC ,/, and/CC I/PRP asked/VBD them/PRP ,/, you/PRP know/VBP ,/, these/DT are/VBP the/DT ages/NNS of/IN the/DT kids/NNS ,/, what/WP do/VBP I/PRP get/VB ./.",,
sw07utt/sw_0711_3007.utt,3/sw3007,3007,22,sd(^q),B,14,2,"{C And } they all said, Golden Retriever  /","And/CC they/PRP all/DT said/VBD ,/, Golden/NNP Retriever/NNP",,
sw07utt/sw_0711_3007.utt,3/sw3007,3007,23,sd(^q),B,14,3,"{C and } I said okay,","and/CC I/PRP said/VBD okay/UH ,/,",,
sw07utt/sw_0711_3007.utt,3/sw3007,3007,24,x,A,15,1,<Laughter>.,,,
sw07utt/sw_0711_3007.utt,3/sw3007,3007,25,+,B,16,1,put it under twenty pounds.  /,put/VB it/PRP under/IN twenty/CD pounds/NNS ./.,,
sw07utt/sw_0711_3007.utt,3/sw3007,3007,26,sd,B,16,2,"{C And } the only thing  that they could come up with was a Bichon Frize which is a, -/","And/CC the/DT only/JJ thing/NN that/WDT they/PRP could/MD come/VB up/RP with/IN was/VBD a/DT Bichon/NNP Frize/NNP which/WDT is/VBZ a/DT ,/,",,
sw07utt/sw_0711_3007.utt,3/sw3007,3007,27,b,A,17,1,Huh. /,Huh/UH ./.,,
sw07utt/sw_0711_3007.utt,3/sw3007,3007,28,qy,B,18,1,Do you know what that is? /,Do/VBP you/PRP know/VBP what/WP that/DT is/VBZ ?/.,,
sw07utt/sw_0711_3007.utt,3/sw3007,3007,29,ny,A,19,1,"Yes,  /","Yes/UH ,/,",,
sw07utt/sw_0711_3007.utt,3/sw3007,3007,30,sd^e,A,19,2,I've seen those.  /,I/PRP 've/VBP seen/VBN those/DT ./.,,
sw07utt/sw_0711_3007.utt,3/sw3007,3007,31,sv,A,19,3,They're cute. /,They/PRP 're/VBP cute/JJ ./.,,
sw07utt/sw_0711_3007.utt,3/sw3007,3007,32,sv^m,B,20,1,They're cute.  /,They/PRP 're/VBP cute/JJ ./.,,
sw07utt/sw_0711_3007.utt,3/sw3007,3007,33,sv,B,20,2,They look like an air headed  ((   ))   let me tell you. - /,They/PRP look/VBP like/IN an/DT air/GW headed/^JJ MUMBLEx/XX let/VB me/PRP tell/VB you/PRP ./.,,
sw07utt/sw_0711_3007.utt,3/sw3007,3007,34,sv,B,20,3,"They're calm, they're not  (( yuppie )) , they're trainable, they're, {F uh, } very personable in a different way that a Golden Retriever is.  /","They/PRP 're/VBP calm/JJ ,/, they/PRP 're/VBP not/RB yuppie/NN ,/, they/PRP 're/VBP trainable/JJ ,/, they/PRP 're/VBP ,/, uh/UH ,/, very/RB personable/JJ in/IN a/DT different/JJ way/NN that/WDT a/DT Golden/NNP Retriever/NNP is/VBZ ./.",,
sw07utt/sw_0711_3007.utt,3/sw3007,3007,35,sv,B,20,4,They're not dignified like a retriever can be. /,They/PRP 're/VBP not/RB dignified/JJ like/IN a/DT retriever/NN can/MD be/VB ./.,,
sw07utt/sw_0711_3007.utt,3/sw3007,3007,36,b,A,21,1,Uh-huh. /,Uh-huh/UH ./.,,
sw07utt/sw_0711_3007.utt,3/sw3007,3007,37,b,B,22,1,Yeah.  /,Yeah/UH ./.,,
sw07utt/sw_0711_3007.utt,3/sw3007,3007,38,qw,B,22,2,{C So } how old is your retriever? /,So/RB how/WRB old/JJ is/VBZ your/PRP$ retriever/NN ?/.,,
sw07utt/sw_0711_3007.utt,3/sw3007,3007,39,sd,A,23,1,"{F Oh, } she's about four.  /","Oh/UH ,/, she/PRP 's/BES about/RB four/CD ./.",,
sw07utt/sw_0711_3007.utt,3/sw3007,3007,40,sd,A,23,2,She's not completely pure.  /,She/PRP 's/BES not/RB completely/RB pure/JJ ./.,,
sw07utt/sw_0711_3007.utt,3/sw3007,3007,41,sd,A,23,3,"We got her from the, {F uh, } Humane Society when she was a puppy.  /","We/PRP got/VBD her/PRP from/IN the/DT ,/, uh/UH ,/, Humane/NNP Society/NNP when/WRB she/PRP was/VBD a/DT puppy/NN ./.",,
sw07utt/sw_0711_3007.utt,3/sw3007,3007,42,sd,A,23,4,"She looks like  a Gol-, - /","She/PRP looks/VBZ like/IN a/DT Gol-/NNP ,/,",,
sw07utt/sw_0711_3007.utt,3/sw3007,3007,43,sd,A,23,5,"she looks just like a Golden Retriever,  /","she/PRP looks/VBZ just/RB like/IN a/DT Golden/NNP Retriever/NNP ,/,",,
sw07utt/sw_0711_3007.utt,3/sw3007,3007,44,sd,A,23,6,{C but } she's a little bit smaller.  /,but/CC she/PRP 's/BES a/DT little/JJ bit/NN smaller/JJR ./.,,
sw07utt/sw_0711_3007.utt,3/sw3007,3007,45,sd,A,23,7,She's like fifty-five pounds. /,She/PRP 's/BES like/IN fifty-five/CD pounds/NNS ./.,,
sw07utt/sw_0711_3007.utt,3/sw3007,3007,46,sd,B,24,1,"{D Well, } {D actually, } {D you know, } that's the breed standard for females.  /","Well/UH ,/, actually/RB ,/, you/PRP know/VBP ,/, that/DT 's/BES the/DT breed/NN standard/NN for/IN females/NNS ./.",,
sw07utt/sw_0711_3007.utt,3/sw3007,3007,47,%,B,24,2,"What you, -/","What/WP you/PRP ,/,",,
sw07utt/sw_0711_3007.utt,3/sw3007,3007,48,qy,A,25,1,Is it? /,Is/VBZ it/PRP ?/.,,
sw07utt/sw_0711_3007.utt,3/sw3007,3007,49,ny,B,26,1,"yeah,  /","yeah/UH ,/,",,
sw07utt/sw_0711_3007.utt,3/sw3007,3007,50,sd^e,B,26,2,"what you see shown and bred now as Golden  Retrievers, this, {D you know, } plus eighty to a hundred pound range./","what/WP you/PRP see/VBP shown/VBN and/CC bred/VBN now/RB as/IN Golden/NNP Retrievers/NNPS ,/, this/DT ,/, you/PRP know/VBP ,/, plus/CC eighty/CD to/IN a/DT hundred/CD pound/NN range/NN ./.",,
sw07utt/sw_0711_3007.utt,3/sw3007,3007,51,b,A,27,1,Uh-huh. /,Uh-huh/UH ./.,,
sw07utt/sw_0711_3007.utt,3/sw3007,3007,52,sd,B,28,1,That is not breed standard. /,That/DT is/VBZ not/RB breed/NN standard/NN ./.,,
sw07utt/sw_0711_3007.utt,3/sw3007,3007,53,b,A,29,1,Huh. /,Huh/UH ./.,,
sw07utt/sw_0711_3007.utt,3/sw3007,3007,54,sd,B,30,1,Fifty-five is the minimum  /,Fifty-five/CD is/VBZ the/DT minimum/NN,,
sw07utt/sw_0711_3007.utt,3/sw3007,3007,55,sd,B,30,2,{C but } they usually run about sixty to sixty-five.  /,but/CC they/PRP usually/RB run/VBP about/RB sixty/CD to/IN sixty-five/CD ./.,,
sw07utt/sw_0711_3007.utt,3/sw3007,3007,56,sd,B,30,3,"{C And } the ones that are shown, they are inside that weight allowance. /","And/CC the/DT ones/NNS that/WDT are/VBP shown/VBN ,/, they/PRP are/VBP inside/IN that/DT weight/NN allowance/NN ./.",,
sw07utt/sw_0711_3007.utt,3/sw3007,3007,57,b,A,31,1,Uh-huh. /,Uh-huh/UH ./.,,
sw07utt/sw_0711_3007.utt,3/sw3007,3007,58,sd,B,32,1,"You cannot show your retriever if it's, {D you know, }  a hundred plus pounds. /","You/PRP can/MD not/RB show/VB your/PRP$ retriever/NN if/IN it/PRP 's/BES ,/, you/PRP know/VBP ,/, a/DT hundred/CD plus/CC pounds/NNS ./.",,
sw07utt/sw_0711_3007.utt,3/sw3007,3007,59,b,A,33,1,"{F Oh, } huh. /","Oh/UH ,/, huh/UH ./.",,
sw07utt/sw_0711_3007.utt,3/sw3007,3007,60,ad,B,34,1,"{C So } don't say she's small,","So/RB do/VBP n't/RB say/VB she/PRP 's/BES small/JJ ,/,",,
sw07utt/sw_0711_3007.utt,3/sw3007,3007,61,b,A,35,1,Yeah. /,Yeah/UH ./.,,
sw07utt/sw_0711_3007.utt,3/sw3007,3007,62,+,B,36,1,just say she's perfect. /,just/RB say/VBP she/PRP 's/BES perfect/JJ ./.,,
sw07utt/sw_0711_3007.utt,3/sw3007,3007,63,b^m,A,37,1,She's perfect.  /,She/PRP 's/BES perfect/JJ ./.,,
sw07utt/sw_0711_3007.utt,3/sw3007,3007,64,sd,A,37,2,"{D Well, } she's got a brown nose instead of black too. /","Well/UH ,/, she/PRP 's/HVS got/VBN a/DT brown/JJ nose/NN instead/IN of/IN black/JJ too/RB ./.",,
sw07utt/sw_0711_3007.utt,3/sw3007,3007,65,b,B,38,1,Uh-huh. /,Uh-huh/UH ./.,,
sw07utt/sw_0711_3007.utt,3/sw3007,3007,66,sd,A,39,1,"Which makes her, I guess, unshowable,","Which/WDT makes/VBZ her/PRP$ ,/, I/PRP guess/VBP ,/, unshowable/JJ ,/,",,
sw07utt/sw_0711_3007.utt,3/sw3007,3007,67,aa,B,40,1,Yep. /,Yep/UH ./.,,
sw07utt/sw_0711_3007.utt,3/sw3007,3007,68,+,A,41,1,even if she had papers which she doesn't  /,even/RB if/IN she/PRP had/VBD papers/NNS which/WDT she/PRP does/VBZ n't/RB,,
sw07utt/sw_0711_3007.utt,3/sw3007,3007,69,sd,A,41,2,"[ {C but, } + {C but } ]  we love her anyway.  /","but/CC ,/, but/CC we/PRP love/VBP her/PRP$ anyway/RB ./.",,
sw07utt/sw_0711_3007.utt,3/sw3007,3007,70,sd,A,41,3,She's just a lot of company to us.  /,She/PRP 's/BES just/RB a/DT lot/NN of/IN company/NN to/IN us/PRP ./.,,
sw07utt/sw_0711_3007.utt,3/sw3007,3007,71,%,A,41,4,"We didn't, - /","We/PRP did/VBD n't/RB ,/,",,
sw07utt/sw_0711_3007.utt,3/sw3007,3007,72,sd,A,41,5,we haven't had any kids  /,we/PRP have/VBP n't/RB had/VBN any/DT kids/NNS,,
sw07utt/sw_0711_3007.utt,3/sw3007,3007,73,sd,A,41,6,"{C and } we're expecting a baby this summer,  /","and/CC we/PRP 're/VBP expecting/VBG a/DT baby/NN this/DT summer/NN ,/,",,
sw07utt/sw_0711_3007.utt,3/sw3007,3007,74,sd,A,41,7,"{C but } up until then,  she's been our substitute kid  /","but/CC up/IN until/IN then/RB ,/, she/PRP 's/HVS been/VBN our/PRP$ substitute/NN kid/NN",,
sw07utt/sw_0711_3007.utt,3/sw3007,3007,75,sd,A,41,8,{C and } she was a lot of fun. /,and/CC she/PRP was/VBD a/DT lot/NN of/IN fun/NN ./.,,
sw07utt/sw_0711_3007.utt,3/sw3007,3007,76,sd,B,42,1,"{D Well, } [ they are, + they are ] the ultimate dog to  have around kids so long as your kid is not scared of a big dog,","Well/UH ,/, they/PRP are/VBP ,/, they/PRP are/VBP the/DT ultimate/JJ dog/NN to/TO have/VB around/IN kids/NNS so/RB long/RB as/IN your/PRP$ kid/NN is/VBZ not/RB scared/JJ of/IN a/DT big/JJ dog/NN ,/,",,
sw07utt/sw_0711_3007.utt,3/sw3007,3007,77,b,A,43,1,Right. /,Right/UH ./.,,
sw07utt/sw_0711_3007.utt,3/sw3007,3007,78,+,B,44,1,"because I had a retriever, actually I had a retriever  Irish Setter cross.","because/IN I/PRP had/VBD a/DT retriever/NN ,/, actually/RB I/PRP had/VBD a/DT retriever/NN Irish/NNP Setter/NNP cross/NN ./.",,
sw07utt/sw_0711_3007.utt,3/sw3007,3007,79,b,A,45,1,Oh. /,Oh/UH ./.,,
sw07utt/sw_0711_3007.utt,3/sw3007,3007,80,+,B,46,1,Which is a really nice animal  /,Which/WDT is/VBZ a/DT really/RB nice/JJ animal/NN,,
sw07utt/sw_0711_3007.utt,3/sw3007,3007,81,sd,B,46,2,{C and } fortunately it  was just like a retriever  /,and/CC fortunately/RB it/PRP was/VBD just/RB like/IN a/DT retriever/NN,,
sw07utt/sw_0711_3007.utt,3/sw3007,3007,82,sd,B,46,3,{C and then } I've had a retriever. /,and/CC then/RB I/PRP 've/VBP had/VBN a/DT retriever/NN ./.,,
sw07utt/sw_0711_3007.utt,3/sw3007,3007,83,sd,A,47,1,I bet it had a pretty coat too. /,I/PRP bet/VBP it/PRP had/VBD a/DT pretty/JJ coat/NN too/RB ./.,,
sw07utt/sw_0711_3007.utt,3/sw3007,3007,84,sd,B,48,1,It was gorgeous.  /,It/PRP was/VBD gorgeous/JJ ./.,,
sw07utt/sw_0711_3007.utt,3/sw3007,3007,85,sd^r,B,48,2,It was just gorgeous.    {E I mean } just gorgeous. /,It/PRP was/VBD just/RB gorgeous/JJ ./. I/PRP mean/VBP just/RB gorgeous/JJ ./.,,
sw07utt/sw_0711_3007.utt,3/sw3007,3007,86,sd,B,48,3,"{F Um, } {C and } they both, {D you know, } - /","Um/UH ,/, and/CC they/PRP both/DT ,/, you/PRP know/VBP ,/,",,
sw07utt/sw_0711_3007.utt,3/sw3007,3007,87,sd,B,48,4,"both the half breed and the pure breed  had [ the, + ] {F uh, } what I consider [ the, + the, ] the perfect disposition.  /","both/DT the/DT half/JJ breed/NN and/CC the/DT pure/JJ breed/NN had/VBD the/DT ,/, uh/UH ,/, what/WP I/PRP consider/VBP the/DT ,/, the/DT ,/, the/DT perfect/JJ disposition/NN ./.",,
sw07utt/sw_0711_3007.utt,3/sw3007,3007,88,qh,B,48,5,"{C But } [ you know what, + you know what ] scares me about Golden Retrievers? /","But/CC you/PRP know/VBP what/WP ,/, you/PRP know/VBP what/WP scares/VBZ me/PRP about/IN Golden/NNP Retrievers/NNPS ?/.",,
sw07utt/sw_0711_3007.utt,3/sw3007,3007,89,o@,A,49,1,Huh-uh.   *[[ slash error ]],Huh-uh/UH ./.,,
sw07utt/sw_0711_3007.utt,3/sw3007,3007,90,sd,B,50,1,Since they've become so popular you get what I call backyard breeders.,Since/IN they/PRP 've/VBP become/VBN so/RB popular/JJ you/PRP get/VBP what/WP I/PRP call/VBP backyard/NN breeders/NNS ./.,,
sw07utt/sw_0711_3007.utt,3/sw3007,3007,91,+@,A,51,1,Yeah. /  *[[ slash error ]],Yeah/UH ./.,,
sw07utt/sw_0711_3007.utt,3/sw3007,3007,92,+,B,52,1,"Which is probably where yours came from.   People that don't know what they're doing, and they breed them, {D you know, } for a certain characteristic.  /","Which/WDT is/VBZ probably/RB where/WRB yours/PRP$ came/VBD from/RB ./. People/NNS that/WDT do/VBP n't/RB know/VB what/WP they/PRP 're/VBP doing/VBG ,/, and/CC they/PRP breed/VBP them/PRP ,/, you/PRP know/VBP ,/, for/IN a/DT certain/JJ characteristic/NN ./.",,
sw07utt/sw_0711_3007.utt,3/sw3007,3007,93,sd,B,52,2,"{C And } in the retrievers it happens to be they like them big,  for somehow big is perceived as the better.  /","And/CC in/IN the/DT retrievers/NNS it/PRP happens/VBZ to/TO be/VB they/PRP like/VBP them/PRP big/JJ ,/, for/IN somehow/RB big/JJ is/VBZ perceived/VBN as/IN the/DT better/JJ ./.",,
sw07utt/sw_0711_3007.utt,3/sw3007,3007,94,sd,B,52,3,"{C And } when you start doing  that you really tamper with, {D you know, } [ the, + ] all [ the, + the ]  years of, {F uh, } culling litters  /","And/CC when/WRB you/PRP start/VBP doing/VBG that/DT you/PRP really/RB tamper/VBP with/IN ,/, you/PRP know/VBP ,/, the/DT ,/, all/PDT the/DT ,/, the/DT years/NNS of/IN ,/, uh/UH ,/, culling/VBG litters/NNS",,
sw07utt/sw_0711_3007.utt,3/sw3007,3007,95,sd,B,52,4,"[ {C and, } + {C and, } ] {F uh, } you tamper with what the dog innately is. /","and/CC ,/, and/CC ,/, uh/UH ,/, you/PRP tamper/VBP with/IN what/WP the/DT dog/NN innately/RB is/VBZ ./.",,
sw07utt/sw_0711_3007.utt,3/sw3007,3007,96,b,A,53,1,Yeah. /,Yeah/UH ./.,,
sw07utt/sw_0711_3007.utt,3/sw3007,3007,97,%,B,54,1,"We w-, - /","We/PRP w-/XX ,/,",,
sw07utt/sw_0711_3007.utt,3/sw3007,3007,98,%,B,54,2,"when I was, - /","when/WRB I/PRP was/VBD ,/,",,
sw07utt/sw_0711_3007.utt,3/sw3007,3007,99,sd,B,54,3,"when I bought my last purebred retriever {E I mean } I looked all over because I wanted one that still looked like a retriever,  {D you know, } the short to the ground, stocky, golden, {F uh, }  trainable, tractable, quiet --","when/WRB I/PRP bought/VBD my/PRP$ last/RB purebred/NN retriever/NN I/PRP mean/VBP I/PRP looked/VBD all/DT over/RB because/IN I/PRP wanted/VBD one/CD that/WDT still/RB looked/VBD like/IN a/DT retriever/NN ,/, you/PRP know/VBP ,/, the/DT short/JJ to/IN the/DT ground/NN ,/, stocky/JJ ,/, golden/JJ ,/, uh/UH ,/, trainable/JJ ,/, tractable/JJ ,/, quiet/JJ --/:",,
sw07utt/sw_0711_3007.utt,3/sw3007,3007,100,b,A,55,1,Right. /,Right/UH ./.,,
sw07utt/sw_0711_3007.utt,3/sw3007,3007,101,+,B,56,1,-- animal that could hunt and still be in the house.  /,--/: animal/NN that/WDT could/MD hunt/VB and/CC still/RB be/VB in/IN the/DT house/NN ./.,,
sw07utt/sw_0711_3007.utt,3/sw3007,3007,102,sd,B,56,2,"{C And } I ended up getting one that, {F uh, } came out of [ [ a, + a, ] + a ]  hunting stock --","And/CC I/PRP ended/VBD up/RP getting/VBG one/CD that/WDT ,/, uh/UH ,/, came/VBD out/IN of/IN a/DT ,/, a/DT ,/, a/DT hunting/NN stock/NN --/:",,
sw07utt/sw_0711_3007.utt,3/sw3007,3007,103,b,A,57,1,Oh. /,Oh/UH ./.,,
sw07utt/sw_0711_3007.utt,3/sw3007,3007,104,+,B,58,1,-- because I wanted one that could still  perform like a retriever did.  /,--/: because/IN I/PRP wanted/VBD one/CD that/WDT could/MD still/RB perform/VB like/IN a/DT retriever/NN did/VBD ./.,,
sw07utt/sw_0711_3007.utt,3/sw3007,3007,105,sd,B,58,2,"{C And } I've seen an awful lot of <whispering> lately really [ dumb, +","And/CC I/PRP 've/VBP seen/VBN an/DT awful/JJ lot/NN of/IN lately/RB really/RB dumb/JJ ,/,",,
sw07utt/sw_0711_3007.utt,3/sw3007,3007,106,x,A,59,1,<Laughter>.,,,
sw07utt/sw_0711_3007.utt,3/sw3007,3007,107,+,B,60,1,dumb ] retrievers  /,dumb/JJ retrievers/NNS,,
sw07utt/sw_0711_3007.utt,3/sw3007,3007,108,sd,B,60,2,"{C and } I'm, {C and } I really fear for the breed because I love that breed, /","and/CC I/PRP 'm/VBP ,/, and/CC I/PRP really/RB fear/VBP for/IN the/DT breed/NN because/IN I/PRP love/VBP that/DT breed/NN ,/,",,
sw07utt/sw_0711_3007.utt,3/sw3007,3007,109,b,A,61,1,Yeah. /,Yeah/UH ./.,,
sw07utt/sw_0711_3007.utt,3/sw3007,3007,110,sd,B,62,1,{C but } I really figure right when it becomes really popular that it's <breathing> going to be ruined. /,but/CC I/PRP really/RB figure/VBP right/UH when/WRB it/PRP becomes/VBZ really/RB popular/JJ that/IN it/PRP 's/BES going/VBG to/TO be/VB ruined/VBN ./.,,
sw07utt/sw_0711_3007.utt,3/sw3007,3007,111,sd,A,63,1,We have some friends with a brother and sister Golden retriever  /,We/PRP have/VBP some/DT friends/NNS with/IN a/DT brother/NN and/CC sister/NN Golden/NNP retriever/NN,,
sw07utt/sw_0711_3007.utt,3/sw3007,3007,112,sd,A,63,2,"{C and } those dogs have been having seizures,  /","and/CC those/DT dogs/NNS have/VBP been/VBN having/VBG seizures/NNS ,/,",,
sw07utt/sw_0711_3007.utt,3/sw3007,3007,113,sd,A,63,3,{C and } I wonder since both of them are having them if it's some kind of breeding --,and/CC I/PRP wonder/VBP since/IN both/DT of/IN them/PRP are/VBP having/VBG them/PRP if/IN it/PRP 's/BES some/DT kind/NN of/IN breeding/NN --/:,,
sw07utt/sw_0711_3007.utt,3/sw3007,3007,114,aa,B,64,1,"{F Oh, } yeah. /","Oh/UH ,/, yeah/UH ./.",,
sw07utt/sw_0711_3007.utt,3/sw3007,3007,115,+,A,65,1,-- problem. /,--/: problem/NN ./.,,
sw07utt/sw_0711_3007.utt,3/sw3007,3007,116,aa,B,66,1,You bet you.  /,You/PRP bet/VBP you/PRP ./.,,
sw07utt/sw_0711_3007.utt,3/sw3007,3007,117,aa^r,B,66,2,You bet you.  /,You/PRP bet/VBP you/PRP ./.,,
sw07utt/sw_0711_3007.utt,3/sw3007,3007,118,qy^d,B,66,3,"You know how they came up with the retriever, don't you, the Golden? /","You/PRP know/VBP how/WRB they/PRP came/VBD up/RP with/IN the/DT retriever/NN ,/, do/VBP n't/RB you/PRP ,/, the/DT Golden/NNP ?/.",,
sw07utt/sw_0711_3007.utt,3/sw3007,3007,119,nn,A,67,1,Huh-uh. /,Huh-uh/UH ./.,,
sw07utt/sw_0711_3007.utt,3/sw3007,3007,120,sd,B,68,1,"It was bred out of several different retrievers,  /","It/PRP was/VBD bred/VBN out/IN of/IN several/JJ different/JJ retrievers/NNS ,/,",,
sw07utt/sw_0711_3007.utt,3/sw3007,3007,121,sd,B,68,2,"{C and } they bred it for companionship and, {F uh, } {F uh, } disposition [ and, + and ]  ability to hunt.  /","and/CC they/PRP bred/VBD it/PRP for/IN companionship/NN and/CC ,/, uh/UH ,/, uh/UH ,/, disposition/NN and/CC ,/, and/CC ability/NN to/TO hunt/VB ./.",,
sw07utt/sw_0711_3007.utt,3/sw3007,3007,122,sd,B,68,3,It was kept only by kings. /,It/PRP was/VBD kept/VBN only/RB by/IN kings/NNS ./.,,
sw07utt/sw_0711_3007.utt,3/sw3007,3007,123,b,A,69,1,Oh. /,Oh/UH ./.,,
sw07utt/sw_0711_3007.utt,3/sw3007,3007,124,sd,B,70,1,"{C But } they selectively culled those litters, {E I mean, }  for many hundreds of years  /","But/CC they/PRP selectively/RB culled/VBD those/DT litters/NNS ,/, I/PRP mean/VBP ,/, for/IN many/JJ hundreds/NNS of/IN years/NNS",,
sw07utt/sw_0711_3007.utt,3/sw3007,3007,125,sd,B,70,2,"{C and } since it slept in the castle  with its master,  (( {E I mean } ))  [ it had, + it had ] to be of a disposition <breathing> to make  it, {D you know, } an animal you could keep around that closely.  /","and/CC since/IN it/PRP slept/VBD in/IN the/DT castle/NN with/IN its/PRP$ master/NN ,/, I/PRP mean/VBP it/PRP had/VBD ,/, it/PRP had/VBD to/TO be/VB of/IN a/DT disposition/NN to/TO make/VB it/PRP ,/, you/PRP know/VBP ,/, an/DT animal/NN you/PRP could/MD keep/VB around/IN that/RB closely/RB ./.",,
sw07utt/sw_0711_3007.utt,3/sw3007,3007,126,sd,B,70,3,{C But } they would go  through all the litters and destroy the puppies if they were anything other than perfect.  /,But/CC they/PRP would/MD go/VB through/IN all/PDT the/DT litters/NNS and/CC destroy/VB the/DT puppies/NNS if/IN they/PRP were/VBD anything/NN other/JJ than/IN perfect/JJ ./.,,
sw07utt/sw_0711_3007.utt,3/sw3007,3007,127,sd,B,70,4,"Now, {D you know, } that seems like a cruel thing to do. /","Now/RB ,/, you/PRP know/VBP ,/, that/DT seems/VBZ like/IN a/DT cruel/JJ thing/NN to/TO do/VB ./.",,
sw07utt/sw_0711_3007.utt,3/sw3007,3007,128,b,A,71,1,Yeah. /,Yeah/UH ./.,,
sw07utt/sw_0711_3007.utt,3/sw3007,3007,129,sv,B,72,1,"On the other hand, [ you sure, + ] {D you know, } they sure created [ a, + a ] wonderful breed,","On/IN the/DT other/JJ hand/NN ,/, you/PRP sure/RB ,/, you/PRP know/VBP ,/, they/PRP sure/RB created/VBD a/DT ,/, a/DT wonderful/JJ breed/NN ,/,",,
sw07utt/sw_0711_3007.utt,3/sw3007,3007,130,aa,A,73,1,Yeah.  /,Yeah/UH ./.,,
sw07utt/sw_0711_3007.utt,3/sw3007,3007,131,sv,A,73,2,They did. /,They/PRP did/VBD ./.,,
sw07utt/sw_0711_3007.utt,3/sw3007,3007,132,+,B,74,1,{E I mean } a wonderful breed. /,I/PRP mean/VBP a/DT wonderful/JJ breed/NN ./.,,
sw07utt/sw_0711_3007.utt,3/sw3007,3007,133,sd,A,75,1,"[ I, + I ] had never really had a Golden retriever before.  /","I/PRP ,/, I/PRP had/VBD never/RB really/RB had/VBN a/DT Golden/NNP retriever/NN before/RB ./.",,
sw07utt/sw_0711_3007.utt,3/sw3007,3007,134,sd,A,75,2,We were going to get a shepherd and something  mixed because my husband's family had had shepherds  /,We/PRP were/VBD going/VBG to/TO get/VB a/DT shepherd/NN and/CC something/NN mixed/JJ because/IN my/PRP$ husband/NN 's/POS family/NN had/VBD had/VBN shepherds/NNS,,
sw07utt/sw_0711_3007.utt,3/sw3007,3007,135,%,A,75,3,"{C and } all the other, - /","and/CC all/PDT the/DT other/NN ,/,",,
sw07utt/sw_0711_3007.utt,3/sw3007,3007,136,sd,A,75,4,"we looked at some of the  shepherd mixes and the puppies weren't very, {F uh, } social and stuff. /","we/PRP looked/VBD at/IN some/DT of/IN the/DT shepherd/NN mixes/NNS and/CC the/DT puppies/NNS were/VBD n't/RB very/RB ,/, uh/UH ,/, social/NN and/CC stuff/NN ./.",,
sw07utt/sw_0711_3007.utt,3/sw3007,3007,137,b,B,76,1,Uh-huh. /,Uh-huh/UH ./.,,
sw07utt/sw_0711_3007.utt,3/sw3007,3007,138,sd,A,77,1,{C And } we went to a pen of a little bit bigger dogs  /,And/CC we/PRP went/VBD to/IN a/DT pen/NN of/IN a/DT little/JJ bit/NN bigger/JJR dogs/NNS,,
sw07utt/sw_0711_3007.utt,3/sw3007,3007,139,sd,A,77,2,{C and } all the others were standing there barking and jumping up and down.  /,and/CC all/PDT the/DT others/NNS were/VBD standing/VBG there/RB barking/VBG and/CC jumping/VBG up/IN and/CC down/IN ./.,,
sw07utt/sw_0711_3007.utt,3/sw3007,3007,140,sd,A,77,3,{C And } one dog  would stand there wagging her tail and smiling <laughter>.  /,And/CC one/CD dog/NN would/MD stand/VB there/RB wagging/VBG her/PRP$ tail/NN and/CC smiling/VBG ./.,,
sw07utt/sw_0711_3007.utt,3/sw3007,3007,141,sd,A,77,4,"{C And } that,","And/CC that/DT ,/,",,
sw07utt/sw_0711_3007.utt,3/sw3007,3007,142,sd,B,78,1,"{D Well, } I tell you,","Well/UH ,/, I/PRP tell/VBP you/PRP ,/,",,
sw07utt/sw_0711_3007.utt,3/sw3007,3007,143,+,A,79,1,was mine. /,was/VBD mine/PRP ./.,,
sw07utt/sw_0711_3007.utt,3/sw3007,3007,144,+,B,80,1,"{D you know } [ the, + the ] German shepherd is the classic case of what I'm talking about because in America that's called a Rin Tin Tin phenomena. /","you/PRP know/VBP the/DT ,/, the/DT German/NNP shepherd/NN is/VBZ the/DT classic/JJ case/NN of/IN what/WP I/PRP 'm/VBP talking/VBG about/IN because/IN in/IN America/NNP that/DT 's/BES called/VBN a/DT Rin/NNP Tin/NNP Tin/NNP phenomena/NN ./.",,
sw07utt/sw_0711_3007.utt,3/sw3007,3007,145,b,A,81,1,Uh-huh. /,Uh-huh/UH ./.,,
sw07utt/sw_0711_3007.utt,3/sw3007,3007,146,sd,B,82,1,Only in America is there a dog called a German Shepherd. /,Only/RB in/IN America/NNP is/VBZ there/EX a/DT dog/NN called/VBN a/DT German/NNP Shepherd/NNP ./.,,
sw07utt/sw_0711_3007.utt,3/sw3007,3007,147,bh,A,83,1,"{F Oh, } really? /","Oh/UH ,/, really/UH ?/.",,
sw07utt/sw_0711_3007.utt,3/sw3007,3007,148,sd,B,84,1,"That dog is bred out of three European dogs. The Belgian Tervurien, a German Skutzhund, and a <<speaker makes a grunt>>, I always forget the third one.  I can see it.  /","That/DT dog/NN is/VBZ bred/VBN out/IN of/IN three/CD European/JJ dogs/NNS ./. The/DT Belgian/NNP Tervurien/NNP ,/, a/DT German/NNP Skutzhund/NNP ,/, and/CC a/DT ,/, I/PRP always/RB forget/VBP the/DT third/JJ one/NN ./. I/PRP can/MD see/VB it/PRP ./.",,
sw07utt/sw_0711_3007.utt,3/sw3007,3007,149,%,B,84,2,"{F Uh, } {F uh, } i-, - /","Uh/UH ,/, uh/UH ,/, i-/XX ,/,",,
sw07utt/sw_0711_3007.utt,3/sw3007,3007,150,sd,B,84,3,{C but } the third  one is a children's dog. /,but/CC the/DT third/JJ one/CD is/VBZ a/DT children/NNS 's/POS dog/NN ./.,,
sw07utt/sw_0711_3007.utt,3/sw3007,3007,151,b,A,85,1,Oh. /,Oh/UH ./.,,
sw07utt/sw_0711_3007.utt,3/sw3007,3007,152,sd,B,86,1,{C And } there are distinct breeds in Europe.  /,And/CC there/EX are/VBP distinct/JJ breeds/NNS in/IN Europe/NNP ./.,,
sw07utt/sw_0711_3007.utt,3/sw3007,3007,153,sd,B,86,2,"Now what happened over here was is that people saw [ the, + the ]  first, {F um, } which would actually have been a Skutzhund which is what Rin Tin Tin was. /","Now/RB what/WP happened/VBD over/IN here/RB was/VBD is/VBZ that/IN people/NNS saw/VBD the/DT ,/, the/DT first/JJ ,/, um/UH ,/, which/WDT would/MD actually/RB have/VB been/VBN a/DT Skutzhund/NNP which/WDT is/VBZ what/WP Rin/NNP Tin/NNP Tin/NNP was/VBD ./.",,
sw07utt/sw_0711_3007.utt,3/sw3007,3007,154,b,A,87,1,Uh-huh. /,Uh-huh/UH ./.,,
sw07utt/sw_0711_3007.utt,3/sw3007,3007,155,sd,B,88,1,{C And } everybody wanted Rin Tin Tin. /,And/CC everybody/NN wanted/VBD Rin/NNP Tin/NNP Tin/NNP ./.,,
sw07utt/sw_0711_3007.utt,3/sw3007,3007,156,x,A,89,1,<Laughter>.,,,
sw07utt/sw_0711_3007.utt,3/sw3007,3007,157,sd,B,90,1,{C And } it was known as a German shepherd here.  /,And/CC it/PRP was/VBD known/VBN as/IN a/DT German/NNP shepherd/NN here/RB ./.,,
sw07utt/sw_0711_3007.utt,3/sw3007,3007,158,sd,B,90,2,{C So } they created a breed standard.  The American Kennel Club did. /,So/RB they/PRP created/VBD a/DT breed/NN standard/NN ./. The/DT American/NNP Kennel/NNP Club/NNP did/VBD ./.,,
sw07utt/sw_0711_3007.utt,3/sw3007,3007,159,b,A,91,1,Oh. /,Oh/UH ./.,,
sw07utt/sw_0711_3007.utt,3/sw3007,3007,160,sd,B,92,1,"That said anything that is a Skutzhund, [ a, + a ] Tervurien and, {F uh, } [ Alsatian + {A that's the other one. } Alsatian, ] any inner breeding of that can be called a German shepherd here. /","That/DT said/VBD anything/NN that/WDT is/VBZ a/DT Skutzhund/NNP ,/, a/DT ,/, a/DT Tervurien/NNP and/CC ,/, uh/UH ,/, Alsatian/NNP that/DT 's/BES the/DT other/JJ one/NN ./. Alsatian/NNP ,/, any/DT inner/JJ breeding/NN of/IN that/DT can/MD be/VB called/VBN a/DT German/NNP shepherd/NN here/RB ./.",,
sw07utt/sw_0711_3007.utt,3/sw3007,3007,161,b,A,93,1,Huh. /,Huh/UH ./.,,
sw07utt/sw_0711_3007.utt,3/sw3007,3007,162,sd,B,94,1,"{C And } what happened is, is that people wanted this shepherd to shepherd and  protect.  /","And/CC what/WP happened/VBD is/VBZ ,/, is/VBZ that/IN people/NNS wanted/VBD this/DT shepherd/NN to/TO shepherd/VB and/CC protect/VB ./.",,
sw07utt/sw_0711_3007.utt,3/sw3007,3007,163,sd,B,94,2,"{C And } they bred a dog that  [ I th-, + ] it's called  [ a, + ] an animal's critical span which basically translates to how much shit will it  take before it bites you. /","And/CC they/PRP bred/VBD a/DT dog/NN that/WDT I/PRP th-/XX ,/, it/PRP 's/BES called/VBN a/DT ,/, an/DT animal/NN 's/POS critical/JJ span/NN which/WDT basically/RB translates/VBZ to/IN how/WRB much/JJ shit/NN will/MD it/PRP take/VB before/IN it/PRP bites/VBZ you/PRP ./.",,
sw07utt/sw_0711_3007.utt,3/sw3007,3007,164,x,A,95,1,<Laughter>.,,,
sw07utt/sw_0711_3007.utt,3/sw3007,3007,165,sd,B,96,1,"That German shepherd, the American German Shepherd here was [ a, a, a + ] such an unreliable animal that the American Seeing Eye Institute --","That/DT German/NNP shepherd/NN ,/, the/DT American/NNP German/NNP Shepherd/NNP here/RB was/VBD a/DT ,/, a/DT ,/, a/DT such/PDT an/DT unreliable/JJ animal/NN that/IN the/DT American/NNP Seeing/NNP Eye/NNP Institute/NNP --/:",,
sw07utt/sw_0711_3007.utt,3/sw3007,3007,166,b,A,97,1,Uh-huh. /,Uh-huh/UH ./.,,
sw07utt/sw_0711_3007.utt,3/sw3007,3007,167,+,B,98,1,"-- refused to use them,","--/: refused/VBD to/TO use/VB them/PRP ,/,",,
sw07utt/sw_0711_3007.utt,3/sw3007,3007,168,b,A,99,1,Huh. /,Huh/UH ./.,,
sw07utt/sw_0711_3007.utt,3/sw3007,3007,169,+,B,100,1,"because they would turn [ on th-, + on their ] handlers. /","because/IN they/PRP would/MD turn/VB on/IN th-/PRP$ ,/, on/IN their/PRP$ handlers/NNS ./.",,
sw07utt/sw_0711_3007.utt,3/sw3007,3007,170,b,A,101,1,Uh-huh. /,Uh-huh/UH ./.,,
sw07utt/sw_0711_3007.utt,3/sw3007,3007,171,sd,B,102,1,"{C And } even, {F um, } {F uh, } police corps which started, {D you know, } finding other breeds to use because [ this thing, + [ this, + this ] thing ]  known as a German shepherd here, its personality and its dependability and its reliability  was just terrible.  /","And/CC even/RB ,/, um/UH ,/, uh/UH ,/, police/NN corps/NNS which/WDT started/VBD ,/, you/PRP know/VBP ,/, finding/VBG other/JJ breeds/NNS to/TO use/VB because/IN this/DT thing/NN ,/, this/DT ,/, this/DT thing/NN known/VBN as/IN a/DT German/NNP shepherd/NN here/RB ,/, its/PRP$ personality/NN and/CC its/PRP$ dependability/NN and/CC its/PRP$ reliability/NN was/VBD just/RB terrible/JJ ./.",,
sw07utt/sw_0711_3007.utt,3/sw3007,3007,172,sd,B,102,2,{C So } about fifteen years ago the German Shepherd  Club of America decided amongst themselves that they were going to change this.  /,So/RB about/RB fifteen/CD years/NNS ago/RB the/DT German/NNP Shepherd/NNP Club/NNP of/IN America/NNP decided/VBD amongst/IN themselves/PRP that/IN they/PRP were/VBD going/VBG to/TO change/VB this/DT ./.,,
sw07utt/sw_0711_3007.utt,3/sw3007,3007,173,sd,B,102,3,{C So } they went back to Europe and brought back some good examples of each  of the three breeds --,So/RB they/PRP went/VBD back/RB to/IN Europe/NNP and/CC brought/VBN back/RB some/DT good/JJ examples/NNS of/IN each/DT of/IN the/DT three/CD breeds/NNS --/:,,
sw07utt/sw_0711_3007.utt,3/sw3007,3007,174,b,A,103,1,Uh-huh. /,Uh-huh/UH ./.,,
sw07utt/sw_0711_3007.utt,3/sw3007,3007,175,+,B,104,1,"-- and bred to a standard what they wanted an American German shepherd to be.  Which is a very heavily now Skutzhund and Alsatian,  /","--/: and/CC bred/VBN to/IN a/DT standard/NN what/WP they/PRP wanted/VBD an/DT American/NNP German/NNP shepherd/NNP to/TO be/VB ./. Which/WDT is/VBZ a/DT very/RB heavily/RB now/RB Skutzhund/NNP and/CC Alsatian/NNP ,/,",,
sw07utt/sw_0711_3007.utt,3/sw3007,3007,176,sd,B,104,2,{C and } it's the Alsatian that's the kid's dog.  /,and/CC it/PRP 's/BES the/DT Alsatian/NNP that/WDT 's/BES the/DT kid/NN 's/POS dog/NN ./.,,
sw07utt/sw_0711_3007.utt,3/sw3007,3007,177,%,B,104,3,"It's just, - /","It/PRP 's/BES just/RB ,/,",,
sw07utt/sw_0711_3007.utt,3/sw3007,3007,178,sd,B,104,4,you see them in Europe  /,you/PRP see/VBP them/PRP in/IN Europe/NNP,,
sw07utt/sw_0711_3007.utt,3/sw3007,3007,179,sv,B,104,5,{C and } they're just lovely. /,and/CC they/PRP 're/VBP just/RB lovely/JJ ./.,,
sw07utt/sw_0711_3007.utt,3/sw3007,3007,180,b,A,105,1,Huh. /,Huh/NNP ./.,,
sw07utt/sw_0711_3007.utt,3/sw3007,3007,181,sd,B,106,1,"{C But } you'll see, - /","But/CC you/PRP 'll/MD see/VB ,/,",,
sw07utt/sw_0711_3007.utt,3/sw3007,3007,182,sd(^q),B,106,2,"{E I mean, } if you ever start looking in papers now and you start seeing these ads for German Shepherds, they will say on them, bred for disposition, A K C  (( conforming ))  --","I/PRP mean/VBP ,/, if/IN you/PRP ever/RB start/VBP looking/VBG in/IN papers/NNS now/RB and/CC you/PRP start/VBP seeing/VBG these/DT ads/NNS for/IN German/NNP Shepherds/NNPS ,/, they/PRP will/MD say/VB on/IN them/PRP ,/, bred/VBN for/IN disposition/NN ,/, A/NNP K/NNP C/NNP conforming/JJ --/:",,
sw07utt/sw_0711_3007.utt,3/sw3007,3007,183,b,A,107,1,Huh. /,Huh/UH ./.,,
sw07utt/sw_0711_3007.utt,3/sw3007,3007,184,+,B,108,1,-- which means that their advertising that this is no longer an indiscriminate dog.  /,--/: which/WDT means/VBZ that/IN their/PRP$ advertising/NN that/IN this/DT is/VBZ no/RB longer/RB an/DT indiscriminate/JJ dog/NN ./.,,
sw07utt/sw_0711_3007.utt,3/sw3007,3007,185,sd,B,108,2,"This is bred for, - /","This/WDT is/VBZ bred/VBN for/IN ,/,",,
sw07utt/sw_0711_3007.utt,3/sw3007,3007,186,sd,B,108,3,"{C and } they had to  go through and destroy [ a, + ] for a while there, about seventy-five percent of  their puppies that they bred. /","and/CC they/PRP had/VBD to/TO go/VB through/IN and/CC destroy/VB a/DT ,/, for/IN a/DT while/NN there/RB ,/, about/RB seventy-five/CD percent/NN of/IN their/PRP$ puppies/NNS that/WDT they/PRP bred/VBD ./.",,
sw07utt/sw_0711_3007.utt,3/sw3007,3007,187,ba,A,109,1,Wow. /,Wow/UH ./.,,
sw07utt/sw_0711_3007.utt,3/sw3007,3007,188,sd,B,110,1,{C Because } they were looking for this disposition.  /,Because/IN they/PRP were/VBD looking/VBG for/IN this/DT disposition/NN ./.,,
sw07utt/sw_0711_3007.utt,3/sw3007,3007,189,sd,B,110,2,"{C And } nowadays [ [ you, + you'll ] get, + you'll get ] a dog trainer to recommend a specific, {D you know, } breeder handler.  /","And/CC nowadays/RB you/PRP ,/, you/PRP 'll/MD get/VB ,/, you/PRP 'll/MD get/VB a/DT dog/NN trainer/NN to/TO recommend/VB a/DT specific/JJ ,/, you/PRP know/VBP ,/, breeder/NN handler/NN ./.",,
sw07utt/sw_0711_3007.utt,3/sw3007,3007,190,sd,B,110,3,They will recommend their  shepherds as a children's dog. /,They/PRP will/MD recommend/VB their/PRP$ shepherds/NNS as/IN a/DT children/NNS 's/POS dog/NN ./.,,
sw07utt/sw_0711_3007.utt,3/sw3007,3007,191,b,A,111,1,Huh. /,Huh/UH ./.,,
sw07utt/sw_0711_3007.utt,3/sw3007,3007,192,%,B,112,1,{C But } ... -/,But/CC .../:,,
