swda_filename,ptb_basename,conversation_no,transcript_index,act_tag,caller,utterance_index,subutterance_index,text,pos,trees,ptb_treenumbers
sw07utt/sw_0751_2793.utt,2/sw2793,2793,0,sd,B,1,1,"{F Uh, } {D you know, } [ I, + when I ] was much  younger, {F uh, } than I am now, [ I, + I ] had wanted to go to the Peace Corps  /","Uh/UH ,/, you/PRP know/VBP ,/, I/PRP ,/, when/WRB I/PRP was/VBD much/RB younger/JJR ,/, uh/UH ,/, than/IN I/PRP am/VBP now/RB ,/, I/PRP ,/, I/PRP had/VBD wanted/VBN to/TO go/VB to/IN the/DT Peace/NNP Corps/NNP",,
sw07utt/sw_0751_2793.utt,2/sw2793,2793,1,sd,B,1,2,"{C and, } {F uh, }  it seems like [ [ I, + it, ] + it ] was something that [ I, + I ] really [ wanted, + wanted ] to do. /","and/CC ,/, uh/UH ,/, it/PRP seems/VBZ like/IN I/PRP ,/, it/PRP ,/, it/PRP was/VBD something/NN that/WDT I/PRP ,/, I/PRP really/RB wanted/VBD ,/, wanted/VBD to/TO do/VB ./.",,
sw07utt/sw_0751_2793.utt,2/sw2793,2793,2,ad^c,A,2,1,"Can you speak up, please. /","Can/MD you/PRP speak/VB up/RP ,/, please/UH ./.",,
sw07utt/sw_0751_2793.utt,2/sw2793,2793,3,sd,B,3,1,Seems like wanting to go to the Peace Corps was something that I had really wanted to do when I was young. /,Seems/VBZ like/IN wanting/VBG to/TO go/VB to/IN the/DT Peace/NNP Corps/NNP was/VBD something/NN that/WDT I/PRP had/VBD really/RB wanted/VBN to/TO do/VB when/WRB I/PRP was/VBD young/JJ ./.,,
sw07utt/sw_0751_2793.utt,2/sw2793,2793,4,b,A,4,1,Yes. /,Yes/UH ./.,,
sw07utt/sw_0751_2793.utt,2/sw2793,2793,5,sv,B,5,1,"{C But, } {F uh, } I don't believe they accept you  [ after you, + {D you know, } after you're ] married  /","But/CC ,/, uh/UH ,/, I/PRP do/VBP n't/RB believe/VB they/PRP accept/VBP you/PRP after/IN you/PRP ,/, you/PRP know/VBP ,/, after/IN you/PRP 're/VBP married/VBN",,
sw07utt/sw_0751_2793.utt,2/sw2793,2793,6,sv,B,5,2,"{C and } you have, {F uh, } kids and all that  /","and/CC you/PRP have/VBP ,/, uh/UH ,/, kids/NNS and/CC all/DT that/DT",,
sw07utt/sw_0751_2793.utt,2/sw2793,2793,7,sd,B,5,3,"{C so } I got into,","so/IN I/PRP got/VBD into/IN ,/,",,
sw07utt/sw_0751_2793.utt,2/sw2793,2793,8,b,A,6,1,"{F Uh, } /","Uh/UH ,/,",,
sw07utt/sw_0751_2793.utt,2/sw2793,2793,9,+,B,7,1,that  /,that/DT,,
sw07utt/sw_0751_2793.utt,2/sw2793,2793,10,sd,B,7,2,"{C and then } I wasn't able  [ to, + to, ] {F uh, } participate. /","and/CC then/RB I/PRP was/VBD n't/RB able/JJ to/TO ,/, to/TO ,/, uh/UH ,/, participate/VB ./.",,
sw07utt/sw_0751_2793.utt,2/sw2793,2793,11,sd,A,8,1,{C But } they will accept you later in life also. /,But/CC they/PRP will/MD accept/VB you/PRP later/RB in/IN life/NN also/RB ./.,,
sw07utt/sw_0751_2793.utt,2/sw2793,2793,12,qy^d,B,9,1,"{F Oh, } they will? /","Oh/UH ,/, they/PRP will/MD ?/.",,
sw07utt/sw_0751_2793.utt,2/sw2793,2793,13,ny,A,10,1,"Yeah,  /","Yeah/UH ,/,",,
sw07utt/sw_0751_2793.utt,2/sw2793,2793,14,sd^e,A,10,2,after your children are grown. /,after/IN your/PRP$ children/NNS are/VBP grown/JJ ./.,,
sw07utt/sw_0751_2793.utt,2/sw2793,2793,15,sd,B,11,1,"{F Oh, } I didn't know that. /","Oh/UH ,/, I/PRP did/VBD n't/RB know/VB that/DT ./.",,
sw07utt/sw_0751_2793.utt,2/sw2793,2793,16,b,A,12,1,Yes. /,Yes/UH ./.,,
sw07utt/sw_0751_2793.utt,2/sw2793,2793,17,qy^d,B,13,1,Then there's no age limit? /,Then/RB there/EX 's/BES no/DT age/NN limit/NN ?/.,,
sw07utt/sw_0751_2793.utt,2/sw2793,2793,18,nn,A,14,1,No. /,No/UH ./.,,
sw07utt/sw_0751_2793.utt,2/sw2793,2793,19,qy^d*,B,15,1,Your kidding. /   *[[typo -> you're]],Your/PRP$ kidding/VBG ./.,,
sw07utt/sw_0751_2793.utt,2/sw2793,2793,20,nn,A,16,1,"No,  /","No/UH ,/,",,
sw07utt/sw_0751_2793.utt,2/sw2793,2793,21,ng,A,16,2,I'm not.  /,I/PRP 'm/VBP not/RB ./.,,
sw07utt/sw_0751_2793.utt,2/sw2793,2793,22,sd,A,16,3,"Some of the people that have been  involved with Peace Corps, among other things, were retired teachers.  /","Some/DT of/IN the/DT people/NNS that/WDT have/VBP been/VBN involved/JJ with/IN Peace/NNP Corps/NNP ,/, among/IN other/JJ things/NNS ,/, were/VBD retired/JJ teachers/NNS ./.",,
sw07utt/sw_0751_2793.utt,2/sw2793,2793,23,sd,A,16,4,"{F Uh, } there was a retired plumber that went to, {F uh, } {F uh, } Uruguay I think and  helped them quite a bit with concepts in plumbing, {D you know, }  providing [ for a, + for ] better public hygiene. /","Uh/UH ,/, there/EX was/VBD a/DT retired/JJ plumber/NN that/WDT went/VBD to/IN ,/, uh/UH ,/, uh/UH ,/, Uruguay/NNP I/PRP think/VBP and/CC helped/VBD them/PRP quite/PDT a/DT bit/NN with/IN concepts/NNS in/IN plumbing/NN ,/, you/PRP know/VBP ,/, providing/VBG for/IN a/DT ,/, for/IN better/RBR public/JJ hygiene/NN ./.",,
sw07utt/sw_0751_2793.utt,2/sw2793,2793,24,ba,B,17,1,Goodness I'm surprised.  /,Goodness/UH I/PRP 'm/VBP surprised/JJ ./.,,
sw07utt/sw_0751_2793.utt,2/sw2793,2793,25,sd,B,17,2,I really had no idea. /,I/PRP really/RB had/VBD no/DT idea/NN ./.,,
sw07utt/sw_0751_2793.utt,2/sw2793,2793,26,b,A,18,1,"Yeah,  /","Yeah/UH ,/,",,
sw07utt/sw_0751_2793.utt,2/sw2793,2793,27,qy,A,18,2,"{C but, } {C so, } do you think that people should be required to give a couple years for the good of the country? /","but/CC ,/, so/RB ,/, do/VBP you/PRP think/VB that/IN people/NNS should/MD be/VB required/VBN to/TO give/VB a/DT couple/NN years/NNS for/IN the/DT good/NN of/IN the/DT country/NN ?/.",,
sw07utt/sw_0751_2793.utt,2/sw2793,2793,28,sd,B,19,1,"{D Well, } <breathing>,  [ (( I don't )) , + I don't ]  really think that [ [ they sh-, + they should be, ] + it should be ]  mandatory.  /","Well/UH ,/, ,/, I/PRP do/VBP n't/RB ,/, I/PRP do/VBP n't/RB really/RB think/VB that/IN they/PRP sh/MD ,/, they/PRP should/MD be/VB ,/, it/PRP should/MD be/VB mandatory/JJ ./.",,
sw07utt/sw_0751_2793.utt,2/sw2793,2793,29,h,B,19,2,"{E I mean, }","I/PRP mean/VBP ,/,",,
sw07utt/sw_0751_2793.utt,2/sw2793,2793,30,qw,A,20,1,Why? /,Why/WRB ?/.,,
sw07utt/sw_0751_2793.utt,2/sw2793,2793,31,+,B,21,1,"<Breathing> {D well, } I don't know,  /","well/UH ,/, I/PRP do/VBP n't/RB know/VB ,/,",,
sw07utt/sw_0751_2793.utt,2/sw2793,2793,32,%,B,21,2,"I, - /","I/PRP ,/,",,
sw07utt/sw_0751_2793.utt,2/sw2793,2793,33,%,B,21,3,"it's, - /","it/PRP 's/BES ,/,",,
sw07utt/sw_0751_2793.utt,2/sw2793,2793,34,sd,B,21,4,"that just might not be something that everybody wants to do,  /","that/DT just/RB might/MD not/RB be/VB something/NN that/WDT everybody/NN wants/VBZ to/TO do/VB ,/,",,
sw07utt/sw_0751_2793.utt,2/sw2793,2793,35,sd,B,21,5,"{E I mean, } there are a lot of  people who would like  to do it,  /","I/PRP mean/VBP ,/, there/EX are/VBP a/DT lot/NN of/IN people/NNS who/WP would/MD like/VB to/TO do/VB it/PRP ,/,",,
sw07utt/sw_0751_2793.utt,2/sw2793,2793,36,sd,B,21,6,{C and } there are a lot of people who get  into other things  /,and/CC there/EX are/VBP a/DT lot/NN of/IN people/NNS who/WP get/VBP into/IN other/JJ things/NNS,,
sw07utt/sw_0751_2793.utt,2/sw2793,2793,37,sd,B,21,7,{C and } they get all involved  /,and/CC they/PRP get/VBP all/DT involved/JJ,,
sw07utt/sw_0751_2793.utt,2/sw2793,2793,38,sd,B,21,8,"{C and } they just, {D you know, }  don't want to or don't have the time. /","and/CC they/PRP just/RB ,/, you/PRP know/VBP ,/, do/VBP n't/RB want/VB to/TO or/CC do/VBP n't/RB have/VB the/DT time/NN ./.",,
sw07utt/sw_0751_2793.utt,2/sw2793,2793,39,ba,A,22,1,"{D Well, } I understand,  /","Well/UH ,/, I/PRP understand/VBP ,/,",,
sw07utt/sw_0751_2793.utt,2/sw2793,2793,40,qy,A,22,2,"{C but } if it  were  (( told to us ))  that we would find the time somewhere between our seventeenth and,  {F uh, } twenty-sixth birthday to give a year or two to the, to the country in the form of maybe building better roads or the parks service or the Peace Corps or [ somet-, + ] {D you know, } the military service or something.  Wouldn't we have, {F uh, }  maybe a better class of Americans? /","but/CC if/IN it/PRP were/VBD told/VBN to/IN us/PRP that/IN we/PRP would/MD find/VB the/DT time/NN somewhere/RB between/IN our/PRP$ seventeenth/JJ and/CC ,/, uh/UH ,/, twenty-sixth/JJ birthday/NN to/TO give/VB a/DT year/NN or/CC two/CD to/IN the/DT ,/, to/IN the/DT country/NN in/IN the/DT form/NN of/IN maybe/RB building/VBG better/JJR roads/NNS or/CC the/DT parks/NNS service/VBP or/CC the/DT Peace/NNP Corps/NNP or/CC somet-/NN ,/, you/PRP know/VBP ,/, the/DT military/NN service/NN or/CC something/NN ./. Would/MD n't/RB we/PRP have/VB ,/, uh/UH ,/, maybe/RB a/DT better/JJR class/NN of/IN Americans/NNPS ?/.",,
sw07utt/sw_0751_2793.utt,2/sw2793,2793,41,sd,B,23,1,"I don't see how that [ can, + can ] make a better class  of Americans [ to make everybody, + to make it ] mandatory for everybody to participate. /","I/PRP do/VBP n't/RB see/VB how/WRB that/DT can/MD ,/, can/MD make/VB a/DT better/JJR class/NN of/IN Americans/NNPS to/TO make/VB everybody/NN ,/, to/TO make/VB it/PRP mandatory/JJ for/IN everybody/NN to/TO participate/VB ./.",,
sw07utt/sw_0751_2793.utt,2/sw2793,2793,42,sd,A,24,1,"[ A lot of these peop-, + a lot of our, ] {F uh, } - /","A/DT lot/NN of/IN these/DT peop-/NNS ,/, a/DT lot/NN of/IN our/PRP$ ,/, uh/UH ,/,",,
sw07utt/sw_0751_2793.utt,2/sw2793,2793,43,fa,A,24,2,"pardon the terminology,  /","pardon/VB the/DT terminology/NN ,/,",,
sw07utt/sw_0751_2793.utt,2/sw2793,2793,44,sv,A,24,3,"{C but } yuppies, now, are interested in one thing and one thing only  /","but/CC yuppies/NNS ,/, now/RB ,/, are/VBP interested/JJ in/IN one/CD thing/NN and/CC one/CD thing/NN only/RB",,
sw07utt/sw_0751_2793.utt,2/sw2793,2793,45,sv,A,24,4,and that's themselves. /,and/CC that/DT 's/BES themselves/PRP ./.,,
sw07utt/sw_0751_2793.utt,2/sw2793,2793,46,aa,B,25,1,That's true.  /,That/DT 's/BES true/JJ ./.,,
sw07utt/sw_0751_2793.utt,2/sw2793,2793,47,sd,B,25,2,"{D Well, } # [ I don't, + I don't ] think that, # -/","Well/UH ,/, I/PRP do/VBP n't/RB ,/, I/PRP do/VBP n't/RB think/VB that/DT ,/,",,
sw07utt/sw_0751_2793.utt,2/sw2793,2793,48,sv,A,26,1,"# {C And } at least if you legislated, #","And/CC at/IN least/JJS if/IN you/PRP legislated/VBD ,/,",,
sw07utt/sw_0751_2793.utt,2/sw2793,2793,49,x,B,27,1,<Throat_clearing>.,,,
sw07utt/sw_0751_2793.utt,2/sw2793,2793,50,+,A,28,1,"giving for a couple years of their  lives [ or, + or, ] {F uh, } [ a + ] (( honestly )) purely giving [ but, + but ] some sort of equitable  exchange, then at least the country would have gotten two years from them  where, {F um, } they would have given something to the country instead of [ take, + taking ]  away all their lives. /","giving/VBG for/IN a/DT couple/NN years/NNS of/IN their/PRP$ lives/NNS or/CC ,/, or/CC ,/, uh/UH ,/, a/DT honestly/RB purely/RB giving/VBG but/CC ,/, but/CC some/DT sort/NN of/IN equitable/JJ exchange/NN ,/, then/RB at/IN least/JJS the/DT country/NN would/MD have/VB gotten/VBN two/CD years/NNS from/IN them/PRP where/WRB ,/, um/UH ,/, they/PRP would/MD have/VB given/VBN something/NN to/IN the/DT country/NN instead/IN of/IN take/VBG ,/, taking/VBG away/RB all/DT their/PRP$ lives/NNS ./.",,
sw07utt/sw_0751_2793.utt,2/sw2793,2793,51,b,B,29,1,"Yeah,  /","Yeah/UH ,/,",,
sw07utt/sw_0751_2793.utt,2/sw2793,2793,52,qy,B,29,2,"[ are, + are ] you suggesting then that [ [ if, +  if, ] + {F uh, } if ] I have to go [ and, +  and ] do something for the country for two years that the country will compensate me in some way. /","are/VBP ,/, are/VBP you/PRP suggesting/VBG then/RB that/IN if/IN ,/, if/IN ,/, uh/UH ,/, if/IN I/PRP have/VBP to/TO go/VB and/CC ,/, and/CC do/VBP something/NN for/IN the/DT country/NN for/IN two/CD years/NNS that/IN the/DT country/NN will/MD compensate/VB me/PRP in/IN some/DT way/NN ./.",,
sw07utt/sw_0751_2793.utt,2/sw2793,2793,53,%,A,30,1,"{F Uh, } /","Uh/UH ,/,",,
sw07utt/sw_0751_2793.utt,2/sw2793,2793,54,qy^d,B,31,1,"[ (( I )) , +  I ]  will be compensated for this,  /","I/PRP ,/, I/PRP will/MD be/VB compensated/VBN for/IN this/DT ,/,",,
sw07utt/sw_0751_2793.utt,2/sw2793,2793,55,qy^d,B,31,2,"I'm not just going to, -/","I/PRP 'm/VBP not/RB just/RB going/VBG to/TO ,/,",,
sw07utt/sw_0751_2793.utt,2/sw2793,2793,56,"bf,nn,o@",A,32,1,"[ Give them your ti-, + give them your ] entire life for two years, {D no. } /  *[[ I think this really should be 2 slash units, with the respective labels. ]]","Give/VB them/PRP your/PRP$ ti-/XX ,/, give/VB them/PRP your/PRP$ entire/JJ life/NN for/IN two/CD years/NNS ,/, no/UH ./.",,
sw07utt/sw_0751_2793.utt,2/sw2793,2793,57,bk,B,33,1,Okay. /,Okay/UH ./.,,
sw07utt/sw_0751_2793.utt,2/sw2793,2793,58,sd,A,34,1,"It will be a job of sorts,  /","It/PRP will/MD be/VB a/DT job/NN of/IN sorts/NNS ,/,",,
sw07utt/sw_0751_2793.utt,2/sw2793,2793,59,sv,A,34,2,"I'm sure, that the Peace Corps  [ pays, it + ] doesn't pay well,  /","I/PRP 'm/VBP sure/JJ ,/, that/IN the/DT Peace/NNP Corps/NNP pays/VBZ ,/, it/PRP does/VBZ n't/RB pay/VB well/UH ,/,",,
sw07utt/sw_0751_2793.utt,2/sw2793,2793,60,sv,A,34,3,"it's not top wages, /","it/PRP 's/BES not/RB top/JJ wages/NNS ,/,",,
sw07utt/sw_0751_2793.utt,2/sw2793,2793,61,b,B,35,1,<<Very faint>> Uh-huh. /,Uh-huh/UH ./.,,
sw07utt/sw_0751_2793.utt,2/sw2793,2793,62,sd,A,36,1,"[ {C but, } + {C but } ] it does pay. /","but/CC ,/, but/CC it/PRP does/VBZ pay/VB ./.",,
sw07utt/sw_0751_2793.utt,2/sw2793,2793,63,b,B,37,1,Uh-huh. /,Uh-huh/UH ./.,,
sw07utt/sw_0751_2793.utt,2/sw2793,2793,64,sd,A,38,1,"The military, - /","The/DT military/NN ,/,",,
sw07utt/sw_0751_2793.utt,2/sw2793,2793,65,sd,A,38,2,"for young  (( hiring in ))  soldiers does pay, - /","for/IN young/JJ hiring/NN in/IN soldiers/NNS does/VBZ pay/VB ,/,",,
sw07utt/sw_0751_2793.utt,2/sw2793,2793,66,sd,A,38,3,it doesn't pay well. /,it/PRP does/VBZ n't/RB pay/VB well/RB ./.,,
sw07utt/sw_0751_2793.utt,2/sw2793,2793,67,b,B,39,1,Uh-huh. /,Uh-huh/UH ./.,,
sw07utt/sw_0751_2793.utt,2/sw2793,2793,68,sd,A,40,1,"{D Okay, } currently in our country, especially in some regions, there's an employment problem.  /","Okay/UH ,/, currently/RB in/IN our/PRP$ country/NN ,/, especially/RB in/IN some/DT regions/NNS ,/, there/EX 's/BES an/DT employment/NN problem/NN ./.",,
sw07utt/sw_0751_2793.utt,2/sw2793,2793,69,qy^d,A,40,2,You're aware of that I'm sure. /,You/PRP 're/VBP aware/JJ of/IN that/DT I/PRP 'm/VBP sure/JJ ./.,,
sw07utt/sw_0751_2793.utt,2/sw2793,2793,70,aa,B,41,1,"[ [ That, + that, ] + that's ] true.  /","That/DT ,/, that/DT ,/, that/DT 's/BES true/JJ ./.",,
sw07utt/sw_0751_2793.utt,2/sw2793,2793,71,sd,B,41,2,"{C But } [ in, + even in ]  our region there's an employment problem.   /","But/CC in/IN ,/, even/RB in/IN our/PRP$ region/NN there/EX 's/BES an/DT employment/NN problem/NN ./.",,
sw07utt/sw_0751_2793.utt,2/sw2793,2793,72,sd,B,41,3,"There's a lot of, {F uh, } people gotten laid off lately.    {D You know, } from (( just ))  companies like General Dynamics, [ and, +","There/EX 's/BES a/DT lot/NN of/IN ,/, uh/UH ,/, people/NNS gotten/VBN laid/VBN off/RP lately/RB ./. You/PRP know/VBP ,/, from/IN just/RB companies/NNS like/IN General/NNP Dynamics/NNP ,/, and/CC ,/,",,
sw07utt/sw_0751_2793.utt,2/sw2793,2793,73,^2,A,42,1,And Texas Instruments. /,And/CC Texas/NNP Instruments/NNP ./.,,
sw07utt/sw_0751_2793.utt,2/sw2793,2793,74,+,B,43,1,"and ] Texas Instruments,  <laughter>.  /","and/CC Texas/NNP Instruments/NNP ,/, ./.",,
sw07utt/sw_0751_2793.utt,2/sw2793,2793,75,sd,B,43,2,"Thousands, and thousands of people are out there looking for jobs. /","Thousands/NNS ,/, and/CC thousands/NNS of/IN people/NNS are/VBP out/IN there/RB looking/VBG for/IN jobs/NNS ./.",,
sw07utt/sw_0751_2793.utt,2/sw2793,2793,76,sd,A,44,1,"(( {D You know } [ in + )) , in ]  another time we had the W P A,","You/PRP know/VBP in/IN ,/, in/IN another/DT time/NN we/PRP had/VBD the/DT W/NNP P/NNP A/NNP ,/,",,
sw07utt/sw_0751_2793.utt,2/sw2793,2793,77,ar,B,45,1,"<<Very faint>>, no,  /",",/, no/UH ,/,",,
sw07utt/sw_0751_2793.utt,2/sw2793,2793,78,sd,B,45,2,"[ I'm not, +","I/PRP 'm/VBP not/RB ,/,",,
sw07utt/sw_0751_2793.utt,2/sw2793,2793,79,+,A,46,1,"Works Progress Administration,","Works/NNP Progress/NNP Administration/NNP ,/,",,
sw07utt/sw_0751_2793.utt,2/sw2793,2793,80,+,B,47,1,I'm not ] familiar with that. /,I/PRP 'm/VBP not/RB familiar/JJ with/IN that/DT ./.,,
sw07utt/sw_0751_2793.utt,2/sw2793,2793,81,+,A,48,1,"during the great depression,","during/IN the/DT great/JJ depression/NN ,/,",,
sw07utt/sw_0751_2793.utt,2/sw2793,2793,82,b,B,49,1,Oh. /,Oh/UH ./.,,
sw07utt/sw_0751_2793.utt,2/sw2793,2793,83,+,A,50,1,though I can't see why it was great. /,though/IN I/PRP ca/MD n't/RB see/VB why/WRB it/PRP was/VBD great/JJ ./.,,
sw07utt/sw_0751_2793.utt,2/sw2793,2793,84,x,B,51,1,<Laughter>.,,,
sw07utt/sw_0751_2793.utt,2/sw2793,2793,85,sd,A,52,1,"{F Uh, } that gave people pay that was halfway between relief which was welfare,","Uh/UH ,/, that/DT gave/VBD people/NNS pay/VBP that/WDT was/VBD halfway/RB between/IN relief/NN which/WDT was/VBD welfare/NN ,/,",,
sw07utt/sw_0751_2793.utt,2/sw2793,2793,86,b,B,53,1,Uh-huh. /,Uh-huh/UH ./.,,
sw07utt/sw_0751_2793.utt,2/sw2793,2793,87,+,A,54,1,and the minimum wage. /,and/CC the/DT minimum/JJ wage/NN ./.,,
sw07utt/sw_0751_2793.utt,2/sw2793,2793,88,b,B,55,1,"I see,  /","I/PRP see/VBP ,/,",,
sw07utt/sw_0751_2793.utt,2/sw2793,2793,89,bf,B,55,2,"{C and } [ [ that was, + that was   simi-, + that was ] [ some, + some ] program where people gave their time,","and/CC that/DT was/VBD ,/, that/DT was/VBD simi-/XX ,/, that/DT was/VBD some/DT ,/, some/DT program/NN where/WRB people/NNS gave/VBD their/PRP$ time/NN ,/,",,
sw07utt/sw_0751_2793.utt,2/sw2793,2793,90,^2,A,56,1,"In trade for,","In/IN trade/NN for/IN ,/,",,
sw07utt/sw_0751_2793.utt,2/sw2793,2793,91,+,B,57,1,"in trade [ for, +","in/IN trade/NN for/IN ,/,",,
sw07utt/sw_0751_2793.utt,2/sw2793,2793,92,+,A,58,1,"money,","money/NN ,/,",,
sw07utt/sw_0751_2793.utt,2/sw2793,2793,93,+,B,59,1,"<<very faint>> for ] money,  /","for/IN money/NN ,/,",,
sw07utt/sw_0751_2793.utt,2/sw2793,2793,94,bk,B,59,2,okay. /,okay/UH ./.,,
sw07utt/sw_0751_2793.utt,2/sw2793,2793,95,+,A,60,1,"[ and, + and ] living. /","and/CC ,/, and/CC living/NN ./.",,
sw07utt/sw_0751_2793.utt,2/sw2793,2793,96,b,B,61,1,Uh-huh. /,Uh-huh/UH ./.,,
sw07utt/sw_0751_2793.utt,2/sw2793,2793,97,sd,A,62,1,They gave them food and uniforms  /,They/PRP gave/VBD them/PRP food/NN and/CC uniforms/NNS,,
sw07utt/sw_0751_2793.utt,2/sw2793,2793,98,sd,A,62,2,"{C and, }","and/CC ,/,",,
sw07utt/sw_0751_2793.utt,2/sw2793,2793,99,x,B,63,1,<Throat_clearing>.,,,
sw07utt/sw_0751_2793.utt,2/sw2793,2793,100,+,A,64,1,"{F uh, } here in Colorado you'll find a great many things.  /","uh/UH ,/, here/RB in/IN Colorado/NNP you/PRP 'll/MD find/VB a/DT great/RB many/JJ things/NNS ./.",,
sw07utt/sw_0751_2793.utt,2/sw2793,2793,101,sd,A,64,2,"Public roads that were worked on by the W P A, {F uh, } dams that were built by the W P A,","Public/JJ roads/NNS that/WDT were/VBD worked/VBN on/RP by/IN the/DT W/NNP P/NNP A/NNP ,/, uh/UH ,/, dams/NNS that/WDT were/VBD built/VBN by/IN the/DT W/NNP P/NNP A/NNP ,/,",,
sw07utt/sw_0751_2793.utt,2/sw2793,2793,102,b,B,65,1,<<Very faint>> uh-huh. /,uh-huh/UH ./.,,
sw07utt/sw_0751_2793.utt,2/sw2793,2793,103,+,A,66,1,"{F uh, } scenic overlooks, parks, -/","uh/UH ,/, scenic/JJ overlooks/NNS ,/, parks/NNS ,/,",,
sw07utt/sw_0751_2793.utt,2/sw2793,2793,104,b,B,67,1,Uh-huh. /,Uh-huh/UH ./.,,
sw07utt/sw_0751_2793.utt,2/sw2793,2793,105,sv,A,68,1,"[ We are road, + our road ]  system's falling apart.  /","We/PRP are/VBP road/NN ,/, our/PRP$ road/NN system/NN 's/BES falling/VBG apart/RP ./.",,
sw07utt/sw_0751_2793.utt,2/sw2793,2793,106,sv^r,A,68,2,"[ Our air-, + our ] national road [ system, + system ] of highways,","Our/PRP$ air-/XX ,/, our/PRP$ national/JJ road/NN system/NN ,/, system/NN of/IN highways/NNS ,/,",,
sw07utt/sw_0751_2793.utt,2/sw2793,2793,107,b,B,69,1,Uh-huh. /,Uh-huh/UH ./.,,
sw07utt/sw_0751_2793.utt,2/sw2793,2793,108,+,A,70,1,"and roads, is falling apart. /","and/CC roads/NNS ,/, is/VBZ falling/VBG apart/RP ./.",,
sw07utt/sw_0751_2793.utt,2/sw2793,2793,109,sv,B,71,1,"{D Well, } then I guess there are [ a lot of, + a lot of ]  things that people could do to contribute to the good of the country. /","Well/UH ,/, then/RB I/PRP guess/VBP there/EX are/VBP a/DT lot/NN of/IN ,/, a/DT lot/NN of/IN things/NNS that/WDT people/NNS could/MD do/VB to/TO contribute/VB to/IN the/DT good/NN of/IN the/DT country/NN ./.",,
sw07utt/sw_0751_2793.utt,2/sw2793,2793,110,bf,A,72,1,"[ Ther-, + there's ] a lot of work to be done. /","Ther-/EX ,/, there/EX 's/BES a/DT lot/NN of/IN work/NN to/TO be/VB done/VBN ./.",,
sw07utt/sw_0751_2793.utt,2/sw2793,2793,111,b,B,73,1,Uh-huh.  /,Uh-huh/UH ./.,,
sw07utt/sw_0751_2793.utt,2/sw2793,2793,112,sd,B,73,2,"[ I, + I ]  really don't see anything wrong with it,  /","I/PRP ,/, I/PRP really/RB do/VBP n't/RB see/VB anything/NN wrong/JJ with/IN it/PRP ,/,",,
sw07utt/sw_0751_2793.utt,2/sw2793,2793,113,sv,B,73,3,I just don't think that it should be mandatory that every person have to do that. /,I/PRP just/RB do/VBP n't/RB think/VB that/IN it/PRP should/MD be/VB mandatory/JJ that/IN every/DT person/NN have/VBP to/TO do/VB that/DT ./.,,
sw07utt/sw_0751_2793.utt,2/sw2793,2793,114,sd,A,74,1,"[ I, + I ] can't see the problem in it for a year.  /","I/PRP ,/, I/PRP ca/MD n't/RB see/VB the/DT problem/NN in/IN it/PRP for/IN a/DT year/NN ./.",,
sw07utt/sw_0751_2793.utt,2/sw2793,2793,115,%,A,74,2,"Th-, -/","Th-/XX ,/,",,
sw07utt/sw_0751_2793.utt,2/sw2793,2793,116,%,B,75,1,"{D Well, } -/","Well/UH ,/,",,
sw07utt/sw_0751_2793.utt,2/sw2793,2793,117,sd,A,76,1,"[ what, + what ] I'm saying is that if it were mandatory,","what/WP ,/, what/WP I/PRP 'm/VBP saying/VBG is/VBZ that/IN if/IN it/PRP were/VBD mandatory/JJ ,/,",,
sw07utt/sw_0751_2793.utt,2/sw2793,2793,118,b,B,77,1,<<Very faint>> uh-huh. /,uh-huh/UH ./.,,
sw07utt/sw_0751_2793.utt,2/sw2793,2793,119,+,A,78,1,"that every person, right after graduation from high school,","that/IN every/DT person/NN ,/, right/RB after/IN graduation/NN from/IN high/JJ school/NN ,/,",,
sw07utt/sw_0751_2793.utt,2/sw2793,2793,120,b,B,79,1,Uh-huh. /,Uh-huh/UH ./.,,
sw07utt/sw_0751_2793.utt,2/sw2793,2793,121,+,A,80,1,"that were able-bodied,","that/WDT were/VBD able-bodied/JJ ,/,",,
sw07utt/sw_0751_2793.utt,2/sw2793,2793,122,b,B,81,1,Uh-huh. /,Uh-huh/UH ./.,,
sw07utt/sw_0751_2793.utt,2/sw2793,2793,123,+,A,82,1,"would [ give a year, + {D well, } {E or, } not give a  year ] [ but, + but ] trade a year, - /","would/MD give/VB a/DT year/NN ,/, well/UH ,/, or/CC ,/, not/RB give/VB a/DT year/NN but/CC ,/, but/CC trade/VB a/DT year/NN ,/,",,
sw07utt/sw_0751_2793.utt,2/sw2793,2793,124,%,A,82,2,"then they, - /","then/RB they/PRP ,/,",,
sw07utt/sw_0751_2793.utt,2/sw2793,2793,125,sv,A,82,3,"at least one not more than {D say } three or four, then it would definitely effect unemployment. -/","at/IN least/JJS one/CD not/RB more/JJR than/IN say/VBP three/CD or/CC four/CD ,/, then/RB it/PRP would/MD definitely/RB effect/VB unemployment/NN ./.",,
sw07utt/sw_0751_2793.utt,2/sw2793,2793,126,aa,B,83,1,"All right,  /","All/RB right/JJ ,/,",,
sw07utt/sw_0751_2793.utt,2/sw2793,2793,127,qy^d,B,83,2,"I wonder [ if, + if ] they didn't make it mandatory if they would actually get enough people volunteering [ to, + to ]  do it [ that it, + {D you know, } that they ] would have enough. /","I/PRP wonder/VBP if/IN ,/, if/IN they/PRP did/VBD n't/RB make/VB it/PRP mandatory/JJ if/IN they/PRP would/MD actually/RB get/VB enough/JJ people/NNS volunteering/VBG to/TO ,/, to/TO do/VB it/PRP that/IN it/PRP ,/, you/PRP know/VBP ,/, that/IN they/PRP would/MD have/VB enough/RB ./.",,
sw07utt/sw_0751_2793.utt,2/sw2793,2793,128,no,A,84,1,I don't know. /,I/PRP do/VBP n't/RB know/VB ./.,,
sw07utt/sw_0751_2793.utt,2/sw2793,2793,129,%,B,85,1,"{E I mean, } [ I, + I'd ] probably, -/","I/PRP mean/VBP ,/, I/PRP ,/, I/PRP 'd/MD probably/RB ,/,",,
sw07utt/sw_0751_2793.utt,2/sw2793,2793,130,sd,A,86,1,"{D Well, } {D you know, } Texas, New Mexico, Colorado,  huge numbers of other western states, have no real welfare system. /","Well/UH ,/, you/PRP know/VBP ,/, Texas/NNP ,/, New/NNP Mexico/NNP ,/, Colorado/NNP ,/, huge/JJ numbers/NNS of/IN other/JJ western/JJ states/NNS ,/, have/VBP no/DT real/JJ welfare/NN system/NN ./.",,
sw07utt/sw_0751_2793.utt,2/sw2793,2793,131,b,B,87,1,Uh-huh. /,Uh-huh/UH ./.,,
sw07utt/sw_0751_2793.utt,2/sw2793,2793,132,sd,A,88,1,"There's Aid to Dependent Children, and Aid to Mothers of Dependent Children,  /","There/EX 's/BES Aid/NNP to/IN Dependent/NNP Children/NNS ,/, and/CC Aid/NNP to/IN Mothers/NNP of/IN Dependent/NNP Children/NNP ,/,",,
sw07utt/sw_0751_2793.utt,2/sw2793,2793,133,sd,A,88,2,{C but } there's no real welfare system. /,but/CC there/EX 's/BES no/DT real/JJ welfare/NN system/NN ./.,,
sw07utt/sw_0751_2793.utt,2/sw2793,2793,134,b,B,89,1,Uh-huh. /,Uh-huh/UH ./.,,
sw07utt/sw_0751_2793.utt,2/sw2793,2793,135,sv,A,90,1,"{C But } if we took these people [ off, + off ]  the streets for a year, there would darn sure be more hours labor available in the nation  for everyone else.  /","But/CC if/IN we/PRP took/VBD these/DT people/NNS off/IN ,/, off/IN the/DT streets/NNS for/IN a/DT year/NN ,/, there/EX would/MD darn/RB sure/RB be/VB more/JJR hours/NNS labor/NN available/JJ in/IN the/DT nation/NN for/IN everyone/NN else/RB ./.",,
sw07utt/sw_0751_2793.utt,2/sw2793,2793,136,sv,A,90,2,"{C And }  who knows, maybe some of our graduating high school  seniors would find out a little bit more of [ th-, + ]  what the traditional American work ethic means.  /","And/CC who/WP knows/VBZ ,/, maybe/RB some/DT of/IN our/PRP$ graduating/VBG high/JJ school/NN seniors/NNS would/MD find/VB out/RP a/DT little/JJ bit/NN more/JJR of/IN th-/DT ,/, what/WP the/DT traditional/JJ American/JJ work/NN ethic/NN means/VBZ ./.",,
sw07utt/sw_0751_2793.utt,2/sw2793,2793,137,sv,A,90,3,"{D You know, }  we have had some problem with that in recent years. /","You/PRP know/VBP ,/, we/PRP have/VBP had/VBN some/DT problem/NN with/IN that/DT in/NN recent/JJ years/NNS ./.",,
sw07utt/sw_0751_2793.utt,2/sw2793,2793,138,aa,B,91,1,"{F Oh, } {D well, } yes,  /","Oh/UH ,/, well/UH ,/, yes/UH ,/,",,
sw07utt/sw_0751_2793.utt,2/sw2793,2793,139,sv,B,91,2,we have.  /,we/PRP have/VBP ./.,,
sw07utt/sw_0751_2793.utt,2/sw2793,2793,140,sd,B,91,3,"[ With, + with, ] {F uh, } recent generations [ I, + I ] know exactly what you are talking about,  /","With/IN ,/, with/IN ,/, uh/UH ,/, recent/JJ generations/NNS I/PRP ,/, I/PRP know/VBP exactly/RB what/WP you/PRP are/VBP talking/VBG about/IN ,/,",,
sw07utt/sw_0751_2793.utt,2/sw2793,2793,141,sd,B,91,4,"[ I, +  {E I  mean, } I ]  know several people who do not wish to work. /","I/PRP ,/, I/PRP mean/VBP ,/, I/PRP know/VBP several/JJ people/NNS who/WP do/VBP not/RB wish/VB to/TO work/VB ./.",,
sw07utt/sw_0751_2793.utt,2/sw2793,2793,142,bf,A,92,1,"{F Uh, } they wish only for the paycheck. /","Uh/UH ,/, they/PRP wish/VBP only/RB for/IN the/DT paycheck/NN ./.",,
sw07utt/sw_0751_2793.utt,2/sw2793,2793,143,sd,B,93,1,"<Laughter> {D Well, } they wish for the money  /","Well/UH ,/, they/PRP wish/VBP for/IN the/DT money/NN",,
sw07utt/sw_0751_2793.utt,2/sw2793,2793,144,sv,B,93,2,"{C and }  [ they, + they ] decide that they're going to get the money anyway they can [ [ [ with, + {D you know, } without, ] + {F uh, }","and/CC they/PRP ,/, they/PRP decide/VBP that/IN they/PRP 're/VBP going/VBG to/TO get/VB the/DT money/NN anyway/RB they/PRP can/MD with/IN ,/, you/PRP know/VBP ,/, without/IN ,/, uh/UH ,/,",,
sw07utt/sw_0751_2793.utt,2/sw2793,2793,145,^2,A,94,1,Really producing. /,Really/RB producing/VBG ./.,,
sw07utt/sw_0751_2793.utt,2/sw2793,2793,146,+,B,95,1,"without, ] + without ] working in [ the, + the ]  traditional American job market. /","without/IN ,/, without/IN working/VBG in/IN the/DT ,/, the/DT traditional/JJ American/JJ job/NN market/NN ./.",,
sw07utt/sw_0751_2793.utt,2/sw2793,2793,147,aa,A,96,1,"Yeah,  /","Yeah/UH ,/,",,
sw07utt/sw_0751_2793.utt,2/sw2793,2793,148,bf,A,96,2,be it selling drugs or whatever. /,be/VB it/PRP selling/VBG drugs/NNS or/CC whatever/WDT ./.,,
sw07utt/sw_0751_2793.utt,2/sw2793,2793,149,aa,B,97,1,Right.  /,Right/UH ./.,,
sw07utt/sw_0751_2793.utt,2/sw2793,2793,150,sd,B,97,2,"(( {C So, } one ))  other thing, - /","So/RB ,/, one/CD other/JJ thing/NN ,/,",,
sw07utt/sw_0751_2793.utt,2/sw2793,2793,151,sv,B,97,3,"{C and } [ they, + they ] get the money anyway they can. /","and/CC they/PRP ,/, they/PRP get/VBP the/DT money/NN anyway/RB they/PRP can/MD ./.",,
sw07utt/sw_0751_2793.utt,2/sw2793,2793,152,aa,A,98,1,"Yeah,  /","Yeah/UH ,/,",,
sw07utt/sw_0751_2793.utt,2/sw2793,2793,153,aa^r,A,98,2,yeah.  /,yeah/UH ./.,,
sw07utt/sw_0751_2793.utt,2/sw2793,2793,154,sv,A,98,3,"{C And } maybe if we instilled the work ethic, {D you know, } - /","And/CC maybe/RB if/IN we/PRP instilled/VBD the/DT work/NN ethic/NN ,/, you/PRP know/VBP ,/,",,
sw07utt/sw_0751_2793.utt,2/sw2793,2793,155,sd,A,98,4,"[ I enjoy the, + I enjoy ] working. /","I/PRP enjoy/VBP the/DT ,/, I/PRP enjoy/VBP working/VBG ./.",,
sw07utt/sw_0751_2793.utt,2/sw2793,2793,156,b,B,99,1,Yeah. /,Yeah/UH ./.,,
