swda_filename,ptb_basename,conversation_no,transcript_index,act_tag,caller,utterance_index,subutterance_index,text,pos,trees,ptb_treenumbers
sw11utt/sw_1113_2909.utt,2/sw2909,2909,0,sd,A,1,1,I know they have a waiting list and a quota on immigration now. /,I/PRP know/VBP they/PRP have/VBP a/DT waiting/JJ list/NN and/CC a/DT quota/NN on/IN immigration/NN now/RB ./.,,
sw11utt/sw_1113_2909.utt,2/sw2909,2909,1,sd,B,2,1,<Talking> I've lost track.  /,I/PRP 've/VBP lost/VBD track/NN ./.,,
sw11utt/sw_1113_2909.utt,2/sw2909,2909,2,sd,B,2,2,I don't really know.  /,I/PRP do/VBP n't/RB really/RB know/VB ./.,,
sw11utt/sw_1113_2909.utt,2/sw2909,2909,3,sd,B,2,3,"[ I, + I ] do have some opinions,  /","I/PRP ,/, I/PRP do/VBP have/VB some/DT opinions/NNS ,/,",,
sw11utt/sw_1113_2909.utt,2/sw2909,2909,4,ad,B,2,4,{C but } go ahead. /,but/CC go/VB ahead/RB ./.,,
sw11utt/sw_1113_2909.utt,2/sw2909,2909,5,b,A,3,1,"Yeah,  /","Yeah/UH ,/,",,
sw11utt/sw_1113_2909.utt,2/sw2909,2909,6,sv,A,3,2,"{F um, } {D well } I know that [ they're, + they're ] real cautious about letting Middle Eastern people into the country now because of all the terrorism.  /","um/UH ,/, well/UH I/PRP know/VBP that/IN they/PRP 're/VBP ,/, they/PRP 're/VBP real/RB cautious/JJ about/IN letting/VBG Middle/JJ Eastern/JJ people/NNS into/IN the/DT country/NN now/RB because/IN of/IN all/PDT the/DT terrorism/NN ./.",,
sw11utt/sw_1113_2909.utt,2/sw2909,2909,7,qo,A,3,3,"# [ [ What, # +","What/WP ,/,",,
sw11utt/sw_1113_2909.utt,2/sw2909,2909,8,b,B,4,1,"# {F Uh, } #","Uh/UH ,/,",,
sw11utt/sw_1113_2909.utt,2/sw2909,2909,9,+,A,5,1,# What? # ] +,What/WP ?/.,,
sw11utt/sw_1113_2909.utt,2/sw2909,2909,10,+,B,6,1,"# okay # ,  /","okay/JJ ,/,",,
sw11utt/sw_1113_2909.utt,2/sw2909,2909,11,sd,B,6,2,"I hadn't thought about that, {F uh. } /","I/PRP had/VBD n't/RB thought/VBN about/IN that/DT ,/, uh/UH ./.",,
sw11utt/sw_1113_2909.utt,2/sw2909,2909,12,+,A,7,1,What ] all do you know about it? /,What/WP all/DT do/VBP you/PRP know/VB about/IN it/PRP ?/.,,
sw11utt/sw_1113_2909.utt,2/sw2909,2909,13,sd,B,8,1,"{F Uh, } {D well } I just have an opinion,  /","Uh/UH ,/, well/UH I/PRP just/RB have/VBP an/DT opinion/NN ,/,",,
sw11utt/sw_1113_2909.utt,2/sw2909,2909,14,sv,B,8,2,"{D now } [ I didn't think, + I thought ] the terrorism thing was overstated, {E I mean, } /","now/UH I/PRP did/VBD n't/RB think/VB ,/, I/PRP thought/VBD the/DT terrorism/NN thing/NN was/VBD overstated/JJ ,/, I/PRP mean/VBP ,/,",,
sw11utt/sw_1113_2909.utt,2/sw2909,2909,15,x,A,9,1,<Noise>.,,,
sw11utt/sw_1113_2909.utt,2/sw2909,2909,16,sd,B,10,1,there was nothing over here.  /,there/EX was/VBD nothing/NN over/IN here/RB ./.,,
sw11utt/sw_1113_2909.utt,2/sw2909,2909,17,%,B,10,2,"In fact even, - /","In/IN fact/NN even/RB ,/,",,
sw11utt/sw_1113_2909.utt,2/sw2909,2909,18,sv^t,B,10,3,"this is not our subject, I guess,  /","this/DT is/VBZ not/RB our/PRP$ subject/NN ,/, I/PRP guess/VBP ,/,",,
sw11utt/sw_1113_2909.utt,2/sw2909,2909,19,sd^t,B,10,4,"{C but, } {F uh, } maybe it is or isn't, I suppose. /","but/CC ,/, uh/UH ,/, maybe/RB it/PRP is/VBZ or/CC is/VBZ n't/RB ,/, I/PRP suppose/VBP ./.",,
sw11utt/sw_1113_2909.utt,2/sw2909,2909,20,b,A,11,1,Yeah. /,Yeah/UH ./.,,
sw11utt/sw_1113_2909.utt,2/sw2909,2909,21,sd,B,12,1,My wife when she talked about the Middle East  /,My/PRP$ wife/NN when/WRB she/PRP talked/VBD about/IN the/DT Middle/NNP East/NNP,,
sw11utt/sw_1113_2909.utt,2/sw2909,2909,22,sd,B,12,2,"{C and } everyone's afraid, {D you know, } of how the war was going to go and everything,  /","and/CC everyone/NN 's/BES afraid/JJ ,/, you/PRP know/VBP ,/, of/IN how/WRB the/DT war/NN was/VBD going/VBG to/TO go/VB and/CC everything/NN ,/,",,
sw11utt/sw_1113_2909.utt,2/sw2909,2909,23,sd(^q),B,12,3,"[ I said, + I told ] her, no,  /","I/PRP said/VBD ,/, I/PRP told/VBD her/PRP$ ,/, no/UH ,/,",,
sw11utt/sw_1113_2909.utt,2/sw2909,2909,24,^q,B,12,4,it's just not going to happen.  /,it/PRP 's/BES just/RB not/RB going/VBG to/TO happen/VB ./.,,
sw11utt/sw_1113_2909.utt,2/sw2909,2909,25,^q,B,12,5,"There's not going to be any terrorism over him,  /","There/EX 's/BES not/RB going/VBG to/TO be/VB any/DT terrorism/NN over/IN him/PRP ,/,",,
sw11utt/sw_1113_2909.utt,2/sw2909,2909,26,sd,B,12,6,"{C and } there wasn't, {D you know. }  /","and/CC there/EX was/VBD n't/RB ,/, you/PRP know/VBP ./.",,
sw11utt/sw_1113_2909.utt,2/sw2909,2909,27,sd,B,12,7,"They just didn't have an organization,  /","They/PRP just/RB did/VBD n't/RB have/VB an/DT organization/NN ,/,",,
sw11utt/sw_1113_2909.utt,2/sw2909,2909,28,sv,B,12,8,"{C but, } {F uh, } [ [ I, + I, ] + I'm ] concerned [ that we're letting too many, + that we don't have enough ] controls.  /","but/CC ,/, uh/UH ,/, I/PRP ,/, I/PRP ,/, I/PRP 'm/VBP concerned/VBN that/IN we/PRP 're/VBP letting/VBG too/RB many/JJ ,/, that/IN we/PRP do/VBP n't/RB have/VB enough/RB controls/NNS ./.",,
sw11utt/sw_1113_2909.utt,2/sw2909,2909,29,sv,B,12,9,"I think that, {F uh, } the Asian gangsters that we've let in here - /","I/PRP think/VBP that/IN ,/, uh/UH ,/, the/DT Asian/JJ gangsters/NNS that/WDT we/PRP 've/VBP let/VB in/IN here/RB",,
sw11utt/sw_1113_2909.utt,2/sw2909,2909,30,sv,B,12,10,[ {C and } if + --,and/CC if/IN --/:,,
sw11utt/sw_1113_2909.utt,2/sw2909,2909,31,b,A,13,1,Uh-huh. /,Uh-huh/UH ./.,,
sw11utt/sw_1113_2909.utt,2/sw2909,2909,32,+,B,14,1,"-- {C and } ] the guys from, {F uh, } Cuba, {D you know, } there's a lot of criminals down in Florida that we've let in from Cuba that Fidel pushed off on us,  /","--/: and/CC the/DT guys/NNS from/IN ,/, uh/UH ,/, Cuba/NNP ,/, you/PRP know/VBP ,/, there/EX 's/BES a/DT lot/NN of/IN criminals/NNS down/RB in/IN Florida/NNP that/IN we/PRP 've/VBP let/VB in/RB from/IN Cuba/NNP that/WDT Fidel/NNP pushed/VBD off/RB on/IN us/PRP ,/,",,
sw11utt/sw_1113_2909.utt,2/sw2909,2909,33,%,B,14,2,"[ {C and, } + {F uh, } {C and } ] the last, {D you know, } - /","and/CC ,/, uh/UH ,/, and/CC the/DT last/JJS ,/, you/PRP know/VBP ,/,",,
sw11utt/sw_1113_2909.utt,2/sw2909,2909,34,sv,B,14,3,"out of all the Asians we brought in, there's a tremendous criminal element that we let in [ from, + from ] Asia  /","out/IN of/IN all/PDT the/DT Asians/NNPS we/PRP brought/VBD in/RB ,/, there/EX 's/BES a/DT tremendous/JJ criminal/JJ element/NN that/WDT we/PRP let/VBP in/IN from/IN ,/, from/IN Asia/NNP",,
sw11utt/sw_1113_2909.utt,2/sw2909,2909,35,sv,B,14,4,{C and } I think that --,and/CC I/PRP think/VBP that/IN --/:,,
sw11utt/sw_1113_2909.utt,2/sw2909,2909,36,aa,A,15,1,# That's right. # /,That/DT 's/BES right/JJ ./.,,
sw11utt/sw_1113_2909.utt,2/sw2909,2909,37,+,B,16,1,-- # there's got # to be some sort of controls over that.  /,--/: there/EX 's/HVS got/VBD to/TO be/VB some/DT sort/NN of/IN controls/NNS over/IN that/DT ./.,,
sw11utt/sw_1113_2909.utt,2/sw2909,2909,38,sd,B,16,2,{E I mean } this Asia mafia thing is getting out of hand. /,I/PRP mean/VBP this/DT Asia/NNP mafia/NN thing/NN is/VBZ getting/VBG out/IN of/IN hand/NN ./.,,
sw11utt/sw_1113_2909.utt,2/sw2909,2909,39,b,A,17,1,Uh-huh. /,Uh-huh/UH ./.,,
sw11utt/sw_1113_2909.utt,2/sw2909,2909,40,sd,B,18,1,"[ [ [ I don't, + I don't, ] + I didn't know what, ] + I don't even know what ] our controls are.  /","I/PRP do/VBP n't/RB ,/, I/PRP do/VBP n't/RB ,/, I/PRP did/VBD n't/RB know/VB what/WP ,/, I/PRP do/VBP n't/RB even/RB know/VB what/WP our/PRP$ controls/NNS are/VBP ./.",,
sw11utt/sw_1113_2909.utt,2/sw2909,2909,41,sd,B,18,2,"I don't even know what, {F uh, } if we have any guidelines at all, {F uh, } on immigration.  /","I/PRP do/VBP n't/RB even/RB know/VB what/WP ,/, uh/UH ,/, if/IN we/PRP have/VBP any/DT guidelines/NNS at/IN all/DT ,/, uh/UH ,/, on/IN immigration/NN ./.",,
sw11utt/sw_1113_2909.utt,2/sw2909,2909,42,sd,B,18,3,"{F Um, } I always thought that we did,  /","Um/UH ,/, I/PRP always/RB thought/VBD that/IN we/PRP did/VBD ,/,",,
sw11utt/sw_1113_2909.utt,2/sw2909,2909,43,sd,B,18,4,"{C but } [ [ I don't, + I don't, ] + I don't ] know what they are right now. /","but/CC I/PRP do/VBP n't/RB ,/, I/PRP do/VBP n't/RB ,/, I/PRP do/VBP n't/RB know/VB what/WP they/PRP are/VBP right/RB now/RB ./.",,
sw11utt/sw_1113_2909.utt,2/sw2909,2909,44,sv,A,19,1,"[ There, + I don't think there's ] [ much of, + much of ] one, because I'm sure all the people from Cuba have been released from that camp that they were in. /","There/EX ,/, I/PRP do/VBP n't/RB think/VB there/EX 's/BES much/JJ of/IN ,/, much/JJ of/IN one/CD ,/, because/IN I/PRP 'm/VBP sure/JJ all/PDT the/DT people/NNS from/IN Cuba/NNP have/VBP been/VBN released/VBN from/IN that/DT camp/NN that/WDT they/PRP were/VBD in/RB ./.",,
sw11utt/sw_1113_2909.utt,2/sw2909,2909,45,b,B,20,1,Yeah. /,Yeah/UH ./.,,
sw11utt/sw_1113_2909.utt,2/sw2909,2909,46,sv,A,21,1,"{C And, } {F uh, } [ most of them, + it's just like Australia, most of them ] were criminals from Cuba -- /","And/CC ,/, uh/UH ,/, most/RBS of/IN them/PRP ,/, it/PRP 's/BES just/RB like/IN Australia/NNP ,/, most/RBS of/IN them/PRP were/VBD criminals/NNS from/IN Cuba/NNP --/:",,
sw11utt/sw_1113_2909.utt,2/sw2909,2909,47,b,B,22,1,# Yeah. # /,Yeah/UH ./.,,
sw11utt/sw_1113_2909.utt,2/sw2909,2909,48,sv,A,23,1,"-- # {C and } # I think that was just an attempt [ that, + that ] Fidel Castro to undermine, {D you know } --","--/: and/CC I/PRP think/VBP that/DT was/VBD just/RB an/DT attempt/NN that/WDT ,/, that/WDT Fidel/NNP Castro/NNP to/TO undermine/VB ,/, you/PRP know/VBP --/:",,
sw11utt/sw_1113_2909.utt,2/sw2909,2909,49,b,B,24,1,Yeah.  /,Yeah/UH ./.,,
sw11utt/sw_1113_2909.utt,2/sw2909,2909,50,o@,B,24,2,"The,    *[[slash error]]","The/DT ,/,",,
sw11utt/sw_1113_2909.utt,2/sw2909,2909,51,+,A,25,1,-- the United States to some extent.  /,--/: the/DT United/NNP States/NNPS to/IN some/DT extent/NN ./.,,
sw11utt/sw_1113_2909.utt,2/sw2909,2909,52,sv,A,25,2,{C So } he just released and got rid of all his criminals and sent them to us. /,So/RB he/PRP just/RB released/VBD and/CC got/VBD rid/VBN of/IN all/DT his/PRP$ criminals/NNS and/CC sent/VBD them/PRP to/IN us/PRP ./.,,
sw11utt/sw_1113_2909.utt,2/sw2909,2909,53,+@,B,26,1,"Yeah. /   *[[slash error, should be 'b']]",Yeah/UH ./.,,
sw11utt/sw_1113_2909.utt,2/sw2909,2909,54,sv,A,27,1,"{C And } it's almost the same thing  [ [ in, +  in, ] + {F uh, } from ] Asia, because <<pause>> --","And/CC it/PRP 's/BES almost/RB the/DT same/JJ thing/NN in/IN ,/, in/IN ,/, uh/UH ,/, from/IN Asia/NNP ,/, because/IN --/:",,
sw11utt/sw_1113_2909.utt,2/sw2909,2909,55,^2,B,28,1,"# Because we, # -/","Because/IN we/PRP ,/,",,
sw11utt/sw_1113_2909.utt,2/sw2909,2909,56,+,A,29,1,"-- # [ a lot, + # a lot ] of them was put out of business in Vietnam after the war,  /","--/: a/DT lot/NN ,/, a/DT lot/NN of/IN them/PRP was/VBD put/VBN out/IN of/IN business/NN in/IN Vietnam/NNP after/IN the/DT war/NN ,/,",,
sw11utt/sw_1113_2909.utt,2/sw2909,2909,57,%,A,29,2,"{C and, } -/","and/CC ,/,",,
sw11utt/sw_1113_2909.utt,2/sw2909,2909,58,sd,B,30,1,"[ I, + I ] do have some sympathy with, {F uh, } {D you know, } - /","I/PRP ,/, I/PRP do/VBP have/VB some/DT sympathy/NN with/IN ,/, uh/UH ,/, you/PRP know/VBP ,/,",,
sw11utt/sw_1113_2909.utt,2/sw2909,2909,59,sd,B,30,2,"of course we have this big Mexican problem,  /","of/IN course/NN we/PRP have/VBP this/DT big/JJ Mexican/JJ problem/NN ,/,",,
sw11utt/sw_1113_2909.utt,2/sw2909,2909,60,sd,B,30,3,"not a problem,  /","not/RB a/DT problem/NN ,/,",,
sw11utt/sw_1113_2909.utt,2/sw2909,2909,61,sv,B,30,4,"{C but } I think that we need to do something with, {F uh, } the immigration of back and [ a-, + forth across ] Mexico, {F uh } -- /","but/CC I/PRP think/VBP that/IN we/PRP need/VBP to/TO do/VB something/NN with/IN ,/, uh/UH ,/, the/DT immigration/NN of/IN back/RB and/CC a-/XX ,/, forth/RB across/IN Mexico/NNP ,/, uh/UH --/:",,
sw11utt/sw_1113_2909.utt,2/sw2909,2909,62,b,A,31,1,Uh-huh. /,Uh-huh/UH ./.,,
sw11utt/sw_1113_2909.utt,2/sw2909,2909,63,sd,B,32,1,"-- [ I, + I'm ] sympathetic,  /","--/: I/PRP ,/, I/PRP 'm/VBP sympathetic/JJ ,/,",,
sw11utt/sw_1113_2909.utt,2/sw2909,2909,64,sd,B,32,2,"I don't know what the answer is, {E I guess. }  /","I/PRP do/VBP n't/RB know/VB what/WP the/DT answer/NN is/VBZ ,/, I/PRP guess/VBP ./.",,
sw11utt/sw_1113_2909.utt,2/sw2909,2909,65,sd,B,32,3,"I'm sympathetic certainly with that, [ that, + that ] they want to come over here  /","I/PRP 'm/VBP sympathetic/JJ certainly/RB with/IN that/DT ,/, that/IN ,/, that/IN they/PRP want/VBP to/TO come/VB over/IN here/RB",,
sw11utt/sw_1113_2909.utt,2/sw2909,2909,66,sv,B,32,4,"{C and } [ they, + ] I guess hundreds of thousands come over every year to work.   /","and/CC they/PRP ,/, I/PRP guess/VBP hundreds/NNS of/IN thousands/NNS come/VBP over/IN every/DT year/NN to/TO work/VB ./.",,
sw11utt/sw_1113_2909.utt,2/sw2909,2909,67,sd,B,32,5,"{C And } [ if, + if ] they have jobs, {D you know, } I hear the story that they're taking away American jobs.   /","And/CC if/IN ,/, if/IN they/PRP have/VBP jobs/NNS ,/, you/PRP know/VBP ,/, I/PRP hear/VBP the/DT story/NN that/IN they/PRP 're/VBP taking/VBG away/RB American/JJ jobs/NNS ./.",,
sw11utt/sw_1113_2909.utt,2/sw2909,2909,68,h,B,32,6,"{C But } I don't know, {F uh, }  /","But/CC I/PRP do/VBP n't/RB know/VB ,/, uh/UH ,/,",,
sw11utt/sw_1113_2909.utt,2/sw2909,2909,69,sd,B,32,7,I don't know how many American jobs they are really taking away. /,I/PRP do/VBP n't/RB know/VB how/WRB many/JJ American/JJ jobs/NNS they/PRP are/VBP really/RB taking/VBG away/RB ./.,,
sw11utt/sw_1113_2909.utt,2/sw2909,2909,70,b,A,33,1,Right. /,Right/UH ./.,,
sw11utt/sw_1113_2909.utt,2/sw2909,2909,71,sd,B,34,1,"{C So } [ I, + I'm ] sympathetic,  /","So/RB I/PRP ,/, I/PRP 'm/VBP sympathetic/JJ ,/,",,
sw11utt/sw_1113_2909.utt,2/sw2909,2909,72,sd,B,34,2,{C but } I don't have an answer.  /,but/CC I/PRP do/VBP n't/RB have/VB an/DT answer/NN ./.,,
sw11utt/sw_1113_2909.utt,2/sw2909,2909,73,sv,B,34,3,[ I don't -- +,I/PRP do/VBP n't/RB --/:,,
sw11utt/sw_1113_2909.utt,2/sw2909,2909,74,b,A,35,1,Uh-huh. /,Uh-huh/UH ./.,,
sw11utt/sw_1113_2909.utt,2/sw2909,2909,75,+,B,36,1,"-- {F uh, } I think ] that we should have good relations [ with, + with ] Mexico,  /","--/: uh/UH ,/, I/PRP think/VBP that/IN we/PRP should/MD have/VB good/JJ relations/NNS with/IN ,/, with/IN Mexico/NNP ,/,",,
sw11utt/sw_1113_2909.utt,2/sw2909,2909,76,sd,B,36,2,{C but } that's not really exactly immigration.  /,but/CC that/DT 's/BES not/RB really/RB exactly/RB immigration/NN ./.,,
sw11utt/sw_1113_2909.utt,2/sw2909,2909,77,sv,B,36,3,It is  /,It/PRP is/VBZ,,
sw11utt/sw_1113_2909.utt,2/sw2909,2909,78,sv,B,36,4,{C and } it isn't.  /,and/CC it/PRP is/VBZ n't/RB ./.,,
sw11utt/sw_1113_2909.utt,2/sw2909,2909,79,sd,B,36,5,"I don't know to what degree we owe the people who come across before they're citizens,  /","I/PRP do/VBP n't/RB know/VB to/IN what/WP degree/NN we/PRP owe/VBP the/DT people/NNS who/WP come/VBP across/IN before/IN they/PRP 're/VBP citizens/NNS ,/,",,
sw11utt/sw_1113_2909.utt,2/sw2909,2909,80,sd,B,36,6,"owe the children education and all that, {F uh, }  /","owe/VBP the/DT children/NNS education/NN and/CC all/PDT that/DT ,/, uh/UH ,/,",,
sw11utt/sw_1113_2909.utt,2/sw2909,2909,81,sv,B,36,7,"although, the idea of education is an answer to a lot of problems in the world.  /","although/IN ,/, the/DT idea/NN of/IN education/NN is/VBZ an/DT answer/NN to/IN a/DT lot/NN of/IN problems/NNS in/IN the/DT world/NN ./.",,
sw11utt/sw_1113_2909.utt,2/sw2909,2909,82,sv,B,36,8,{C So } --,So/RB --/:,,
sw11utt/sw_1113_2909.utt,2/sw2909,2909,83,b,A,37,1,Uh-huh. /,Uh-huh/UH ./.,,
sw11utt/sw_1113_2909.utt,2/sw2909,2909,84,+,B,38,1,"-- I guess it's what they, - /","--/: I/PRP guess/VBP it/PRP 's/BES what/WP they/PRP ,/,",,
sw11utt/sw_1113_2909.utt,2/sw2909,2909,85,sd,B,38,2,"[ their, + the ] Mexican kids get a good education along the way,  /","their/PRP$ ,/, the/DT Mexican/JJ kids/NNS get/VBP a/DT good/JJ education/NN along/IN the/DT way/NN ,/,",,
sw11utt/sw_1113_2909.utt,2/sw2909,2909,86,sv,B,38,3,"{C and } maybe that's a benefit to everybody, {D you know. } /","and/CC maybe/RB that/DT 's/BES a/DT benefit/NN to/IN everybody/NN ,/, you/PRP know/VBP ./.",,
sw11utt/sw_1113_2909.utt,2/sw2909,2909,87,b,A,39,1,"Yeah,  /","Yeah/UH ,/,",,
sw11utt/sw_1113_2909.utt,2/sw2909,2909,88,sd,A,39,2,{C and } a lot of the Mexican people just cross the border during the daytime to come over here and work -- /,and/CC a/DT lot/NN of/IN the/DT Mexican/JJ people/NNS just/RB cross/VBP the/DT border/NN during/IN the/DT daytime/JJ to/TO come/VB over/IN here/RB and/CC work/NN --/:,,
sw11utt/sw_1113_2909.utt,2/sw2909,2909,89,b,B,40,1,Uh-huh. /,Uh-huh/UH ./.,,
sw11utt/sw_1113_2909.utt,2/sw2909,2909,90,sd,A,41,1,-- {C and } they have green cards.   /,--/: and/CC they/PRP have/VBP green/JJ cards/NNS ./.,,
sw11utt/sw_1113_2909.utt,2/sw2909,2909,91,bf,A,41,2,"[ {C And, } + {F uh, } {C then, } ] like you said, a lot of, - /","And/CC ,/, uh/UH ,/, then/RB ,/, like/IN you/PRP said/VBD ,/, a/DT lot/NN of/IN ,/,",,
sw11utt/sw_1113_2909.utt,2/sw2909,2909,92,sd,A,41,3,I run into people every day that can't speak English. /,I/PRP run/VBP into/IN people/NNS every/DT day/NN that/WDT ca/MD n't/RB speak/VB English/NNP ./.,,
sw11utt/sw_1113_2909.utt,2/sw2909,2909,93,b,B,42,1,"{F Oh, } yeah. /","Oh/UH ,/, yeah/UH ./.",,
sw11utt/sw_1113_2909.utt,2/sw2909,2909,94,sd,A,43,1,"[ [ {C And, } + {F uh, } {C and, } ] + {C and } ] most of them, {D you know, } are working in janitorial positions  /","And/CC ,/, uh/UH ,/, and/CC ,/, and/CC most/RBS of/IN them/PRP ,/, you/PRP know/VBP ,/, are/VBP working/VBG in/IN janitorial/JJ positions/NNS",,
sw11utt/sw_1113_2909.utt,2/sw2909,2909,95,h,A,43,2,"{D so, }","so/RB ,/,",,
sw11utt/sw_1113_2909.utt,2/sw2909,2909,96,b,B,44,1,Yeah.  /,Yeah/UH ./.,,
sw11utt/sw_1113_2909.utt,2/sw2909,2909,97,%,B,44,2,"# {C And } that, # -/","And/CC that/DT ,/,",,
sw11utt/sw_1113_2909.utt,2/sw2909,2909,98,+,A,45,1,"# {D So, } [ I, # + I ] don't know,  /","So/RB ,/, I/PRP ,/, I/PRP do/VBP n't/RB know/VB ,/,",,
sw11utt/sw_1113_2909.utt,2/sw2909,2909,99,bf,A,45,2,"like you said, I don't know [ how much, + how much ] they're taking from the work force, {D you know. } /","like/IN you/PRP said/VBD ,/, I/PRP do/VBP n't/RB know/VB how/WRB much/JJ ,/, how/WRB much/JJ they/PRP 're/VBP taking/VBG from/IN the/DT work/NN force/NN ,/, you/PRP know/VBP ./.",,
sw11utt/sw_1113_2909.utt,2/sw2909,2909,100,b,B,46,1,"Yeah,  /","Yeah/UH ,/,",,
sw11utt/sw_1113_2909.utt,2/sw2909,2909,101,sv,B,46,2,I never thought that they were much.  /,I/PRP never/RB thought/VBD that/IN they/PRP were/VBD much/JJ ./.,,
sw11utt/sw_1113_2909.utt,2/sw2909,2909,102,sd,B,46,3,I do cringe when I hear some of the problems we've had. /,I/PRP do/VBP cringe/VB when/WRB I/PRP hear/VBP some/DT of/IN the/DT problems/NNS we/PRP 've/VBP had/VBD ./.,,
sw11utt/sw_1113_2909.utt,2/sw2909,2909,103,b,A,47,1,Uh-huh. /,Uh-huh/UH ./.,,
sw11utt/sw_1113_2909.utt,2/sw2909,2909,104,sd,B,48,1,"{F Um, } {F uh, } of course you mentioned the language.  /","Um/UH ,/, uh/UH ,/, of/IN course/NN you/PRP mentioned/VBD the/DT language/NN ./.",,
sw11utt/sw_1113_2909.utt,2/sw2909,2909,105,sv,B,48,2,"I feel so bad that we, here in Texas, or certainly the southern part of the United States, {F uh, } California, Texas, and all that, why our kids don't speak fluid Spanish, {F uh, } by junior high, {D you know } --","I/PRP feel/VBP so/RB bad/JJ that/IN we/PRP ,/, here/RB in/IN Texas/NNP ,/, or/CC certainly/RB the/DT southern/JJ part/NN of/IN the/DT United/NNP States/NNPS ,/, uh/UH ,/, California/NNP ,/, Texas/NNP ,/, and/CC all/DT that/DT ,/, why/WRB our/PRP$ kids/NNS do/VBP n't/RB speak/VB fluid/JJ Spanish/JJ ,/, uh/UH ,/, by/IN junior/JJ high/NN ,/, you/PRP know/VBP --/:",,
sw11utt/sw_1113_2909.utt,2/sw2909,2909,106,b,A,49,1,Uh-huh. /,Uh-huh/UH ./.,,
sw11utt/sw_1113_2909.utt,2/sw2909,2909,107,+,B,50,1,"-- as well as us, {D you know } -- /","--/: as/RB well/RB as/IN us/PRP ,/, you/PRP know/VBP --/:",,
sw11utt/sw_1113_2909.utt,2/sw2909,2909,108,b,A,51,1,Uh-huh. /,Uh-huh/UH ./.,,
sw11utt/sw_1113_2909.utt,2/sw2909,2909,109,sv,B,52,1,"-- so that we [ could, + wouldn't ] have the language barrier certainly.  /","--/: so/IN that/IN we/PRP could/MD ,/, would/MD n't/RB have/VB the/DT language/NN barrier/NN certainly/RB ./.",,
sw11utt/sw_1113_2909.utt,2/sw2909,2909,110,sv,B,52,2,"[ [ That, + that, ] + that ] is a shame that we have this tremendous border of Mexico,  /","That/DT ,/, that/DT ,/, that/WDT is/VBZ a/DT shame/NN that/IN we/PRP have/VBP this/DT tremendous/JJ border/NN of/IN Mexico/NNP ,/,",,
sw11utt/sw_1113_2909.utt,2/sw2909,2909,111,sd,B,52,3,"{C and then, } in Europe, {D you know, } they speak their French and all  /","and/CC then/RB ,/, in/IN Europe/NNP ,/, you/PRP know/VBP ,/, they/PRP speak/VBP their/PRP$ French/JJ and/CC all/DT",,
sw11utt/sw_1113_2909.utt,2/sw2909,2909,112,sd,B,52,4,"{C and } [ they try, + they go ] out of their way to try to speak their neighbor's language so they can understand.  /","and/CC they/PRP try/VBP ,/, they/PRP go/VBP out/IN of/IN their/PRP$ way/NN to/TO try/VB to/TO speak/VB their/PRP$ neighbor/NN 's/POS language/NN so/IN they/PRP can/MD understand/VB ./.",,
sw11utt/sw_1113_2909.utt,2/sw2909,2909,113,sv,B,52,5,"[ [ We, + we cert-, ] + we ] don't really even make an effort --","We/PRP ,/, we/PRP cert-/RB ,/, we/PRP do/VBP n't/RB really/RB even/RB make/VB an/DT effort/NN --/:",,
sw11utt/sw_1113_2909.utt,2/sw2909,2909,114,b,A,53,1,Uh-huh. /,Uh-huh/UH ./.,,
sw11utt/sw_1113_2909.utt,2/sw2909,2909,115,+,B,54,1,"-- to speak Spanish,  /","--/: to/TO speak/VB Spanish/NNP ,/,",,
sw11utt/sw_1113_2909.utt,2/sw2909,2909,116,sd,B,54,2,{C and } I feel bad about that <<pause>>.  /,and/CC I/PRP feel/VBP bad/JJ about/IN that/DT ./.,,
sw11utt/sw_1113_2909.utt,2/sw2909,2909,117,ad,B,54,3,Go ahead. /,Go/VB ahead/RB ./.,,
sw11utt/sw_1113_2909.utt,2/sw2909,2909,118,%,A,55,1,"{D Well, } that's, - /","Well/UH ,/, that/DT 's/BES ,/,",,
sw11utt/sw_1113_2909.utt,2/sw2909,2909,119,%,A,55,2,I - /,I/PRP,,
sw11utt/sw_1113_2909.utt,2/sw2909,2909,120,%,A,55,3,yeah  /,yeah/UH,,
sw11utt/sw_1113_2909.utt,2/sw2909,2909,121,sd,A,55,4,"I took Spanish in school,  /","I/PRP took/VBD Spanish/NNP in/IN school/NN ,/,",,
sw11utt/sw_1113_2909.utt,2/sw2909,2909,122,sv,A,55,5,"{C and } that's, {D you know, } one reason that I did it --","and/CC that/DT 's/BES ,/, you/PRP know/VBP ,/, one/CD reason/NN that/WDT I/PRP did/VBD it/PRP --/:",,
sw11utt/sw_1113_2909.utt,2/sw2909,2909,123,b,B,56,1,# Yeah. # /,Yeah/UH ./.,,
sw11utt/sw_1113_2909.utt,2/sw2909,2909,124,+,A,57,1,"-- # is [ because, + # because ] whenever you travel anywhere near the border, {D you know, } there more and more people speak Spanish. /","--/: is/VBZ because/IN ,/, because/IN whenever/WRB you/PRP travel/VBP anywhere/RB near/RB the/DT border/NN ,/, you/PRP know/VBP ,/, there/EX more/JJR and/CC more/JJR people/NNS speak/VBP Spanish/JJ ./.",,
sw11utt/sw_1113_2909.utt,2/sw2909,2909,125,b,B,58,1,"Yeah,  /","Yeah/UH ,/,",,
sw11utt/sw_1113_2909.utt,2/sw2909,2909,126,sv,B,58,2,I guess it's never too late.  /,I/PRP guess/VBP it/PRP 's/BES never/RB too/RB late/JJ ./.,,
sw11utt/sw_1113_2909.utt,2/sw2909,2909,127,sd,B,58,3,"[ I, + I ] do have some Spanish books,  /","I/PRP ,/, I/PRP do/VBP have/VB some/DT Spanish/JJ books/NNS ,/,",,
sw11utt/sw_1113_2909.utt,2/sw2909,2909,128,sd,B,58,4,"{C and } I've always, {F uh, } - /","and/CC I/PRP 've/VBP always/RB ,/, uh/UH ,/,",,
sw11utt/sw_1113_2909.utt,2/sw2909,2909,129,sd,B,58,5,"every year I say I'm going to try to speak some newcomers language, {D you know. }  /","every/DT year/NN I/PRP say/VBP I/PRP 'm/VBP going/VBG to/TO try/VB to/TO speak/VB some/DT newcomers/NNS language/NN ,/, you/PRP know/VBP ./.",,
sw11utt/sw_1113_2909.utt,2/sw2909,2909,130,sd,B,58,6,I don't know if it's costing us any money  /,I/PRP do/VBP n't/RB know/VB if/IN it/PRP 's/BES costing/VBG us/PRP any/DT money/NN,,
sw11utt/sw_1113_2909.utt,2/sw2909,2909,131,sd,B,58,7,"{C or } how much money they're putting into it, {F uh, }  /","or/CC how/WRB much/JJ money/NN they/PRP 're/VBP putting/VBG into/IN it/PRP ,/, uh/UH ,/,",,
sw11utt/sw_1113_2909.utt,2/sw2909,2909,132,sd,B,58,8,"that's always a factor,  /","that/DT 's/BES always/RB a/DT factor/NN ,/,",,
sw11utt/sw_1113_2909.utt,2/sw2909,2909,133,sd,B,58,9,"{E I mean } [ how much, + my wife says, How much ] the federal government is putting into it --","I/PRP mean/VBP how/WRB much/JJ ,/, my/PRP$ wife/NN says/VBZ ,/, How/WRB much/JJ the/DT federal/JJ government/NN is/VBZ putting/VBG into/IN it/PRP --/:",,
sw11utt/sw_1113_2909.utt,2/sw2909,2909,134,%,A,59,1,{D Well -- },Well/UH --/:,,
sw11utt/sw_1113_2909.utt,2/sw2909,2909,135,+,B,60,1,-- immigration. /,--/: immigration/NN ./.,,
sw11utt/sw_1113_2909.utt,2/sw2909,2909,136,+,A,61,1,"-- yeah,  /","--/: yeah/UH ,/,",,
sw11utt/sw_1113_2909.utt,2/sw2909,2909,137,sd,A,61,2,"{D well, } it's basically on the, {D well, } - /","well/UH ,/, it/PRP 's/BES basically/RB on/IN the/DT ,/, well/UH ,/,",,
sw11utt/sw_1113_2909.utt,2/sw2909,2909,138,sv,A,61,3,"I think it's mostly concentrated toward the borders,  /","I/PRP think/VBP it/PRP 's/BES mostly/RB concentrated/VBN toward/IN the/DT borders/NNS ,/,",,
sw11utt/sw_1113_2909.utt,2/sw2909,2909,139,%,A,61,4,"{C and, } {F uh, } it's more, {F um, }  /","and/CC ,/, uh/UH ,/, it/PRP 's/BES more/JJR ,/, um/UH ,/,",,
sw11utt/sw_1113_2909.utt,2/sw2909,2909,140,sd,A,61,5,"the immigration is tied in with, {F uh, } drug trafficking.   /","the/DT immigration/NN is/VBZ tied/VBN in/IN with/IN ,/, uh/UH ,/, drug/NN trafficking/NN ./.",,
sw11utt/sw_1113_2909.utt,2/sw2909,2909,141,sd,A,61,6,"{C So } they have to watch out who comes in,  /","So/RB they/PRP have/VBP to/TO watch/VB out/RP who/WP comes/VBZ in/IN ,/,",,
sw11utt/sw_1113_2909.utt,2/sw2909,2909,142,sd,A,61,7,"[ {C and, } + {C and } ] they're always finding drugs [ on, + {D you know, } on ] the most, {F um, } <talking> <<person calls out in background>> innocent looking kind of -- -/","and/CC ,/, and/CC they/PRP 're/VBP always/RB finding/VBG drugs/NNS on/IN ,/, you/PRP know/VBP ,/, on/IN the/DT most/RBS ,/, um/UH ,/, innocent/JJ looking/NN kind/NN of/IN --/:",,
sw11utt/sw_1113_2909.utt,2/sw2909,2909,143,b,B,62,1,Yeah. /,Yeah/UH ./.,,
sw11utt/sw_1113_2909.utt,2/sw2909,2909,144,sd,A,63,1,"-- I forgot what they found,  /","--/: I/PRP forgot/VBD what/WP they/PRP found/VBD ,/,",,
sw11utt/sw_1113_2909.utt,2/sw2909,2909,145,sd,A,63,2,"{C but } a dog found it the other day, {D you know } --","but/CC a/DT dog/NN found/VBD it/PRP the/DT other/JJ day/NN ,/, you/PRP know/VBP --/:",,
sw11utt/sw_1113_2909.utt,2/sw2909,2909,146,b,B,64,1,"{F Oh, } yeah. /","Oh/UH ,/, yeah/UH ./.",,
sw11utt/sw_1113_2909.utt,2/sw2909,2909,147,+,A,65,1,-- on the border. /,--/: on/IN the/DT border/NN ./.,,
sw11utt/sw_1113_2909.utt,2/sw2909,2909,148,b,B,66,1,"{F Oh } yeah,  /","Oh/UH yeah/UH ,/,",,
sw11utt/sw_1113_2909.utt,2/sw2909,2909,149,sv,B,66,2,"[ [ I, + I, ] + I ] think that certainly is a problem.  /","I/PRP ,/, I/PRP ,/, I/PRP think/VBP that/DT certainly/RB is/VBZ a/DT problem/NN ./.",,
sw11utt/sw_1113_2909.utt,2/sw2909,2909,150,sd^t,B,66,3,"I guess our immigration history, that's a great subject.  /","I/PRP guess/VBP our/PRP$ immigration/NN history/NN ,/, that/DT 's/BES a/DT great/JJ subject/NN ./.",,
sw11utt/sw_1113_2909.utt,2/sw2909,2909,151,sd^t,B,66,4,"They, {F uh, } didn't say to talk about that,  /","They/PRP ,/, uh/UH ,/, did/VBD n't/RB say/VB to/TO talk/VB about/IN that/DT ,/,",,
sw11utt/sw_1113_2909.utt,2/sw2909,2909,152,%,B,66,5,"{C but } that is, {E I mean, }  /","but/CC that/DT is/VBZ ,/, I/PRP mean/VBP ,/,",,
sw11utt/sw_1113_2909.utt,2/sw2909,2909,153,sd,B,66,6,"on Ellis Island, they, - /","on/IN Ellis/NNP Island/NNP ,/, they/PRP ,/,",,
sw11utt/sw_1113_2909.utt,2/sw2909,2909,154,sd,B,66,7,"you know they're redoing that and going to make it [ a museum, + a national museum. ] /","you/PRP know/VBP they/PRP 're/VBP redoing/VBG that/DT and/CC going/VBG to/TO make/VB it/PRP a/DT museum/NN ,/, a/DT national/JJ museum/NN ./.",,
sw11utt/sw_1113_2909.utt,2/sw2909,2909,155,b,A,67,1,Uh-huh. /,Uh-huh/UH ./.,,
sw11utt/sw_1113_2909.utt,2/sw2909,2909,156,sv,B,68,1,"That certainly was interesting,  /","That/DT certainly/RB was/VBD interesting/JJ ,/,",,
sw11utt/sw_1113_2909.utt,2/sw2909,2909,157,sd,B,68,2,"since all of us had, {F uh, } ancestors that came over that way.  /","since/IN all/DT of/IN us/PRP had/VBD ,/, uh/UH ,/, ancestors/NNS that/WDT came/VBD over/RB that/DT way/NN ./.",,
sw11utt/sw_1113_2909.utt,2/sw2909,2909,158,sd,B,68,3,"{C Or } not all,  /","Or/CC not/RB all/DT ,/,",,
sw11utt/sw_1113_2909.utt,2/sw2909,2909,159,sv,B,68,4,"{C but } [ I guess, +  I guess ] if you go back far enough you came over on a boat originally, {D you know. }  /","but/CC I/PRP guess/VBP ,/, I/PRP guess/VBP if/IN you/PRP go/VBP back/RB far/RB enough/RB you/PRP came/VBD over/IN on/IN a/DT boat/NN originally/RB ,/, you/PRP know/VBP ./.",,
sw11utt/sw_1113_2909.utt,2/sw2909,2909,160,sd,B,68,5,"{C But, } {F uh, } a lot of us have [ parents, + grandparents, ]  /","But/CC ,/, uh/UH ,/, a/DT lot/NN of/IN us/PRP have/VBP parents/NNS ,/, grandparents/NNS ,/,",,
sw11utt/sw_1113_2909.utt,2/sw2909,2909,161,sd,B,68,6,my grandparents came over in about eighteen ninety or something like that.   /,my/PRP$ grandparents/NNS came/VBD over/RB in/IN about/RB eighteen/CD ninety/CD or/CC something/NN like/IN that/DT ./.,,
sw11utt/sw_1113_2909.utt,2/sw2909,2909,162,sd,B,68,7,"{C And } I'm sure they came over, {D you know, } through Ellis Island, {D you know. } /","And/CC I/PRP 'm/VBP sure/JJ they/PRP came/VBD over/RB ,/, you/PRP know/VBP ,/, through/IN Ellis/NNP Island/NNP ,/, you/PRP know/VBP ./.",,
sw11utt/sw_1113_2909.utt,2/sw2909,2909,163,aa,A,69,1,That's right.  /,That/DT 's/BES right/JJ ./.,,
sw11utt/sw_1113_2909.utt,2/sw2909,2909,164,%,A,69,2,{D Well. }   *[[slash error]],Well/UH ./.,,
sw11utt/sw_1113_2909.utt,2/sw2909,2909,165,sv,B,70,1,"{C So } we all immigrants, one way or another, {D well }  /","So/RB we/PRP all/DT immigrants/NNS ,/, one/CD way/NN or/CC another/DT ,/, well/UH",,
sw11utt/sw_1113_2909.utt,2/sw2909,2909,166,sd,B,70,2,"we certainly are, coming from Europe. /","we/PRP certainly/RB are/VBP ,/, coming/VBG from/IN Europe/NNP ./.",,
sw11utt/sw_1113_2909.utt,2/sw2909,2909,167,+,A,71,1,"Yeah,  /","Yeah/UH ,/,",,
sw11utt/sw_1113_2909.utt,2/sw2909,2909,168,sd,A,71,2,"{C and } [ one of the, + one of the ] things that really gets to me, {F uh, } about the Mexicans is that, {F um, } once they have children over here, their children are American citizens then. /","and/CC one/CD of/IN the/DT ,/, one/CD of/IN the/DT things/NNS that/WDT really/RB gets/VBZ to/IN me/PRP ,/, uh/UH ,/, about/IN the/DT Mexicans/NNPS is/VBZ that/IN ,/, um/UH ,/, once/RB they/PRP have/VBP children/NNS over/IN here/RB ,/, their/PRP$ children/NNS are/VBP American/JJ citizens/NNS then/RB ./.",,
sw11utt/sw_1113_2909.utt,2/sw2909,2909,169,aa,B,72,1,"{F Oh, } yeah,  /","Oh/UH ,/, yeah/UH ,/,",,
sw11utt/sw_1113_2909.utt,2/sw2909,2909,170,sv,B,72,2,those were laws are unusual. /,those/DT were/VBD laws/NNS are/VBP unusual/JJ ./.,,
sw11utt/sw_1113_2909.utt,2/sw2909,2909,171,b,A,73,1,"Yeah,  /","Yeah/UH ,/,",,
sw11utt/sw_1113_2909.utt,2/sw2909,2909,172,sd,A,73,2,{C and } then they'll ship the parents back  /,and/CC then/RB they/PRP 'll/MD ship/VB the/DT parents/NNS back/RB,,
sw11utt/sw_1113_2909.utt,2/sw2909,2909,173,sd,A,73,3,{C and } that leaves the children without any parents.   /,and/CC that/DT leaves/VBZ the/DT children/NNS without/IN any/DT parents/NNS ./.,,
sw11utt/sw_1113_2909.utt,2/sw2909,2909,174,sd,A,73,4,"[ [ [ {C So, } +","So/UH ,/,",,
sw11utt/sw_1113_2909.utt,2/sw2909,2909,175,b,B,74,1,"Yeah,  /","Yeah/UH ,/,",,
sw11utt/sw_1113_2909.utt,2/sw2909,2909,176,o@,B,74,2,"{C but } I don't understand, whose rule is that, {D you know. }   *[[slash error]]","but/CC I/PRP do/VBP n't/RB understand/VB ,/, whose/WP$ rule/NN is/VBZ that/DT ,/, you/PRP know/VBP ./.",,
sw11utt/sw_1113_2909.utt,2/sw2909,2909,177,+,A,75,1,"{C And } they, ] + {D you know, } {C and, } ] + {C and } they ] just follow the rule no matter, {D you know. }  /","And/CC they/PRP ,/, you/PRP know/VBP ,/, and/CC ,/, and/CC they/PRP just/RB follow/VBP the/DT rule/NN no/DT matter/NN ,/, you/PRP know/VBP ./.",,
sw11utt/sw_1113_2909.utt,2/sw2909,2909,178,sv,A,75,2,{C So } that doesn't seem fair to the children. /,So/RB that/DT does/VBZ n't/RB seem/VB fair/JJ to/IN the/DT children/NNS ./.,,
sw11utt/sw_1113_2909.utt,2/sw2909,2909,179,+@,B,76,1,"Yeah,  / *[[slash error]]","Yeah/UH ,/,",,
sw11utt/sw_1113_2909.utt,2/sw2909,2909,180,sv,B,76,2,"sometimes common sense should take over rather than, - /","sometimes/RB common/JJ sense/NN should/MD take/VB over/IN rather/IN than/IN ,/,",,
sw11utt/sw_1113_2909.utt,2/sw2909,2909,181,%,B,76,3,"yeah,  /","yeah/UH ,/,",,
sw11utt/sw_1113_2909.utt,2/sw2909,2909,182,sv,B,76,4,that's a law doesn't sound like it makes any sense at all --,that/DT 's/BES a/DT law/NN does/VBZ n't/RB sound/VB like/IN it/PRP makes/VBZ any/DT sense/NN at/IN all/DT --/:,,
sw11utt/sw_1113_2909.utt,2/sw2909,2909,183,b,A,77,1,Right. /,Right/UH ./.,,
sw11utt/sw_1113_2909.utt,2/sw2909,2909,184,+,B,78,1,-- that you would do it that way. /,--/: that/IN you/PRP would/MD do/VB it/PRP that/DT way/NN ./.,,
sw11utt/sw_1113_2909.utt,2/sw2909,2909,185,b,A,79,1,Uh-huh. /,Uh-huh/UH ./.,,
sw11utt/sw_1113_2909.utt,2/sw2909,2909,186,sv,B,80,1,"You would think they could at least get [ [ a, + a, ] + a ] visa or something until they, {F uh, } get citizenship.  /","You/PRP would/MD think/VB they/PRP could/MD at/IN least/RBS get/VB a/DT ,/, a/DT ,/, a/DT visa/NN or/CC something/NN until/IN they/PRP ,/, uh/UH ,/, get/VBP citizenship/NN ./.",,
sw11utt/sw_1113_2909.utt,2/sw2909,2909,187,sv,B,80,2,I'm sure they want to. /,I/PRP 'm/VBP sure/JJ they/PRP want/VBP to/TO ./.,,
sw11utt/sw_1113_2909.utt,2/sw2909,2909,188,b,A,81,1,"Yeah,  /","Yeah/UH ,/,",,
sw11utt/sw_1113_2909.utt,2/sw2909,2909,189,sd,A,81,2,"{C and then } they granted them amnesty [ if they could prove, + {A when was that, it was in the eighties some time } --","and/CC then/RB they/PRP granted/VBD them/PRP amnesty/NN if/IN they/PRP could/MD prove/VB ,/, when/WRB was/VBD that/IN ,/, it/PRP was/VBD in/IN the/DT eighties/NNS some/DT time/NN --/:",,
sw11utt/sw_1113_2909.utt,2/sw2909,2909,190,b,B,82,1,"{F Oh, } yeah. /","Oh/UH ,/, yeah/UH ./.",,
sw11utt/sw_1113_2909.utt,2/sw2909,2909,191,+,A,83,1,-- if they could prove ] they'd been here five years. /,--/: if/IN they/PRP could/MD prove/VB they/PRP 'd/MD been/VBN here/RB five/CD years/NNS ./.,,
sw11utt/sw_1113_2909.utt,2/sw2909,2909,192,sd,B,84,1,"I heard something about that, yeah. /","I/PRP heard/VBD something/NN about/IN that/DT ,/, yeah/UH ./.",,
sw11utt/sw_1113_2909.utt,2/sw2909,2909,193,sd,A,85,1,"{C And, } {F uh, } a lot of them had been, {D you know. } /","And/CC ,/, uh/UH ,/, a/DT lot/NN of/IN them/PRP had/VBD been/VBN ,/, you/PRP know/VBP ./.",,
sw11utt/sw_1113_2909.utt,2/sw2909,2909,194,b,B,86,1,Yeah. /,Yeah/UH ./.,,
sw11utt/sw_1113_2909.utt,2/sw2909,2909,195,sd,A,87,1,"[ Some of them, + some of them ] moved back and forth,  /","Some/DT of/IN them/PRP ,/, some/DT of/IN them/PRP moved/VBD back/RB and/CC forth/RB ,/,",,
sw11utt/sw_1113_2909.utt,2/sw2909,2909,196,sd,A,87,2,{C but } --,but/CC --/:,,
sw11utt/sw_1113_2909.utt,2/sw2909,2909,197,b,B,88,1,# Yeah. # /,Yeah/UH ./.,,
sw11utt/sw_1113_2909.utt,2/sw2909,2909,198,+,A,89,1,"-- # {F uh, } # most of them don't ever want to go back to Mexico,  /","--/: uh/UH ,/, most/RBS of/IN them/PRP do/VBP n't/RB ever/RB want/VB to/TO go/VB back/RB to/IN Mexico/NNP ,/,",,
sw11utt/sw_1113_2909.utt,2/sw2909,2909,199,sd,A,89,2,especially --,especially/RB --/:,,
sw11utt/sw_1113_2909.utt,2/sw2909,2909,200,b,B,90,1,# {F Oh } no. # /,Oh/UH no/UH ./.,,
sw11utt/sw_1113_2909.utt,2/sw2909,2909,201,+,A,91,1,-- # the way it was then. # /,--/: the/DT way/NN it/PRP was/VBD then/RB ./.,,
sw11utt/sw_1113_2909.utt,2/sw2909,2909,202,ba,B,92,1,"{F Oh, } no,  /","Oh/UH ,/, no/UH ,/,",,
sw11utt/sw_1113_2909.utt,2/sw2909,2909,203,ba,B,92,2,"[ [ I, + I could see, ] + you could see ] why. /","I/PRP ,/, I/PRP could/MD see/VB ,/, you/PRP could/MD see/VB why/WRB ./.",,
sw11utt/sw_1113_2909.utt,2/sw2909,2909,204,b,A,93,1,Uh-huh. /,Uh-huh/UH ./.,,
sw11utt/sw_1113_2909.utt,2/sw2909,2909,205,sd,B,94,1,I don't know how much immigration we have from Europe and everything.  /,I/PRP do/VBP n't/RB know/VB how/WRB much/JJ immigration/NN we/PRP have/VBP from/IN Europe/NNP and/CC everything/NN ./.,,
sw11utt/sw_1113_2909.utt,2/sw2909,2909,206,sd,B,94,2,What the controls are. /,What/WP the/DT controls/NNS are/VBP ./.,,
sw11utt/sw_1113_2909.utt,2/sw2909,2909,207,sd,A,95,1,"I think most, {D you know, } like especially the celebrities and everything, [ they just have a, + {F uh, } {D well, } they have ] to get a green card if they going to do any kind of work, {D you know, } in movies --","I/PRP think/VBP most/RBS ,/, you/PRP know/VBP ,/, like/UH especially/RB the/DT celebrities/NNS and/CC everything/NN ,/, they/PRP just/RB have/VBP a/DT ,/, uh/UH ,/, well/UH ,/, they/PRP have/VBP to/TO get/VB a/DT green/JJ card/NN if/IN they/PRP going/VBG to/TO do/VB any/DT kind/NN of/IN work/NN ,/, you/PRP know/VBP ,/, in/IN movies/NNS --/:",,
sw11utt/sw_1113_2909.utt,2/sw2909,2909,208,b,B,96,1,Yeah. /,Yeah/UH ./.,,
sw11utt/sw_1113_2909.utt,2/sw2909,2909,209,+,A,97,1,"-- [ and, + and ] such.  /","--/: and/CC ,/, and/CC such/JJ ./.",,
sw11utt/sw_1113_2909.utt,2/sw2909,2909,210,sd,A,97,2,{C But } most of them have temporary visas. /,But/CC most/RBS of/IN them/PRP have/VBP temporary/JJ visas/NNS ./.,,
sw11utt/sw_1113_2909.utt,2/sw2909,2909,211,b,B,98,1,Yeah.  /,Yeah/UH ./.,,
sw11utt/sw_1113_2909.utt,2/sw2909,2909,212,sv,B,98,2,"I guess you can get work visas pretty easily, {F uh. } /","I/PRP guess/VBP you/PRP can/MD get/VB work/NN visas/NNS pretty/RB easily/RB ,/, uh/UH ./.",,
sw11utt/sw_1113_2909.utt,2/sw2909,2909,213,sd,A,99,1,"As long, it's like {D well, } - /","As/RB long/RB ,/, it/PRP 's/BES like/IN well/UH ,/,",,
sw11utt/sw_1113_2909.utt,2/sw2909,2909,214,sd,A,99,2,"it's a kind of [ a bad, + a [ bad, + bad ] ] example,  /","it/PRP 's/BES a/DT kind/RB of/RB a/DT bad/JJ ,/, a/DT bad/JJ ,/, bad/JJ example/NN ,/,",,
sw11utt/sw_1113_2909.utt,2/sw2909,2909,215,sd,A,99,3,{C but } when Rafael Septien took the job with the Cowboys --,but/CC when/WRB Rafael/NNP Septien/NNP took/VBD the/DT job/NN with/IN the/DT Cowboys/NNPS --/:,,
sw11utt/sw_1113_2909.utt,2/sw2909,2909,216,b,B,100,1,Yeah. /,Yeah/UH ./.,,
sw11utt/sw_1113_2909.utt,2/sw2909,2909,217,+,A,101,1,-- they had to offer his job to any other applicant that could do it. /,--/: they/PRP had/VBD to/TO offer/VB his/PRP$ job/NN to/IN any/DT other/JJ applicant/NN that/WDT could/MD do/VB it/PRP ./.,,
sw11utt/sw_1113_2909.utt,2/sw2909,2909,218,bh,B,102,1,"{F Oh, } really? /","Oh/UH ,/, really/UH ?/.",,
sw11utt/sw_1113_2909.utt,2/sw2909,2909,219,ny,A,103,1,Yeah. /,Yeah/UH ./.,,
sw11utt/sw_1113_2909.utt,2/sw2909,2909,220,x,B,104,1,<Laughter>.,,,
sw11utt/sw_1113_2909.utt,2/sw2909,2909,221,%,A,105,1,"So that, {D you know, } - /","So/RB that/DT ,/, you/PRP know/VBP ,/,",,
sw11utt/sw_1113_2909.utt,2/sw2909,2909,222,sd,A,105,2,{C and } that's the thing with the jobs. /,and/CC that/DT 's/BES the/DT thing/NN with/IN the/DT jobs/NNS ./.,,
sw11utt/sw_1113_2909.utt,2/sw2909,2909,223,b,B,106,1,Yeah. /,Yeah/UH ./.,,
sw11utt/sw_1113_2909.utt,2/sw2909,2909,224,sd,A,107,1,{C And } of course no one beat him out. /,And/CC of/IN course/NN no/DT one/CD beat/NN him/PRP out/RB ./.,,
sw11utt/sw_1113_2909.utt,2/sw2909,2909,225,b,B,108,1,Yeah. /,Yeah/UH ./.,,
sw11utt/sw_1113_2909.utt,2/sw2909,2909,226,sd,A,109,1,"{C So, } {D you know. }  He just ruined his own career,  /","So/RB ,/, you/PRP know/VBP ./. He/PRP just/RB ruined/VBD his/PRP$ own/JJ career/NN ,/,",,
sw11utt/sw_1113_2909.utt,2/sw2909,2909,227,%,A,109,2,{C so. } -/,so/RB ./.,,
sw11utt/sw_1113_2909.utt,2/sw2909,2909,228,b,B,110,1,"{F Oh, } {D well } yeah. /","Oh/UH ,/, well/RB yeah/UH ./.",,
sw11utt/sw_1113_2909.utt,2/sw2909,2909,229,b,A,111,1,Yeah  /,Yeah/UH,,
sw11utt/sw_1113_2909.utt,2/sw2909.pos,2909,230,x,A,111,2,<<pause>>.,./.
sw11utt/sw_1113_2909.utt,2/sw2909,2909,231,%,B,112,1,"Yeah,  /","Yeah/UH ,/,",,
sw11utt/sw_1113_2909.utt,2/sw2909,2909,232,sd,B,112,2,"{D well } it's still interesting after all this time that we're probably [ one of the, + one of the ] few countries that people are still desperately trying to immigrate to.  /","well/UH it/PRP 's/BES still/RB interesting/JJ after/IN all/PDT this/DT time/NN that/IN we/PRP 're/VBP probably/RB one/CD of/IN the/DT ,/, one/CD of/IN the/DT few/JJ countries/NNS that/WDT people/NNS are/VBP still/RB desperately/RB trying/VBG to/TO immigrate/VB to/IN ./.",,
sw11utt/sw_1113_2909.utt,2/sw2909,2909,233,sv,B,112,3,"{F Uh, } although I guess Europe, now that the Communism is falling apart, that maybe there'll [ be, + won't be ] that much of a rush to get out of all the Communist [ com-, + countries, ] {F uh, }  /","Uh/UH ,/, although/IN I/PRP guess/VBP Europe/NNP ,/, now/RB that/IN the/DT Communism/NNP is/VBZ falling/VBG apart/RB ,/, that/IN maybe/RB there/EX 'll/MD be/VB ,/, wo/MD n't/RB be/VB that/RB much/JJ of/IN a/DT rush/NN to/TO get/VB out/IN of/IN all/PDT the/DT Communist/NNP com-/NNP ,/, countries/NNS ,/, uh/UH ,/,",,
sw11utt/sw_1113_2909.utt,2/sw2909,2909,234,sv,B,112,4,"I guess Poland [ now, + now ] is noncommunist  /","I/PRP guess/VBP Poland/NNP now/RB ,/, now/RB is/VBZ noncommunist/JJ",,
sw11utt/sw_1113_2909.utt,2/sw2909,2909,235,sv,B,112,5,{C so } --,so/RB --/:,,
sw11utt/sw_1113_2909.utt,2/sw2909,2909,236,b,A,113,1,Uh-huh. /,Uh-huh/UH ./.,,
sw11utt/sw_1113_2909.utt,2/sw2909,2909,237,+,B,114,1,"-- maybe not,  /","--/: maybe/RB not/RB ,/,",,
sw11utt/sw_1113_2909.utt,2/sw2909,2909,238,sv,B,114,2,"maybe immigration from Europe to here will [ s-, + {D you know } slowly, ] {F uh, } change,  /","maybe/RB immigration/NN from/IN Europe/NNP to/IN here/NN will/MD s-/XX ,/, you/PRP know/VBP slowly/RB ,/, uh/UH ,/, change/VB ,/,",,
sw11utt/sw_1113_2909.utt,2/sw2909,2909,239,sv,B,114,3,"maybe it'll [ be, + ] even out like trade, {D you know. }  /","maybe/RB it/PRP 'll/MD be/VB ,/, even/RB out/RP like/IN trade/NN ,/, you/PRP know/VBP ./.",,
sw11utt/sw_1113_2909.utt,2/sw2909,2909,240,sv,B,114,4,"So many people will immigrate here [ in the twentieth, + at the year two thousand, ]  /","So/RB many/JJ people/NNS will/MD immigrate/VB here/RB in/IN the/DT twentieth/JJ ,/, at/IN the/DT year/NN two/CD thousand/CD ,/,",,
sw11utt/sw_1113_2909.utt,2/sw2909,2909,241,sv,B,114,5,so many of the people will go back overseas.  /,so/RB many/NN of/IN the/DT people/NNS will/MD go/VB back/RB overseas/JJ ./.,,
sw11utt/sw_1113_2909.utt,2/sw2909,2909,242,sv,B,114,6,"{D You know, } maybe it will average out,  /","You/PRP know/VBP ,/, maybe/RB it/PRP will/MD average/VB out/IN ,/,",,
sw11utt/sw_1113_2909.utt,2/sw2909,2909,243,h,B,114,7,I don't know. /,I/PRP do/VBP n't/RB know/VB ./.,,
sw11utt/sw_1113_2909.utt,2/sw2909,2909,244,aa,A,115,1,"Yeah,  /","Yeah/UH ,/,",,
sw11utt/sw_1113_2909.utt,2/sw2909,2909,245,aa,A,115,2,I think # so. # /,I/PRP think/VBP so/RB ./.,,
sw11utt/sw_1113_2909.utt,2/sw2909,2909,246,sv,B,116,1,"# It # [ [ doesn't, + has, ] + doesn't ] seem so far. /","It/PRP does/VBZ n't/RB ,/, has/VBZ ,/, does/VBZ n't/RB seem/VB so/RB far/RB ./.",,
sw11utt/sw_1113_2909.utt,2/sw2909,2909,247,sd,A,117,1,"{C Because } there are other [ [ I, + j-, ] + {F uh, } job ] opportunities,","Because/IN there/EX are/VBP other/JJ I/PRP ,/, j-/NN ,/, uh/UH ,/, job/NN opportunities/NNS ,/,",,
sw11utt/sw_1113_2909.utt,2/sw2909,2909,248,x,B,118,1,<Swallowing>.,,,
sw11utt/sw_1113_2909.utt,2/sw2909,2909,249,+,A,119,1,in Europe that there aren't here --,in/IN Europe/NNP that/WDT there/EX are/VBP n't/RB here/RB --/:,,
sw11utt/sw_1113_2909.utt,2/sw2909,2909,250,b,B,120,1,Uh-huh. /,Uh-huh/UH ./.,,
sw11utt/sw_1113_2909.utt,2/sw2909,2909,251,+,A,121,1,"-- {D you know, } even, {F um, }  /","--/: you/PRP know/VBP ,/, even/RB ,/, um/UH ,/,",,
sw11utt/sw_1113_2909.utt,2/sw2909,2909,252,sd,A,121,2,"like [ or-, + orchestra ] players can find a job sometimes <noise> <<telephone line noise>> in Europe when they can't find one here. /","like/IN or-/NN ,/, orchestra/NN players/NNS can/MD find/VB a/DT job/NN sometimes/RB in/IN Europe/NNP when/WRB they/PRP ca/MD n't/RB find/VB one/CD here/RB ./.",,
sw11utt/sw_1113_2909.utt,2/sw2909,2909,253,b,B,122,1,Uh-huh. /,Uh-huh/UH ./.,,
sw11utt/sw_1113_2909.utt,2/sw2909,2909,254,sd,A,123,1,{C And } I'm a trumpet player. /,And/CC I/PRP 'm/VBP a/DT trumpet/NN player/NN ./.,,
sw11utt/sw_1113_2909.utt,2/sw2909,2909,255,qy,B,124,1,Are you a teacher? /,Are/VBP you/PRP a/DT teacher/NN ?/.,,
sw11utt/sw_1113_2909.utt,2/sw2909,2909,256,nn,A,125,1,"{F Uh, } no,  /","Uh/UH ,/, no/UH ,/,",,
sw11utt/sw_1113_2909.utt,2/sw2909,2909,257,sd^e,A,125,2,"[ I, + {F uh, } I ] don't any more.  /","I/PRP ,/, uh/UH ,/, I/PRP do/VBP n't/RB any/DT more/JJR ./.",,
sw11utt/sw_1113_2909.utt,2/sw2909,2909,258,sd,A,125,3,I just went to school  /,I/PRP just/RB went/VBD to/IN school/NN,,
sw11utt/sw_1113_2909.utt,2/sw2909,2909,259,sd,A,125,4,{C and } I was a music major for a while. /,and/CC I/PRP was/VBD a/DT music/NN major/JJ for/IN a/DT while/NN ./.,,
sw11utt/sw_1113_2909.utt,2/sw2909,2909,260,b,B,126,1,"{F Oh, } really,  /","Oh/UH ,/, really/RB ,/,",,
sw11utt/sw_1113_2909.utt,2/sw2909,2909,261,b,B,126,2,yeah. /,yeah/UH ./.,,
sw11utt/sw_1113_2909.utt,2/sw2909,2909,262,sd,A,127,1,{C But } I had a trumpet teacher that played in the Mexico City Symphony.  /,But/CC I/PRP had/VBD a/DT trumpet/NN teacher/NN that/WDT played/VBD in/IN the/DT Mexico/NNP City/NNP Symphony/NNP ./.,,
sw11utt/sw_1113_2909.utt,2/sw2909,2909,263,sd,A,127,2,"# [ {C So, } # + --","So/RB ,/, --/:",,
sw11utt/sw_1113_2909.utt,2/sw2909,2909,264,b,B,128,1,# Yeah. # /,Yeah/UH ./.,,
sw11utt/sw_1113_2909.utt,2/sw2909,2909,265,+,A,129,1,-- {C so } ] he had to have a work visa there. /,--/: so/RB he/PRP had/VBD to/TO have/VB a/DT work/NN visa/NN there/RB ./.,,
sw11utt/sw_1113_2909.utt,2/sw2909,2909,266,b,B,130,1,Oh. /,Oh/UH ./.,,
sw11utt/sw_1113_2909.utt,2/sw2909,2909,267,sd,A,131,1,"{C And } of course they had a lot of musicians [ from, + from ] other countries --","And/CC of/IN course/NN they/PRP had/VBD a/DT lot/NN of/IN musicians/NNS from/IN ,/, from/IN other/JJ countries/NNS --/:",,
sw11utt/sw_1113_2909.utt,2/sw2909,2909,268,b,B,132,1,# Uh-huh. # /,Uh-huh/UH ./.,,
sw11utt/sw_1113_2909.utt,2/sw2909,2909,269,+,A,133,1,"-- # [ and, + {F uh, } ] # in the Mexico City Symphony. /","--/: and/CC ,/, uh/UH ,/, in/IN the/DT Mexico/NNP City/NNP Symphony/NNP ./.",,
sw11utt/sw_1113_2909.utt,2/sw2909,2909,270,b,B,134,1,Uh-huh. /,Uh-huh/UH ./.,,
sw11utt/sw_1113_2909.utt,2/sw2909,2909,271,sd,A,135,1,"{C But } I think, {F um, } {D like } three out of the four other people in the trumpet section are from Mexico now. /","But/CC I/PRP think/VBP ,/, um/UH ,/, like/RB three/CD out/IN of/IN the/DT four/CD other/JJ people/NNS in/IN the/DT trumpet/NN section/NN are/VBP from/IN Mexico/NNP now/RB ./.",,
sw11utt/sw_1113_2909.utt,2/sw2909,2909,272,b,B,136,1,"{F Oh, } really. /","Oh/UH ,/, really/UH ./.",,
sw11utt/sw_1113_2909.utt,2/sw2909,2909,273,sd,A,137,1,"{C But } I think [ the conductor, + I don't know, {E or } one of the conductors ] [ is, + is ] from another country. /","But/CC I/PRP think/VBP the/DT conductor/NN ,/, I/PRP do/VBP n't/RB know/VB ,/, or/CC one/CD of/IN the/DT conductors/NNS is/VBZ ,/, is/VBZ from/IN another/DT country/NN ./.",,
sw11utt/sw_1113_2909.utt,2/sw2909,2909,274,b,B,138,1,Uh-huh. /,Uh-huh/UH ./.,,
sw11utt/sw_1113_2909.utt,2/sw2909,2909,275,sd,A,139,1,It's like any other symphony. /,It/PRP 's/BES like/IN any/DT other/JJ symphony/NN ./.,,
sw11utt/sw_1113_2909.utt,2/sw2909,2909,276,b,B,140,1,Yeah  /,Yeah/UH,,
sw11utt/sw_1113_2909.utt,2/sw2909.pos,2909,277,x,B,140,2,</Talking>.,./.
sw11utt/sw_1113_2909.utt,2/sw2909,2909,278,sd,A,141,1,"{D You know, } [ {C and then, } + {C and } ] Eduardo Mana's from Mexico  /","You/PRP know/VBP ,/, and/CC then/RB ,/, and/CC Eduardo/NNP Mana/NNP 's/BES from/IN Mexico/NNP",,
sw11utt/sw_1113_2909.utt,2/sw2909,2909,279,sd,A,141,2,"{C so } he had to, -/","so/IN he/PRP had/VBD to/TO ,/,",,
