swda_filename,ptb_basename,conversation_no,transcript_index,act_tag,caller,utterance_index,subutterance_index,text,pos,trees,ptb_treenumbers
sw06utt/sw_0666_3359.utt,3/sw3359,3359,0,sd,A,1,1,"{F Oh, } I guess, {F uh, } this is  [ a, +  a ] topic  near and dear to my heart,","Oh/UH ,/, I/PRP guess/VBP ,/, uh/UH ,/, this/DT is/VBZ a/DT ,/, a/DT topic/NN near/JJ and/CC dear/JJ to/IN my/PRP$ heart/NN ,/,",,
sw06utt/sw_0666_3359.utt,3/sw3359,3359,1,x,B,2,1,<Laughter>.,,,
sw06utt/sw_0666_3359.utt,3/sw3359,3359,2,+,A,3,1,"since I [ am a, + am a ] healthy eater, /","since/IN I/PRP am/VBP a/DT ,/, am/VBP a/DT healthy/JJ eater/NN ,/,",,
sw06utt/sw_0666_3359.utt,3/sw3359,3359,3,sd,B,4,1,"<Laughter> {D Well, } [ I, +  I ] try to be as well, /","Well/UH ,/, I/PRP ,/, I/PRP try/VBP to/TO be/VB as/RB well/RB ,/,",,
sw06utt/sw_0666_3359.utt,3/sw3359,3359,4,%,A,5,1,"<Laughter> {D Well, } [ I'm not, +   {F uh, } I, ] - /","Well/UH ,/, I/PRP 'm/VBP not/RB ,/, uh/UH ,/, I/PRP ,/,",,
sw06utt/sw_0666_3359.utt,3/sw3359,3359,5,sd,A,5,2,"there really isn't any kind of particular food that [ I, +  I ] [ don't, +   don't ] like really,  /","there/EX really/RB is/VBZ n't/RB any/DT kind/NN of/IN particular/JJ food/NN that/WDT I/PRP ,/, I/PRP do/VBP n't/RB ,/, do/VB n't/RB like/VB really/RB ,/,",,
sw06utt/sw_0666_3359.utt,3/sw3359,3359,6,sd,A,5,3,{C and } I like a good Italian restaurant --,and/CC I/PRP like/VBP a/DT good/JJ Italian/JJ restaurant/NN --/:,,
sw06utt/sw_0666_3359.utt,3/sw3359,3359,7,b,B,6,1,Uh-huh. /,Uh-huh/UH ./.,,
sw06utt/sw_0666_3359.utt,3/sw3359,3359,8,+,A,7,1,"-- or a good, {F uh, } {F uh, } - /","--/: or/CC a/DT good/JJ ,/, uh/UH ,/, uh/UH ,/,",,
sw06utt/sw_0666_3359.utt,3/sw3359,3359,9,sd,A,7,2,especially like good prime rib -- /,especially/RB like/VBP good/JJ prime/JJ rib/NN --/:,,
sw06utt/sw_0666_3359.utt,3/sw3359,3359,10,b,B,8,1,Uh-huh. /,Uh-huh/UH ./.,,
sw06utt/sw_0666_3359.utt,3/sw3359,3359,11,sv,A,9,1,"-- {C so } [ if + ] it's, {F uh, } nice to get  out and find a good restaurant like that,  /","--/: so/RB if/IN it/PRP 's/BES ,/, uh/UH ,/, nice/JJ to/TO get/VB out/RP and/CC find/VB a/DT good/JJ restaurant/NN like/IN that/DT ,/,",,
sw06utt/sw_0666_3359.utt,3/sw3359,3359,12,sd,A,9,2,"{C and } I live here in, {F uh, } Rome, New York,  /","and/CC I/PRP live/VBP here/RB in/IN ,/, uh/UH ,/, Rome/NNP ,/, New/NNP York/NNP ,/,",,
sw06utt/sw_0666_3359.utt,3/sw3359,3359,13,sv,A,9,3,{C and } there are a lot of good restaurants around here. /,and/CC there/EX are/VBP a/DT lot/NN of/IN good/JJ restaurants/NNS around/IN here/RB ./.,,
sw06utt/sw_0666_3359.utt,3/sw3359,3359,14,sd,B,10,1,"{F Oh, } you're in New York,  /","Oh/UH ,/, you/PRP 're/VBP in/IN New/NNP York/NNP ,/,",,
sw06utt/sw_0666_3359.utt,3/sw3359,3359,15,sd,B,10,2,"I was going to, - /","I/PRP was/VBD going/VBG to/IN ,/,",,
sw06utt/sw_0666_3359.utt,3/sw3359,3359,16,sv,B,10,3,"there's a place, if you ever make it to Dallas --","there/EX 's/BES a/DT place/NN ,/, if/IN you/PRP ever/RB make/VBP it/PRP to/IN Dallas/NNP --/:",,
sw06utt/sw_0666_3359.utt,3/sw3359,3359,17,b,A,11,1,Uh-huh. /,Uh-huh/UH ./.,,
sw06utt/sw_0666_3359.utt,3/sw3359,3359,18,+,B,12,1,-- they have the best prime rib.  /,--/: they/PRP have/VBP the/DT best/JJS prime/JJ rib/NN ./.,,
sw06utt/sw_0666_3359.utt,3/sw3359,3359,19,sd,B,12,2,"It's called Lawry's, like Lawry's seasoning salt -- /","It/PRP 's/BES called/VBN Lawry/NNP 's/POS ,/, like/IN Lawry/NNP 's/POS seasoning/NN salt/NN --/:",,
sw06utt/sw_0666_3359.utt,3/sw3359,3359,20,b,A,13,1,Uh-huh. /,Uh-huh/UH ./.,,
sw06utt/sw_0666_3359.utt,3/sw3359,3359,21,sv,B,14,1,-- {C and } it is absolutely wonderful. /,--/: and/CC it/PRP is/VBZ absolutely/RB wonderful/JJ ./.,,
sw06utt/sw_0666_3359.utt,3/sw3359,3359,22,b,A,15,1,Really. /,Really/UH ./.,,
sw06utt/sw_0666_3359.utt,3/sw3359,3359,23,sd,B,16,1,"{C And, } {F uh, } we were there a few  months ago,  /","And/CC ,/, uh/UH ,/, we/PRP were/VBD there/RB a/DT few/JJ months/NNS ago/RB ,/,",,
sw06utt/sw_0666_3359.utt,3/sw3359,3359,24,sv,B,16,2,"{C and } [ it, +  {E I mean, } it's ] kind of pricey,  /","and/CC it/PRP ,/, I/PRP mean/VBP ,/, it/PRP 's/BES kind/RB of/RB pricey/JJ ,/,",,
sw06utt/sw_0666_3359.utt,3/sw3359,3359,25,sv,B,16,3,"{D well, } from New York it probably  doesn't matter,  /","well/UH ,/, from/IN New/NNP York/NNP it/PRP probably/RB does/VBZ n't/RB matter/VB ,/,",,
sw06utt/sw_0666_3359.utt,3/sw3359,3359,26,%,B,16,4,{C but } <laughter>. -/,but/CC ./.,,
sw06utt/sw_0666_3359.utt,3/sw3359,3359,27,ar,A,17,1,"{F Oh, } no,  /","Oh/UH ,/, no/UH ,/,",,
sw06utt/sw_0666_3359.utt,3/sw3359,3359,28,sd,A,17,2,"I'm in upstate New York,  /","I/PRP 'm/VBP in/IN upstate/JJ New/NNP York/NNP ,/,",,
sw06utt/sw_0666_3359.utt,3/sw3359,3359,29,sd,A,17,3,"{C and } it's actually very inexpensive,  /","and/CC it/PRP 's/BES actually/RB very/RB inexpensive/JJ ,/,",,
sw06utt/sw_0666_3359.utt,3/sw3359,3359,30,%,A,17,4,"I, - /","I/PRP ,/,",,
sw06utt/sw_0666_3359.utt,3/sw3359,3359,31,sd,A,17,5,[ there's a -- +,there/EX 's/BES a/DT --/:,,
sw06utt/sw_0666_3359.utt,3/sw3359,3359,32,ba,B,18,1,"{F Oh, } is it, okay. /","Oh/UH ,/, is/VBZ it/PRP ,/, okay/JJ ./.",,
sw06utt/sw_0666_3359.utt,3/sw3359,3359,33,+,A,19,1,"-- there's a ] place, {F um, } half a  mile from me here that, {F uh, } has, {F uh, } fantastic prime rib for, {F oh, } eleven dollars --","--/: there/EX 's/BES a/DT place/NN ,/, um/UH ,/, half/PDT a/DT mile/NN from/IN me/PRP here/RB that/WDT ,/, uh/UH ,/, has/VBZ ,/, uh/UH ,/, fantastic/JJ prime/JJ rib/NN for/IN ,/, oh/UH ,/, eleven/CD dollars/NNS --/:",,
sw06utt/sw_0666_3359.utt,3/sw3359,3359,34,ba,B,20,1,Wow. /,Wow/UH ./.,,
sw06utt/sw_0666_3359.utt,3/sw3359,3359,35,+,A,21,1,"-- for a whole meal, {D you know -- }","--/: for/IN a/DT whole/JJ meal/NN ,/, you/PRP know/VBP --/:",,
sw06utt/sw_0666_3359.utt,3/sw3359,3359,36,b,B,22,1,Uh-huh. /,Uh-huh/UH ./.,,
sw06utt/sw_0666_3359.utt,3/sw3359,3359,37,+,A,23,1,"-- a potato and salad and soup, and the  [ whole, +  whole ] nine yards,  /","--/: a/DT potato/NN and/CC salad/NN and/CC soup/NN ,/, and/CC the/DT whole/JJ ,/, whole/JJ nine/CD yards/NNS ,/,",,
sw06utt/sw_0666_3359.utt,3/sw3359,3359,38,%,A,23,2,"{C so } that, -/","so/RB that/DT ,/,",,
sw06utt/sw_0666_3359.utt,3/sw3359,3359,39,b,B,24,1,"Yeah,  /","Yeah/UH ,/,",,
sw06utt/sw_0666_3359.utt,3/sw3359,3359,40,sd,B,24,2,"{D well, } I think the cheapest  there probably starts at eighteen,  /","well/UH ,/, I/PRP think/VBP the/DT cheapest/JJS there/RB probably/RB starts/VBZ at/IN eighteen/CD ,/,",,
sw06utt/sw_0666_3359.utt,3/sw3359,3359,41,sd,B,24,3,"{C and } it includes, {D you know, } salad and rolls and,  {F oh, } some other stuff,  /","and/CC it/PRP includes/VBZ ,/, you/PRP know/VBP ,/, salad/NN and/CC rolls/NNS and/CC ,/, oh/UH ,/, some/DT other/JJ stuff/NN ,/,",,
sw06utt/sw_0666_3359.utt,3/sw3359,3359,42,sv,B,24,4,{C but } --,but/CC --/:,,
sw06utt/sw_0666_3359.utt,3/sw3359,3359,43,b,A,25,1,Right. /,Right/UH ./.,,
sw06utt/sw_0666_3359.utt,3/sw3359,3359,44,+,B,26,1,-- it is absolutely wonderful.  /,--/: it/PRP is/VBZ absolutely/RB wonderful/JJ ./.,,
sw06utt/sw_0666_3359.utt,3/sw3359,3359,45,sd,B,26,2,It's the best I have ever had. /,It/PRP 's/BES the/DT best/JJS I/PRP have/VBP ever/RB had/VBN ./.,,
sw06utt/sw_0666_3359.utt,3/sw3359,3359,46,sd,A,27,1,"{F Uh, } I was going to this place  up the street from me is the best I've ever had,  /","Uh/UH ,/, I/PRP was/VBD going/VBG to/IN this/DT place/NN up/IN the/DT street/NN from/IN me/PRP is/VBZ the/DT best/JJS I/PRP 've/VBP ever/RB had/VBN ,/,",,
sw06utt/sw_0666_3359.utt,3/sw3359,3359,47,sd,A,27,2,"{C so, }","so/RB ,/,",,
sw06utt/sw_0666_3359.utt,3/sw3359,3359,48,b,B,28,1,Yeah  /,Yeah/UH,,
sw06utt/sw_0666_3359.utt,3/sw3359.pos,3359,49,x,B,28,2,<laughter>.,./.
sw06utt/sw_0666_3359.utt,3/sw3359,3359,50,+,A,29,1,I'll have to go there when I [ get to -- +,I/PRP 'll/MD have/VB to/TO go/VB there/RB when/WRB I/PRP get/VBP to/IN --/:,,
sw06utt/sw_0666_3359.utt,3/sw3359,3359,51,%,B,30,1,"{D Well, } -/","Well/UH ,/,",,
sw06utt/sw_0666_3359.utt,3/sw3359,3359,52,+,A,31,1,-- get to ] Dallas. /,--/: get/VBP to/IN Dallas/NNP ./.,,
sw06utt/sw_0666_3359.utt,3/sw3359,3359,53,b,B,32,1,"Yeah,  /","Yeah/UH ,/,",,
sw06utt/sw_0666_3359.utt,3/sw3359,3359,54,sv,B,32,2,"{D well, } [ we like, +  {F uh, }  lots of people down here like ] Mexican food -- /","well/UH ,/, we/PRP like/VBP ,/, uh/UH ,/, lots/NNS of/IN people/NNS down/IN here/RB like/VBP Mexican/JJ food/NN --/:",,
sw06utt/sw_0666_3359.utt,3/sw3359,3359,55,b,A,33,1,"Uh-huh,  /","Uh-huh/UH ,/,",,
sw06utt/sw_0666_3359.utt,3/sw3359,3359,56,b,A,33,2,sure. /,sure/UH ./.,,
sw06utt/sw_0666_3359.utt,3/sw3359,3359,57,%,B,34,1,"-- {C so, } {F um, } that's, - /","--/: so/UH ,/, um/UH ,/, that/DT 's/BES ,/,",,
sw06utt/sw_0666_3359.utt,3/sw3359,3359,58,sd,B,34,2,"[ I, +  I ]  think Italian and Mexican food are probably my favorites. /","I/PRP ,/, I/PRP think/VBP Italian/JJ and/CC Mexican/JJ food/NN are/VBP probably/RB my/PRP$ favorites/NNS ./.",,
sw06utt/sw_0666_3359.utt,3/sw3359,3359,59,b,A,35,1,Uh-huh. /,Uh-huh/UH ./.,,
sw06utt/sw_0666_3359.utt,3/sw3359,3359,60,sd,B,36,1,"{C But, } {F um, } I'm not into sushi  or any of that kind of stuff. /","But/CC ,/, um/UH ,/, I/PRP 'm/VBP not/RB into/IN sushi/NN or/CC any/DT of/IN that/DT kind/NN of/IN stuff/NN ./.",,
sw06utt/sw_0666_3359.utt,3/sw3359,3359,61,b,A,37,1,"No,  /","No/UH ,/,",,
sw06utt/sw_0666_3359.utt,3/sw3359,3359,62,b^r,A,37,2,"no,  /","no/UH ,/,",,
sw06utt/sw_0666_3359.utt,3/sw3359,3359,63,sd,A,37,3,"I'm [ not into [ the,  + the, ] +   don't do [ the, +  the ] ] [ raw, +  raw ] fish like that,  /","I/PRP 'm/VBP not/RB into/IN the/DT ,/, the/DT ,/, do/VBP n't/RB do/VB the/DT ,/, the/DT raw/JJ ,/, raw/JJ fish/NN like/IN that/DT ,/,",,
sw06utt/sw_0666_3359.utt,3/sw3359,3359,64,sd,A,37,4,"{C but } I do {D like, } {F uh, } {D like }  [ a seafood bar, +  {D like } a [ raw, +  raw ]  bar ] {D like } oysters and  things like that, {F uh } -- /","but/CC I/PRP do/VBP like/UH ,/, uh/UH ,/, like/UH a/DT seafood/NN bar/NN ,/, like/UH a/DT raw/JJ ,/, raw/JJ bar/NN like/IN oysters/NNS and/CC things/NNS like/IN that/DT ,/, uh/UH --/:",,
sw06utt/sw_0666_3359.utt,3/sw3359,3359,65,b,B,38,1,Uh-huh. /,Uh-huh/UH ./.,,
sw06utt/sw_0666_3359.utt,3/sw3359,3359,66,%,A,39,1,"-- [ that +  they, ] {F uh, } - /","--/: that/IN they/PRP ,/, uh/UH ,/,",,
sw06utt/sw_0666_3359.utt,3/sw3359,3359,67,sd,A,39,2,"I go on, - /","I/PRP go/VBP on/IN ,/,",,
sw06utt/sw_0666_3359.utt,3/sw3359,3359,68,sd,A,39,3,I'm an officer in the Air Force  and travel quite a bit on business -- /,I/PRP 'm/VBP an/DT officer/NN in/IN the/DT Air/NNP Force/NNP and/CC travel/VBP quite/PDT a/DT bit/NN on/IN business/NN --/:,,
sw06utt/sw_0666_3359.utt,3/sw3359,3359,69,b,B,40,1,"{F Oh, } okay. /","Oh/UH ,/, okay/UH ./.",,
sw06utt/sw_0666_3359.utt,3/sw3359,3359,70,sd,A,41,1,"-- {C so } I, {F uh, } find myself down  in Melbourne, Florida about [ [ once, +  once ] a month, +  once every two months ] or so --","--/: so/RB I/PRP ,/, uh/UH ,/, find/VBP myself/PRP down/IN in/IN Melbourne/NNP ,/, Florida/NNP about/RB once/RB ,/, once/RB a/DT month/NN ,/, once/RB every/DT two/CD months/NNS or/CC so/RB --/:",,
sw06utt/sw_0666_3359.utt,3/sw3359,3359,71,b,B,42,1,Uh-huh. /,Uh-huh/UH ./.,,
sw06utt/sw_0666_3359.utt,3/sw3359,3359,72,+,A,43,1,"-- and, {F uh, } go and hit [ the, +  the ]  oyster bars down there quite a bit -- /","--/: and/CC ,/, uh/UH ,/, go/VBP and/CC hit/VBP the/DT ,/, the/DT oyster/NN bars/NNS down/IN there/RB quite/PDT a/DT bit/NN --/:",,
sw06utt/sw_0666_3359.utt,3/sw3359,3359,73,b,B,44,1,"{F Oh, } yeah -- /","Oh/UH ,/, yeah/UH --/:",,
sw06utt/sw_0666_3359.utt,3/sw3359,3359,74,sd,A,45,1,"-- {C but, } I love that, /","--/: but/CC ,/, I/PRP love/VBP that/DT ,/,",,
sw06utt/sw_0666_3359.utt,3/sw3359,3359,75,^2,B,46,1,"-- fresh seafood down there, /","--/: fresh/JJ seafood/NN down/IN there/RB ,/,",,
sw06utt/sw_0666_3359.utt,3/sw3359,3359,76,aa,A,47,1,"Yeah,  /","Yeah/UH ,/,",,
sw06utt/sw_0666_3359.utt,3/sw3359,3359,77,sv,A,47,2,"[ {C and, } + {F um, } {C and, } ]  {F uh, } Maryland's great,  /","and/CC ,/, um/UH ,/, and/CC ,/, uh/UH ,/, Maryland/NNP 's/BES great/JJ ,/,",,
sw06utt/sw_0666_3359.utt,3/sw3359,3359,78,sd,A,47,3,you get the crabs -- /,you/PRP get/VBP the/DT crabs/NNS --/:,,
sw06utt/sw_0666_3359.utt,3/sw3359,3359,79,b,B,48,1,Uh-huh. /,Uh-huh/UH ./.,,
sw06utt/sw_0666_3359.utt,3/sw3359,3359,80,sd,A,49,1,"-- it's like, I can't go anywhere [ where I + <laughter> --","--/: it/PRP 's/BES like/IN ,/, I/PRP ca/MD n't/RB go/VB anywhere/RB where/WRB I/PRP --/:",,
sw06utt/sw_0666_3359.utt,3/sw3359,3359,81,b,B,50,1,Yeah  /,Yeah/UH,,
sw06utt/sw_0666_3359.utt,3/sw3359.pos,3359,82,x,B,50,2,<laughter>.,./.
sw06utt/sw_0666_3359.utt,3/sw3359,3359,83,+,A,51,1,"-- where I ] don't enjoy myself,  /","--/: where/WRB I/PRP do/VBP n't/RB enjoy/VB myself/PRP ,/,",,
sw06utt/sw_0666_3359.utt,3/sw3359,3359,84,%,A,51,2,"{C so, } -/","so/RB ,/,",,
sw06utt/sw_0666_3359.utt,3/sw3359,3359,85,b,B,52,1,"Yeah,  /","Yeah/UH ,/,",,
sw06utt/sw_0666_3359.utt,3/sw3359,3359,86,sv,B,52,2,"seafood seems to be [ a lit-, +   a little ] bit more expensive [ than, +  than ] other types of food. /","seafood/NN seems/VBZ to/TO be/VB a/DT lit/JJ ,/, a/DT little/JJ bit/NN more/RBR expensive/JJ than/IN ,/, than/IN other/JJ types/NNS of/IN food/NN ./.",,
sw06utt/sw_0666_3359.utt,3/sw3359,3359,87,aa,A,53,1,That's true. /,That/DT 's/BES true/JJ ./.,,
sw06utt/sw_0666_3359.utt,3/sw3359,3359,88,sv,B,54,1,"{C But } it sure is good,  /","But/CC it/PRP sure/JJ is/VBZ good/JJ ,/,",,
sw06utt/sw_0666_3359.utt,3/sw3359,3359,89,sd,B,54,2,{C and } it's supposed to be good for you. /,and/CC it/PRP 's/BES supposed/VBN to/TO be/VB good/JJ for/IN you/PRP ./.,,
sw06utt/sw_0666_3359.utt,3/sw3359,3359,90,b,A,55,1,"Yeah,  /","Yeah/UH ,/,",,
sw06utt/sw_0666_3359.utt,3/sw3359,3359,91,sv,A,55,2,"{D well, } {F uh, } it's really  strange [ [ that, +  that, ] +  that ] seafood is so  expensive, because [ when you, + ] in reality,  {F uh, } {F uh, } I, say that, {F uh, } the oceans have the greatest [ re-, +  resource ] of food --","well/UH ,/, uh/UH ,/, it/PRP 's/BES really/RB strange/JJ that/IN ,/, that/IN ,/, that/IN seafood/NN is/VBZ so/RB expensive/JJ ,/, because/IN when/WRB you/PRP ,/, in/IN reality/NN ,/, uh/UH ,/, uh/UH ,/, I/PRP ,/, say/VBP that/IN ,/, uh/UH ,/, the/DT oceans/NNS have/VBP the/DT greatest/JJS re-/NN ,/, resource/NN of/IN food/NN --/:",,
sw06utt/sw_0666_3359.utt,3/sw3359,3359,92,b,B,56,1,Right. /,Right/UH ./.,,
sw06utt/sw_0666_3359.utt,3/sw3359,3359,93,+,A,57,1,"-- on the planet,  /","--/: on/IN the/DT planet/NN ,/,",,
sw06utt/sw_0666_3359.utt,3/sw3359,3359,94,sd,A,57,2,"{C and } yet, we  [ haven't, +  as human beings, haven't ] figured out a way to harvest it economically -- /","and/CC yet/RB ,/, we/PRP have/VBP n't/RB ,/, as/IN human/JJ beings/NNS ,/, have/VBP n't/RB figured/VBN out/RP a/DT way/NN to/TO harvest/VB it/PRP economically/RB --/:",,
sw06utt/sw_0666_3359.utt,3/sw3359,3359,95,b,B,58,1,Right. /,Right/UH ./.,,
sw06utt/sw_0666_3359.utt,3/sw3359,3359,96,sd,A,59,1,"-- <Laughter> {C so, } we managed to,  {F uh, } figure out how to get at just about everything else, [ but, + {F uh, }","--/: so/RB ,/, we/PRP managed/VBD to/TO ,/, uh/UH ,/, figure/VB out/RP how/WRB to/TO get/VB at/IN just/RB about/RB everything/NN else/RB ,/, but/CC ,/, uh/UH ,/,",,
sw06utt/sw_0666_3359.utt,3/sw3359,3359,97,x,B,60,1,<Laughter>.,,,
sw06utt/sw_0666_3359.utt,3/sw3359,3359,98,+,A,61,1,"but ] [ not, +  {F uh, } not ] seafood. /","but/CC not/RB ,/, uh/UH ,/, not/RB seafood/NN ./.",,
sw06utt/sw_0666_3359.utt,3/sw3359,3359,99,b,B,62,1,Uh-huh.  /,Uh-huh/UH ./.,,
sw06utt/sw_0666_3359.utt,3/sw3359,3359,100,qy,B,62,2,Do you like spicy foods  /,Do/VBP you/PRP like/VB spicy/JJ foods/NNS,,
sw06utt/sw_0666_3359.utt,3/sw3359,3359,101,%,B,62,3,"{C or, } -/","or/CC ,/,",,
sw06utt/sw_0666_3359.utt,3/sw3359,3359,102,ny,A,63,1,"Yeah,  /","Yeah/UH ,/,",,
sw06utt/sw_0666_3359.utt,3/sw3359,3359,103,ny^r,A,63,2,"yeah,  /","yeah/UH ,/,",,
sw06utt/sw_0666_3359.utt,3/sw3359,3359,104,sd^e,A,63,3,"[ I like, +  {F uh, } I make ]  [ a, +  a ] wicked chili  /","I/PRP like/VBP ,/, uh/UH ,/, I/PRP make/VBP a/DT ,/, a/DT wicked/JJ chili/NN",,
sw06utt/sw_0666_3359.utt,3/sw3359,3359,105,sd,A,63,4,"{C and } around here the big spicy thing is {D like, } {F uh, } buffalo wings -- /","and/CC around/IN here/RB the/DT big/JJ spicy/JJ thing/NN is/VBZ like/UH ,/, uh/UH ,/, buffalo/NN wings/NNS --/:",,
sw06utt/sw_0666_3359.utt,3/sw3359,3359,106,b,B,64,1,"{F Oh, } uh-huh. /","Oh/UH ,/, uh-huh/UH ./.",,
sw06utt/sw_0666_3359.utt,3/sw3359,3359,107,sv,A,65,1,"-- {C and so, } {F uh, } [ [ it, +  people, ] +   they, ] {D you know, } - /","--/: and/CC so/RB ,/, uh/UH ,/, it/PRP ,/, people/NNS ,/, they/PRP ,/, you/PRP know/VBP ,/,",,
sw06utt/sw_0666_3359.utt,3/sw3359,3359,108,sd,A,65,2,you go out to get the chicken wings  /,you/PRP go/VBP out/RP to/TO get/VB the/DT chicken/NN wings/NNS,,
sw06utt/sw_0666_3359.utt,3/sw3359,3359,109,sv,A,65,3,{C and } those are really hot --,and/CC those/DT are/VBP really/RB hot/JJ --/:,,
sw06utt/sw_0666_3359.utt,3/sw3359,3359,110,b,B,66,1,Yeah. /,Yeah/UH ./.,,
sw06utt/sw_0666_3359.utt,3/sw3359,3359,111,+,A,67,1,"-- and the hotter the better, /","--/: and/CC the/DT hotter/JJR the/DT better/JJR ,/,",,
sw06utt/sw_0666_3359.utt,3/sw3359,3359,112,b,B,68,1,Yeah. /,Yeah/UH ./.,,
sw06utt/sw_0666_3359.utt,3/sw3359,3359,113,x,A,69,1,<Laughter>.,,,
sw06utt/sw_0666_3359.utt,3/sw3359,3359,114,sd,B,70,1,"{D Well, } [ we, +  {F uh, } we ] like  spicy food down here, especially, {F uh, } the hot sauce, Picante sauce, or salsa --","Well/UH ,/, we/PRP ,/, uh/UH ,/, we/PRP like/VBP spicy/JJ food/NN down/IN here/RB ,/, especially/RB ,/, uh/UH ,/, the/DT hot/JJ sauce/NN ,/, Picante/NNP sauce/NN ,/, or/CC salsa/NN --/:",,
sw06utt/sw_0666_3359.utt,3/sw3359,3359,115,b,A,71,1,Right. /,Right/UH ./.,,
sw06utt/sw_0666_3359.utt,3/sw3359,3359,116,+,B,72,1,-- whatever you all call it -- /,--/: whatever/WP you/PRP all/DT call/VBP it/PRP --/:,,
sw06utt/sw_0666_3359.utt,3/sw3359,3359,117,b,A,73,1,Sure. /,Sure/UH ./.,,
sw06utt/sw_0666_3359.utt,3/sw3359,3359,118,sd,B,74,1,"-- {C and, } {F uh, } [ we, + we ]  sure go through a lot of that <laughter>. /","--/: and/CC ,/, uh/UH ,/, we/PRP ,/, we/PRP sure/RB go/VBP through/IN a/DT lot/NN of/IN that/DT ./.",,
sw06utt/sw_0666_3359.utt,3/sw3359,3359,119,b,A,75,1,Yeah. /,Yeah/UH ./.,,
sw06utt/sw_0666_3359.utt,3/sw3359,3359,120,sd,B,76,1,"{C But } I like it hot,  /","But/CC I/PRP like/VBP it/PRP hot/JJ ,/,",,
sw06utt/sw_0666_3359.utt,3/sw3359,3359,121,sd,B,76,2,{C but } I don't like it real hot --,but/CC I/PRP do/VBP n't/RB like/VB it/PRP real/RB hot/JJ --/:,,
sw06utt/sw_0666_3359.utt,3/sw3359,3359,122,b,A,77,1,Uh-huh. /,Uh-huh/UH ./.,,
sw06utt/sw_0666_3359.utt,3/sw3359,3359,123,+,B,78,1,-- because then my nose starts running <laughter>. /,--/: because/IN then/RB my/PRP$ nose/NN starts/VBZ running/VBG ./.,,
sw06utt/sw_0666_3359.utt,3/sw3359,3359,124,sd,A,79,1,"[ [ My, +  generally my, ] +  my ]  scalp will start,  /","My/PRP$ ,/, generally/RB my/PRP$ ,/, my/PRP$ scalp/NN will/MD start/VB ,/,",,
sw06utt/sw_0666_3359.utt,3/sw3359,3359,125,sd,A,79,2,"I can feel just the top of my scalp getting hot,","I/PRP can/MD feel/VB just/RB the/DT top/NN of/IN my/PRP$ scalp/NN getting/VBG hot/JJ ,/,",,
sw06utt/sw_0666_3359.utt,3/sw3359,3359,126,x,B,80,1,<Laughter>.,,,
sw06utt/sw_0666_3359.utt,3/sw3359,3359,127,+,A,81,1,"<Laughter> the weirdest, weirdest sensation,","the/DT weirdest/JJS ,/, weirdest/JJS sensation/NN ,/,",,
sw06utt/sw_0666_3359.utt,3/sw3359,3359,128,x,B,82,1,<Laughter>.,,,
sw06utt/sw_0666_3359.utt,3/sw3359,3359,129,+,A,83,1,"almost like a tingling,  /","almost/RB like/IN a/DT tingling/NN ,/,",,
sw06utt/sw_0666_3359.utt,3/sw3359,3359,130,h,A,83,2,"{C but, }  {F uh, } I don't know,  /","but/CC ,/, uh/UH ,/, I/PRP do/VBP n't/RB know/VB ,/,",,
sw06utt/sw_0666_3359.utt,3/sw3359,3359,131,%,A,83,3,"{C but, } {F uh, } - /","but/CC ,/, uh/UH ,/,",,
sw06utt/sw_0666_3359.utt,3/sw3359,3359,132,%,A,83,4,"yeah,  /","yeah/UH ,/,",,
sw06utt/sw_0666_3359.utt,3/sw3359,3359,133,sd,A,83,5,"{D well, } there [ isn't, +  isn't ] too much in the  way of restaurants that I don't like. /","well/UH ,/, there/EX is/VBZ n't/RB ,/, is/VBZ n't/RB too/RB much/JJ in/IN the/DT way/NN of/IN restaurants/NNS that/WDT I/PRP do/VBP n't/RB like/VB ./.",,
sw06utt/sw_0666_3359.utt,3/sw3359,3359,134,b,B,84,1,Yeah. /,Yeah/UH ./.,,
sw06utt/sw_0666_3359.utt,3/sw3359,3359,135,sv,A,85,1,"Things that are kind of oddball,   like, {F uh, } Thai cuisine,  /","Things/NNS that/WDT are/VBP kind/RB of/RB oddball/JJ ,/, like/IN ,/, uh/UH ,/, Thai/JJ cuisine/NN ,/,",,
sw06utt/sw_0666_3359.utt,3/sw3359,3359,136,sd,A,85,2,I never been really fond of that stuff.  /,I/PRP never/RB been/VBN really/RB fond/JJ of/IN that/DT stuff/NN ./.,,
sw06utt/sw_0666_3359.utt,3/sw3359,3359,137,sd,A,85,3,"You talk about spicy,  /","You/PRP talk/VBP about/IN spicy/JJ ,/,",,
sw06utt/sw_0666_3359.utt,3/sw3359,3359,138,sv,A,85,4,"[ that'll, +  that'll ] literally blow your head off,  /","that/WDT 'll/MD ,/, that/WDT 'll/MD literally/RB blow/VB your/PRP$ head/NN off/RP ,/,",,
sw06utt/sw_0666_3359.utt,3/sw3359,3359,139,sd,A,85,5,it's so hot. /,it/PRP 's/BES so/RB hot/JJ ./.,,
sw06utt/sw_0666_3359.utt,3/sw3359,3359,140,b,B,86,1,Uh-huh. /,Uh-huh/UH ./.,,
sw06utt/sw_0666_3359.utt,3/sw3359,3359,141,sd,A,87,1,"[ {C And, } + {F uh, } {C and } ]  I can handle just about any kind of  food without, {F uh, } {F um, } - /","And/CC ,/, uh/UH ,/, and/CC I/PRP can/MD handle/VB just/RB about/RB any/DT kind/NN of/IN food/NN without/IN ,/, uh/UH ,/, um/UH ,/,",,
sw06utt/sw_0666_3359.utt,3/sw3359,3359,142,sd,A,87,2,"{D well, } {C but } [ that, +  that ]  stuff [ is, +  goes ] one notch beyond, {F uh, }","well/UH ,/, but/CC that/DT ,/, that/DT stuff/NN is/VBZ ,/, goes/VBZ one/CD notch/NN beyond/IN ,/, uh/UH ,/,",,
sw06utt/sw_0666_3359.utt,3/sw3359,3359,143,x,B,88,1,<Laughter>.,,,
sw06utt/sw_0666_3359.utt,3/sw3359,3359,144,+,A,89,1,"my tolerances, /","my/PRP$ tolerances/NNS ,/,",,
sw06utt/sw_0666_3359.utt,3/sw3359,3359,145,b,B,90,1,Uh-huh  /,Uh-huh/UH,,
sw06utt/sw_0666_3359.utt,3/sw3359.pos,3359,146,x,B,90,2,<laughter>.,./.
sw06utt/sw_0666_3359.utt,3/sw3359,3359,147,sv,A,91,1,"{C So. }  Although I guess on this  topic are to talk about the, {F uh, } service in a restaurant is always nice though, too -- /","So/RB ./. Although/IN I/PRP guess/VBP on/IN this/DT topic/NN are/VBP to/TO talk/VB about/IN the/DT ,/, uh/UH ,/, service/NN in/IN a/DT restaurant/NN is/VBZ always/RB nice/JJ though/RB ,/, too/RB --/:",,
sw06utt/sw_0666_3359.utt,3/sw3359,3359,148,b,B,92,1,"{F Oh, } yeah, /","Oh/UH ,/, yeah/UH ,/,",,
sw06utt/sw_0666_3359.utt,3/sw3359,3359,149,sd,A,93,1,"-- # that's one thing, # /","--/: that/DT 's/BES one/CD thing/NN ,/,",,
sw06utt/sw_0666_3359.utt,3/sw3359,3359,150,^2,B,94,1,# [ {C and } the price. # +,and/CC the/DT price/NN ./.,,
sw06utt/sw_0666_3359.utt,3/sw3359,3359,151,br,A,95,1,What's that? /,What/WP 's/BES that/DT ?/.,,
sw06utt/sw_0666_3359.utt,3/sw3359,3359,152,+,B,96,1,{C And } the price. ],And/CC the/DT price/NN ./.,,
sw06utt/sw_0666_3359.utt,3/sw3359,3359,153,aa,A,97,1,"Yeah, /","Yeah/UH ,/,",,
sw06utt/sw_0666_3359.utt,3/sw3359,3359,154,+,B,98,1,Make you want to come back. /,Make/VBP you/PRP want/VB to/TO come/VB back/RB ./.,,
sw06utt/sw_0666_3359.utt,3/sw3359,3359,155,sd,A,99,1,"{D Well, } I find that lately that so  many people are [ working, +  {D you know, } working ] waitressing jobs {C or } waiter, /","Well/UH ,/, I/PRP find/VBP that/DT lately/RB that/IN so/RB many/JJ people/NNS are/VBP working/VBG ,/, you/PRP know/VBP ,/, working/VBG waitressing/VBG jobs/NNS or/CC waiter/NN ,/,",,
