swda_filename,ptb_basename,conversation_no,transcript_index,act_tag,caller,utterance_index,subutterance_index,text,pos,trees,ptb_treenumbers
sw06utt/sw_0673_3504.utt,3/sw3504,3504,0,sd,A,1,1,"{F Uh, } {D so } my favorite team is about the Rangers. /","Uh/UH ,/, so/RB my/PRP$ favorite/JJ team/NN is/VBZ about/RB the/DT Rangers/NNPS ./.",,
sw06utt/sw_0673_3504.utt,3/sw3504,3504,1,bh,B,2,1,Is it?  /,Is/VBZ it/PRP ?/.,,
sw06utt/sw_0673_3504.utt,3/sw3504,3504,2,sd,B,2,2,I'd have to agree with that.  /,I/PRP 'd/MD have/VB to/TO agree/VB with/IN that/DT ./.,,
sw06utt/sw_0673_3504.utt,3/sw3504,3504,3,sd,B,2,3,"They are my favorite team, too. /","They/PRP are/VBP my/PRP$ favorite/JJ team/NN ,/, too/RB ./.",,
sw06utt/sw_0673_3504.utt,3/sw3504,3504,4,b,A,3,1,Yeah. /,Yeah/UH ./.,,
sw06utt/sw_0673_3504.utt,3/sw3504,3504,5,sv,B,4,1,A little disappointing the last few years. /,A/DT little/RB disappointing/JJ the/DT last/JJ few/JJ years/NNS ./.,,
sw06utt/sw_0673_3504.utt,3/sw3504,3504,6,ba,A,5,1,I'm telling you.  /,I/PRP 'm/VBP telling/VBG you/PRP ./.,,
sw06utt/sw_0673_3504.utt,3/sw3504,3504,7,qy,A,5,2,You think they'll sign Ruben? /,You/PRP think/VBP they/PRP 'll/MD sign/VB Ruben/NNP ?/.,,
sw06utt/sw_0673_3504.utt,3/sw3504,3504,8,sv,B,6,1,{D You know } --,You/PRP know/VBP --/:,,
sw06utt/sw_0673_3504.utt,3/sw3504,3504,9,br,A,7,1,No? /,No/UH ?/.,,
sw06utt/sw_0673_3504.utt,3/sw3504,3504,10,+,B,8,1,-- I really don't.  /,--/: I/PRP really/RB do/VBP n't/RB ./.,,
sw06utt/sw_0673_3504.utt,3/sw3504,3504,11,sv,B,8,2,"[ I just don't think, +   {D you know, } with that guy from Pittsburgh getting all that money, twenty-seven  or <laughter> twenty-nine million or whatever it was, I just don't think ]  that they're going to be able to sign Ruben Sierra  /","I/PRP just/RB do/VBP n't/RB think/VB ,/, you/PRP know/VBP ,/, with/IN that/DT guy/NN from/IN Pittsburgh/NNP getting/VBG all/PDT that/DT money/NN ,/, twenty-seven/CD or/CC twenty-nine/CD million/CD or/CC whatever/WP it/PRP was/VBD ,/, I/PRP just/RB do/VBP n't/RB think/VB that/IN they/PRP 're/VBP going/VBG to/TO be/VB able/JJ to/TO sign/VB Ruben/NNP Sierra/NNP",,
sw06utt/sw_0673_3504.utt,3/sw3504,3504,12,sv,B,8,3,"{C and } it's just  going to be a shame for, {D you know, } our area. /","and/CC it/PRP 's/BES just/RB going/VBG to/TO be/VB a/DT shame/NN for/IN ,/, you/PRP know/VBP ,/, our/PRP$ area/NN ./.",,
sw06utt/sw_0673_3504.utt,3/sw3504,3504,13,aa,A,9,1,Right.  /,Right/UH ./.,,
sw06utt/sw_0673_3504.utt,3/sw3504,3504,14,aa,A,9,2,"Yeah,  /","Yeah/UH ,/,",,
sw06utt/sw_0673_3504.utt,3/sw3504,3504,15,sv,A,9,3,"I think it's going  to have a big effect if they don't on the other, {F uh, } Hispanic players. /","I/PRP think/VBP it/PRP 's/BES going/VBG to/TO have/VB a/DT big/JJ effect/NN if/IN they/PRP do/VBP n't/RB on/IN the/DT other/JJ ,/, uh/UH ,/, Hispanic/JJ players/NNS ./.",,
sw06utt/sw_0673_3504.utt,3/sw3504,3504,16,aa,B,10,1,"{F Oh, } I do, too.  /","Oh/UH ,/, I/PRP do/VBP ,/, too/RB ./.",,
sw06utt/sw_0673_3504.utt,3/sw3504,3504,17,%,B,10,2,"I just, -/","I/PRP just/RB ,/,",,
sw06utt/sw_0673_3504.utt,3/sw3504,3504,18,sv,A,11,1,I think --,I/PRP think/VBP --/:,,
sw06utt/sw_0673_3504.utt,3/sw3504,3504,19,%,B,12,1,"The main thing, -/","The/DT main/JJ thing/NN ,/,",,
sw06utt/sw_0673_3504.utt,3/sw3504,3504,20,+,A,13,1,-- that's going to be the big problem. /,--/: that/DT 's/BES going/VBG to/TO be/VB the/DT big/JJ problem/NN ./.,,
sw06utt/sw_0673_3504.utt,3/sw3504,3504,21,sv,B,14,1,"It's just going to effect on  [ the, + the ] team, {D you know. } /","It/PRP 's/BES just/RB going/VBG to/TO effect/VB on/IN the/DT ,/, the/DT team/NN ,/, you/PRP know/VBP ./.",,
sw06utt/sw_0673_3504.utt,3/sw3504,3504,22,b,A,15,1,Right. /,Right/UH ./.,,
sw06utt/sw_0673_3504.utt,3/sw3504,3504,23,sv,B,16,1,"We just can't seem to, {D you know, } - /","We/PRP just/RB ca/MD n't/RB seem/VB to/TO ,/, you/PRP know/VBP ,/,",,
sw06utt/sw_0673_3504.utt,3/sw3504,3504,24,sd,B,16,2,"I think we've been in this spot,  /","I/PRP think/VBP we/PRP 've/VBP been/VBN in/IN this/DT spot/NN ,/,",,
sw06utt/sw_0673_3504.utt,3/sw3504,3504,25,sd,B,16,3,I think we finished second once or maybe even twice.  /,I/PRP think/VBP we/PRP finished/VBD second/JJ once/RB or/CC maybe/RB even/RB twice/RB ./.,,
sw06utt/sw_0673_3504.utt,3/sw3504,3504,26,h,B,16,4,"I don't know,  /","I/PRP do/VBP n't/RB know/VB ,/,",,
sw06utt/sw_0673_3504.utt,3/sw3504,3504,27,sd,B,16,5,[ [ I -- +,I/PRP --/:,,
sw06utt/sw_0673_3504.utt,3/sw3504,3504,28,b,A,17,1,Yeah. /,Yeah/UH ./.,,
sw06utt/sw_0673_3504.utt,3/sw3504,3504,29,+,B,18,1,"-- I'm, ] +  I haven't ] been to a  baseball game in a couple of years.  /","--/: I/PRP 'm/VBP ,/, I/PRP have/VBP n't/RB been/VBN to/IN a/DT baseball/NN game/NN in/IN a/DT couple/NN of/IN years/NNS ./.",,
sw06utt/sw_0673_3504.utt,3/sw3504,3504,30,sd,B,18,2,"[ It's just, +  it's just ] too disappointing.  /","It/PRP 's/BES just/RB ,/, it/PRP 's/BES just/RB too/RB disappointing/JJ ./.",,
sw06utt/sw_0673_3504.utt,3/sw3504,3504,31,sd,B,18,3,I just watch them fall every year. /,I/PRP just/RB watch/VBP them/PRP fall/VB every/DT year/NN ./.,,
sw06utt/sw_0673_3504.utt,3/sw3504,3504,32,b,A,19,1,Right. /,Right/UH ./.,,
sw06utt/sw_0673_3504.utt,3/sw3504,3504,33,sd,B,20,1,I was a Pete Incaviglia fan  /,I/PRP was/VBD a/DT Pete/NNP Incaviglia/NNP fan/NN,,
sw06utt/sw_0673_3504.utt,3/sw3504,3504,34,sd,B,20,2,"{C and, } {F uh } --","and/CC ,/, uh/UH --/:",,
sw06utt/sw_0673_3504.utt,3/sw3504,3504,35,b,A,21,1,<Laughter>  Oh. /,Oh/UH ./.,,
sw06utt/sw_0673_3504.utt,3/sw3504,3504,36,+,B,22,1,"-- I liked him,  /","--/: I/PRP liked/VBD him/PRP ,/,",,
sw06utt/sw_0673_3504.utt,3/sw3504,3504,37,sd,B,22,2,"{C but, } of course,  I understand baseball decisions are all just, - /","but/CC ,/, of/IN course/NN ,/, I/PRP understand/VBP baseball/NN decisions/NNS are/VBP all/DT just/RB ,/,",,
sw06utt/sw_0673_3504.utt,3/sw3504,3504,38,sd,B,22,3,decisions like that have to be made  by someone <laughter>.  /,decisions/NNS like/IN that/DT have/VBP to/TO be/VB made/VBN by/IN someone/NN ./.,,
sw06utt/sw_0673_3504.utt,3/sw3504,3504,39,sd,B,22,4,Glad it's not me making them. /,Glad/JJ it/PRP 's/BES not/RB me/PRP making/VBG them/PRP ./.,,
sw06utt/sw_0673_3504.utt,3/sw3504,3504,40,b,A,23,1,Right  /,Right/UH,,
sw06utt/sw_0673_3504.utt,3/sw3504,3504,41,sv,A,23,2,I think they just want to  stay mediocre  and draw their two million fans out there and then be happy with it  and not have to pay the bucks to get a contender in here.  /,I/PRP think/VBP they/PRP just/RB want/VBP to/TO stay/VB mediocre/JJ and/CC draw/VB their/PRP$ two/CD million/CD fans/NNS out/IN there/RB and/CC then/RB be/VB happy/JJ with/IN it/PRP and/CC not/RB have/VB to/TO pay/VB the/DT bucks/NNS to/TO get/VB a/DT contender/NN in/IN here/RB ./.,,
sw06utt/sw_0673_3504.utt,3/sw3504,3504,42,%,A,23,3,"{C But, } -/","But/CC ,/,",,
sw06utt/sw_0673_3504.utt,3/sw3504,3504,43,sd,B,24,1,They say as long as they draw up  two million fans that --,They/PRP say/VBP as/RB long/RB as/IN they/PRP draw/VBP up/RP two/CD million/CD fans/NNS that/IN --/:,,
sw06utt/sw_0673_3504.utt,3/sw3504,3504,44,aa,A,25,1,Right. /,Right/UH ./.,,
sw06utt/sw_0673_3504.utt,3/sw3504,3504,45,+,B,26,1,-- Greave and Valentine will be there. /,--/: Greave/NNP and/CC Valentine/NNP will/MD be/VB there/RB ./.,,
sw06utt/sw_0673_3504.utt,3/sw3504,3504,46,aa^r,A,27,1,"Right,  /","Right/UH ,/,",,
sw06utt/sw_0673_3504.utt,3/sw3504,3504,47,aa,A,27,2,yeah. /,yeah/UH ./.,,
sw06utt/sw_0673_3504.utt,3/sw3504,3504,48,sv,B,28,1,"[ {C So, } +  {C and } ] that's the name  of the game, too.  /","So/UH ,/, and/CC that/DT 's/BES the/DT name/NN of/IN the/DT game/NN ,/, too/RB ./.",,
sw06utt/sw_0673_3504.utt,3/sw3504,3504,49,sd,B,28,2,You got to make money.,You/PRP got/VBD to/TO make/VB money/NN ./.,,
sw06utt/sw_0673_3504.utt,3/sw3504,3504,50,b,A,29,1,Right. /,Right/UH ./.,,
sw06utt/sw_0673_3504.utt,3/sw3504,3504,51,+,B,30,1,"{D You know, } pay these players so  much money,  /","You/PRP know/VBP ,/, pay/VB these/DT players/NNS so/RB much/JJ money/NN ,/,",,
sw06utt/sw_0673_3504.utt,3/sw3504,3504,52,sv,B,30,2,"{D now, } [ it's just -- +","now/RB ,/, it/PRP 's/BES just/RB --/:",,
sw06utt/sw_0673_3504.utt,3/sw3504,3504,53,b,A,31,1,Right. /,Right/UH ./.,,
sw06utt/sw_0673_3504.utt,3/sw3504,3504,54,+,B,32,1,-- it's ] frightening.  /,--/: it/PRP 's/BES frightening/JJ ./.,,
sw06utt/sw_0673_3504.utt,3/sw3504,3504,55,sd,B,32,2,"You and  I should be so lucky [ to, +  {D you know, } to ] go out and swing a bat and get two thousand  dollars every time you swing the bat <laughter> or something like that. /","You/PRP and/CC I/PRP should/MD be/VB so/RB lucky/JJ to/TO ,/, you/PRP know/VBP ,/, to/TO go/VB out/RB and/CC swing/VB a/DT bat/NN and/CC get/VB two/CD thousand/CD dollars/NNS every/DT time/NN you/PRP swing/VBP the/DT bat/NN or/CC something/NN like/IN that/DT ./.",,
sw06utt/sw_0673_3504.utt,3/sw3504,3504,56,aa,A,33,1,<Laughter> That's true.  /,That/DT 's/BES true/JJ ./.,,
sw06utt/sw_0673_3504.utt,3/sw3504,3504,57,sd,A,33,2,"{C But, } {F uh, } they were talking about trading him, if they're not able to sign him {C and, } {F uh, }  use the money that it would take to sign the guy, {D you know, } to pay for pitchers  {C or, } {D you know, } [ [ [ what it, +  what it, ] +  what they, ] +  what else they ] need.  /","But/CC ,/, uh/UH ,/, they/PRP were/VBD talking/VBG about/IN trading/VBG him/PRP ,/, if/IN they/PRP 're/VBP not/RB able/JJ to/TO sign/VB him/PRP and/CC ,/, uh/UH ,/, use/VB the/DT money/NN that/WDT it/PRP would/MD take/VB to/TO sign/VB the/DT guy/NN ,/, you/PRP know/VBP ,/, to/TO pay/VB for/IN pitchers/NNS or/CC ,/, you/PRP know/VBP ,/, what/WP it/PRP ,/, what/WP it/PRP ,/, what/WP they/PRP ,/, what/WP else/RB they/PRP need/VBP ./.",,
sw06utt/sw_0673_3504.utt,3/sw3504,3504,58,sv,A,33,3,"{C Because } they've got the hitting,  /","Because/RB they/PRP 've/VBP got/VBN the/DT hitting/NN ,/,",,
sw06utt/sw_0673_3504.utt,3/sw3504,3504,59,sv,A,33,4,{C but } they need the pitching. /,but/CC they/PRP need/VBP the/DT pitching/NN ./.,,
sw06utt/sw_0673_3504.utt,3/sw3504,3504,60,aa,B,34,1,"Yeah,  /","Yeah/UH ,/,",,
sw06utt/sw_0673_3504.utt,3/sw3504,3504,61,sv,B,34,2,they really do. /,they/PRP really/RB do/VBP ./.,,
sw06utt/sw_0673_3504.utt,3/sw3504,3504,62,%,A,35,1,{F Um. } /,Um/UH ./.,,
sw06utt/sw_0673_3504.utt,3/sw3504,3504,63,sv,B,36,1,"[ I think they, +  {F uh, } I think they ]  need them all.  /","I/PRP think/VBP they/PRP ,/, uh/UH ,/, I/PRP think/VBP they/PRP need/VBP them/PRP all/DT ./.",,
sw06utt/sw_0673_3504.utt,3/sw3504,3504,64,sd,B,36,2,"[ I just don't under-, +  I understand ] the big cities, like in New York or  L A or somewhere because big cities - /","I/PRP just/RB do/VBP n't/RB under/VB ,/, I/PRP understand/VBP the/DT big/JJ cities/NNS ,/, like/IN in/IN New/NNP York/NNP or/CC L/NNP A/DT or/CC somewhere/RB because/IN big/JJ cities/NNS",,
sw06utt/sw_0673_3504.utt,3/sw3504,3504,65,sv,B,36,3,"{C and, } {D you know, } [ a guy, +   a pro athlete ] can go out there in the afternoon and probably make five thousand dollars  just by doing a personal appearance [ at a -- +","and/CC ,/, you/PRP know/VBP ,/, a/DT guy/NN ,/, a/DT pro/JJ athlete/NN can/MD go/VB out/IN there/RB in/IN the/DT afternoon/NN and/CC probably/RB make/VB five/CD thousand/CD dollars/NNS just/RB by/IN doing/VBG a/DT personal/JJ appearance/NN at/IN a/DT --/:",,
sw06utt/sw_0673_3504.utt,3/sw3504,3504,66,aa,A,37,1,"{F Oh, } I know. /","Oh/UH ,/, I/PRP know/VBP ./.",,
sw06utt/sw_0673_3504.utt,3/sw3504,3504,67,+,B,38,1,"-- at a ] men's clothing store, or  something, or sporting goods store,  /","--/: at/IN a/DT men/NNS 's/POS clothing/NN store/NN ,/, or/CC something/NN ,/, or/CC sporting/NN goods/NNS store/VBP ,/,",,
sw06utt/sw_0673_3504.utt,3/sw3504,3504,68,sd,B,38,2,"{C but, } I realize the difference,  /","but/CC ,/, I/PRP realize/VBP the/DT difference/NN ,/,",,
sw06utt/sw_0673_3504.utt,3/sw3504,3504,69,sd,B,38,3,"{C but, } I just don't understand, /","but/CC ,/, I/PRP just/RB do/VBP n't/RB understand/VB ,/,",,
sw06utt/sw_0673_3504.utt,3/sw3504,3504,70,b,A,39,1,"Yeah,  /","Yeah/UH ,/,",,
sw06utt/sw_0673_3504.utt,3/sw3504,3504,71,sv,A,39,2,"it's sure aggravating when  you go out and bust your butt working, {D you know, } your day job and you can work your  day job the rest of your life and not bring home as much money as they bring home in one game. /","it/PRP 's/BES sure/JJ aggravating/VBG when/WRB you/PRP go/VBP out/RB and/CC bust/VBP your/PRP$ butt/NN working/VBG ,/, you/PRP know/VBP ,/, your/PRP$ day/NN job/NN and/CC you/PRP can/MD work/VB your/PRP$ day/NN job/NN the/DT rest/NN of/IN your/PRP$ life/NN and/CC not/RB bring/VB home/RB as/IN much/JJ money/NN as/IN they/PRP bring/VBP home/RB in/IN one/CD game/NN ./.",,
sw06utt/sw_0673_3504.utt,3/sw3504,3504,72,aa,B,40,1,"{F Oh, } I know. /","Oh/UH ,/, I/PRP know/VBP ./.",,
sw06utt/sw_0673_3504.utt,3/sw3504,3504,73,x,A,41,1,<Laughter>.,,,
sw06utt/sw_0673_3504.utt,3/sw3504,3504,74,o,B,42,1,I tell you. /,I/PRP tell/VBP you/PRP ./.,,
sw06utt/sw_0673_3504.utt,3/sw3504,3504,75,sv,A,43,1,"It's real aggravating,  /","It/PRP 's/BES real/RB aggravating/VBG ,/,",,
sw06utt/sw_0673_3504.utt,3/sw3504,3504,76,%,A,43,2,"{C but, } -/","but/CC ,/,",,
sw06utt/sw_0673_3504.utt,3/sw3504,3504,77,sd,B,44,1,"{C But, } one thing I don't understand  is why a group, {D you know, } headed up by George Bush would buy the Texas Rangers and  not really get behind them  /","But/CC ,/, one/CD thing/NN I/PRP do/VBP n't/RB understand/VB is/VBZ why/WRB a/DT group/NN ,/, you/PRP know/VBP ,/, headed/VBN up/RP by/IN George/NNP Bush/NNP would/MD buy/VB the/DT Texas/NNP Rangers/NNPS and/CC not/RB really/RB get/VB behind/IN them/PRP",,
sw06utt/sw_0673_3504.utt,3/sw3504,3504,78,sv,B,44,2,"{C because } I tell you, we need a winner in this town.  /","because/RB I/PRP tell/VBP you/PRP ,/, we/PRP need/VBP a/DT winner/NN in/IN this/DT town/NN ./.",,
sw06utt/sw_0673_3504.utt,3/sw3504,3504,79,sv,B,44,3,It looks like our Cowboys are coming back  /,It/PRP looks/VBZ like/IN our/PRP$ Cowboys/NNPS are/VBP coming/VBG back/RB,,
sw06utt/sw_0673_3504.utt,3/sw3504,3504,80,sv,B,44,4,"[ {C but, } +","but/CC ,/,",,
sw06utt/sw_0673_3504.utt,3/sw3504,3504,81,aa,A,45,1,That's right. /,That/DT 's/BES right/JJ ./.,,
sw06utt/sw_0673_3504.utt,3/sw3504,3504,82,+,B,46,1,"{C So } ] [ that's, +  that's ]  going to be a big help to Dallas,  /","So/RB that/DT 's/BES ,/, that/DT 's/BES going/VBG to/TO be/VB a/DT big/JJ help/NN to/IN Dallas/NNP ,/,",,
sw06utt/sw_0673_3504.utt,3/sw3504,3504,83,sd,B,46,2,"{C but, } {D you know, } in the past half a <laughter> dozen years,  all we've had is the, {F uh } --","but/CC ,/, you/PRP know/VBP ,/, in/IN the/DT past/JJ half/PDT a/DT dozen/NN years/NNS ,/, all/DT we/PRP 've/VBP had/VBN is/VBZ the/DT ,/, uh/UH --/:",,
sw06utt/sw_0673_3504.utt,3/sw3504,3504,84,%,A,47,1,"It's always got, -/","It/PRP 's/HVS always/RB got/VBN ,/,",,
sw06utt/sw_0673_3504.utt,3/sw3504,3504,85,+,B,48,1,-- the soccer team. /,--/: the/DT soccer/NN team/NN ./.,,
sw06utt/sw_0673_3504.utt,3/sw3504,3504,86,b,A,49,1,"Yeah,  /","Yeah/UH ,/,",,
sw06utt/sw_0673_3504.utt,3/sw3504,3504,87,sv,A,49,2,"[ it's always, +  it's always ]  wondered me why, {E I mean, } they act as though this area is not, {D you know, } a big  metropolitan area,  /","it/PRP 's/HVS always/RB ,/, it/PRP 's/HVS always/RB wondered/VBN me/PRP why/WRB ,/, I/PRP mean/VBP ,/, they/PRP act/VBP as/IN though/RB this/DT area/NN is/VBZ not/RB ,/, you/PRP know/VBP ,/, a/DT big/JJ metropolitan/JJ area/NN ,/,",,
sw06utt/sw_0673_3504.utt,3/sw3504,3504,88,sv,A,49,3,"{C but } you think we'd, someday get an owner in here that could afford  to buy [ [ the, +  <noise> the, ] +  the ] players we need. /","but/CC you/PRP think/VBP we/PRP 'd/MD ,/, someday/RB get/VBP an/DT owner/NN in/IN here/RB that/WDT could/MD afford/VB to/TO buy/VB the/DT ,/, the/DT ,/, the/DT players/NNS we/PRP need/VBP ./.",,
sw06utt/sw_0673_3504.utt,3/sw3504,3504,89,sd,B,50,1,"{F Oh, } I know.  /","Oh/UH ,/, I/PRP know/VBP ./.",,
sw06utt/sw_0673_3504.utt,3/sw3504,3504,90,%,B,50,2,"It's, -/","It/PRP 's/BES ,/,",,
sw06utt/sw_0673_3504.utt,3/sw3504,3504,91,^2,A,51,1,Just real aggravating to <breathing>  /,Just/RB real/RB aggravating/VBG to/TO,,
sw06utt/sw_0673_3504.utt,3/sw3504,3504,92,sd,A,51,2,"{C because } I've lived here, {D you know, } since, {D well, } I was born and raised here,  /","because/IN I/PRP 've/VBP lived/VBN here/RB ,/, you/PRP know/VBP ,/, since/IN ,/, well/UH ,/, I/PRP was/VBD born/VBN and/CC raised/VBN here/RB ,/,",,
sw06utt/sw_0673_3504.utt,3/sw3504,3504,93,sd,A,51,3,"{C so } I've been a Ranger fan since about seventy-seven,  /","so/RB I/PRP 've/VBP been/VBN a/DT Ranger/NNP fan/NN since/IN about/RB seventy-seven/CD ,/,",,
sw06utt/sw_0673_3504.utt,3/sw3504,3504,94,sv,A,51,4,{C so } it's a lot of losers <laughter>. /,so/RB it/PRP 's/BES a/DT lot/NN of/IN losers/NNS ./.,,
sw06utt/sw_0673_3504.utt,3/sw3504,3504,95,aa,B,52,1,"{F Oh, } I know. /","Oh/UH ,/, I/PRP know/VBP ./.",,
sw06utt/sw_0673_3504.utt,3/sw3504,3504,96,sv,A,53,1,"It's about to get, {D you know -- }","It/PRP 's/BES about/RB to/TO get/VB ,/, you/PRP know/VBP --/:",,
sw06utt/sw_0673_3504.utt,3/sw3504,3504,97,sd,B,54,1,"I've been one, /","I/PRP 've/VBP been/VBN one/PRP ,/,",,
sw06utt/sw_0673_3504.utt,3/sw3504,3504,98,+,A,55,1,"-- as bad as the Cubs or whoever, {D you know. } /","--/: as/RB bad/JJ as/IN the/DT Cubs/NNPS or/CC whoever/WP ,/, you/PRP know/VBP ./.",,
sw06utt/sw_0673_3504.utt,3/sw3504,3504,99,b,B,56,1,"Yeah,  /","Yeah/UH ,/,",,
sw06utt/sw_0673_3504.utt,3/sw3504,3504,100,sd,B,56,2,"[ I've been, +  I've lived ]  here since seventy-four  /","I/PRP 've/VBP been/VBN ,/, I/PRP 've/VBP lived/VBN here/RB since/IN seventy-four/CD",,
sw06utt/sw_0673_3504.utt,3/sw3504,3504,101,sd,B,56,3,{C and } I've really been a Ranger fan for the longest time  /,and/CC I/PRP 've/VBP really/RB been/VBN a/DT Ranger/NNP fan/NN for/IN the/DT longest/JJS time/NN,,
sw06utt/sw_0673_3504.utt,3/sw3504,3504,102,sd,B,56,4,"{C and } <throat_clearing> {E excuse me, } I don't miss a time picking up the morning paper --","and/CC excuse/VB me/PRP ,/, I/PRP do/VBP n't/RB miss/VB a/DT time/NN picking/VBG up/RP the/DT morning/NN paper/NN --/:",,
sw06utt/sw_0673_3504.utt,3/sw3504,3504,103,b,A,57,1,Right. /,Right/UH ./.,,
sw06utt/sw_0673_3504.utt,3/sw3504,3504,104,+,B,58,1,-- and checking the box score.  /,--/: and/CC checking/VBG the/DT box/NN score/NN ./.,,
sw06utt/sw_0673_3504.utt,3/sw3504,3504,105,sd,B,58,2,{E I mean } I follow them  /,I/PRP mean/VBP I/PRP follow/VBP them/PRP,,
sw06utt/sw_0673_3504.utt,3/sw3504,3504,106,sd,B,58,3,"{C and } I follow them like  I follow the Mavericks and like  I follow the Cowboys,  /","and/CC I/PRP follow/VBP them/PRP like/IN I/PRP follow/VBP the/DT Mavericks/NNP and/CC like/IN I/PRP follow/VBP the/DT Cowboys/NNPS ,/,",,
sw06utt/sw_0673_3504.utt,3/sw3504,3504,107,sv,B,58,4,"[ {C but, } +  {C and } ] I want to see them win, because {D you know, } damn it,  [ they, +  the fans ] deserve it.  /","but/CC ,/, and/CC I/PRP want/VBP to/TO see/VB them/PRP win/VB ,/, because/RB you/PRP know/VBP ,/, damn/VB it/PRP ,/, they/PRP ,/, the/DT fans/NNS deserve/VBP it/PRP ./.",,
sw06utt/sw_0673_3504.utt,3/sw3504,3504,108,sv,B,58,5,"{E I mean, } it,","I/PRP mean/VBP ,/, it/PRP ,/,",,
sw06utt/sw_0673_3504.utt,3/sw3504,3504,109,b,A,59,1,Right. /,Right/UH ./.,,
sw06utt/sw_0673_3504.utt,3/sw3504,3504,110,+,B,60,1,"{D You know, } we have pretty, {F uh, }  great fans, put two million people in that stadium. /","You/PRP know/VBP ,/, we/PRP have/VBP pretty/RB ,/, uh/UH ,/, great/JJ fans/NNS ,/, put/VB two/CD million/CD people/NNS in/IN that/DT stadium/NN ./.",,
sw06utt/sw_0673_3504.utt,3/sw3504,3504,111,o,A,61,1,I'm telling you. /,I/PRP 'm/VBP telling/VBG you/PRP ./.,,
sw06utt/sw_0673_3504.utt,3/sw3504,3504,112,sd,B,62,1,I love Nolan Ryan.  /,I/PRP love/VBP Nolan/NNP Ryan/NNP ./.,,
sw06utt/sw_0673_3504.utt,3/sw3504,3504,113,sv,B,62,2,"I guess you probably love him, too. /","I/PRP guess/VBP you/PRP probably/RB love/VBP him/PRP ,/, too/RB ./.",,
sw06utt/sw_0673_3504.utt,3/sw3504,3504,114,b,A,63,1,"Right,  /","Right/UH ,/,",,
sw06utt/sw_0673_3504.utt,3/sw3504,3504,115,sv,A,63,2,"I think this town would go  crazy if they ever got [ a, +  even a ] playoff team. /","I/PRP think/VBP this/DT town/NN would/MD go/VB crazy/JJ if/IN they/PRP ever/RB got/VBN a/DT ,/, even/RB a/DT playoff/NN team/NN ./.",,
sw06utt/sw_0673_3504.utt,3/sw3504,3504,116,aa,B,64,1,"{F Oh, } I --","Oh/UH ,/, I/PRP --/:",,
sw06utt/sw_0673_3504.utt,3/sw3504,3504,117,sv,A,65,1,"[ T-, + ] {E I mean, }","T-/XX ,/, I/PRP mean/VBP ,/,",,
sw06utt/sw_0673_3504.utt,3/sw3504,3504,118,+,B,66,1,"-- do, too. /","--/: do/VBP ,/, too/RB ./.",,
sw06utt/sw_0673_3504.utt,3/sw3504,3504,119,+,A,67,1,It would be packed.  /,It/PRP would/MD be/VB packed/VBN ./.,,
sw06utt/sw_0673_3504.utt,3/sw3504,3504,120,sd,A,67,2,{C And } they got that new stadium they are building.   /,And/CC they/PRP got/VBN that/DT new/JJ stadium/NN they/PRP are/VBP building/VBG ./.,,
sw06utt/sw_0673_3504.utt,3/sw3504,3504,121,sv,A,67,3,"{C So, } [ at least, +  at least ] that will be exciting <laughter> --","So/RB ,/, at/IN least/JJS ,/, at/IN least/JJS that/DT will/MD be/VB exciting/JJ --/:",,
sw06utt/sw_0673_3504.utt,3/sw3504,3504,122,aa,B,68,1,It will. /,It/PRP will/MD ./.,,
sw06utt/sw_0673_3504.utt,3/sw3504,3504,123,+,A,69,1,"-- when we get that,  /","--/: when/WRB we/PRP get/VBP that/DT ,/,",,
sw06utt/sw_0673_3504.utt,3/sw3504,3504,124,%,A,69,2,"{C but, } -/","but/CC ,/,",,
sw06utt/sw_0673_3504.utt,3/sw3504,3504,125,qo,B,70,1,"{D Well, } where do you think they are heading this year? /","Well/UH ,/, where/WRB do/VBP you/PRP think/VB they/PRP are/VBP heading/VBG this/DT year/NN ?/.",,
sw06utt/sw_0673_3504.utt,3/sw3504,3504,126,sv,A,71,1,"{F Uh, } <breathing> it's hard to say.  /","Uh/UH ,/, it/PRP 's/BES hard/JJ to/TO say/VB ./.",,
sw06utt/sw_0673_3504.utt,3/sw3504,3504,127,sv,A,71,2,"It's going to be depending on [ where the, +  what they ] do with Ruben Sierra  /","It/PRP 's/BES going/VBG to/TO be/VB depending/VBG on/IN where/WRB the/DT ,/, what/WP they/PRP do/VBP with/IN Ruben/NNP Sierra/NNP",,
sw06utt/sw_0673_3504.utt,3/sw3504,3504,128,sd,A,71,3,"{C and, }  {F uh, } {E I mean, } I'm getting tired of them going into each year saying, {D you know, }  Bobby Witt is the answer and Kevin Brown --","and/CC ,/, uh/UH ,/, I/PRP mean/VBP ,/, I/PRP 'm/VBP getting/VBG tired/JJ of/IN them/PRP going/VBG into/IN each/DT year/NN saying/VBG ,/, you/PRP know/VBP ,/, Bobby/NNP Witt/NNP is/VBZ the/DT answer/NN and/CC Kevin/NNP Brown/NNP --/:",,
sw06utt/sw_0673_3504.utt,3/sw3504,3504,129,b,B,72,1,Right <laughter>. /,Right/UH ./.,,
sw06utt/sw_0673_3504.utt,3/sw3504,3504,130,+,A,73,1,"-- is the answer,  /","--/: is/VBZ the/DT answer/NN ,/,",,
sw06utt/sw_0673_3504.utt,3/sw3504,3504,131,sv,A,73,2,"{C and, } man,  that's getting old, {D you know. }  /","and/CC ,/, man/UH ,/, that/DT 's/BES getting/VBG old/JJ ,/, you/PRP know/VBP ./.",,
sw06utt/sw_0673_3504.utt,3/sw3504,3504,132,sv,A,73,3,These guys have been pampered.  /,These/DT guys/NNS have/VBP been/VBN pampered/JJ ./.,,
sw06utt/sw_0673_3504.utt,3/sw3504,3504,133,sv,A,73,4,"{E I mean, } it's time  [ to, +  to ] either, {D you know, } put out or shut up. /","I/PRP mean/VBP ,/, it/PRP 's/BES time/NN to/TO ,/, to/TO either/CC ,/, you/PRP know/VBP ,/, put/VB out/RP or/CC shut/VB up/RP ./.",,
sw06utt/sw_0673_3504.utt,3/sw3504,3504,134,b,B,74,1,"Yeah,  /","Yeah/UH ,/,",,
sw06utt/sw_0673_3504.utt,3/sw3504,3504,135,sd,B,74,2,Bobby Witt --,Bobby/NNP Witt/NNP --/:,,
sw06utt/sw_0673_3504.utt,3/sw3504,3504,136,%,A,75,1,"{C And, } -/","And/CC ,/,",,
sw06utt/sw_0673_3504.utt,3/sw3504,3504,137,+,B,76,1,-- gets forced into wins like  seventeen games or whatever  /,--/: gets/VBZ forced/VBN into/IN wins/NNS like/IN seventeen/CD games/NNS or/CC whatever/WP,,
sw06utt/sw_0673_3504.utt,3/sw3504,3504,138,sd,B,76,2,{C and } they have the later ten game winning streak -- /,and/CC they/PRP have/VBP the/DT later/RB ten/CD game/NN winning/NN streak/NN --/:,,
sw06utt/sw_0673_3504.utt,3/sw3504,3504,139,b,A,77,1,Right. /,Right/UH ./.,,
sw06utt/sw_0673_3504.utt,3/sw3504,3504,140,sd,B,78,1,-- {C and } they give him all kinds  of money  /,--/: and/CC they/PRP give/VBP him/PRP all/DT kinds/NNS of/IN money/NN,,
sw06utt/sw_0673_3504.utt,3/sw3504,3504,141,sd,B,78,2,{C and then } he just goes right down the tubes. /,and/CC then/RB he/PRP just/RB goes/VBZ right/RB down/IN the/DT tubes/NNS ./.,,
sw06utt/sw_0673_3504.utt,3/sw3504,3504,142,sv,A,79,1,"And Valentine and Greave, [ they're  about to get, +  {D you know, } they're about to get ] old.  /","And/CC Valentine/NNP and/CC Greave/NNP ,/, they/PRP 're/VBP about/RB to/TO get/VB ,/, you/PRP know/VBP ,/, they/PRP 're/VBP about/RB to/TO get/VB old/JJ ./.",,
sw06utt/sw_0673_3504.utt,3/sw3504,3504,143,sd,A,79,2,{C But } I like this Sandy Johnson. /,But/CC I/PRP like/VBP this/DT Sandy/NNP Johnson/NNP ./.,,
