swda_filename,ptb_basename,conversation_no,transcript_index,act_tag,caller,utterance_index,subutterance_index,text,pos,trees,ptb_treenumbers
sw06utt/sw_0698_2515.utt,2/sw2515,2515,0,fp,A,1,1,"Hi, Maureen.  /","Hi/UH ,/, Maureen/NNP ./.",,
sw06utt/sw_0698_2515.utt,2/sw2515,2515,1,fp,A,1,2,How are you? /,How/WRB are/VBP you/PRP ?/.,,
sw06utt/sw_0698_2515.utt,2/sw2515,2515,2,fp,B,2,1,All right. /,All/RB right/JJ ./.,,
sw06utt/sw_0698_2515.utt,2/sw2515,2515,3,qy,A,3,1,{D Well } do you have a family budget? /,Well/UH do/VBP you/PRP have/VB a/DT family/NN budget/NN ?/.,,
sw06utt/sw_0698_2515.utt,2/sw2515,2515,4,nn,B,4,1,"No,  /","No/UH ,/,",,
sw06utt/sw_0698_2515.utt,2/sw2515,2515,5,sd^e,B,4,2,"we probably should,  /","we/PRP probably/RB should/MD ,/,",,
sw06utt/sw_0698_2515.utt,2/sw2515,2515,6,sd,B,4,3,{C but } we haven't.  /,but/CC we/PRP have/VBP n't/RB ./.,,
sw06utt/sw_0698_2515.utt,2/sw2515,2515,7,ad,B,4,4,"{C So } why don't you explain to me some good tips about what you've done,  which you've found useful and workable. /","So/RB why/WRB do/VBP n't/RB you/PRP explain/VB to/IN me/PRP some/DT good/JJ tips/NNS about/IN what/WP you/PRP 've/VBP done/VBN ,/, which/WDT you/PRP 've/VBP found/VBN useful/JJ and/CC workable/JJ ./.",,
sw06utt/sw_0698_2515.utt,2/sw2515,2515,8,aa,A,5,1,Okay.  /,Okay/UH ./.,,
sw06utt/sw_0698_2515.utt,2/sw2515,2515,9,sd,A,5,2,"We do a few things,  /","We/PRP do/VBP a/DT few/JJ things/NNS ,/,",,
sw06utt/sw_0698_2515.utt,2/sw2515,2515,10,sd,A,5,3,"{C and } I have to say [ we're, +  my husband and I are ] both from financial backgrounds.  /","and/CC I/PRP have/VBP to/TO say/VB we/PRP 're/VBP ,/, my/PRP$ husband/NN and/CC I/PRP are/VBP both/DT from/IN financial/JJ backgrounds/NNS ./.",,
sw06utt/sw_0698_2515.utt,2/sw2515,2515,11,sd,A,5,4,"[ I, +  I'm ] an accountant. /","I/PRP ,/, I/PRP 'm/VBP an/DT accountant/NN ./.",,
sw06utt/sw_0698_2515.utt,2/sw2515,2515,12,b,B,6,1,Uh-huh. /,Uh-huh/UH ./.,,
sw06utt/sw_0698_2515.utt,2/sw2515,2515,13,sd,A,7,1,"{C And, } {F uh, } he has an M B A,  /","And/CC ,/, uh/UH ,/, he/PRP has/VBZ an/DT M/NNP B/NNP A/NNP ,/,",,
sw06utt/sw_0698_2515.utt,2/sw2515,2515,14,sd,A,7,2,"{C so, } {F uh, } we were sort of, {D you know, } keyed in on expenses and things like that.  /","so/RB ,/, uh/UH ,/, we/PRP were/VBD sort/RB of/RB ,/, you/PRP know/VBP ,/, keyed/VBN in/IN on/IN expenses/NNS and/CC things/NNS like/IN that/DT ./.",,
sw06utt/sw_0698_2515.utt,2/sw2515,2515,15,%,A,7,3,{C So } <laughter>. -/,So/RB ./.,,
sw06utt/sw_0698_2515.utt,2/sw2515,2515,16,b,B,8,1,"{F Um, } okay. /","Um/UH ,/, okay/UH ./.",,
sw06utt/sw_0698_2515.utt,2/sw2515,2515,17,sd,A,9,1,"{F Um, } coming from that background,  what we pretty much do is [ we, +  in our household, as far as living expenses, we ]  live on a cash budget.  /","Um/UH ,/, coming/VBG from/IN that/DT background/NN ,/, what/WP we/PRP pretty/RB much/JJ do/VBP is/VBZ we/PRP ,/, in/IN our/PRP$ household/NN ,/, as/RB far/RB as/IN living/NN expenses/NNS ,/, we/PRP live/VBP on/IN a/DT cash/NN budget/NN ./.",,
sw06utt/sw_0698_2515.utt,2/sw2515,2515,18,sd,A,9,2,"Every month, my husband, {F uh, } goes to the credit union and  withdraws, {D you know, } X amount of dollars for the month,  /","Every/DT month/NN ,/, my/PRP$ husband/NN ,/, uh/UH ,/, goes/VBZ to/IN the/DT credit/NN union/NN and/CC withdraws/VBZ ,/, you/PRP know/VBP ,/, X/SYM amount/NN of/IN dollars/NNS for/IN the/DT month/NN ,/,",,
sw06utt/sw_0698_2515.utt,2/sw2515,2515,19,sd,A,9,3,{C and } then that  money is used during that month.  /,and/CC then/RB that/DT money/NN is/VBZ used/VBN during/IN that/DT month/NN ./.,,
sw06utt/sw_0698_2515.utt,2/sw2515,2515,20,sd,A,9,4,We have a certain budget. /,We/PRP have/VBP a/DT certain/JJ budget/NN ./.,,
sw06utt/sw_0698_2515.utt,2/sw2515,2515,21,b,B,10,1,Uh-huh. /,Uh-huh/UH ./.,,
sw06utt/sw_0698_2515.utt,2/sw2515,2515,22,sd,A,11,1,"<Cough> {E Excuse me. }  For instance,  I control all the household expenses, the groceries, {F uh, } the haircuts, the gasoline  for my car, any miscellaneous expenses, baby-sitting, things like that. /","Excuse/VB me/PRP ./. For/IN instance/NN ,/, I/PRP control/VBP all/PDT the/DT household/NN expenses/NNS ,/, the/DT groceries/NNS ,/, uh/UH ,/, the/DT haircuts/NNS ,/, the/DT gasoline/NN for/IN my/PRP$ car/NN ,/, any/DT miscellaneous/JJ expenses/NNS ,/, baby-sitting/NN ,/, things/NNS like/IN that/DT ./.",,
sw06utt/sw_0698_2515.utt,2/sw2515,2515,23,b^r,B,12,1,Uh-huh. /,Uh-huh/UH ./.,,
sw06utt/sw_0698_2515.utt,2/sw2515,2515,24,sd,A,13,1,"{C And, } {F uh, } <cough> {D excuse me, }  if, {F uh, } it comes the end of the month and I don't have any money, {F uh, } <laughter>  we don't buy any more milk <laughter>. /","And/CC ,/, uh/UH ,/, excuse/VB me/PRP ,/, if/IN ,/, uh/UH ,/, it/PRP comes/VBZ the/DT end/NN of/IN the/DT month/NN and/CC I/PRP do/VBP n't/RB have/VB any/DT money/NN ,/, uh/UH ,/, we/PRP do/VBP n't/RB buy/VB any/DT more/JJR milk/NN ./.",,
sw06utt/sw_0698_2515.utt,2/sw2515,2515,25,b^r,B,14,1,Uh-huh  /,Uh-huh/UH,,
sw06utt/sw_0698_2515.utt,2/sw2515.pos,2515,26,x,B,14,2,<laughter>.,./.
sw06utt/sw_0698_2515.utt,2/sw2515,2515,27,sv,A,15,1,"{C But, } {F uh, } we've gotten pretty  good at it,  /","But/CC ,/, uh/UH ,/, we/PRP 've/VBP gotten/VBN pretty/RB good/JJ at/IN it/PRP ,/,",,
sw06utt/sw_0698_2515.utt,2/sw2515,2515,28,sd,A,15,2,we've been doing it a couple of years now. /,we/PRP 've/VBP been/VBN doing/VBG it/PRP a/DT couple/NN of/IN years/NNS now/RB ./.,,
sw06utt/sw_0698_2515.utt,2/sw2515,2515,29,b,B,16,1,Uh-huh. /,Uh-huh/UH ./.,,
sw06utt/sw_0698_2515.utt,2/sw2515,2515,30,sv,A,17,1,"{C So, } [ we, +  our ] budgets are realistic  /","So/RB ,/, we/PRP ,/, our/PRP$ budgets/NNS are/VBP realistic/JJ",,
sw06utt/sw_0698_2515.utt,2/sw2515,2515,31,sv,A,17,2,"{C and } they are not so stringent [ and, + ] {D you know } to make us feel uncomfortable. /","and/CC they/PRP are/VBP not/RB so/RB stringent/JJ and/CC ,/, you/PRP know/VBP to/TO make/VB us/PRP feel/VB uncomfortable/JJ ./.",,
sw06utt/sw_0698_2515.utt,2/sw2515,2515,32,%,B,18,1,{F Hm. } /,Hm/UH ./.,,
sw06utt/sw_0698_2515.utt,2/sw2515,2515,33,sd,A,19,1,"{C And } [ I, + I ] really try to stretch  [ my, +  my ] dollars here and there, shopping, {F uh, } at warehouses sometimes, {D like } at Sam's and  things like that. /","And/CC I/PRP ,/, I/PRP really/RB try/VBP to/TO stretch/VB my/PRP$ ,/, my/PRP$ dollars/NNS here/RB and/CC there/RB ,/, shopping/NN ,/, uh/UH ,/, at/IN warehouses/NNS sometimes/RB ,/, like/IN at/IN Sam/NNP 's/POS and/CC things/NNS like/IN that/DT ./.",,
sw06utt/sw_0698_2515.utt,2/sw2515,2515,34,b,B,20,1,Uh-huh. /,Uh-huh/UH ./.,,
sw06utt/sw_0698_2515.utt,2/sw2515,2515,35,sd,A,21,1,"{C But, } {F uh, } [ we live, +  we live ]  [ on, + on ] a cash budget  /","But/CC ,/, uh/UH ,/, we/PRP live/VBP ,/, we/PRP live/VBP on/IN ,/, on/IN a/DT cash/NN budget/NN",,
sw06utt/sw_0698_2515.utt,2/sw2515,2515,36,sd,A,21,2,"{C and }  [ it, +  sometimes it's ] tight come the end of the month,  /","and/CC it/PRP ,/, sometimes/RB it/PRP 's/BES tight/JJ come/VB the/DT end/NN of/IN the/DT month/NN ,/,",,
sw06utt/sw_0698_2515.utt,2/sw2515,2515,37,sd,A,21,3,"{C but } generally, we always make it. /","but/CC generally/RB ,/, we/PRP always/RB make/VBP it/PRP ./.",,
sw06utt/sw_0698_2515.utt,2/sw2515,2515,38,qw,B,22,1,"What do you do for the surprise things  that you don't necessarily plan for,  /","What/WP do/VBP you/PRP do/VB for/IN the/DT surprise/NN things/NNS that/WDT you/PRP do/VBP n't/RB necessarily/RB plan/VB for/IN ,/,",,
sw06utt/sw_0698_2515.utt,2/sw2515,2515,39,qrr,B,22,2,"the, {D you know } are sometimes several hundred  dollars, like, {F uh, } tires for the car or car repair of some sort,","the/DT ,/, you/PRP know/VBP are/VBP sometimes/RB several/JJ hundred/CD dollars/NNS ,/, like/IN ,/, uh/UH ,/, tires/NNS for/IN the/DT car/NN or/CC car/NN repair/NN of/IN some/DT sort/NN ,/,",,
sw06utt/sw_0698_2515.utt,2/sw2515,2515,40,b,A,23,1,Right. /,Right/UH ./.,,
sw06utt/sw_0698_2515.utt,2/sw2515,2515,41,+,B,24,1,"or, {D like } [ a, +  a ] dental bill  or something that you're not prepared for? /","or/CC ,/, like/IN a/DT ,/, a/DT dental/JJ bill/NN or/CC something/NN that/WDT you/PRP 're/VBP not/RB prepared/VBN for/IN ?/.",,
sw06utt/sw_0698_2515.utt,2/sw2515,2515,42,sd,A,25,1,"{D Well, } {F uh, } most of our medical  things, we don't, {F uh, } have to worry about, because of insurance  /","Well/UH ,/, uh/UH ,/, most/RBS of/IN our/PRP$ medical/JJ things/NNS ,/, we/PRP do/VBP n't/RB ,/, uh/UH ,/, have/VBP to/TO worry/VB about/IN ,/, because/IN of/IN insurance/NN",,
sw06utt/sw_0698_2515.utt,2/sw2515,2515,43,sd,A,25,2,"{C and } [ they're, +   they're ] relatively small.  /","and/CC they/PRP 're/VBP ,/, they/PRP 're/VBP relatively/RB small/JJ ./.",,
sw06utt/sw_0698_2515.utt,2/sw2515,2515,44,sv,A,25,3,"{F Uh, } we've been lucky.  /","Uh/UH ,/, we/PRP 've/VBP been/VBN lucky/JJ ./.",,
sw06utt/sw_0698_2515.utt,2/sw2515,2515,45,sd,A,25,4,In the past we didn't have that problem  /,In/IN the/DT past/NN we/PRP did/VBD n't/RB have/VB that/DT problem/NN,,
sw06utt/sw_0698_2515.utt,2/sw2515,2515,46,sd,A,25,5,{C but } right now we don't.  /,but/CC right/RB now/RB we/PRP do/VBP n't/RB ./.,,
sw06utt/sw_0698_2515.utt,2/sw2515,2515,47,sd,A,25,6,"For  the other things, the things that crop up,  that we aren't really expecting, we have different funds set aside for different things.  /","For/IN the/DT other/JJ things/NNS ,/, the/DT things/NNS that/WDT crop/VBP up/RP ,/, that/WDT we/PRP are/VBP n't/RB really/RB expecting/VBG ,/, we/PRP have/VBP different/JJ funds/NNS set/VBN aside/RB for/IN different/JJ things/NNS ./.",,
sw06utt/sw_0698_2515.utt,2/sw2515,2515,48,sd,A,25,7,{D Like } we have a car fund  /,Like/IN we/PRP have/VBP a/DT car/NN fund/NN,,
sw06utt/sw_0698_2515.utt,2/sw2515,2515,49,sd,A,25,8,{C and } we put a certain amount of money  into that every single month whether we need to or not. /,and/CC we/PRP put/VBP a/DT certain/JJ amount/NN of/IN money/NN into/IN that/DT every/DT single/JJ month/NN whether/IN we/PRP need/VBP to/TO or/CC not/RB ./.,,
sw06utt/sw_0698_2515.utt,2/sw2515,2515,50,b,B,26,1,Oh. /,Oh/UH ./.,,
sw06utt/sw_0698_2515.utt,2/sw2515,2515,51,%,A,27,1,"{D So, } {E I mean, } - /","So/RB ,/, I/PRP mean/VBP ,/,",,
sw06utt/sw_0698_2515.utt,2/sw2515,2515,52,sd,A,27,2,"{C and }  [ I, + I ] can't really remember what it is. /","and/CC I/PRP ,/, I/PRP ca/MD n't/RB really/RB remember/VB what/WP it/PRP is/VBZ ./.",,
sw06utt/sw_0698_2515.utt,2/sw2515,2515,53,qy,B,28,1,"Do you kind of continue, call this  {D like, } a part of savings account or a different savings account  /","Do/VBP you/PRP kind/RB of/RB continue/VB ,/, call/VB this/DT like/UH ,/, a/DT part/NN of/IN savings/NNS account/NN or/CC a/DT different/JJ savings/NNS account/NN",,
sw06utt/sw_0698_2515.utt,2/sw2515,2515,54,%,B,28,2,"{C or, } -/","or/CC ,/,",,
sw06utt/sw_0698_2515.utt,2/sw2515,2515,55,sd,A,29,1,It's all part of the savings account.  /,It/PRP 's/BES all/DT part/NN of/IN the/DT savings/NNS account/NN ./.,,
sw06utt/sw_0698_2515.utt,2/sw2515,2515,56,sd,A,29,2,We just keep track of it on paper.  /,We/PRP just/RB keep/VBP track/NN of/IN it/PRP on/IN paper/NN ./.,,
sw06utt/sw_0698_2515.utt,2/sw2515,2515,57,sd,A,29,3,"{F Uh, } {D you know } a certain amount goes  straight to the savings account.  /","Uh/UH ,/, you/PRP know/VBP a/DT certain/JJ amount/NN goes/VBZ straight/RB to/IN the/DT savings/NNS account/NN ./.",,
sw06utt/sw_0698_2515.utt,2/sw2515,2515,58,sd,A,29,4,"We decide, okay, {D you know, } let's say  it's a hundred dollars.  /","We/PRP decide/VBP ,/, okay/UH ,/, you/PRP know/VBP ,/, let/VB 's/PRP say/VB it/PRP 's/BES a/DT hundred/CD dollars/NNS ./.",,
sw06utt/sw_0698_2515.utt,2/sw2515,2515,59,sd,A,29,5,"{D You know, } every month fifteen dollars is for car fund.  {D You know, } /","You/PRP know/VBP ,/, every/DT month/NN fifteen/CD dollars/NNS is/VBZ for/IN car/NN fund/NN ./. You/PRP know/VBP ,/,",,
sw06utt/sw_0698_2515.utt,2/sw2515,2515,60,b,B,30,1,Oh. /,Oh/UH ./.,,
sw06utt/sw_0698_2515.utt,2/sw2515,2515,61,sd,A,31,1,Ten dollars is for vacation fund whatever.  /,Ten/CD dollars/NNS is/VBZ for/IN vacation/NN fund/NN whatever/WP ./.,,
sw06utt/sw_0698_2515.utt,2/sw2515,2515,62,sd,A,31,2,"{F Uh, } {C and } [ we just, +  we ] constantly do that,  so that there's a buildup of money  for those things if something does come up.  /","Uh/UH ,/, and/CC we/PRP just/RB ,/, we/PRP constantly/RB do/VBP that/DT ,/, so/IN that/IN there/EX 's/BES a/DT buildup/NN of/IN money/NN for/IN those/DT things/NNS if/IN something/NN does/VBZ come/VB up/RP ./.",,
sw06utt/sw_0698_2515.utt,2/sw2515,2515,63,sd,A,31,3,{D Like } I know that my washing  machine is going to go any day. /,Like/UH I/PRP know/VBP that/IN my/PRP$ washing/JJ machine/NN is/VBZ going/VBG to/TO go/VB any/DT day/NN ./.,,
sw06utt/sw_0698_2515.utt,2/sw2515,2515,64,b,B,32,1,"{F Oh, } okay. /","Oh/UH ,/, okay/UH ./.",,
sw06utt/sw_0698_2515.utt,2/sw2515,2515,65,sd,A,33,1,"[ {C So, } +  {C but, } ] we have the  money set aside,  /","So/RB ,/, but/CC ,/, we/PRP have/VBP the/DT money/NN set/VBN aside/RP ,/,",,
sw06utt/sw_0698_2515.utt,2/sw2515,2515,66,sd,A,33,2,{C so } if it does it's not going to kill us. /,so/RB if/IN it/PRP does/VBZ it/PRP 's/BES not/RB going/VBG to/TO kill/VB us/PRP ./.,,
sw06utt/sw_0698_2515.utt,2/sw2515,2515,67,b,B,34,1,Hm. /,Hm/UH ./.,,
sw06utt/sw_0698_2515.utt,2/sw2515,2515,68,sv,A,35,1,"{F Uh, } {C so } [ [ we're, +  we're  actually, ] +  we're ] pretty disciplined,  /","Uh/UH ,/, so/RB we/PRP 're/VBP ,/, we/PRP 're/VBP actually/RB ,/, we/PRP 're/VBP pretty/RB disciplined/VBN ,/,",,
sw06utt/sw_0698_2515.utt,2/sw2515,2515,69,sv,A,35,2,{C so } it makes those surprises not so difficult to get through. /,so/RB it/PRP makes/VBZ those/DT surprises/NNS not/RB so/RB difficult/JJ to/TO get/VB through/IN ./.,,
sw06utt/sw_0698_2515.utt,2/sw2515,2515,70,b,B,36,1,"Okay,  /","Okay/UH ,/,",,
sw06utt/sw_0698_2515.utt,2/sw2515,2515,71,qw,B,36,2,"then, {D so } {D like } your  pay, what kind of a percentage do you basically keep out that you think that, {D you know, }  will cover all of the expenses, kind of thing? /","then/RB ,/, so/UH like/IN your/PRP$ pay/NN ,/, what/WDT kind/NN of/IN a/DT percentage/NN do/VBP you/PRP basically/RB keep/VBP out/RP that/WDT you/PRP think/VBP that/IN ,/, you/PRP know/VBP ,/, will/MD cover/VB all/DT of/IN the/DT expenses/NNS ,/, kind/NN of/IN thing/NN ?/.",,
sw06utt/sw_0698_2515.utt,2/sw2515,2515,72,%,A,37,1,"{D Well, } in. -/","Well/UH ,/, in/IN ./.",,
sw06utt/sw_0698_2515.utt,2/sw2515,2515,73,qo,B,38,1,"{C Or } {D like } [ what, +  what ]  percent, do you then save or something? /","Or/CC like/UH what/WP ,/, what/WP percent/NN ,/, do/VBP you/PRP then/RB save/VB or/CC something/NN ?/.",,
sw06utt/sw_0698_2515.utt,2/sw2515,2515,74,sd,A,39,1,"{F Uh, } we have a lot of different  things.  /","Uh/UH ,/, we/PRP have/VBP a/DT lot/NN of/IN different/JJ things/NNS ./.",,
sw06utt/sw_0698_2515.utt,2/sw2515,2515,75,sd,A,39,2,"Right now, we save about twenty-five percent [ of our, + of our ] pay. /","Right/UH now/RB ,/, we/PRP save/VBP about/RB twenty-five/CD percent/NN of/IN our/PRP$ ,/, of/IN our/PRP$ pay/NN ./.",,
sw06utt/sw_0698_2515.utt,2/sw2515,2515,76,bk,B,40,1,"{F Hm, } okay. /","Hm/UH ,/, okay/UH ./.",,
sw06utt/sw_0698_2515.utt,2/sw2515,2515,77,sd,A,41,1,"[ It, +  {C and } it ] goes toward  different things,  /","It/PRP ,/, and/CC it/PRP goes/VBZ toward/IN different/JJ things/NNS ,/,",,
sw06utt/sw_0698_2515.utt,2/sw2515,2515,78,sd,A,41,2,"it's [ for, +   {D you know, } for ] vacations  like I said, for, {D you know, } emergencies  {D like } for car, {F uh, } breaks down, something like that. /","it/PRP 's/BES for/IN ,/, you/PRP know/VBP ,/, for/IN vacations/NNS like/IN I/PRP said/VBD ,/, for/IN ,/, you/PRP know/VBP ,/, emergencies/NNS like/IN for/IN car/NN ,/, uh/UH ,/, breaks/VBZ down/RP ,/, something/NN like/IN that/DT ./.",,
sw06utt/sw_0698_2515.utt,2/sw2515,2515,79,b,B,42,1,Uh-huh. /,Uh-huh/UH ./.,,
sw06utt/sw_0698_2515.utt,2/sw2515,2515,80,sd,A,43,1,"{F Uh, } {C and } we also put money  aside for our kids college. /","Uh/UH ,/, and/CC we/PRP also/RB put/VBP money/NN aside/RP for/IN our/PRP$ kids/NNS college/NN ./.",,
sw06utt/sw_0698_2515.utt,2/sw2515,2515,81,b^r,B,44,1,Uh-huh. /,Uh-huh/UH ./.,,
sw06utt/sw_0698_2515.utt,2/sw2515,2515,82,sd,A,45,1,"Neither of us had any help with our  college degrees,  /","Neither/DT of/IN us/PRP had/VBD any/DT help/NN with/IN our/PRP$ college/NN degrees/NNS ,/,",,
sw06utt/sw_0698_2515.utt,2/sw2515,2515,83,sd,A,45,2,{C and } just this last month we paid off my final school loan.  /,and/CC just/RB this/DT last/JJ month/NN we/PRP paid/VBD off/RP my/PRP$ final/JJ school/NN loan/NN ./.,,
sw06utt/sw_0698_2515.utt,2/sw2515,2515,84,%,A,45,3,{C So } <laughter>. -/,So/RB ./.,,
sw06utt/sw_0698_2515.utt,2/sw2515,2515,85,b,B,46,1,Oh. /,Oh/UH ./.,,
sw06utt/sw_0698_2515.utt,2/sw2515,2515,86,sd,A,47,1,We're starting our kids a little bit early. /,We/PRP 're/VBP starting/VBG our/PRP$ kids/NNS a/DT little/JJ bit/NN early/JJ ./.,,
sw06utt/sw_0698_2515.utt,2/sw2515,2515,87,b,B,48,1,Okay. /,Okay/UH ./.,,
sw06utt/sw_0698_2515.utt,2/sw2515,2515,88,qy,A,49,1,"Do you, {F uh, } use a lot of credit  cards or your checking account when you go out and buy things? /","Do/VBP you/PRP ,/, uh/UH ,/, use/VB a/DT lot/NN of/IN credit/NN cards/NNS or/CC your/PRP$ checking/NN account/NN when/WRB you/PRP go/VBP out/RB and/CC buy/VBP things/NNS ?/.",,
sw06utt/sw_0698_2515.utt,2/sw2515,2515,89,sd,B,50,1,"Checking account a lot, {F uh, } not  so much credit cards.  /","Checking/NN account/NN a/DT lot/NN ,/, uh/UH ,/, not/RB so/RB much/JJ credit/NN cards/NNS ./.",,
sw06utt/sw_0698_2515.utt,2/sw2515,2515,90,sd(^q)@,B,50,2,"Now several years back I used to use [ ch-, +  {F uh, } charge ]  cards, {C and } {D you know } all the time, kind of thinking, {F oh, } {D well } it's on sale,  {D you know, } it must be a good deal.","Now/RB several/JJ years/NNS back/RB I/PRP used/VBD to/TO use/VB ch-/NN ,/, uh/UH ,/, charge/NN cards/NNS ,/, and/CC you/PRP know/VBP all/PDT the/DT time/NN ,/, kind/RB of/RB thinking/VBG ,/, oh/UH ,/, well/UH it/PRP 's/BES on/IN sale/NN ,/, you/PRP know/VBP ,/, it/PRP must/MD be/VB a/DT good/JJ deal/NN ./.",,
sw06utt/sw_0698_2515.utt,2/sw2515,2515,91,b,A,51,1,Sure. /,Sure/UH ./.,,
sw06utt/sw_0698_2515.utt,2/sw2515,2515,92,+@,B,52,1,There have been times that I have been  bad about the credit cards  /,There/EX have/VBP been/VBN times/NNS that/WDT I/PRP have/VBP been/VBN bad/JJ about/IN the/DT credit/NN cards/NNS,,
sw06utt/sw_0698_2515.utt,2/sw2515,2515,93,sd,B,52,2,"{C and so }  pretty much now, {F uh, } we don't use them  too much.  /","and/CC so/RB pretty/RB much/JJ now/RB ,/, uh/UH ,/, we/PRP do/VBP n't/RB use/VB them/PRP too/RB much/JJ ./.",,
sw06utt/sw_0698_2515.utt,2/sw2515,2515,94,sd,B,52,3,"If we travel or something, yeah. But, {D you know. }","If/IN we/PRP travel/VBP or/CC something/NN ,/, yeah/UH ./. But/CC ,/, you/PRP know/VBP ./.",,
sw06utt/sw_0698_2515.utt,2/sw2515,2515,95,b,A,53,1,Uh-huh. /,Uh-huh/UH ./.,,
sw06utt/sw_0698_2515.utt,2/sw2515,2515,96,+,B,54,1,"Standard, we usually don't.  /","Standard/JJ ,/, we/PRP usually/RB do/VBP n't/RB ./.",,
sw06utt/sw_0698_2515.utt,2/sw2515,2515,97,sd,B,54,2,"{C Or } if [ it, +  it ] is a purchase, {F uh, } then it's paid off when the bill comes.  /","Or/CC if/IN it/PRP ,/, it/PRP is/VBZ a/DT purchase/NN ,/, uh/UH ,/, then/RB it/PRP 's/BES paid/VBN off/RP when/WRB the/DT bill/NN comes/NNS ./.",,
sw06utt/sw_0698_2515.utt,2/sw2515,2515,98,sd,B,54,3,"{D You know, }  {C so } it isn't any extended, {F uh, }  /","You/PRP know/VBP ,/, so/RB it/PRP is/VBZ n't/RB any/DT extended/VBN ,/, uh/UH ,/,",,
sw06utt/sw_0698_2515.utt,2/sw2515,2515,99,sd,B,54,4,"it may be that I picked up something at the store,  /","it/PRP may/MD be/VB that/IN I/PRP picked/VBD up/RP something/NN at/IN the/DT store/NN ,/,",,
sw06utt/sw_0698_2515.utt,2/sw2515,2515,100,sd,B,54,5,"{C but } then when the bill comes we always pay it off then,  /","but/CC then/RB when/WRB the/DT bill/NN comes/VBZ we/PRP always/RB pay/VBP it/PRP off/RP then/RB ,/,",,
sw06utt/sw_0698_2515.utt,2/sw2515,2515,101,sd,B,54,6,"{C so } it's not any,  {D you know, } {F uh, } build up on the charge cards at all. /","so/RB it/PRP 's/BES not/RB any/DT ,/, you/PRP know/VBP ,/, uh/UH ,/, build/GW up/^NN on/IN the/DT charge/NN cards/NNS at/IN all/DT ./.",,
sw06utt/sw_0698_2515.utt,2/sw2515,2515,102,ba,A,55,1,That's good. /,That/DT 's/BES good/JJ ./.,,
sw06utt/sw_0698_2515.utt,2/sw2515,2515,103,sd,B,56,1,"[ {C And, } + {C but } ] that hasn't  always been the case <laughter>.  /","And/CC ,/, but/CC that/DT has/VBZ n't/RB always/RB been/VBN the/DT case/NN ./.",,
sw06utt/sw_0698_2515.utt,2/sw2515,2515,104,%,B,56,2,"{C So, } I'm kind of, - /","So/RB ,/, I/PRP 'm/VBP kind/RB of/RB ,/,",,
sw06utt/sw_0698_2515.utt,2/sw2515,2515,105,sv,B,56,3,"I feel at least better now that I have finally  gotten some of those things, {F uh, } {D you know, } in the past,  /","I/PRP feel/VBP at/IN least/JJS better/RBR now/RB that/IN I/PRP have/VBP finally/RB gotten/VBN some/DT of/IN those/DT things/NNS ,/, uh/UH ,/, you/PRP know/VBP ,/, in/IN the/DT past/NN ,/,",,
sw06utt/sw_0698_2515.utt,2/sw2515,2515,106,sv,B,56,4,"{C and } I don't  have, {D you know, } big cumulative amounts due to those charge cards, because that interest  rate just is a killer. /","and/CC I/PRP do/VBP n't/RB have/VB ,/, you/PRP know/VBP ,/, big/JJ cumulative/JJ amounts/NNS due/JJ to/IN those/DT charge/NN cards/NNS ,/, because/IN that/DT interest/NN rate/NN just/RB is/VBZ a/DT killer/NN ./.",,
sw06utt/sw_0698_2515.utt,2/sw2515,2515,107,sv,A,57,1,"{F Oh, } {C and } it's not deductible anymore. /","Oh/UH ,/, and/CC it/PRP 's/BES not/RB deductible/JJ anymore/RB ./.",,
sw06utt/sw_0698_2515.utt,2/sw2515,2515,108,b,B,58,1,"<Laughter> Yeah,  /","Yeah/UH ,/,",,
sw06utt/sw_0698_2515.utt,2/sw2515,2515,109,sd,B,58,2,"{D well, } I've never  been in the situation of itemizing anyhow.  /","well/UH ,/, I/PRP 've/VBP never/RB been/VBN in/IN the/DT situation/NN of/IN itemizing/NN anyhow/RB ./.",,
sw06utt/sw_0698_2515.utt,2/sw2515,2515,110,sd,B,58,3,"{C But, } {F uh, } pretty much when  [ I always, + I ] go to the grocery store or  something I just always write checks. /","But/CC ,/, uh/UH ,/, pretty/RB much/JJ when/WRB I/PRP always/RB ,/, I/PRP go/VBP to/IN the/DT grocery/NN store/NN or/CC something/NN I/PRP just/RB always/RB write/VBP checks/NNS ./.",,
sw06utt/sw_0698_2515.utt,2/sw2515,2515,111,b,A,59,1,Yeah.  /,Yeah/UH ./.,,
sw06utt/sw_0698_2515.utt,2/sw2515,2515,112,sd,A,59,2,"[ We did, +  we did ] that for  a long time  /","We/PRP did/VBD ,/, we/PRP did/VBD that/DT for/IN a/DT long/JJ time/NN",,
sw06utt/sw_0698_2515.utt,2/sw2515,2515,113,sd,A,59,3,{C and } it got to the point where we had no idea how much we were spending on things. /,and/CC it/PRP got/VBD to/IN the/DT point/NN where/WRB we/PRP had/VBD no/DT idea/NN how/WRB much/JJ we/PRP were/VBD spending/VBG on/IN things/NNS ./.,,
sw06utt/sw_0698_2515.utt,2/sw2515,2515,114,b,B,60,1,{F Hm. } /,Hm/UH ./.,,
sw06utt/sw_0698_2515.utt,2/sw2515,2515,115,sv,A,61,1,"{C And } it seemed like we didn't have  enough money when things cropped up, {D you know, } /","And/CC it/PRP seemed/VBD like/IN we/PRP did/VBD n't/RB have/VB enough/JJ money/NN when/WRB things/NNS cropped/VBD up/RP ,/, you/PRP know/VBP ,/,",,
sw06utt/sw_0698_2515.utt,2/sw2515,2515,116,b,B,62,1,Uh-huh. /,Uh-huh/UH ./.,,
sw06utt/sw_0698_2515.utt,2/sw2515,2515,117,sd,A,63,1,{C so } we decided to put ourselves  on a cash budget.  /,so/RB we/PRP decided/VBD to/TO put/VB ourselves/PRP on/IN a/DT cash/NN budget/NN ./.,,
sw06utt/sw_0698_2515.utt,2/sw2515,2515,118,sd,A,63,2,"{D Well } the first time we did it, we just took some arbitrary amount  that we estimated it would be, /","Well/UH the/DT first/JJ time/NN we/PRP did/VBD it/PRP ,/, we/PRP just/RB took/VBD some/DT arbitrary/JJ amount/NN that/WDT we/PRP estimated/VBD it/PRP would/MD be/VB ,/,",,
sw06utt/sw_0698_2515.utt,2/sw2515,2515,119,b^r,B,64,1,Uh-huh. /,Uh-huh/UH ./.,,
sw06utt/sw_0698_2515.utt,2/sw2515,2515,120,sd,A,65,1,{C and } then we kept track of everything for a month.,and/CC then/RB we/PRP kept/VBD track/NN of/IN everything/NN for/IN a/DT month/NN ./.,,
sw06utt/sw_0698_2515.utt,2/sw2515,2515,121,b,B,66,1,Uh-huh. /,Uh-huh/UH ./.,,
sw06utt/sw_0698_2515.utt,2/sw2515,2515,122,+,A,67,1,"{D You know, } how much we spent on  food, how much we spent on gasoline, how much we spent on everything,","You/PRP know/VBP ,/, how/WRB much/JJ we/PRP spent/VBD on/IN food/NN ,/, how/WRB much/JJ we/PRP spent/VBD on/IN gasoline/NN ,/, how/WRB much/JJ we/PRP spent/VBD on/IN everything/NN ,/,",,
sw06utt/sw_0698_2515.utt,2/sw2515,2515,123,b,B,68,1,Uh-huh. /,Uh-huh/UH ./.,,
sw06utt/sw_0698_2515.utt,2/sw2515,2515,124,+,A,69,1,"{C and } from that built, {D you know, }  a cash budget.  /","and/CC from/IN that/DT built/VBD ,/, you/PRP know/VBP ,/, a/DT cash/NN budget/NN ./.",,
sw06utt/sw_0698_2515.utt,2/sw2515,2515,125,%,A,69,2,"{C So } now, {E I mean, } I have, - /","So/RB now/RB ,/, I/PRP mean/VBP ,/, I/PRP have/VBP ,/,",,
sw06utt/sw_0698_2515.utt,2/sw2515,2515,126,sd,A,69,3,"I don't remember what it is now, four hundred  dollars for the month, let's say. /","I/PRP do/VBP n't/RB remember/VB what/WP it/PRP is/VBZ now/RB ,/, four/CD hundred/CD dollars/NNS for/IN the/DT month/NN ,/, let/VB 's/PRP say/VB ./.",,
sw06utt/sw_0698_2515.utt,2/sw2515,2515,127,b,B,70,1,Uh-huh. /,Uh-huh/UH ./.,,
sw06utt/sw_0698_2515.utt,2/sw2515,2515,128,sd,A,71,1,"{C And, } {F uh, } {E I mean } some  months I may spend three hundred on groceries and a hundred on everything else,  /","And/CC ,/, uh/UH ,/, I/PRP mean/VBP some/DT months/NNS I/PRP may/MD spend/VB three/CD hundred/CD on/IN groceries/NNS and/CC a/DT hundred/CD on/IN everything/NN else/RB ,/,",,
sw06utt/sw_0698_2515.utt,2/sw2515,2515,129,sd,A,71,2,{C and } some months it may be different. /,and/CC some/DT months/NNS it/PRP may/MD be/VB different/JJ ./.,,
sw06utt/sw_0698_2515.utt,2/sw2515,2515,130,b,B,72,1,Uh-huh. /,Uh-huh/UH ./.,,
sw06utt/sw_0698_2515.utt,2/sw2515,2515,131,sv,A,73,1,"It's not as though we feel like we have  to keep ourselves, {D you know, } down to the dollar or the penny in certain  categories kind of thing,  /","It/PRP 's/BES not/RB as/RB though/RB we/PRP feel/VBP like/IN we/PRP have/VBP to/TO keep/VB ourselves/PRP ,/, you/PRP know/VBP ,/, down/RB to/IN the/DT dollar/NN or/CC the/DT penny/NN in/IN certain/JJ categories/NNS kind/NN of/IN thing/NN ,/,",,
sw06utt/sw_0698_2515.utt,2/sw2515,2515,132,sd,A,73,2,"{C but } the way we set up, {D you know } the amount that we want  to save and the amounts that we have to spend for, {D you know, } {F uh, }  utilities and, {F uh, } the house payment and all that. /","but/CC the/DT way/NN we/PRP set/VBD up/RP ,/, you/PRP know/VBP the/DT amount/NN that/WDT we/PRP want/VBP to/TO save/VB and/CC the/DT amounts/NNS that/WDT we/PRP have/VBP to/TO spend/VB for/IN ,/, you/PRP know/VBP ,/, uh/UH ,/, utilities/NNS and/CC ,/, uh/UH ,/, the/DT house/NN payment/NN and/CC all/PDT that/DT ./.",,
sw06utt/sw_0698_2515.utt,2/sw2515,2515,133,b,B,74,1,Yeah. /,Yeah/UH ./.,,
sw06utt/sw_0698_2515.utt,2/sw2515,2515,134,sv,A,75,1,those are things you don't really have  much control over. /,those/DT are/VBP things/NNS you/PRP do/VBP n't/RB really/RB have/VB much/JJ control/NN over/IN ./.,,
sw06utt/sw_0698_2515.utt,2/sw2515,2515,135,b,B,76,1,Uh-huh. /,Uh-huh/UH ./.,,
sw06utt/sw_0698_2515.utt,2/sw2515,2515,136,sv,A,77,1,"{F Uh, } the cash budget just fits  right in there <laughter>,  /","Uh/UH ,/, the/DT cash/NN budget/NN just/RB fits/VBZ right/RB in/IN there/RB ,/,",,
sw06utt/sw_0698_2515.utt,2/sw2515,2515,137,sd,A,77,2,"like I said if we don't have, we also set aside money for entertainment.  /","like/IN I/PRP said/VBD if/IN we/PRP do/VBP n't/RB have/VB ,/, we/PRP also/RB set/VBD aside/RP money/NN for/IN entertainment/NN ./.",,
sw06utt/sw_0698_2515.utt,2/sw2515,2515,138,sd,A,77,3,"{E I mean, } {C but } again it's a set amount every month.","I/PRP mean/VBP ,/, but/CC again/RB it/PRP 's/BES a/DT set/VBN amount/NN every/DT month/NN ./.",,
sw06utt/sw_0698_2515.utt,2/sw2515,2515,139,b^r,B,78,1,Uh-huh. /,Uh-huh/UH ./.,,
sw06utt/sw_0698_2515.utt,2/sw2515,2515,140,+,A,79,1,"{C And, } {F uh, } on special occasions,  {E I mean } birthdays and things like that.  /","And/CC ,/, uh/UH ,/, on/IN special/JJ occasions/NNS ,/, I/PRP mean/VBP birthdays/NNS and/CC things/NNS like/IN that/DT ./.",,
sw06utt/sw_0698_2515.utt,2/sw2515,2515,141,sv,A,79,2,"[ [ We, +  we don't, ] +  we still have ] fun on things <laughter>. /","We/PRP ,/, we/PRP do/VBP n't/RB ,/, we/PRP still/RB have/VBP fun/NN on/IN things/NNS ./.",,
sw06utt/sw_0698_2515.utt,2/sw2515,2515,142,b,B,80,1,Yeah.  /,Yeah/UH ./.,,
sw06utt/sw_0698_2515.utt,2/sw2515,2515,143,sd,B,80,2,"{F Uh, } we are in the process  of trying to buy a house,  /","Uh/UH ,/, we/PRP are/VBP in/IN the/DT process/NN of/IN trying/VBG to/TO buy/VB a/DT house/NN ,/,",,
sw06utt/sw_0698_2515.utt,2/sw2515,2515,144,qw,B,80,3,"do you know, how did your budget work  /","do/VBP you/PRP know/VB ,/, how/WRB did/VBD your/PRP$ budget/NN work/VB",,
sw06utt/sw_0698_2515.utt,2/sw2515,2515,145,qrr,B,80,4,"{C or } did you have a  budget to, {F uh, } get your down payment going to get a house? /","or/CC did/VBD you/PRP have/VBP a/DT budget/NN to/TO ,/, uh/UH ,/, get/VB your/PRP$ down/JJ payment/NN going/VBG to/TO get/VB a/DT house/NN ?/.",,
sw06utt/sw_0698_2515.utt,2/sw2515,2515,146,nn,A,81,1,"{D Well, } no  /","Well/UH ,/, no/UH",,
sw06utt/sw_0698_2515.utt,2/sw2515,2515,147,sv^e,A,81,2,"not originally, because  [ [  when [ we, +  we ] did buy, ] +  when we bought ] our first house, it was at a time where you - /","not/RB originally/RB ,/, because/IN when/WRB we/PRP ,/, we/PRP did/VBD buy/VB ,/, when/WRB we/PRP bought/VBD our/PRP$ first/JJ house/NN ,/, it/PRP was/VBD at/IN a/DT time/NN where/WRB you/PRP",,
sw06utt/sw_0698_2515.utt,2/sw2515,2515,148,sv,A,81,3,"{C and }  the kind of loan we got, you really didn't have to put down anything. /","and/CC the/DT kind/NN of/IN loan/NN we/PRP got/VBD ,/, you/PRP really/RB did/VBD n't/RB have/VB to/TO put/VB down/RB anything/NN ./.",,
sw06utt/sw_0698_2515.utt,2/sw2515,2515,149,b,B,82,1,{F Huh. } /,Huh/UH ./.,,
sw06utt/sw_0698_2515.utt,2/sw2515,2515,150,sv,A,83,1,"{C So, } we got into it fairly cheaply,  /","So/RB ,/, we/PRP got/VBD into/IN it/PRP fairly/RB cheaply/RB ,/,",,
sw06utt/sw_0698_2515.utt,2/sw2515,2515,151,sd,A,83,2,"{C and then, } {F uh, } after we sold the first house, we were left with enough cash that there  was enough to make the down payment on this house. /","and/CC then/RB ,/, uh/UH ,/, after/IN we/PRP sold/VBD the/DT first/JJ house/NN ,/, we/PRP were/VBD left/VBN with/IN enough/JJ cash/NN that/WDT there/EX was/VBD enough/RB to/TO make/VB the/DT down/JJ payment/NN on/IN this/DT house/NN ./.",,
sw06utt/sw_0698_2515.utt,2/sw2515,2515,152,bk,B,84,1,"{F Oh, } okay. /","Oh/UH ,/, okay/UH ./.",,
sw06utt/sw_0698_2515.utt,2/sw2515,2515,153,sd,A,85,1,"{C So, } [ we, +  we ] got out of  that one pretty easily <laughter>. /","So/RB ,/, we/PRP ,/, we/PRP got/VBD out/IN of/IN that/DT one/NN pretty/RB easily/RB ./.",,
sw06utt/sw_0698_2515.utt,2/sw2515,2515,154,b,B,86,1,"Okay, {F uh, }  /","Okay/UH ,/, uh/UH ,/,",,
sw06utt/sw_0698_2515.utt,2/sw2515,2515,155,b,B,86,2,"yeah,  /","yeah/UH ,/,",,
sw06utt/sw_0698_2515.utt,2/sw2515,2515,156,sd,B,86,3,I just keep  thinking all the time - /,I/PRP just/RB keep/VBP thinking/VBG all/PDT the/DT time/NN,,
sw06utt/sw_0698_2515.utt,2/sw2515,2515,157,sv,B,86,4,"{E I mean, } [ it, +  it's ] really rough to keep yourself on a strict budget  for a long long time when [ your, +  {D you know, } your ] priority, {A at least mine }  is  to save for the house.  /","I/PRP mean/VBP ,/, it/PRP ,/, it/PRP 's/BES really/RB rough/JJ to/TO keep/VB yourself/PRP on/IN a/DT strict/JJ budget/NN for/IN a/DT long/JJ long/JJ time/NN when/WRB your/PRP$ ,/, you/PRP know/VBP ,/, your/PRP$ priority/NN ,/, at/IN least/JJS mine/PRP is/VBZ to/TO save/VB for/IN the/DT house/NN ./.",,
sw06utt/sw_0698_2515.utt,2/sw2515,2515,158,sv,B,86,5,"{C But } then it's awful hard to really scrimp for a long, long time and  keep putting all the money into that down payment.  /","But/CC then/RB it/PRP 's/BES awful/RB hard/JJ to/TO really/RB scrimp/VB for/IN a/DT long/JJ ,/, long/JJ time/NN and/CC keep/VB putting/VBG all/PDT the/DT money/NN into/IN that/DT down/JJ payment/NN ./.",,
sw06utt/sw_0698_2515.utt,2/sw2515,2515,159,sv,B,86,6,You feel like  you want to live a little bit in the meantime. /,You/PRP feel/VBP like/IN you/PRP want/VBP to/TO live/VB a/DT little/JJ bit/NN in/IN the/DT meantime/NN ./.,,
sw06utt/sw_0698_2515.utt,2/sw2515,2515,160,aa,A,87,1,"Sure,  /","Sure/UH ,/,",,
sw06utt/sw_0698_2515.utt,2/sw2515,2515,161,aa,A,87,2,I know. /,I/PRP know/VBP ./.,,
sw06utt/sw_0698_2515.utt,2/sw2515,2515,162,x,B,88,1,<Laughter>.,,,
sw06utt/sw_0698_2515.utt,2/sw2515,2515,163,sv,A,89,1,"That's how I feel sometimes about my  kids' education,  /","That/DT 's/BES how/WRB I/PRP feel/VBP sometimes/RB about/IN my/PRP$ kids/NNS '/POS education/NN ,/,",,
sw06utt/sw_0698_2515.utt,2/sw2515,2515,164,sd,A,89,2,"{E I mean } jeez, they are one and four <laughter>. /","I/PRP mean/VBP jeez/UH ,/, they/PRP are/VBP one/CD and/CC four/CD ./.",,
sw06utt/sw_0698_2515.utt,2/sw2515,2515,165,x,B,90,1,<Laughter>.,,,
sw06utt/sw_0698_2515.utt,2/sw2515,2515,166,sd,A,91,1,"We have got a long time to save,  /","We/PRP have/VBP got/VBN a/DT long/JJ time/NN to/TO save/VB ,/,",,
sw06utt/sw_0698_2515.utt,2/sw2515,2515,167,sd,A,91,2,"my husband, [ he's the real, +  he's the real ] disciplinarian when it comes to that money usually. /","my/PRP$ husband/NN ,/, he/PRP 's/BES the/DT real/JJ ,/, he/PRP 's/BES the/DT real/JJ disciplinarian/NN when/WRB it/PRP comes/VBZ to/IN that/DT money/NN usually/RB ./.",,
sw06utt/sw_0698_2515.utt,2/sw2515,2515,168,b,B,92,1,Uh-huh. /,Uh-huh/UH ./.,,
sw06utt/sw_0698_2515.utt,2/sw2515,2515,169,sv,A,93,1,"{F Oh, } no,  /","Oh/UH ,/, no/UH ,/,",,
sw06utt/sw_0698_2515.utt,2/sw2515,2515,170,sv,A,93,2,no <laughter>. /,no/UH ./.,,
sw06utt/sw_0698_2515.utt,2/sw2515,2515,171,ba,B,94,1,"{D Well, } I know,  /","Well/UH ,/, I/PRP know/VBP ,/,",,
sw06utt/sw_0698_2515.utt,2/sw2515,2515,172,sv,B,94,2,"{C but } there  are times when I sit there and I think, wow, {D you know } we make X amount of money and where is it.  /","but/CC there/EX are/VBP times/NNS when/WRB I/PRP sit/VBP there/RB and/CC I/PRP think/VBP ,/, wow/UH ,/, you/PRP know/VBP we/PRP make/VBP X/SYM amount/NN of/IN money/NN and/CC where/WRB is/VBZ it/PRP ./.",,
sw06utt/sw_0698_2515.utt,2/sw2515,2515,173,sv,B,94,3,{E I mean } you look # around  /,I/PRP mean/VBP you/PRP look/VBP around/RB,,
sw06utt/sw_0698_2515.utt,2/sw2515,2515,174,sd(^q),B,94,4,"{C and }  you go, #","and/CC you/PRP go/VBP ,/,",,
sw06utt/sw_0698_2515.utt,2/sw2515,2515,175,^2,A,95,1,"# What do you do with it,  /","What/WP do/VBP you/PRP do/VB with/IN it/PRP ,/,",,
sw06utt/sw_0698_2515.utt,2/sw2515,2515,176,ba,A,95,2,I know. # /,I/PRP know/VBP ./.,,
sw06utt/sw_0698_2515.utt,2/sw2515,2515,177,+,B,96,1,"where is it,  /","where/WRB is/VBZ it/PRP ,/,",,
sw06utt/sw_0698_2515.utt,2/sw2515,2515,178,sv,B,96,2,"[ you, +  you ] haven't  made, {F uh, } big purchases  /","you/PRP ,/, you/PRP have/VBP n't/RB made/VBN ,/, uh/UH ,/, big/JJ purchases/NNS",,
sw06utt/sw_0698_2515.utt,2/sw2515,2515,179,sv,B,96,3,"{C and } that's the easier thing to see,  /","and/CC that/DT 's/BES the/DT easier/JJR thing/NN to/TO see/VB ,/,",,
sw06utt/sw_0698_2515.utt,2/sw2515,2515,180,sv(^q),B,96,4,"if you can see a big purchase and  you go okay, {D well } this is the year that we bought the couch or the T V,","if/IN you/PRP can/MD see/VB a/DT big/JJ purchase/NN and/CC you/PRP go/VBP okay/UH ,/, well/UH this/DT is/VBZ the/DT year/NN that/WDT we/PRP bought/VBD the/DT couch/NN or/CC the/DT T/NN V/NN ,/,",,
sw06utt/sw_0698_2515.utt,2/sw2515,2515,181,b,A,97,1,"Uh-huh,  /","Uh-huh/UH ,/,",,
sw06utt/sw_0698_2515.utt,2/sw2515,2515,182,b@,A,97,2,right.,right/UH ./.,,
sw06utt/sw_0698_2515.utt,2/sw2515,2515,183,+,B,98,1,or something like that. - /,or/CC something/NN like/IN that/DT ./.,,
sw06utt/sw_0698_2515.utt,2/sw2515,2515,184,sd,B,98,2,"{C But, }  all those, just monthly payments and stuff that just go out the door  /","But/CC ,/, all/PDT those/DT ,/, just/RB monthly/JJ payments/NNS and/CC stuff/NN that/WDT just/RB go/VB out/IN the/IN door/NN",,
sw06utt/sw_0698_2515.utt,2/sw2515,2515,185,sd,B,98,3,"{C and } there's  big chunks of your money to pay {D like } the utilities and the gas and the groceries,","and/CC there/EX 's/BES big/JJ chunks/NNS of/IN your/PRP$ money/NN to/TO pay/VB like/IN the/DT utilities/NNS and/CC the/DT gas/NN and/CC the/DT groceries/NNS ,/,",,
sw06utt/sw_0698_2515.utt,2/sw2515,2515,186,+@,A,99,1,"{F Oh, } yeah. /","Oh/UH ,/, yeah/UH ./.",,
sw06utt/sw_0698_2515.utt,2/sw2515,2515,187,+,B,100,1,and stuff.  /,and/CC stuff/NN ./.,,
sw06utt/sw_0698_2515.utt,2/sw2515,2515,188,sd,B,100,2,"That you don't have  [ tangible, +  {E I mean } the perishable ] kind of things that's [ gone, +  used and gone. ] /","That/DT you/PRP do/VBP n't/RB have/VB tangible/JJ ,/, I/PRP mean/VBP the/DT perishable/JJ kind/NN of/IN things/NNS that/WDT 's/BES gone/VBN ,/, used/VBN and/CC gone/VBN ./.",,
sw06utt/sw_0698_2515.utt,2/sw2515,2515,189,b,A,101,1,"Yeah,  /","Yeah/UH ,/,",,
sw06utt/sw_0698_2515.utt,2/sw2515,2515,190,sv,A,101,2,"[ it's, +  it's ] amazing how  much we spend on some things.  /","it/PRP 's/BES ,/, it/PRP 's/BES amazing/JJ how/WRB much/JJ we/PRP spend/VBP on/IN some/DT things/NNS ./.",,
sw06utt/sw_0698_2515.utt,2/sw2515,2515,191,sd,A,101,3,My husband cut himself down to ten dollars a week for his lunch at work. /,My/PRP$ husband/NN cut/VBD himself/PRP down/IN to/IN ten/CD dollars/NNS a/DT week/NN for/IN his/PRP$ lunch/NN at/IN work/NN ./.,,
sw06utt/sw_0698_2515.utt,2/sw2515,2515,192,b,B,102,1,Oh. /,Oh/UH ./.,,
sw06utt/sw_0698_2515.utt,2/sw2515,2515,193,sd,A,103,1,"{C And } that's all he has,  /","And/CC that/DT 's/BES all/DT he/PRP has/VBZ ,/,",,
sw06utt/sw_0698_2515.utt,2/sw2515,2515,194,sd,A,103,2,he has a ten dollar bill. /,he/PRP has/VBZ a/DT ten/CD dollar/NN bill/NN ./.,,
sw06utt/sw_0698_2515.utt,2/sw2515,2515,195,b,B,104,1,{F Huh. } /,Huh/UH ./.,,
sw06utt/sw_0698_2515.utt,2/sw2515,2515,196,sd,A,105,1,"[ {C And, } +  {E I mean, } {C so } ] I'd say  at least, two usually three times a week he takes his lunch. /","And/CC ,/, I/PRP mean/VBP ,/, so/RB I/PRP 'd/MD say/VB at/IN least/JJS ,/, two/CD usually/RB three/CD times/NNS a/DT week/NN he/PRP takes/VBZ his/PRP$ lunch/NN ./.",,
sw06utt/sw_0698_2515.utt,2/sw2515,2515,197,b,B,106,1,Uh-huh. /,Uh-huh/UH ./.,,
sw06utt/sw_0698_2515.utt,2/sw2515,2515,198,sd,A,107,1,"The other times, he'll, {F uh, }  I don't know go out somewhere,","The/DT other/JJ times/NNS ,/, he/PRP 'll/MD ,/, uh/UH ,/, I/PRP do/VBP n't/RB know/VB go/VB out/RB somewhere/RB ,/,",,
sw06utt/sw_0698_2515.utt,2/sw2515,2515,199,b,B,108,1,Uh-huh. /,Uh-huh/UH ./.,,
sw06utt/sw_0698_2515.utt,2/sw2515,2515,200,+,A,109,1,eat in a cafeteria or whatever.  /,eat/VB in/IN a/DT cafeteria/NN or/CC whatever/WP ./.,,
sw06utt/sw_0698_2515.utt,2/sw2515,2515,201,sd,A,109,2,"[ {C But, } +  {C but } ] he keeps himself on that,  /","But/CC ,/, but/CC he/PRP keeps/VBZ himself/PRP on/IN that/DT ,/,",,
sw06utt/sw_0698_2515.utt,2/sw2515,2515,202,sd,A,109,3,"{E I mean, } he found [ it's, +  it's ] so easy to  spend five dollars a day on lunch. /","I/PRP mean/VBP ,/, he/PRP found/VBD it/PRP 's/BES ,/, it/PRP 's/BES so/RB easy/JJ to/TO spend/VB five/CD dollars/NNS a/DT day/NN on/IN lunch/NN ./.",,
sw06utt/sw_0698_2515.utt,2/sw2515,2515,203,b,B,110,1,Uh-huh. /,Uh-huh/UH ./.,,
sw06utt/sw_0698_2515.utt,2/sw2515,2515,204,sd,A,111,1,That's a hundred dollars a month on lunch. /,That/DT 's/BES a/DT hundred/CD dollars/NNS a/DT month/NN on/IN lunch/NN ./.,,
sw06utt/sw_0698_2515.utt,2/sw2515,2515,205,b,B,112,1,Uh-huh. /,Uh-huh/UH ./.,,
sw06utt/sw_0698_2515.utt,2/sw2515,2515,206,sd,A,113,1,"[ That's, +  that's ] twelve hundred  dollars a year just on lunch. /","That/DT 's/BES ,/, that/DT 's/BES twelve/CD hundred/CD dollars/NNS a/DT year/NN just/RB on/IN lunch/NN ./.",,
sw06utt/sw_0698_2515.utt,2/sw2515,2515,207,x,B,114,1,<Laughter>.,,,
sw06utt/sw_0698_2515.utt,2/sw2515,2515,208,x,A,115,1,<Laughter>.,,,
sw06utt/sw_0698_2515.utt,2/sw2515,2515,209,b,B,116,1,Yeah. /,Yeah/UH ./.,,
sw06utt/sw_0698_2515.utt,2/sw2515,2515,210,sd,A,117,1,"When he can take a sandwich, {D you know. } -/","When/WRB he/PRP can/MD take/VB a/DT sandwich/NN ,/, you/PRP know/VBP ./.",,
