swda_filename,ptb_basename,conversation_no,transcript_index,act_tag,caller,utterance_index,subutterance_index,text,pos,trees,ptb_treenumbers
sw06utt/sw_0684_4723.utt,4/sw4723,4723,0,x,A,1,1,<Clicking> <talking>.,,,
sw06utt/sw_0684_4723.utt,4/sw4723,4723,1,qw,B,2,1,"{D So, } what sort of car are you  interested in getting next? /","So/UH ,/, what/WDT sort/NN of/IN car/NN are/VBP you/PRP interested/JJ in/IN getting/VBG next/RB ?/.",,
sw06utt/sw_0684_4723.utt,4/sw4723,4723,2,sd,A,3,1,"{D Well, } actually, I love the car I have.  /","Well/UH ,/, actually/UH ,/, I/PRP love/VBP the/DT car/NN I/PRP have/VBP ./.",,
sw06utt/sw_0684_4723.utt,4/sw4723,4723,3,sd,A,3,2,I have a Chrysler LeBaron convertible.  /,I/PRP have/VBP a/DT Chrysler/NNP LeBaron/NNP convertible/JJ ./.,,
sw06utt/sw_0684_4723.utt,4/sw4723,4723,4,sd,A,3,3,# {C And } # --,And/CC --/:,,
sw06utt/sw_0684_4723.utt,4/sw4723,4723,5,b,B,4,1,# Ah. # /,Ah/UH ./.,,
sw06utt/sw_0684_4723.utt,4/sw4723,4723,6,+,A,5,1,-- I love it.  /,--/: I/PRP love/VBP it/PRP ./.,,
sw06utt/sw_0684_4723.utt,4/sw4723,4723,7,sd,A,5,2,{C And } I would get  another one in a minute.  /,And/CC I/PRP would/MD get/VB another/DT one/NN in/IN a/DT minute/NN ./.,,
sw06utt/sw_0684_4723.utt,4/sw4723,4723,8,sd,A,5,3,"Unless I could afford what I really like which would be a  red Ferrari or, {D you know, } a little Corvette or something like that.  /","Unless/IN I/PRP could/MD afford/VB what/WP I/PRP really/RB like/VBP which/WDT would/MD be/VB a/DT red/JJ Ferrari/NNP or/CC ,/, you/PRP know/VBP ,/, a/DT little/JJ Corvette/NNP or/CC something/NN like/IN that/DT ./.",,
sw06utt/sw_0684_4723.utt,4/sw4723,4723,9,sd,A,5,4,{C And } that's what would influence my decision to change because I like a really sporty car.  /,And/CC that/DT 's/BES what/WP would/MD influence/VB my/PRP$ decision/NN to/TO change/VB because/IN I/PRP like/VBP a/DT really/RB sporty/JJ car/NN ./.,,
sw06utt/sw_0684_4723.utt,4/sw4723,4723,10,sd,A,5,5,{C And } I'd love an expensive one  /,And/CC I/PRP 'd/MD love/VB an/DT expensive/JJ one/NN,,
sw06utt/sw_0684_4723.utt,4/sw4723,4723,11,sv,A,5,6,"# {C but } I probably, #","but/CC I/PRP probably/RB ,/,",,
sw06utt/sw_0684_4723.utt,4/sw4723,4723,12,x,B,6,1,# <Laughter>. #,,,
sw06utt/sw_0684_4723.utt,4/sw4723,4723,13,+,A,7,1,can never afford it  /,can/MD never/RB afford/VB it/PRP,,
sw06utt/sw_0684_4723.utt,4/sw4723,4723,14,%,A,7,2,{C so } <laughter>. -/,so/RB ./.,,
sw06utt/sw_0684_4723.utt,4/sw4723,4723,15,sd,B,8,1,"{F Uh, } {D well } I understand and  can sympathize with that because I also enjoy driving performance automobiles.  /","Uh/UH ,/, well/UH I/PRP understand/VBP and/CC can/MD sympathize/VB with/IN that/DT because/IN I/PRP also/RB enjoy/VBP driving/NN performance/NN automobiles/NNS ./.",,
sw06utt/sw_0684_4723.utt,4/sw4723,4723,16,sd,B,8,2,"{F Uh, } I currently have an eighty-seven, five liter Mustang G T --","Uh/UH ,/, I/PRP currently/RB have/VBP an/DT eighty-seven/CD ,/, five/CD liter/NN Mustang/NNP G/SYM T/SYM --/:",,
sw06utt/sw_0684_4723.utt,4/sw4723,4723,17,b,A,9,1,Uh-huh. /,Uh-huh/UH ./.,,
sw06utt/sw_0684_4723.utt,4/sw4723,4723,18,+,B,10,1,"-- that I've done a bunch of modifications  [ to, +  to ] make it, {F uh, } handle and  perform better, /","--/: that/WDT I/PRP 've/VBP done/VBN a/DT bunch/NN of/IN modifications/NNS to/TO ,/, to/TO make/VB it/PRP ,/, uh/UH ,/, handle/VB and/CC perform/VB better/JJR ,/,",,
sw06utt/sw_0684_4723.utt,4/sw4723,4723,19,x,A,11,1,<Noise>.,,,
sw06utt/sw_0684_4723.utt,4/sw4723,4723,20,sd,B,12,1,"{C and } I suspect if I were to be  able to get another car where object was, {F uh, } - /","and/CC I/PRP suspect/VBP if/IN I/PRP were/VBD to/TO be/VB able/JJ to/TO get/VB another/DT car/NN where/WRB object/NN was/VBD ,/, uh/UH ,/,",,
sw06utt/sw_0684_4723.utt,4/sw4723,4723,21,sd,B,12,2,"the best car I could get regardless of money,  <inhaling> {F uh, } I probably would be tempted by something along the lines of  a Lotus or possibly a Ferrari. /","the/DT best/JJS car/NN I/PRP could/MD get/VB regardless/IN of/IN money/NN ,/, uh/UH ,/, I/PRP probably/RB would/MD be/VB tempted/VBN by/IN something/NN along/IN the/DT lines/NNS of/IN a/DT Lotus/NNP or/CC possibly/RB a/DT Ferrari/NNP ./.",,
sw06utt/sw_0684_4723.utt,4/sw4723,4723,22,b,A,13,1,Uh-huh.  /,Uh-huh/UH ./.,,
sw06utt/sw_0684_4723.utt,4/sw4723,4723,23,b,A,13,2,Yeah.  /,Yeah/UH ./.,,
sw06utt/sw_0684_4723.utt,4/sw4723,4723,24,sd,A,13,3,"{D Well, } I'm  a nurse here  /","Well/UH ,/, I/PRP 'm/VBP a/DT nurse/NN here/RB",,
sw06utt/sw_0684_4723.utt,4/sw4723,4723,25,sd,A,13,4,{C and } we have a doctor at this hospital that has a beautiful new red Ferrari. /,and/CC we/PRP have/VBP a/DT doctor/NN at/IN this/DT hospital/NN that/WDT has/VBZ a/DT beautiful/JJ new/JJ red/JJ Ferrari/NNP ./.,,
sw06utt/sw_0684_4723.utt,4/sw4723,4723,26,qy,B,14,1,"[ A, +  a ] three twenty-eight G T S? /","A/DT ,/, a/DT three/CD twenty-eight/CD G/SYM T/SYM S/SYM ?/.",,
sw06utt/sw_0684_4723.utt,4/sw4723,4723,27,no,A,15,1,{C And } I couldn't tell you  /,And/CC I/PRP could/MD n't/RB tell/VB you/PRP,,
sw06utt/sw_0684_4723.utt,4/sw4723,4723,28,sv,A,15,2,{C but } it's just beautiful.  /,but/CC it/PRP 's/BES just/RB beautiful/JJ ./.,,
sw06utt/sw_0684_4723.utt,4/sw4723,4723,29,sd,A,15,3,{C And } I go out and I love to # touch it  /,And/CC I/PRP go/VBP out/RB and/CC I/PRP love/VBP to/TO touch/VB it/PRP,,
sw06utt/sw_0684_4723.utt,4/sw4723,4723,30,sd,A,15,4,{C but } I can't  even do that because <laughter> of the alarm. # /,but/CC I/PRP ca/MD n't/RB even/RB do/VB that/DT because/IN of/IN the/DT alarm/NN ./.,,
sw06utt/sw_0684_4723.utt,4/sw4723,4723,31,qh,B,16,1,# <Laughter> #  # You just go hunting? # /,You/PRP just/RB go/VBP hunting/VBG ?/.,,
sw06utt/sw_0684_4723.utt,4/sw4723,4723,32,sd,A,17,1,"# {C So, } I just look # at it a lot # <laughter>. # /","So/RB ,/, I/PRP just/RB look/VBP at/IN it/PRP a/DT lot/NN ./.",,
sw06utt/sw_0684_4723.utt,4/sw4723,4723,33,bf,B,18,1,# Go out and # lust after it. /,Go/VBP out/RB and/CC lust/VBP after/IN it/PRP ./.,,
sw06utt/sw_0684_4723.utt,4/sw4723,4723,34,aa,A,19,1,Really <laughter>.  /,Really/UH ./.,,
sw06utt/sw_0684_4723.utt,4/sw4723,4723,35,aa,A,19,2,Exactly.  /,Exactly/UH ./.,,
sw06utt/sw_0684_4723.utt,4/sw4723,4723,36,sv,A,19,3,{C But } it sure is a pretty thing <laughter>. /,But/CC it/PRP sure/RB is/VBZ a/DT pretty/JJ thing/NN ./.,,
sw06utt/sw_0684_4723.utt,4/sw4723,4723,37,qy,B,20,1,{D So } have you had the opportunity to drive a Ferrari? /,So/UH have/VBP you/PRP had/VBN the/DT opportunity/NN to/TO drive/VB a/DT Ferrari/NNP ?/.,,
sw06utt/sw_0684_4723.utt,4/sw4723,4723,38,nn,A,21,1,No.  /,No/UH ./.,,
sw06utt/sw_0684_4723.utt,4/sw4723,4723,39,sd^e,A,21,2,I'm working on it <laughter>.  /,I/PRP 'm/VBP working/VBG on/IN it/PRP ./.,,
sw06utt/sw_0684_4723.utt,4/sw4723,4723,40,nn,A,21,3,"No,  /","No/UH ,/,",,
sw06utt/sw_0684_4723.utt,4/sw4723,4723,41,sd,A,21,4,"I really haven't,  /","I/PRP really/RB have/VBP n't/RB ,/,",,
sw06utt/sw_0684_4723.utt,4/sw4723,4723,42,nn,A,21,5,"no,  /","no/UH ,/,",,
sw06utt/sw_0684_4723.utt,4/sw4723,4723,43,nn,A,21,6,huh-uh  /,huh-uh/UH,,
sw06utt/sw_0684_4723.utt,4/sw4723,4723,44,sd,A,21,7,<talking>.  # I did # --,./. I/PRP did/VBD --/:,,
sw06utt/sw_0684_4723.utt,4/sw4723,4723,45,x,B,22,1,#  ((   )) . # /,MUMBLEx/XX ./.,,
sw06utt/sw_0684_4723.utt,4/sw4723,4723,46,+,A,23,1,-- test drive a Corvette last year. Maybe the year before.  /,--/: test/GW drive/^VB a/DT Corvette/NNP last/JJ year/NN ./. Maybe/RB the/DT year/NN before/RB ./.,,
sw06utt/sw_0684_4723.utt,4/sw4723,4723,47,sd,A,23,2,"It was brand new, white,  /","It/PRP was/VBD brand/RB new/JJ ,/, white/JJ ,/,",,
sw06utt/sw_0684_4723.utt,4/sw4723,4723,48,sv,A,23,3,it was like a big marshmallow.  /,it/PRP was/VBD like/IN a/DT big/JJ marshmallow/NN ./.,,
sw06utt/sw_0684_4723.utt,4/sw4723,4723,49,sd,A,23,4,"When you sat in the seats, they adjusted to fit around you. /","When/WRB you/PRP sat/VBD in/IN the/DT seats/NNS ,/, they/PRP adjusted/VBD to/TO fit/VB around/IN you/PRP ./.",,
sw06utt/sw_0684_4723.utt,4/sw4723,4723,50,b,B,24,1,{F uh. } /,uh/UH ./.,,
sw06utt/sw_0684_4723.utt,4/sw4723,4723,51,sd,A,25,1,{E I mean } they came in and up and  out  /,I/PRP mean/VBP they/PRP came/VBD in/IN and/CC up/IN and/CC out/IN,,
sw06utt/sw_0684_4723.utt,4/sw4723,4723,52,sd,A,25,2,"{C and } {E I mean, } they did whatever  /","and/CC I/PRP mean/VBP ,/, they/PRP did/VBD whatever/WP",,
sw06utt/sw_0684_4723.utt,4/sw4723,4723,53,sd,A,25,3,"[ {C and, } +  {C and } ] we went for a test drive in that  /","and/CC ,/, and/CC we/PRP went/VBD for/IN a/DT test/NN drive/NN in/IN that/DT",,
sw06utt/sw_0684_4723.utt,4/sw4723,4723,54,sd,A,25,4,{C and } I was able to open that up pretty good  /,and/CC I/PRP was/VBD able/JJ to/TO open/VB that/DT up/RP pretty/RB good/JJ,,
sw06utt/sw_0684_4723.utt,4/sw4723,4723,55,sv,A,25,5,{C and } that was really fun.  /,and/CC that/DT was/VBD really/RB fun/NN ./.,,
sw06utt/sw_0684_4723.utt,4/sw4723,4723,56,sd,A,25,6,"{C And } I wanted it,  /","And/CC I/PRP wanted/VBD it/PRP ,/,",,
sw06utt/sw_0684_4723.utt,4/sw4723,4723,57,sd,A,25,7,{C but } I had a choice of that or my house  /,but/CC I/PRP had/VBD a/DT choice/NN of/IN that/DT or/CC my/PRP$ house/NN,,
sw06utt/sw_0684_4723.utt,4/sw4723,4723,58,sd,A,25,8,"{C and } # I thought that I'd continue, #","and/CC I/PRP thought/VBD that/IN I/PRP 'd/MD continue/VB ,/,",,
sw06utt/sw_0684_4723.utt,4/sw4723,4723,59,x,B,26,1,# <Laughter>. #,,,
sw06utt/sw_0684_4723.utt,4/sw4723,4723,60,+,A,27,1,to live in my house <laughter>  /,to/TO live/VB in/IN my/PRP$ house/NN,,
sw06utt/sw_0684_4723.utt,4/sw4723,4723,61,%,A,27,2,{C so. } -/,so/RB ./.,,
sw06utt/sw_0684_4723.utt,4/sw4723,4723,62,b,B,28,1,"Yeah,  /","Yeah/UH ,/,",,
sw06utt/sw_0684_4723.utt,4/sw4723,4723,63,sv,B,28,2,"[ there, +  there's ]  something about having a place to live, #  /","there/EX ,/, there/EX 's/BES something/NN about/IN having/VBG a/DT place/NN to/TO live/VB ,/,",,
sw06utt/sw_0684_4723.utt,4/sw4723,4723,64,h,B,28,3,I don't know. # /,I/PRP do/VBP n't/RB know/VB ./.,,
sw06utt/sw_0684_4723.utt,4/sw4723,4723,65,aa,A,29,1,"# Yeah,  /","Yeah/UH ,/,",,
sw06utt/sw_0684_4723.utt,4/sw4723,4723,66,sv,A,29,2,"# {D you know, } it's just necessary.  /","you/PRP know/VBP ,/, it/PRP 's/BES just/RB necessary/JJ ./.",,
sw06utt/sw_0684_4723.utt,4/sw4723,4723,67,sv,A,29,3,"{C And } [ I did, +  I thought ] {D well } a tent wouldn't be bad but probably not practical. /","And/CC I/PRP did/VBD ,/, I/PRP thought/VBD well/RB a/DT tent/NN would/MD n't/RB be/VB bad/JJ but/CC probably/RB not/RB practical/JJ ./.",,
sw06utt/sw_0684_4723.utt,4/sw4723,4723,68,sv,B,30,1,Could sleep in the back of the 'vette. /,Could/MD sleep/VB in/IN the/DT back/NN of/IN the/DT 'vette/NNP ./.,,
sw06utt/sw_0684_4723.utt,4/sw4723,4723,69,b,A,31,1,"Yeah,  /","Yeah/UH ,/,",,
sw06utt/sw_0684_4723.utt,4/sw4723,4723,70,b,A,31,2,right <laughter>.  /,right/UH ./.,,
sw06utt/sw_0684_4723.utt,4/sw4723,4723,71,%,A,31,3,"{C So, } -/","So/RB ,/,",,
sw06utt/sw_0684_4723.utt,4/sw4723,4723,72,sv,B,32,1,"I find [ that, +  {F uh, } that ]  the Corvettes [ are, +  are ] becoming [ really, +  really ] nice cars. /","I/PRP find/VBP that/IN ,/, uh/UH ,/, that/IN the/DT Corvettes/NNS are/VBP ,/, are/VBP becoming/VBG really/RB ,/, really/RB nice/JJ cars/NNS ./.",,
sw06utt/sw_0684_4723.utt,4/sw4723,4723,73,qy^g,A,33,1,"[ They  are, + they're ] pretty aren't they lately <noise>. /","They/PRP are/VBP ,/, they/PRP 're/VBP pretty/JJ are/VBP n't/RB they/PRP lately/RB ./.",,
sw06utt/sw_0684_4723.utt,4/sw4723,4723,74,ny,B,34,1,Yeah.  /,Yeah/UH ./.,,
sw06utt/sw_0684_4723.utt,4/sw4723,4723,75,sv,B,34,2,# {C And } # --,And/CC --/:,,
sw06utt/sw_0684_4723.utt,4/sw4723,4723,76,sv,A,35,1,# They really # are. /,They/PRP really/RB are/VBP ./.,,
sw06utt/sw_0684_4723.utt,4/sw4723,4723,77,+,B,36,1,"-- [ they, +  they've ] improved,","--/: they/PRP ,/, they/PRP 've/VBP improved/VBN ,/,",,
sw06utt/sw_0684_4723.utt,4/sw4723,4723,78,x,A,37,1,<Baby_crying>.,,,
sw06utt/sw_0684_4723.utt,4/sw4723,4723,79,+,B,38,1,the performance  and the suspension  such that they're actually a lot of fun to drive. /,the/DT performance/NN and/CC the/DT suspension/NN such/JJ that/IN they/PRP 're/VBP actually/RB a/DT lot/NN of/IN fun/NN to/TO drive/VB ./.,,
sw06utt/sw_0684_4723.utt,4/sw4723,4723,80,b,A,39,1,Really. /,Really/UH ./.,,
sw06utt/sw_0684_4723.utt,4/sw4723,4723,81,sv,B,40,1,"It's not like driving [ a, +  a ]  Winnebago or something. /","It/PRP 's/BES not/RB like/IN driving/VBG a/DT ,/, a/DT Winnebago/NNP or/CC something/NN ./.",,
sw06utt/sw_0684_4723.utt,4/sw4723,4723,82,aa,A,41,1,"{F Oh, } no <laughter>.  /","Oh/UH ,/, no/UH ./.",,
sw06utt/sw_0684_4723.utt,4/sw4723,4723,83,aa^r,A,41,2,"No,  /","No/UH ,/,",,
sw06utt/sw_0684_4723.utt,4/sw4723,4723,84,aa^r,A,41,3,no.  /,no/UH ./.,,
sw06utt/sw_0684_4723.utt,4/sw4723,4723,85,sd,A,41,4,"{D See, } I'm not into station wagons and vans and  things that people are really buying now  /","See/UH ,/, I/PRP 'm/VBP not/RB into/IN station/NN wagons/NNS and/CC vans/NNS and/CC things/NNS that/WDT people/NNS are/VBP really/RB buying/VBG now/RB",,
sw06utt/sw_0684_4723.utt,4/sw4723,4723,86,sd(^q),A,41,5,{C and } <noise> they go isn't that a nice van  /,and/CC they/PRP go/VBP is/VBZ n't/RB that/DT a/DT nice/JJ van/NNP,,
sw06utt/sw_0684_4723.utt,4/sw4723,4723,87,sd(^q),A,41,6,"{C and } I go, um. /","and/CC I/PRP go/VBP ,/, um/UH ./.",,
sw06utt/sw_0684_4723.utt,4/sw4723,4723,88,x,B,42,1,<Laughter>.,,,
sw06utt/sw_0684_4723.utt,4/sw4723,4723,89,^q,A,43,1,"<Laughter> Not really, {D you know. }   /","Not/RB really/RB ,/, you/PRP know/VBP ./.",,
sw06utt/sw_0684_4723.utt,4/sw4723,4723,90,^q,A,43,2,# How about # --,How/WRB about/IN --/:,,
sw06utt/sw_0684_4723.utt,4/sw4723,4723,91,sd,B,44,1,# Nice. # /,Nice/JJ ./.,,
sw06utt/sw_0684_4723.utt,4/sw4723,4723,92,+,A,45,1,-- a Greyhound bus <laughter>. /,--/: a/DT Greyhound/NNP bus/NN ./.,,
sw06utt/sw_0684_4723.utt,4/sw4723,4723,93,aa,B,46,1,Yeah.  /,Yeah/UH ./.,,
sw06utt/sw_0684_4723.utt,4/sw4723,4723,94,sd,B,46,2,Nice isn't the word I'd choose.  /,Nice/JJ is/VBZ n't/RB the/DT word/NN I/PRP 'd/MD choose/VB ./.,,
sw06utt/sw_0684_4723.utt,4/sw4723,4723,95,sd,B,46,3,Maybe practical. /,Maybe/RB practical/JJ ./.,,
sw06utt/sw_0684_4723.utt,4/sw4723,4723,96,b,A,47,1,Yeah.  /,Yeah/UH ./.,,
sw06utt/sw_0684_4723.utt,4/sw4723,4723,97,%,A,47,2,"# {E I mean } that, {D you know. } # -/","I/PRP mean/VBP that/DT ,/, you/PRP know/VBP ./.",,
sw06utt/sw_0684_4723.utt,4/sw4723,4723,98,qy,B,48,1,# Isn't that a practical van. # /,Is/VBZ n't/RB that/DT a/DT practical/JJ van/NNP ./.,,
sw06utt/sw_0684_4723.utt,4/sw4723,4723,99,sv,A,49,1,There's some that are prettier than  others  /,There/EX 's/BES some/DT that/WDT are/VBP prettier/JJR than/IN others/JJ,,
sw06utt/sw_0684_4723.utt,4/sw4723,4723,100,%,A,49,2,{C and } - /,and/CC,,
sw06utt/sw_0684_4723.utt,4/sw4723,4723,101,%,A,49,3,"yeah,  /","yeah/UH ,/,",,
sw06utt/sw_0684_4723.utt,4/sw4723,4723,102,sv,A,49,4,"the new type is prettier than what [ their, +  they used ]  to look like  /","the/DT new/JJ type/NN is/VBZ prettier/JJR than/IN what/WP their/PRP$ ,/, they/PRP used/VBD to/TO look/VB like/JJ",,
sw06utt/sw_0684_4723.utt,4/sw4723,4723,103,sv,A,49,5,"{C but } I sure don't think it's attractive, {D you know. }  /","but/CC I/PRP sure/JJ do/VBP n't/RB think/VB it/PRP 's/BES attractive/JJ ,/, you/PRP know/VBP ./.",,
sw06utt/sw_0684_4723.utt,4/sw4723,4723,104,sv,A,49,6,"It's not [ like, +   like ] driving a little sports car. /","It/PRP 's/BES not/RB like/IN ,/, like/IN driving/VBG a/DT little/JJ sports/NNS car/NN ./.",,
sw06utt/sw_0684_4723.utt,4/sw4723,4723,105,b,B,50,1,Yeah.  /,Yeah/UH ./.,,
sw06utt/sw_0684_4723.utt,4/sw4723,4723,106,sv,B,50,2,"[ It, +  it's ] very hard to  find something practical that's also attractive. /","It/PRP ,/, it/PRP 's/BES very/RB hard/JJ to/TO find/VB something/NN practical/JJ that/DT 's/BES also/RB attractive/JJ ./.",,
sw06utt/sw_0684_4723.utt,4/sw4723,4723,107,aa,A,51,1,Yeah.  /,Yeah/UH ./.,,
sw06utt/sw_0684_4723.utt,4/sw4723,4723,108,sv,A,51,2,I don't think that happens  /,I/PRP do/VBP n't/RB think/VB that/DT happens/VBZ,,
sw06utt/sw_0684_4723.utt,4/sw4723,4723,109,sd,A,51,3,"[ {C so, } +  {C but } ] [ I, +  I ]  love mine,  /","so/RB ,/, but/CC I/PRP ,/, I/PRP love/VBP mine/PRP ,/,",,
sw06utt/sw_0684_4723.utt,4/sw4723,4723,110,sd,A,51,4,"[ {C so, } +  {C and } ] [ I, +  I ] bought it because I drove a friend's in Hawaii  /","so/RB ,/, and/CC I/PRP ,/, I/PRP bought/VBD it/PRP because/IN I/PRP drove/VBD a/DT friend/NN 's/POS in/IN Hawaii/NNP",,
sw06utt/sw_0684_4723.utt,4/sw4723,4723,111,sd,A,51,5,{C and } I just went home  /,and/CC I/PRP just/RB went/VBD home/RB,,
sw06utt/sw_0684_4723.utt,4/sw4723,4723,112,sd,A,51,6,{C and } I walked in  /,and/CC I/PRP walked/VBD in/IN,,
sw06utt/sw_0684_4723.utt,4/sw4723,4723,113,sd,A,51,7,{C and } I picked it out  /,and/CC I/PRP picked/VBD it/PRP out/RP,,
sw06utt/sw_0684_4723.utt,4/sw4723,4723,114,sd(^q),A,51,8,"{C and } he said take it home and bring it back if you want to,  /","and/CC he/PRP said/VBD take/VB it/PRP home/VB and/CC bring/VB it/PRP back/RB if/IN you/PRP want/VBP to/TO ,/,",,
sw06utt/sw_0684_4723.utt,4/sw4723,4723,115,sd,A,51,9,{C and } I never did.  /,and/CC I/PRP never/RB did/VBD ./.,,
sw06utt/sw_0684_4723.utt,4/sw4723,4723,116,sd,A,51,10,I just went back and signed the papers <laughter>  /,I/PRP just/RB went/VBD back/RB and/CC signed/VBD the/DT papers/NNS,,
sw06utt/sw_0684_4723.utt,4/sw4723,4723,117,sd,A,51,11,{C and } I knew nothing about  my car when I got it.  /,and/CC I/PRP knew/VBD nothing/NN about/IN my/PRP$ car/NN when/WRB I/PRP got/VBD it/PRP ./.,,
sw06utt/sw_0684_4723.utt,4/sw4723,4723,118,sd^r,A,51,12,Nothing.  /,Nothing/NN ./.,,
sw06utt/sw_0684_4723.utt,4/sw4723,4723,119,sd,A,51,13,I didn't know how anything worked. /,I/PRP did/VBD n't/RB know/VB how/WRB anything/NN worked/VBD ./.,,
sw06utt/sw_0684_4723.utt,4/sw4723,4723,120,bf,B,52,1,"{D Well, } {C so } it was a completely  new experience for you.  /","Well/UH ,/, so/UH it/PRP was/VBD a/DT completely/RB new/JJ experience/NN for/IN you/PRP ./.",,
sw06utt/sw_0684_4723.utt,4/sw4723,4723,121,sv,B,52,2,{C And } I'm sure you enjoyed every minute of it. /,And/CC I/PRP 'm/VBP sure/JJ you/PRP enjoyed/VBD every/DT minute/NN of/IN it/PRP ./.,,
sw06utt/sw_0684_4723.utt,4/sw4723,4723,122,b,A,53,1,Yeah.  /,Yeah/UH ./.,,
sw06utt/sw_0684_4723.utt,4/sw4723,4723,123,sd,A,53,2,"{C And } I've had it,  /","And/CC I/PRP 've/VBP had/VBN it/PRP ,/,",,
sw06utt/sw_0684_4723.utt,4/sw4723,4723,124,sd,A,53,3,it's almost three years actually.  /,it/PRP 's/BES almost/RB three/CD years/NNS actually/RB ./.,,
sw06utt/sw_0684_4723.utt,4/sw4723,4723,125,sd,A,53,4,"{C And } [ I've, +  I still love ] it.  /","And/CC I/PRP 've/VBP ,/, I/PRP still/JJ love/VBP it/PRP ./.",,
sw06utt/sw_0684_4723.utt,4/sw4723,4723,126,sd,A,53,5,I put the top down everywhere I go.  /,I/PRP put/VBP the/DT top/NN down/RB everywhere/RB I/PRP go/VBP ./.,,
sw06utt/sw_0684_4723.utt,4/sw4723,4723,127,sd,A,53,6,I timed it when I first got it  /,I/PRP timed/VBD it/PRP when/WRB I/PRP first/JJ got/VBD it/PRP,,
sw06utt/sw_0684_4723.utt,4/sw4723,4723,128,sd,A,53,7,"{C and } it took [ twenty min-, +   {E I mean } twenty seconds ]  /","and/CC it/PRP took/VBD twenty/CD min-/NNS ,/, I/PRP mean/VBP twenty/CD seconds/NNS",,
sw06utt/sw_0684_4723.utt,4/sw4723,4723,129,sd,A,53,8,"{C and so, } I figured there was nowhere I was to late to go that I didn't have twenty more seconds. /","and/CC so/RB ,/, I/PRP figured/VBD there/EX was/VBD nowhere/RB I/PRP was/VBD to/RB late/JJ to/TO go/VB that/IN I/PRP  did/VBD n't/RB have/VB twenty/CD more/JJR seconds/NNS ./.",,
sw06utt/sw_0684_4723.utt,4/sw4723,4723,130,b,B,54,1,Right. /,Right/UH ./.,,
sw06utt/sw_0684_4723.utt,4/sw4723,4723,131,%,A,55,1,{C So. } -/,So/RB ./.,,
sw06utt/sw_0684_4723.utt,4/sw4723,4723,132,%,B,56,1,"[ {C And, } + {C and } ]  you couldn't get, - /","And/CC ,/, and/CC you/PRP could/MD n't/RB get/VB ,/,",,
sw06utt/sw_0684_4723.utt,4/sw4723,4723,133,qw^g,B,56,2,how long does it take to go back up?  About the # same time. # /,how/WRB long/JJ does/VBZ it/PRP take/VBP to/TO go/VB back/RB up/RB ?/. About/RB the/DT same/JJ time/NN ./.,,
sw06utt/sw_0684_4723.utt,4/sw4723,4723,134,sd,A,57,1,"# Twenty seconds,  /","Twenty/CD seconds/NNS ,/,",,
sw06utt/sw_0684_4723.utt,4/sw4723,4723,135,ny,A,57,2,# yeah.  /,yeah/UH ./.,,
sw06utt/sw_0684_4723.utt,4/sw4723,4723,136,sd,A,57,3,That's all it takes.  /,That/DT 's/BES all/DT it/PRP takes/VBZ ./.,,
sw06utt/sw_0684_4723.utt,4/sw4723,4723,137,sd,A,57,4,"{E I mean, } it's just a button, that's # it.  /","I/PRP mean/VBP ,/, it/PRP 's/BES just/RB a/DT button/NN ,/, that/DT 's/BES it/PRP ./.",,
sw06utt/sw_0684_4723.utt,4/sw4723,4723,138,sd,A,57,5,You # --,You/PRP --/:,,
sw06utt/sw_0684_4723.utt,4/sw4723,4723,139,b,B,58,1,"# Yeah,  /","Yeah/UH ,/,",,
sw06utt/sw_0684_4723.utt,4/sw4723,4723,140,%,B,58,2,{C so } <noise>. # -/,so/RB ./.,,
sw06utt/sw_0684_4723.utt,4/sw4723,4723,141,+,A,59,1,"-- release it right <noise> at the top,  /","--/: release/VBP it/PRP right/RB at/IN the/DT top/NN ,/,",,
sw06utt/sw_0684_4723.utt,4/sw4723,4723,142,sd,A,59,2,{C so } # you don't have to # --,so/RB you/PRP do/VBP n't/RB have/VB to/TO --/:,,
sw06utt/sw_0684_4723.utt,4/sw4723,4723,143,bf,B,60,1,"# {C So } you won't get, # -/","So/RB you/PRP wo/MD n't/RB get/VB ,/,",,
sw06utt/sw_0684_4723.utt,4/sw4723,4723,144,+,A,61,1,-- get out or anything. /,--/: get/VB out/RB or/CC anything/NN ./.,,
sw06utt/sw_0684_4723.utt,4/sw4723,4723,145,b,B,62,1,Yeah  /,Yeah/UH,,
sw06utt/sw_0684_4723.utt,4/sw4723,4723,146,sv,B,62,2,{C and } twenty seconds you  probably won't get caught in anything too substantial. /,and/CC twenty/CD seconds/NNS you/PRP probably/RB wo/MD n't/RB get/VB caught/VBN in/IN anything/NN too/RB substantial/JJ ./.,,
sw06utt/sw_0684_4723.utt,4/sw4723,4723,147,ar,A,63,1,"{D Well } I did, actually.  /","Well/UH I/PRP did/VBD ,/, actually/RB ./.",,
sw06utt/sw_0684_4723.utt,4/sw4723,4723,148,sd,A,63,2,"Last week going to the airport,  /","Last/JJ week/NN going/VBG to/IN the/DT airport/NN ,/,",,
sw06utt/sw_0684_4723.utt,4/sw4723,4723,149,sd,A,63,3,I just hit a downpour  /,I/PRP just/RB hit/VBD a/DT downpour/NN,,
sw06utt/sw_0684_4723.utt,4/sw4723,4723,150,sd,A,63,4,{C and } I was on a highway going like eighty. /,and/CC I/PRP was/VBD on/IN a/DT highway/NN going/VBG like/IN eighty/CD ./.,,
sw06utt/sw_0684_4723.utt,4/sw4723,4723,151,x,B,64,1,<Laughter>.,,,
sw06utt/sw_0684_4723.utt,4/sw4723,4723,152,sd,A,65,1,{C So } I really did.  /,So/RB I/PRP really/RB did/VBD ./.,,
sw06utt/sw_0684_4723.utt,4/sw4723,4723,153,sd,A,65,2,{E I mean } <laughter> I was soaking wet.  /,I/PRP mean/VBP I/PRP was/VBD soaking/VBG wet/JJ ./.,,
sw06utt/sw_0684_4723.utt,4/sw4723,4723,154,sd,A,65,3,I thought I would drown <laughter> in the seconds that it took me to pull over <laughter>. /,I/PRP thought/VBD I/PRP would/MD drown/VB in/IN the/DT seconds/NNS that/IN it/PRP took/VBD me/PRP to/TO pull/VB over/RP ./.,,
sw06utt/sw_0684_4723.utt,4/sw4723,4723,155,ba,B,66,1,Whoops. /,Whoops/UH ./.,,
sw06utt/sw_0684_4723.utt,4/sw4723,4723,156,sd,A,67,1,"{C But } it all dried out, {D you know. }  # Didn't # --","But/CC it/PRP all/DT dried/VBN out/RP ,/, you/PRP know/VBP ./. Did/VBD n't/RB --/:",,
sw06utt/sw_0684_4723.utt,4/sw4723,4723,157,b,B,68,1,# Yeah. # /,Yeah/UH ./.,,
sw06utt/sw_0684_4723.utt,4/sw4723,4723,158,+,A,69,1,-- take long when the sun came out  /,--/: take/VB long/JJ when/WRB the/DT sun/NN came/VBD out/RB,,
sw06utt/sw_0684_4723.utt,4/sw4723,4723,159,sv,A,69,2,{C but } <laughter> <sniffing> it was kind of funny.  /,but/CC it/PRP was/VBD kind/RB of/RB funny/JJ ./.,,
sw06utt/sw_0684_4723.utt,4/sw4723,4723,160,sv,A,69,3,I'm sure people around me really   enjoyed it # <laughter>  /,I/PRP 'm/VBP sure/JJ people/NNS around/IN me/PRP really/RB enjoyed/VBD it/PRP,,
sw06utt/sw_0684_4723.utt,4/sw4723,4723,161,%,A,69,4,"{C but, } # -/","but/CC ,/,",,
sw06utt/sw_0684_4723.utt,4/sw4723,4723,162,sd,B,70,1,# <Laughter> # {F Oh. }  No I was just  down in Austin last week  /,Oh/UH ./. No/UH I/PRP was/VBD just/RB down/IN in/IN Austin/NNP last/JJ week/NN,,
sw06utt/sw_0684_4723.utt,4/sw4723,4723,163,sd,B,70,2,{C and } the weather was pretty nice too.  /,and/CC the/DT weather/NN was/VBD pretty/RB nice/JJ too/RB ./.,,
sw06utt/sw_0684_4723.utt,4/sw4723,4723,164,%,B,70,3,"{C So, } -/","So/RB ,/,",,
sw06utt/sw_0684_4723.utt,4/sw4723,4723,165,b,A,71,1,Oh  /,Oh/UH,,
sw06utt/sw_0684_4723.utt,4/sw4723,4723,166,qy,A,71,2,"{F {C and } } wasn't it pretty  last week with the # Bluebonnets and everything,  /","and/CC was/VBD n't/RB it/PRP pretty/JJ last/JJ week/NN with/IN the/DT Bluebonnets/NNPS and/CC everything/NN ,/,",,
sw06utt/sw_0684_4723.utt,4/sw4723,4723,167,ny,A,71,3,"yeah,  /","yeah/UH ,/,",,
sw06utt/sw_0684_4723.utt,4/sw4723,4723,168,ny^r,A,71,4,yeah. # /,yeah/UH ./.,,
sw06utt/sw_0684_4723.utt,4/sw4723,4723,169,^2,B,72,1,"# With the Bluebonnets out,  /","With/IN the/DT Bluebonnets/NNPS out/RB ,/,",,
sw06utt/sw_0684_4723.utt,4/sw4723,4723,170,aa,B,72,2,yeah.  /,yeah/UH ./.,,
sw06utt/sw_0684_4723.utt,4/sw4723,4723,171,sv,B,72,3,It # really was.  /,It/PRP really/RB was/VBD ./.,,
sw06utt/sw_0684_4723.utt,4/sw4723,4723,172,%,B,72,4,Yeah  /,Yeah/UH,,
sw06utt/sw_0684_4723.utt,4/sw4723,4723,173,sd,B,72,5,I decided that Austin is certainly someplace that I could handle living. /,I/PRP decided/VBD that/IN Austin/NNP is/VBZ certainly/RB someplace/RB that/WDT I/PRP could/MD handle/VB living/VBG ./.,,
sw06utt/sw_0684_4723.utt,4/sw4723,4723,174,b,A,73,1,<Noise> <<someone is walking>> Yeah.  /,Yeah/UH ./.,,
sw06utt/sw_0684_4723.utt,4/sw4723,4723,175,sd,A,73,2,A lot of people say that  /,A/DT lot/NN of/IN people/NNS say/VBP that/DT,,
sw06utt/sw_0684_4723.utt,4/sw4723,4723,176,sd,A,73,3,{C and } it's pretty far from where I live </talking>. /,and/CC it/PRP 's/BES pretty/RB far/RB from/IN where/WRB I/PRP live/VBP ./.,,
