swda_filename,ptb_basename,conversation_no,transcript_index,act_tag,caller,utterance_index,subutterance_index,text,pos,trees,ptb_treenumbers
sw06utt/sw_0672_3453.utt,3/sw3453,3453,0,o,A,1,1,"Okay,  /","Okay/UH ,/,",,
sw06utt/sw_0672_3453.utt,3/sw3453,3453,1,qy,A,1,2,did they tell you our topic? /,did/VBD they/PRP tell/VBP you/PRP our/PRP$ topic/NN ?/.,,
sw06utt/sw_0672_3453.utt,3/sw3453,3453,2,nn,B,2,1,"{F Uh, } no,  /","Uh/UH ,/, no/UH ,/,",,
sw06utt/sw_0672_3453.utt,3/sw3453,3453,3,sd^t,B,2,2,somebody else answered the phone  and put my number in. /,somebody/NN else/RB answered/VBD the/DT phone/NN and/CC put/VBD my/PRP$ number/NN in/IN ./.,,
sw06utt/sw_0672_3453.utt,3/sw3453,3453,4,bk,A,3,1,"Okay,  /","Okay/UH ,/,",,
sw06utt/sw_0672_3453.utt,3/sw3453,3453,5,%,A,3,2,"it's, {F uh, } -/","it/PRP 's/BES ,/, uh/UH ,/,",,
sw06utt/sw_0672_3453.utt,3/sw3453,3453,6,qw,B,4,1,"{F Uh, } what is the topic? /","Uh/UH ,/, what/WP is/VBZ the/DT topic/NN ?/.",,
sw06utt/sw_0672_3453.utt,3/sw3453,3453,7,sd,A,5,1,The topic is cars.  /,The/DT topic/NN is/VBZ cars/NNS ./.,,
sw06utt/sw_0672_3453.utt,3/sw3453,3453,8,^q,A,5,2,What kind of car  will you buy next  /,What/WDT kind/NN of/IN car/NN will/MD you/PRP buy/VB next/RB,,
sw06utt/sw_0672_3453.utt,3/sw3453,3453,9,^q,A,5,3,"{C and } what kind of decision [ you'd, +  do you ] think about  [ getting, +  {D you know, } pick ] that car out [ and, + {F uh, } and ] why. /","and/CC what/WDT kind/NN of/IN decision/NN you/PRP 'd/MD ,/, do/VBP you/PRP think/VB about/IN getting/VBG ,/, you/PRP know/VBP ,/, pick/VB that/DT car/NN out/RP and/CC ,/, uh/UH ,/, and/CC why/WRB ./.",,
sw06utt/sw_0672_3453.utt,3/sw3453,3453,10,bk,B,6,1,Okay.  /,Okay/UH ./.,,
sw06utt/sw_0672_3453.utt,3/sw3453,3453,11,sd,B,6,2,"{F Uh, } my next car to  buy probably would be a Cadillac. /","Uh/UH ,/, my/PRP$ next/JJ car/NN to/TO buy/VB probably/RB would/MD be/VB a/DT Cadillac/NNP ./.",,
sw06utt/sw_0672_3453.utt,3/sw3453,3453,12,b,A,7,1,Okay. /,Okay/UH ./.,,
sw06utt/sw_0672_3453.utt,3/sw3453,3453,13,sd,B,8,1,"I've had, {F uh, } - /","I/PRP 've/VBP had/VBN ,/, uh/UH ,/,",,
sw06utt/sw_0672_3453.utt,3/sw3453,3453,14,sd,B,8,2,"{D well, } I'm on  my third one.  /","well/UH ,/, I/PRP 'm/VBP on/IN my/PRP$ third/JJ one/NN ./.",,
sw06utt/sw_0672_3453.utt,3/sw3453,3453,15,sd,B,8,3,{C And } I'm not real sure that I'd be in the market for a car for quite a while. /,And/CC I/PRP 'm/VBP not/RB real/RB sure/JJ that/IN I/PRP 'd/MD be/VB in/IN the/DT market/NN for/IN a/DT car/NN for/IN quite/PDT a/DT while/NN ./.,,
sw06utt/sw_0672_3453.utt,3/sw3453,3453,16,b,A,9,1,"Yeah,  /","Yeah/UH ,/,",,
sw06utt/sw_0672_3453.utt,3/sw3453,3453,17,sd,A,9,2,I'm the same way.  /,I/PRP 'm/VBP the/DT same/JJ way/NN ./.,,
sw06utt/sw_0672_3453.utt,3/sw3453,3453,18,sd,A,9,3,"[ I was, +   {F uh, } I had ] two Cadillacs.  /","I/PRP was/VBD ,/, uh/UH ,/, I/PRP had/VBD two/CD Cadillacs/NNPS ./.",,
sw06utt/sw_0672_3453.utt,3/sw3453,3453,19,sd,A,9,4,I went to my first Lincoln this last time.  /,I/PRP went/VBD to/IN my/PRP$ first/JJ Lincoln/NNP this/DT last/JJ time/NN ./.,,
sw06utt/sw_0672_3453.utt,3/sw3453,3453,20,sd,A,9,5,I travel  /,I/PRP travel/VBP,,
sw06utt/sw_0672_3453.utt,3/sw3453,3453,21,sd,A,9,6,"{C and, } {F uh, } my grandfather worked for Ford Motor Company  /","and/CC ,/, uh/UH ,/, my/PRP$ grandfather/NN worked/VBD for/IN Ford/NNP Motor/NNP Company/NNP",,
sw06utt/sw_0672_3453.utt,3/sw3453,3453,22,sd(^q),A,9,7,"{C so } he always said  why don't you drive a Ford, or why don't you try a Lincoln -- /","so/RB he/PRP always/RB said/VBD why/WRB do/VBP n't/RB you/PRP drive/VB a/DT Ford/NNP ,/, or/CC why/WRB do/VBP n't/RB you/PRP try/VB a/DT Lincoln/NNP --/:",,
sw06utt/sw_0672_3453.utt,3/sw3453,3453,23,b,B,10,1,Uh-huh. /,Uh-huh/UH ./.,,
sw06utt/sw_0672_3453.utt,3/sw3453,3453,24,sd,A,11,1,-- {C so } I finally tried one --,--/: so/RB I/PRP finally/RB tried/VBD one/NN --/:,,
sw06utt/sw_0672_3453.utt,3/sw3453,3453,25,%,B,12,1,"My, -/","My/PRP$ ,/,",,
sw06utt/sw_0672_3453.utt,3/sw3453,3453,26,+,A,13,1,-- after fifty years  /,--/: after/IN fifty/CD years/NNS,,
sw06utt/sw_0672_3453.utt,3/sw3453,3453,27,sd,A,13,2,"{C and, }  {F uh, } I've had, [ I guess, +  I guess ] four Cadillacs  [ and, +  and ] one Suburban in my last five cars,  /","and/CC ,/, uh/UH ,/, I/PRP 've/VBP had/VBN ,/, I/PRP guess/VBP ,/, I/PRP guess/VBP four/CD Cadillacs/NNPS and/CC ,/, and/CC one/CD Suburban/NNP in/IN my/PRP$ last/JJ five/CD cars/NNS ,/,",,
sw06utt/sw_0672_3453.utt,3/sw3453,3453,28,sd,A,13,3,{C but } I bought a Lincoln  /,but/CC I/PRP bought/VBD a/DT Lincoln/NNP,,
sw06utt/sw_0672_3453.utt,3/sw3453,3453,29,sd,A,13,4,{C and } I like  it. /,and/CC I/PRP like/VBP it/PRP ./.,,
sw06utt/sw_0672_3453.utt,3/sw3453,3453,30,sd,B,14,1,"My dad has been [ a, +  a, ]  {F uh, } <lipsmack> Lincoln man for a lot of years,  /","My/PRP$ dad/NN has/VBZ been/VBN a/DT ,/, a/DT ,/, uh/UH ,/, Lincoln/NNP man/NN for/IN a/DT lot/NN of/IN years/NNS ,/,",,
sw06utt/sw_0672_3453.utt,3/sw3453,3453,31,sd,B,14,2,{C but } I've always been a G M man.  /,but/CC I/PRP 've/VBP always/RB been/VBN a/DT G/NNP M/NNP man/NN ./.,,
sw06utt/sw_0672_3453.utt,3/sw3453,3453,32,sd,B,14,3,I'm in the auto parts business myself. /,I/PRP 'm/VBP in/IN the/DT auto/NN parts/NNS business/NN myself/PRP ./.,,
sw06utt/sw_0672_3453.utt,3/sw3453,3453,33,bh,A,15,1,"{F Oh, } are you? /","Oh/UH ,/, are/VBP you/PRP ?/.",,
sw06utt/sw_0672_3453.utt,3/sw3453,3453,34,sd,B,16,1,"{C And, } {F uh, } the last Cadillac I bought was an Allante. /","And/CC ,/, uh/UH ,/, the/DT last/JJ Cadillac/NNP I/PRP bought/VBD was/VBD an/DT Allante/NNP ./.",,
sw06utt/sw_0672_3453.utt,3/sw3453,3453,35,b,A,17,1,Uh-huh. /,Uh-huh/UH ./.,,
sw06utt/sw_0672_3453.utt,3/sw3453,3453,36,sd,B,18,1,{C And } I just love it to death.  /,And/CC I/PRP just/RB love/VBP it/PRP to/IN death/NN ./.,,
sw06utt/sw_0672_3453.utt,3/sw3453,3453,37,sv,B,18,2,I'm not sure I'd ever get rid of it. /,I/PRP 'm/VBP not/RB sure/JJ I/PRP 'd/MD ever/RB get/VB rid/VBN of/IN it/PRP ./.,,
sw06utt/sw_0672_3453.utt,3/sw3453,3453,38,sd,A,19,1,"{D Well, } [ I'm a, +  I'm a ]  traveling salesman.  /","Well/UH ,/, I/PRP 'm/VBP a/DT ,/, I/PRP 'm/VBP a/DT traveling/VBG salesman/NN ./.",,
sw06utt/sw_0672_3453.utt,3/sw3453,3453,39,sd,A,19,2,I travel on the road  /,I/PRP travel/VBP on/IN the/DT road/NN,,
sw06utt/sw_0672_3453.utt,3/sw3453,3453,40,sd,A,19,3,{C so } I like a little heavier car  /,so/RB I/PRP like/IN a/DT little/RB heavier/JJR car/NN,,
sw06utt/sw_0672_3453.utt,3/sw3453,3453,41,%,A,19,4,"{C but, } -/","but/CC ,/,",,
sw06utt/sw_0672_3453.utt,3/sw3453,3453,42,sd,B,20,1,I used to do that quite a bit myself. /,I/PRP used/VBD to/TO do/DT that/PDT quite/RB a/DT bit/NN myself/PRP ./.,,
sw06utt/sw_0672_3453.utt,3/sw3453,3453,43,sd,A,21,1,"{D So } that's why I choose,  {D you know, } to drive a heavier car --","So/RB that/DT 's/BES why/WRB I/PRP choose/VBP ,/, you/PRP know/VBP ,/, to/TO drive/VB a/DT heavier/JJR car/NN --/:",,
sw06utt/sw_0672_3453.utt,3/sw3453,3453,44,b,B,22,1,Yeah. /,Yeah/UH ./.,,
sw06utt/sw_0672_3453.utt,3/sw3453,3453,45,+,A,23,1,-- and more luxury car.  /,--/: and/CC more/JJR luxury/NN car/NN ./.,,
sw06utt/sw_0672_3453.utt,3/sw3453,3453,46,o,A,23,2,"{C But, } I tell you what,  /","But/CC ,/, I/PRP tell/VBP you/PRP what/WP ,/,",,
sw06utt/sw_0672_3453.utt,3/sw3453,3453,47,sd,A,23,3,I will probably get a Cadillac the next time quite honestly. /,I/PRP will/MD probably/RB get/VB a/DT Cadillac/NNP the/DT next/JJ time/NN quite/RB honestly/RB ./.,,
sw06utt/sw_0672_3453.utt,3/sw3453,3453,48,bh,B,24,1,Really? /,Really/UH ?/.,,
sw06utt/sw_0672_3453.utt,3/sw3453,3453,49,ny,A,25,1,"Yeah,  /","Yeah/UH ,/,",,
sw06utt/sw_0672_3453.utt,3/sw3453,3453,50,sd^e,A,25,2,because I like the Lincoln  /,because/RB I/PRP like/VBP the/DT Lincoln/NNP,,
sw06utt/sw_0672_3453.utt,3/sw3453,3453,51,sv,A,25,3,"{C but, } there's just something about that Cadillac that, whether it's a G M C  product or whatever.","but/CC ,/, there/EX 's/BES just/RB something/NN about/IN that/DT Cadillac/NNP that/IN ,/, whether/IN it/PRP 's/BES a/DT G/NNP M/NNP C/NNP product/NN or/CC whatever/WP ./.",,
sw06utt/sw_0672_3453.utt,3/sw3453,3453,52,sv,B,26,1,"[ They seem to put, +","They/PRP seem/VBP to/TO put/VB ,/,",,
sw06utt/sw_0672_3453.utt,3/sw3453,3453,53,+,A,27,1,Seems they handle better. /,Seems/VBZ they/PRP handle/VBP better/JJR ./.,,
sw06utt/sw_0672_3453.utt,3/sw3453,3453,54,+,B,28,1,They seem to be put ] together a little bit better. /,They/PRP seem/VBP to/TO be/VB put/VBN together/RB a/DT little/JJ bit/NN better/RBR ./.,,
sw06utt/sw_0672_3453.utt,3/sw3453,3453,55,aa,A,29,1,"I think so, too. /","I/PRP think/VBP so/RB ,/, too/RB ./.",,
sw06utt/sw_0672_3453.utt,3/sw3453,3453,56,sv,B,30,1,"{C And, } {D you know, } the buttons  on the controls and things like that are a little easier to get to than Ford products  /","And/CC ,/, you/PRP know/VBP ,/, the/DT buttons/NNS on/IN the/DT controls/NNS and/CC things/NNS like/IN that/DT are/VBP a/DT little/RB easier/JJR to/TO get/VB to/IN than/IN Ford/NNP products/NNS",,
sw06utt/sw_0672_3453.utt,3/sw3453,3453,57,sv,B,30,2,"{C and } I think that's one of the things that makes me shy away from, {F uh, }  imports is they put so much, {D you know, } gadgetry on the dash  /","and/CC I/PRP think/VBP that/DT 's/BES one/CD of/IN the/DT things/NNS that/WDT makes/VBZ me/PRP shy/VB away/RB from/IN ,/, uh/UH ,/, imports/NNS is/VBZ they/PRP put/VBP so/RB much/JJ ,/, you/PRP know/VBP ,/, gadgetry/NN on/IN the/DT dash/NN",,
sw06utt/sw_0672_3453.utt,3/sw3453,3453,58,sv,B,30,3,"[ {C and, } +  {C and } ]  [ the, +  the ] buttons are so small --","and/CC ,/, and/CC the/DT ,/, the/DT buttons/NNS are/VBP so/RB small/JJ --/:",,
sw06utt/sw_0672_3453.utt,3/sw3453,3453,59,aa,A,31,1,"Yeah,  /","Yeah/UH ,/,",,
sw06utt/sw_0672_3453.utt,3/sw3453,3453,60,sd,A,31,2,they really do. /,they/PRP really/RB do/VBP ./.,,
sw06utt/sw_0672_3453.utt,3/sw3453,3453,61,+,B,32,1,-- to push  /,--/: to/TO push/VB,,
sw06utt/sw_0672_3453.utt,3/sw3453,3453,62,sv,B,32,2,{C and } G M doesn't  seem to do that.  /,and/CC G/NNP M/NNP does/VBZ n't/RB seem/VB to/TO do/VB that/DT ./.,,
sw06utt/sw_0672_3453.utt,3/sw3453,3453,63,sd,B,32,3,"I kind of like that feature,  /","I/PRP kind/RB of/RB like/VBP that/DT feature/NN ,/,",,
sw06utt/sw_0672_3453.utt,3/sw3453,3453,64,%,B,32,4,{C so. } -/,so/RB ./.,,
sw06utt/sw_0672_3453.utt,3/sw3453,3453,65,h,A,33,1,"{D You know, } I'm a funny duck  /","You/PRP know/VBP ,/, I/PRP 'm/VBP a/DT funny/JJ duck/NN",,
sw06utt/sw_0672_3453.utt,3/sw3453,3453,66,sd,A,33,2,"[ that came,  + it comes ] to the simple things like  front end alignments -- /","that/WDT came/VBD ,/, it/PRP comes/VBZ to/IN the/DT simple/JJ things/NNS like/IN front/JJ end/NN alignments/NNS --/:",,
sw06utt/sw_0672_3453.utt,3/sw3453,3453,67,b,B,34,1,Uh-huh. /,Uh-huh/UH ./.,,
sw06utt/sw_0672_3453.utt,3/sw3453,3453,68,sd,A,35,1,-- I have never had to have a front  end alignment on a Cadillac.  /,--/: I/PRP have/VBP never/RB had/VBN to/TO have/VB a/DT front/JJ end/NN alignment/NN on/IN a/DT Cadillac/NNP ./.,,
sw06utt/sw_0672_3453.utt,3/sw3453,3453,69,sd,A,35,2,"I don't know [ [ why, + why -- ] +","I/PRP do/VBP n't/RB know/VB why/WRB ,/, why/WRB --/:",,
sw06utt/sw_0672_3453.utt,3/sw3453,3453,70,b,B,36,1,Uh-huh. /,Uh-huh/UH ./.,,
sw06utt/sw_0672_3453.utt,3/sw3453,3453,71,+,A,37,1,"-- whether ] I just seem to drive  them better or what,  /","--/: whether/IN I/PRP just/RB seem/VBP to/TO drive/VB them/PRP better/RBR or/CC what/WP ,/,",,
sw06utt/sw_0672_3453.utt,3/sw3453,3453,72,sd,A,37,2,"{C but, } I've never had to have a front end alignment on a Cadillac.  /","but/CC ,/, I/PRP 've/VBP never/RB had/VBN to/TO have/VB a/DT front/JJ end/NN alignment/NN on/IN a/DT Cadillac/NNP ./.",,
sw06utt/sw_0672_3453.utt,3/sw3453,3453,73,sv,A,37,3,They always appear to hold well. /,They/PRP always/RB appear/VBP to/TO hold/VB well/RB ./.,,
sw06utt/sw_0672_3453.utt,3/sw3453,3453,74,sd,B,38,1,"[ I've, +  {F uh, } I had ] an Eldorado,  was my first one, was an eighty -- /","I/PRP 've/VBP ,/, uh/UH ,/, I/PRP had/VBD an/DT Eldorado/NNP ,/, was/VBD my/PRP$ first/JJ one/NN ,/, was/VBD an/DT eighty/CD --/:",,
sw06utt/sw_0672_3453.utt,3/sw3453,3453,75,b,A,39,1,Uh-huh. /,Uh-huh/UH ./.,,
sw06utt/sw_0672_3453.utt,3/sw3453,3453,76,sd,B,40,1,"-- {C and, } {F uh, } I think at about  sixty thousand miles I finally had it lined up. /","--/: and/CC ,/, uh/UH ,/, I/PRP think/VBP at/IN about/RB sixty/CD thousand/CD miles/NNS I/PRP finally/RB had/VBD it/PRP lined/VBN up/RP ./.",,
sw06utt/sw_0672_3453.utt,3/sw3453,3453,77,qy^d,A,41,1,Did you. /,Did/VBD you/PRP ./.,,
sw06utt/sw_0672_3453.utt,3/sw3453,3453,78,sd,B,42,1,{C And } I had them do all four wheels. /,And/CC I/PRP had/VBD them/PRP do/VBP all/DT four/CD wheels/NNS ./.,,
sw06utt/sw_0672_3453.utt,3/sw3453,3453,79,sd,A,43,1,"{C And } the only thing I miss about  a Cadillac is, - /","And/CC the/DT only/JJ thing/NN I/PRP miss/VBP about/IN a/DT Cadillac/NNP is/VBZ ,/,",,
sw06utt/sw_0672_3453.utt,3/sw3453,3453,80,sd,A,43,2,a Fleetwood Brougham was my last car  /,a/DT Fleetwood/NNP Brougham/NNP was/VBD my/PRP$ last/JJ car/NN,,
sw06utt/sw_0672_3453.utt,3/sw3453,3453,81,sd,A,43,3,"{C and } I [ traded it in, +   traded it in ] on my Lincoln  /","and/CC I/PRP traded/VBD it/PRP in/IN ,/, traded/VBD it/PRP in/IN on/IN my/PRP$ Lincoln/NNP",,
sw06utt/sw_0672_3453.utt,3/sw3453,3453,82,sd,A,43,4,{C and } they're just not as large as before.  /,and/CC they/PRP 're/VBP just/RB not/RB as/RB large/JJ as/IN before/RB ./.,,
sw06utt/sw_0672_3453.utt,3/sw3453,3453,83,sd,A,43,5,I do miss that. /,I/PRP do/VBP miss/VB that/DT ./.,,
sw06utt/sw_0672_3453.utt,3/sw3453,3453,84,sv,B,44,1,"That's true,  /","That/DT 's/BES true/JJ ,/,",,
sw06utt/sw_0672_3453.utt,3/sw3453,3453,85,aa,B,44,2,yeah.  /,yeah/UH ./.,,
sw06utt/sw_0672_3453.utt,3/sw3453,3453,86,qh,B,44,3,"{C But, } what is big today. /","But/CC ,/, what/WP is/VBZ big/JJ today/RB ./.",,
sw06utt/sw_0672_3453.utt,3/sw3453,3453,87,aa,A,45,1,"{D Well, } you're right. /","Well/UH ,/, you/PRP 're/VBP right/JJ ./.",,
sw06utt/sw_0672_3453.utt,3/sw3453,3453,88,sv,B,46,1,{D You know. }  Lincoln is still as  big as it always has been  /,You/PRP know/VBP ./. Lincoln/NNP is/VBZ still/RB as/RB big/JJ as/IN it/PRP always/RB has/VBZ been/VBN,,
sw06utt/sw_0672_3453.utt,3/sw3453,3453,89,%,B,46,2,"{C but, } -/","but/CC ,/,",,
sw06utt/sw_0672_3453.utt,3/sw3453,3453,90,aa,A,47,1,"Yeah,  /","Yeah/UH ,/,",,
sw06utt/sw_0672_3453.utt,3/sw3453,3453,91,sv,A,47,2,"it's big,  /","it/PRP 's/BES big/JJ ,/,",,
sw06utt/sw_0672_3453.utt,3/sw3453,3453,92,sd,A,47,3,"{C but } the trunk  space for me, {F uh, } - /","but/CC the/DT trunk/NN space/NN for/IN me/PRP ,/, uh/UH ,/,",,
sw06utt/sw_0672_3453.utt,3/sw3453,3453,93,sd,A,47,4,what I usually do is I usually take the back seat out of my car  /,what/WP I/PRP usually/RB do/VBP is/VBZ I/PRP usually/RB take/VBP the/DT back/JJ seat/NN out/IN of/IN my/PRP$ car/NN,,
sw06utt/sw_0672_3453.utt,3/sw3453,3453,94,sd,A,47,5,{C and } that's where I put my samples because trunks just aren't big enough. /,and/CC that/DT 's/BES where/WRB I/PRP put/VBP my/PRP$ samples/NNS because/IN trunks/NNS just/RB are/VBP n't/RB big/JJ enough/RB ./.,,
sw06utt/sw_0672_3453.utt,3/sw3453,3453,95,sd,B,48,1,You know a car I ran across recently  that has a tremendously large trunk is the Lincoln Continental. /,You/PRP know/VBP a/DT car/NN I/PRP ran/VBD across/RP recently/RB that/WDT has/VBZ a/DT tremendously/RB large/JJ trunk/NN is/VBZ the/DT Lincoln/NNP Continental/NNP ./.,,
sw06utt/sw_0672_3453.utt,3/sw3453,3453,96,b,A,49,1,"Yeah,  /","Yeah/UH ,/,",,
sw06utt/sw_0672_3453.utt,3/sw3453,3453,97,sd,A,49,2,"{D now, } I have the Town Car  /","now/RB ,/, I/PRP have/VBP the/DT Town/NNP Car/NNP",,
sw06utt/sw_0672_3453.utt,3/sw3453,3453,98,sd,A,49,3,"{C and } [ it's, +  it's ] a deep trunk, but not as broad as [ the, +  {F uh, } the ] Cadillac. /","and/CC it/PRP 's/BES ,/, it/PRP 's/BES a/DT deep/JJ trunk/NN ,/, but/CC not/RB as/RB broad/JJ as/IN the/DT ,/, uh/UH ,/, the/DT Cadillac/NNP ./.",,
sw06utt/sw_0672_3453.utt,3/sw3453,3453,99,sd,B,50,1,"{D Well, } the Town Car, I noticed,  {F uh, } - /","Well/UH ,/, the/DT Town/NNP Car/NNP ,/, I/PRP noticed/VBD ,/, uh/UH ,/,",,
sw06utt/sw_0672_3453.utt,3/sw3453,3453,100,sd,B,50,2,"{E or } [ with the, + with the ] Continental, {F uh, } I [ was, +  rented ] [ one, +  one ] time --","or/CC with/IN the/DT ,/, with/IN the/DT Continental/NNP ,/, uh/UH ,/, I/PRP was/VBD ,/, rented/VBN one/NN ,/, one/CD time/NN --/:",,
sw06utt/sw_0672_3453.utt,3/sw3453,3453,101,b,A,51,1,Uh-huh. /,Uh-huh/UH ./.,,
sw06utt/sw_0672_3453.utt,3/sw3453,3453,102,+,B,52,1,"-- {F uh, } we could, {F uh, } put golf clubs in them. /","--/: uh/UH ,/, we/PRP could/MD ,/, uh/UH ,/, put/VBD golf/NN clubs/NNS in/IN them/PRP ./.",,
sw06utt/sw_0672_3453.utt,3/sw3453,3453,103,ba,A,53,1,"{F Oh, } good. /","Oh/UH ,/, good/JJ ./.",,
sw06utt/sw_0672_3453.utt,3/sw3453,3453,104,sd,B,54,1,"{D You know, } straight across.  /","You/PRP know/VBP ,/, straight/RB across/RB ./.",,
sw06utt/sw_0672_3453.utt,3/sw3453,3453,105,%,B,54,2,"{E I mean, } -/","I/PRP mean/VBP ,/,",,
sw06utt/sw_0672_3453.utt,3/sw3453,3453,106,qy^d,A,55,1,They went all the way down? /,They/PRP went/VBD all/PDT the/DT way/NN down/RB ?/.,,
sw06utt/sw_0672_3453.utt,3/sw3453,3453,107,na,B,56,1,Front to back. /,Front/NNP to/IN back/RB ./.,,
sw06utt/sw_0672_3453.utt,3/sw3453,3453,108,ba,A,57,1,"{D Well, } that's good. /","Well/UH ,/, that/DT 's/BES good/JJ ./.",,
sw06utt/sw_0672_3453.utt,3/sw3453,3453,109,sd,B,58,1,Not going from side to side. /,Not/RB going/VBG from/IN side/NN to/IN side/NN ./.,,
sw06utt/sw_0672_3453.utt,3/sw3453,3453,110,ba,A,59,1,That's good. /,That/DT 's/BES good/JJ ./.,,
sw06utt/sw_0672_3453.utt,3/sw3453,3453,111,sd,B,60,1,{C And } we got three full sets in  there  and still had room for luggage. /,And/CC we/PRP got/VBD three/CD full/JJ sets/NNS in/IN there/RB and/CC still/RB had/VBD room/NN for/IN luggage/NN ./.,,
sw06utt/sw_0672_3453.utt,3/sw3453,3453,112,b,A,61,1,"Yeah,  /","Yeah/UH ,/,",,
sw06utt/sw_0672_3453.utt,3/sw3453,3453,113,sd,A,61,2,"I sell sporting goods,  {F uh, } hunting related items,  /","I/PRP sell/VBP sporting/VBG goods/NNS ,/, uh/UH ,/, hunting/NN related/VBN items/NNS ,/,",,
sw06utt/sw_0672_3453.utt,3/sw3453,3453,114,sd,A,61,3,"I sell [ guns, +  gun ] cases --","I/PRP sell/VBP guns/NNS ,/, gun/NN cases/NNS --/:",,
sw06utt/sw_0672_3453.utt,3/sw3453,3453,115,ba,B,62,1,I see. /,I/PRP see/VBP ./.,,
sw06utt/sw_0672_3453.utt,3/sw3453,3453,116,+,A,63,1,-- and things like that -- /,--/: and/CC things/NNS like/IN that/DT --/:,,
sw06utt/sw_0672_3453.utt,3/sw3453,3453,117,b,B,64,1,Yeah. /,Yeah/UH ./.,,
sw06utt/sw_0672_3453.utt,3/sw3453,3453,118,sd,A,65,1,"-- {C and } I need to, {D you know, } - /","--/: and/CC I/PRP need/VBP to/TO ,/, you/PRP know/VBP ,/,",,
sw06utt/sw_0672_3453.utt,3/sw3453,3453,119,sd,A,65,2,that's about the same size as a golf club. /,that/DT 's/BES about/RB the/DT same/JJ size/NN as/IN a/DT golf/NN club/NN ./.,,
sw06utt/sw_0672_3453.utt,3/sw3453,3453,120,b,B,66,1,Uh-huh. /,Uh-huh/UH ./.,,
sw06utt/sw_0672_3453.utt,3/sw3453,3453,121,sd,A,67,1,"[ They need to, +  samples need to ]  stretch out and gun cases and things like  that  /","They/PRP need/VBP to/TO ,/, samples/NNS need/VBP to/TO stretch/VB out/RP and/CC gun/NN cases/NNS and/CC things/NNS like/IN that/DT",,
sw06utt/sw_0672_3453.utt,3/sw3453,3453,122,%,A,67,2,"{C and, } -/","and/CC ,/,",,
sw06utt/sw_0672_3453.utt,3/sw3453,3453,123,qy^d,B,68,1,I don't know if you've ever looked at a Continental. /,I/PRP do/VBP n't/RB know/VB if/IN you/PRP 've/VBP ever/RB looked/VBN at/IN a/DT Continental/NNP ./.,,
sw06utt/sw_0672_3453.utt,3/sw3453,3453,124,nn,A,69,1,Nope. /,Nope/UH ./.,,
sw06utt/sw_0672_3453.utt,3/sw3453,3453,125,sv,B,70,1,"{F Uh, } it's not as peppy [ as  a, + as a ] Town Car -- /","Uh/UH ,/, it/PRP 's/BES not/RB as/RB peppy/JJ as/IN a/DT ,/, as/IN a/DT Town/NNP Car/NNP --/:",,
sw06utt/sw_0672_3453.utt,3/sw3453,3453,126,b,A,71,1,Right. /,Right/UH ./.,,
sw06utt/sw_0672_3453.utt,3/sw3453,3453,127,sd,B,72,1,"-- {C because } it's a V Six,  /","--/: because/IN it/PRP 's/BES a/DT V/SYM Six/CD ,/,",,
sw06utt/sw_0672_3453.utt,3/sw3453,3453,128,%,B,72,2,"{C but } it, {F uh, } - /","but/CC it/PRP ,/, uh/UH ,/,",,
sw06utt/sw_0672_3453.utt,3/sw3453,3453,129,sd,B,72,3,"[ I too-, +  I drove ] it from here to Memphis  /","I/PRP too-/XX ,/, I/PRP drove/VBD it/PRP from/IN here/RB to/IN Memphis/NNP",,
sw06utt/sw_0672_3453.utt,3/sw3453,3453,130,sd,B,72,4,{C and } I really enjoyed driving  that car.  /,and/CC I/PRP really/RB enjoyed/VBD driving/VBG that/DT car/NN ./.,,
sw06utt/sw_0672_3453.utt,3/sw3453,3453,131,sv,B,72,5,"If I was going to buy a Ford product, that's what I would buy. /","If/IN I/PRP was/VBD going/VBG to/TO buy/VB a/DT Ford/NNP product/NN ,/, that/DT 's/BES what/WP I/PRP would/MD buy/VB ./.",,
sw06utt/sw_0672_3453.utt,3/sw3453,3453,132,b,A,73,1,Yeah.  /,Yeah/UH ./.,,
sw06utt/sw_0672_3453.utt,3/sw3453,3453,133,sd,A,73,2,"I drove mine a couple weeks  ago to [ our, +  one of our ] big national sales meetings in Nashville.  /","I/PRP drove/VBD mine/PRP a/DT couple/NN weeks/NNS ago/RB to/IN our/PRP$ ,/, one/CD of/IN our/PRP$ big/JJ national/JJ sales/NNS meetings/NNS in/IN Nashville/NNP ./.",,
sw06utt/sw_0672_3453.utt,3/sw3453,3453,134,sd,A,73,3,I usually fly.  /,I/PRP usually/RB fly/VBP ./.,,
sw06utt/sw_0672_3453.utt,3/sw3453,3453,135,sd,A,73,4,I drove it with another one of my guy that worked for me.  /,I/PRP drove/VBD it/PRP with/IN another/DT one/NN of/IN my/PRP$ guy/NN that/WDT worked/VBD for/IN me/PRP ./.,,
sw06utt/sw_0672_3453.utt,3/sw3453,3453,136,sd,A,73,5,"We drove it ten  hours to Nashville,  /","We/PRP drove/VBD it/PRP ten/CD hours/NNS to/IN Nashville/NNP ,/,",,
sw06utt/sw_0672_3453.utt,3/sw3453,3453,137,sv,A,73,6,"{C and } [ it, +  it ] handled real well,  /","and/CC it/PRP ,/, it/PRP handled/VBD real/RB well/RB ,/,",,
sw06utt/sw_0672_3453.utt,3/sw3453,3453,138,sd,A,73,7,"{C but, } my main thing  is space,  /","but/CC ,/, my/PRP$ main/JJ thing/NN is/VBZ space/NN ,/,",,
sw06utt/sw_0672_3453.utt,3/sw3453,3453,139,sv,A,73,8,"{C so } if a Continental, - /","so/RB if/IN a/DT Continental/NNP ,/,",,
sw06utt/sw_0672_3453.utt,3/sw3453,3453,140,sv,A,73,9,"I might consider it the next time,  /","I/PRP might/MD consider/VB it/PRP the/DT next/JJ time/NN ,/,",,
sw06utt/sw_0672_3453.utt,3/sw3453,3453,141,sd,A,73,10,a Continental has --,a/DT Continental/NNP has/VBZ --/:,,
sw06utt/sw_0672_3453.utt,3/sw3453,3453,142,ad,B,74,1,You might take a look at them. /,You/PRP might/MD take/VB a/DT look/NN at/IN them/PRP ./.,,
sw06utt/sw_0672_3453.utt,3/sw3453,3453,143,+,A,75,1,-- more trunk space. /,--/: more/JJR trunk/NN space/NN ./.,,
sw06utt/sw_0672_3453.utt,3/sw3453,3453,144,sv,B,76,1,"[ They, + they ] had [ a, + a ] lot  more trunk space.  /","They/PRP ,/, they/PRP had/VBD a/DT ,/, a/DT lot/NN more/JJR trunk/NN space/NN ./.",,
sw06utt/sw_0672_3453.utt,3/sw3453,3453,145,sd,B,76,2,"As a matter of fact, they had more trunk space than my, {F uh, } Sedan De Ville had. /","As/IN a/DT matter/NN of/IN fact/NN ,/, they/PRP had/VBD more/JJR trunk/NN space/NN than/IN my/PRP$ ,/, uh/UH ,/, Sedan/NNP De/NNP Ville/NNP had/VBD ./.",,
sw06utt/sw_0672_3453.utt,3/sw3453,3453,146,qy,A,77,1,You always have leather interiors on your Cadillacs? /,You/PRP always/RB have/VBP leather/NN interiors/NNS on/IN your/PRP$ Cadillacs/NNPS ?/.,,
sw06utt/sw_0672_3453.utt,3/sw3453,3453,147,na,B,78,1,"{F Uh, } all three of mine have  had leather interiors,  /","Uh/UH ,/, all/DT three/CD of/IN mine/PRP have/VBP had/VBN leather/NN interiors/NNS ,/,",,
sw06utt/sw_0672_3453.utt,3/sw3453,3453,148,ny,B,78,2,yeah. /,yeah/UH ./.,,
sw06utt/sw_0672_3453.utt,3/sw3453,3453,149,b,A,79,1,"Yeah,  /","Yeah/UH ,/,",,
sw06utt/sw_0672_3453.utt,3/sw3453,3453,150,sd,A,79,2,I like leather interiors also. /,I/PRP like/VBP leather/NN interiors/NNS also/RB ./.,,
sw06utt/sw_0672_3453.utt,3/sw3453,3453,151,sd,B,80,1,"{F Uh, } I had a eighty Eldorado,  which was leather  /","Uh/UH ,/, I/PRP had/VBD a/DT eighty/CD Eldorado/NNP ,/, which/WDT was/VBD leather/NN",,
sw06utt/sw_0672_3453.utt,3/sw3453,3453,152,sd,B,80,2,"{C and, } {F uh, } then my eighty-six was a touring sedan. /","and/CC ,/, uh/UH ,/, then/RB my/PRP$ eighty-six/CD was/VBD a/DT touring/NN sedan/NN ./.",,
sw06utt/sw_0672_3453.utt,3/sw3453,3453,153,b,A,81,1,Uh-huh. /,Uh-huh/UH ./.,,
sw06utt/sw_0672_3453.utt,3/sw3453,3453,154,sd,B,82,1,"{C And, } {F uh, } it had the gray  leather package in it  /","And/CC ,/, uh/UH ,/, it/PRP had/VBD the/DT gray/JJ leather/NN package/NN in/IN it/PRP",,
sw06utt/sw_0672_3453.utt,3/sw3453,3453,155,sd,B,82,2,"{C and } my Allante has, {F uh } --","and/CC my/PRP$ Allante/NNP has/VBZ ,/, uh/UH --/:",,
sw06utt/sw_0672_3453.utt,3/sw3453,3453,156,sv,A,83,1,That's a nice car. /,That/DT 's/BES a/DT nice/JJ car/NN ./.,,
sw06utt/sw_0672_3453.utt,3/sw3453,3453,157,+,B,84,1,"-- I guess [ saddle, +  saddle ] colored type thing. /","--/: I/PRP guess/VBP saddle/NN ,/, saddle/NN colored/JJ type/NN thing/NN ./.",,
sw06utt/sw_0672_3453.utt,3/sw3453,3453,158,ba,A,85,1,"You bet,  /","You/PRP bet/VBP ,/,",,
sw06utt/sw_0672_3453.utt,3/sw3453,3453,159,sd,A,85,2,"{C and } [ I'll, +  I will ]  say one thing about Cadillacs versus, -/","and/CC I/PRP 'll/MD ,/, I/PRP will/MD say/VB one/CD thing/NN about/IN Cadillacs/NNPS versus/IN ,/,",,
