swda_filename,ptb_basename,conversation_no,transcript_index,act_tag,caller,utterance_index,subutterance_index,text,pos,trees,ptb_treenumbers
sw06utt/sw_0686_4829.utt,4/sw4829,4829,0,o,A,1,1,"Okay <static>.  {F Uh, } <breathing>  let me see.  /","Okay/UH ./. Uh/UH ,/, let/VB me/PRP see/VB ./.",,
sw06utt/sw_0686_4829.utt,4/sw4829,4829,1,sd,A,1,2,"Unfortunately, we are not much into recycling. /","Unfortunately/RB ,/, we/PRP are/VBP not/RB much/JJ into/IN recycling/NN ./.",,
sw06utt/sw_0686_4829.utt,4/sw4829,4829,2,b,B,2,1,Uh-huh. /,Uh-huh/UH ./.,,
sw06utt/sw_0686_4829.utt,4/sw4829,4829,3,sd,A,3,1,"[ We don't, + we don't ] do enough.  /","We/PRP do/VBP n't/RB ,/, we/PRP do/VBP n't/RB do/VB enough/RB ./.",,
sw06utt/sw_0686_4829.utt,4/sw4829,4829,4,sd,A,3,2,I know we don't so <noise>.  /,I/PRP know/VBP we/PRP do/VBP n't/RB so/RB ./.,,
sw06utt/sw_0686_4829.utt,4/sw4829,4829,5,sd,A,3,3,"{F Uh, } although lately I've been, {F uh, } - /","Uh/UH ,/, although/IN lately/RB I/PRP 've/VBP been/VBN ,/, uh/UH ,/,",,
sw06utt/sw_0686_4829.utt,4/sw4829,4829,6,sd,A,3,4,a friend of mine  that I spend a lot of time with does recycle quite a bit  /,a/DT friend/NN of/IN mine/PRP that/WDT I/PRP spend/VBP a/DT lot/NN of/IN time/NN with/IN does/VBZ recycle/VB quite/PDT a/DT bit/NN,,
sw06utt/sw_0686_4829.utt,4/sw4829,4829,7,sd,A,3,5,"{C and } [ [ it's, +  it's, ] +   it's, ] {F uh, } <laughter> interesting to watch some of the things that she does  /","and/CC it/PRP 's/BES ,/, it/PRP 's/BES ,/, it/PRP 's/BES ,/, uh/UH ,/, interesting/JJ to/TO watch/VB some/DT of/IN the/DT things/NNS that/WDT she/PRP does/VBZ",,
sw06utt/sw_0686_4829.utt,4/sw4829,4829,8,sd,A,3,6,"{C and then } she's almost had an impact on me, {F uh, } where she doesn't say anything to  me when she comes </noise> to my house {C but } I can kind of tell it bothers her {C so, }","and/CC then/RB she/PRP 's/HVS almost/RB had/VBN an/DT impact/NN on/IN me/PRP ,/, uh/UH ,/, where/WRB she/PRP does/VBZ n't/RB say/VB anything/NN to/IN me/PRP when/WRB she/PRP comes/VBZ to/IN my/PRP$ house/NN but/CC I/PRP can/MD kind/RB of/RB tell/VB it/PRP bothers/VBZ her/PRP$ so/RB ,/,",,
sw06utt/sw_0686_4829.utt,4/sw4829,4829,9,x,B,4,1,<Laughter>.,,,
sw06utt/sw_0686_4829.utt,4/sw4829,4829,10,+,A,5,1,"just unconsciously [ I've, +  I've ]  stopped buying a lot of, {F uh, } {F uh, } paper plates and paper cups  /","just/RB unconsciously/RB I/PRP 've/VBP ,/, I/PRP 've/VBP stopped/VBN buying/VBG a/DT lot/NN of/IN ,/, uh/UH ,/, uh/UH ,/, paper/NN plates/NNS and/CC paper/NN cups/NNS",,
sw06utt/sw_0686_4829.utt,4/sw4829,4829,11,sd,A,5,2,{C and } I don't  do that anymore.  /,and/CC I/PRP do/VBP n't/RB do/VB that/DT anymore/RB ./.,,
sw06utt/sw_0686_4829.utt,4/sw4829,4829,12,sd,A,5,3,"I don't know why,  /","I/PRP do/VBP n't/RB know/VB why/WRB ,/,",,
sw06utt/sw_0686_4829.utt,4/sw4829,4829,13,sd,A,5,4,"I just don't <laughter>.   [ I + ] [ just, +  just ]  from socializing with her  /","I/PRP just/RB do/VBP n't/RB ./. I/PRP just/RB ,/, just/RB from/IN socializing/NN with/IN her/PRP$",,
sw06utt/sw_0686_4829.utt,4/sw4829,4829,14,%,A,5,5,{C so. } -/,so/RB ./.,,
sw06utt/sw_0686_4829.utt,4/sw4829,4829,15,qw,B,6,1,"[ How do you, +  how, {F uh, } is ]  recycling done in your community?  /","How/WRB do/VBP you/PRP ,/, how/WRB ,/, uh/UH ,/, is/VBZ recycling/NN done/VBN in/IN your/PRP$ community/NN ?/.",,
sw06utt/sw_0686_4829.utt,4/sw4829,4829,16,%,B,6,2,"Is, -/","Is/VBZ ,/,",,
sw06utt/sw_0686_4829.utt,4/sw4829,4829,17,sd,A,7,1,"[ [ It really, +  it, ] +  there's ]  not a whole lot,  /","It/PRP really/RB ,/, it/PRP ,/, there/EX 's/BES not/RB a/DT whole/JJ lot/NN ,/,",,
sw06utt/sw_0686_4829.utt,4/sw4829,4829,18,sd,A,7,2,there really isn't.  /,there/EX really/RB is/VBZ n't/RB ./.,,
sw06utt/sw_0686_4829.utt,4/sw4829,4829,19,sd,A,7,3,"{F Uh, } <child_talking> I know in my mother's neighborhood  in San Antonio, [ each, +  each ] house has, - /","Uh/UH ,/, I/PRP know/VBP in/IN my/PRP$ mother/NN 's/POS neighborhood/NN in/IN San/NNP Antonio/NNP ,/, each/DT ,/, each/DT house/NN has/VBZ ,/,",,
sw06utt/sw_0686_4829.utt,4/sw4829,4829,20,sd,A,7,4,"[ they're, +  they're ] given three baskets -- /","they/PRP 're/VBP ,/, they/PRP 're/VBP given/VBN three/CD baskets/NNS --/:",,
sw06utt/sw_0686_4829.utt,4/sw4829,4829,21,b,B,8,1,Uh-huh. /,Uh-huh/UH ./.,,
sw06utt/sw_0686_4829.utt,4/sw4829,4829,22,sd,A,9,1,-- {C and } they put them out on a certain day of the week -- /,--/: and/CC they/PRP put/VBP them/PRP out/RB on/IN a/DT certain/JJ day/NN of/IN the/DT week/NN --/:,,
sw06utt/sw_0686_4829.utt,4/sw4829,4829,23,b,B,10,1,Right. /,Right/UH ./.,,
sw06utt/sw_0686_4829.utt,4/sw4829,4829,24,sd,A,11,1,"-- {C and } each, {F uh, } home does participate  /","--/: and/CC each/DT ,/, uh/UH ,/, home/NN does/VBZ participate/VB",,
sw06utt/sw_0686_4829.utt,4/sw4829,4829,25,sd,A,11,2,"{C but } we really don't have anything, {F uh, } close in this area [ that, +  that ]  do anything.  /","but/CC we/PRP really/RB do/VBP n't/RB have/VB anything/NN ,/, uh/UH ,/, close/RB in/IN this/DT area/NN that/WDT ,/, that/WDT do/VBP anything/NN ./.",,
sw06utt/sw_0686_4829.utt,4/sw4829,4829,26,sv,A,11,3,"[ {C And, } +  {C and ] } some of the communities that do, the residents are having  to pay to participate in it.","And/CC ,/, and/CC some/DT of/IN the/DT communities/NNS that/WDT do/VBP ,/, the/DT residents/NNS are/VBP having/VBG to/TO pay/VB to/TO participate/VB in/IN it/PRP ./.",,
sw06utt/sw_0686_4829.utt,4/sw4829,4829,27,b,B,12,1,Oh. /,Oh/UH ./.,,
sw06utt/sw_0686_4829.utt,4/sw4829,4829,28,+,A,13,1,Which really doesn't make sense. /,Which/WDT really/RB does/VBZ n't/RB make/VB sense/NN ./.,,
sw06utt/sw_0686_4829.utt,4/sw4829,4829,29,b,B,14,1,Right.  /,Right/UH ./.,,
sw06utt/sw_0686_4829.utt,4/sw4829,4829,30,sd,B,14,2,"Over here, they, {F uh, } have  several private companies that you can take, {F uh, } recycled,","Over/IN here/RB ,/, they/PRP ,/, uh/UH ,/, have/VBP several/JJ private/JJ companies/NNS that/WDT you/PRP can/MD take/VB ,/, uh/UH ,/, recycled/VBN ,/,",,
sw06utt/sw_0686_4829.utt,4/sw4829,4829,31,x,A,15,1,<Child_talking>.,,,
sw06utt/sw_0686_4829.utt,4/sw4829,4829,32,+,B,16,1,materials to.  /,materials/NNS to/IN ./.,,
sw06utt/sw_0686_4829.utt,4/sw4829,4829,33,sd,B,16,2,"{C But, } {F uh, }  if you want to take them all to one place, [ they have, +  {F uh, } the first Saturday of every  month, they have ] certain places that you can drop them off.  /","But/CC ,/, uh/UH ,/, if/IN you/PRP want/VBP to/TO take/VB them/PRP all/DT to/IN one/CD place/NN ,/, they/PRP have/VBP ,/, uh/UH ,/, the/DT first/JJ Saturday/NNP of/IN every/DT month/NN ,/, they/PRP have/VBP certain/JJ places/NNS that/WDT you/PRP can/MD drop/VB them/PRP off/RP ./.",,
sw06utt/sw_0686_4829.utt,4/sw4829,4829,34,sd,B,16,3,That's what I do.  /,That/DT 's/BES what/WP I/PRP do/VBP ./.,,
sw06utt/sw_0686_4829.utt,4/sw4829,4829,35,sd,B,16,4,"{F Uh, } {C and } [ I, +  I ] recycle aluminum, glass, {F uh, } newspapers. /","Uh/UH ,/, and/CC I/PRP ,/, I/PRP recycle/VBP aluminum/NN ,/, glass/NN ,/, uh/UH ,/, newspapers/NNS ./.",,
sw06utt/sw_0686_4829.utt,4/sw4829,4829,36,b,A,17,1,"Yeah,  /","Yeah/UH ,/,",,
sw06utt/sw_0686_4829.utt,4/sw4829,4829,37,ba,A,17,2,that's good. /,that/DT 's/BES good/JJ ./.,,
sw06utt/sw_0686_4829.utt,4/sw4829,4829,38,sv,B,18,1,"{D So } it's nice to have, {D you know, }  one place that you can take them all to instead of driving # the glass to one place  /","So/RB it/PRP 's/BES nice/JJ to/TO have/VB ,/, you/PRP know/VBP ,/, one/CD place/NN that/WDT you/PRP can/MD take/VB them/PRP all/DT to/IN instead/IN of/IN driving/VBG the/DT glass/NN to/IN one/CD place/NN",,
sw06utt/sw_0686_4829.utt,4/sw4829,4829,39,%@,B,18,2,"{C and, } #  *[[needs slash unit]]","and/CC ,/,",,
sw06utt/sw_0686_4829.utt,4/sw4829,4829,40,b,A,19,1,"# Yeah,  /","Yeah/UH ,/,",,
sw06utt/sw_0686_4829.utt,4/sw4829,4829,41,b^r,A,19,2,yeah.  /,yeah/UH ./.,,
sw06utt/sw_0686_4829.utt,4/sw4829,4829,42,sd,A,19,3,That's another thing.  /,That/DT 's/BES another/DT thing/NN ./.,,
sw06utt/sw_0686_4829.utt,4/sw4829,4829,43,sd,A,19,4,#  You have to <child_talking> --,You/PRP have/VBP to/TO --/:,,
sw06utt/sw_0686_4829.utt,4/sw4829,4829,44,+@,B,20,1,Right. /,Right/UH ./.,,
sw06utt/sw_0686_4829.utt,4/sw4829,4829,45,+,A,21,1,-- go to different places to do that. /,--/: go/VB to/IN different/JJ places/NNS to/TO do/VB that/DT ./.,,
sw06utt/sw_0686_4829.utt,4/sw4829,4829,46,b,B,22,1,Right.  /,Right/UH ./.,,
sw06utt/sw_0686_4829.utt,4/sw4829,4829,47,sv,B,22,2,"[ {D So } it's, +  {D so } that's ]  nice.  /","So/RB it/PRP 's/BES ,/, so/RB that/DT 's/BES nice/JJ ./.",,
sw06utt/sw_0686_4829.utt,4/sw4829,4829,48,sv,B,22,3,"[ It would be, +  it would be ] really nice if they, {F uh, } came to the house to pick  it up  /","It/PRP would/MD be/VB ,/, it/PRP would/MD be/VB really/RB nice/JJ if/IN they/PRP ,/, uh/UH ,/, came/VBD to/IN the/DT house/NN to/TO pick/VB it/PRP up/RP",,
sw06utt/sw_0686_4829.utt,4/sw4829,4829,49,sd,B,22,4,"{C and } they just were talking about a bill in Tucson about that,  /","and/CC they/PRP just/RB were/VBD talking/VBG about/IN a/DT bill/NN in/IN Tucson/NNP about/IN that/DT ,/,",,
sw06utt/sw_0686_4829.utt,4/sw4829,4829,50,sd,B,22,5,"{C but, } {F uh, } {F uh, } it didn't go through. /","but/CC ,/, uh/UH ,/, uh/UH ,/, it/PRP did/VBD n't/RB go/VB through/RB ./.",,
sw06utt/sw_0686_4829.utt,4/sw4829,4829,51,b,A,23,1,Uh-huh.  /,Uh-huh/UH ./.,,
sw06utt/sw_0686_4829.utt,4/sw4829,4829,52,sd,A,23,2,"{C But } I heard that most  homes that do participate in that are having to pay a monthly fee to do that.   Which, {F uh, } - /","But/CC I/PRP heard/VBD that/IN most/RBS homes/NNS that/WDT do/VBP participate/VB in/IN that/DT are/VBP having/VBG to/TO pay/VB a/DT monthly/JJ fee/NN to/TO do/VB that/DT ./. Which/WDT ,/, uh/UH ,/,",,
sw06utt/sw_0686_4829.utt,4/sw4829,4829,53,h,A,23,3,"I don't know,  /","I/PRP do/VBP n't/RB know/VB ,/,",,
sw06utt/sw_0686_4829.utt,4/sw4829,4829,54,sv,A,23,4,it just doesn't make sense to me. /,it/PRP just/RB does/VBZ n't/RB make/VB sense/NN to/IN me/PRP ./.,,
sw06utt/sw_0686_4829.utt,4/sw4829,4829,55,b,B,24,1,Right.  /,Right/UH ./.,,
sw06utt/sw_0686_4829.utt,4/sw4829,4829,56,sd,B,24,2,"I guess [ what they, +  what they ]  were talking about here [ was, +  {F uh, } was ] reducing the garbage collection in order to make that up --","I/PRP guess/VBP what/WP they/PRP ,/, what/WP they/PRP were/VBD talking/VBG about/IN here/RB was/VBD ,/, uh/UH ,/, was/VBD reducing/VBG the/DT garbage/NN collection/NN in/IN order/NN to/TO make/VB that/DT up/RP --/:",,
sw06utt/sw_0686_4829.utt,4/sw4829,4829,57,b,A,25,1,Yeah. /,Yeah/UH ./.,,
sw06utt/sw_0686_4829.utt,4/sw4829,4829,58,+,B,26,1,"-- or something, {D you know. } /","--/: or/CC something/NN ,/, you/PRP know/VBP ./.",,
sw06utt/sw_0686_4829.utt,4/sw4829,4829,59,b,A,27,1,Yeah. /,Yeah/UH ./.,,
sw06utt/sw_0686_4829.utt,4/sw4829,4829,60,sd,B,28,1,"{F Uh, } {C so } I guess that's one option. /","Uh/UH ,/, so/RB I/PRP guess/VBP that/DT 's/BES one/CD option/NN ./.",,
sw06utt/sw_0686_4829.utt,4/sw4829,4829,61,b,A,29,1,Yeah.  /,Yeah/UH ./.,,
sw06utt/sw_0686_4829.utt,4/sw4829,4829,62,ba,A,29,2,"That's good,  /","That/DT 's/BES good/JJ ,/,",,
sw06utt/sw_0686_4829.utt,4/sw4829,4829,63,ba^r,A,29,3,# that's good. # /,that/DT 's/BES good/JJ ./.,,
sw06utt/sw_0686_4829.utt,4/sw4829,4829,64,sd,B,30,1,# I guess # one thing they're working  on now is recycling plastics too.  /,I/PRP guess/VBP one/CD thing/NN they/PRP 're/VBP working/VBG on/IN now/RB is/VBZ recycling/VBG plastics/NNS too/RB ./.,,
sw06utt/sw_0686_4829.utt,4/sw4829,4829,65,%,B,30,2,"# {D Like, } {F uh } # -- -/","Like/IN ,/, uh/UH --/:",,
sw06utt/sw_0686_4829.utt,4/sw4829,4829,66,b,A,31,1,# Uh-huh. # /,Uh-huh/UH ./.,,
sw06utt/sw_0686_4829.utt,4/sw4829,4829,67,qy,B,32,1,"-- have you noticed that on the bottom  of plastic goods, they have this little number now that tells # what # --","--/: have/VBP you/PRP noticed/VBN that/DT on/IN the/DT bottom/NN of/IN plastic/NN goods/NNS ,/, they/PRP have/VBP this/DT little/JJ number/NN now/RB that/WDT tells/VBZ what/WP --/:",,
sw06utt/sw_0686_4829.utt,4/sw4829,4829,68,%,A,33,1,# {F Huh. } # /,Huh/UH ./.,,
sw06utt/sw_0686_4829.utt,4/sw4829,4829,69,+,B,34,1,-- kind of plastic it is? /,--/: kind/NN of/IN plastic/NN it/PRP is/VBZ ?/.,,
sw06utt/sw_0686_4829.utt,4/sw4829,4829,70,nn,A,35,1,No. /,No/UH ./.,,
sw06utt/sw_0686_4829.utt,4/sw4829,4829,71,b,B,36,1,"Yeah,  /","Yeah/UH ,/,",,
sw06utt/sw_0686_4829.utt,4/sw4829,4829,72,sd,B,36,2,"I guess the problem with  plastic is there's so many different kinds that you can't recycle,  /","I/PRP guess/VBP the/DT problem/NN with/IN plastic/NN is/VBZ there/EX 's/BES so/RB many/JJ different/JJ kinds/NNS that/WDT you/PRP ca/MD n't/RB recycle/VB ,/,",,
sw06utt/sw_0686_4829.utt,4/sw4829,4829,73,sd,B,36,3,you can't just throw all plastic into one recycler. /,you/PRP ca/MD n't/RB just/RB throw/VB all/DT plastic/NN into/IN one/CD recycler/NN ./.,,
sw06utt/sw_0686_4829.utt,4/sw4829,4829,74,sd,A,37,1,"{F Oh, } I didn't know that. /","Oh/UH ,/, I/PRP did/VBD n't/RB know/VB that/DT ./.",,
sw06utt/sw_0686_4829.utt,4/sw4829,4829,75,b,B,38,1,Yeah.  /,Yeah/UH ./.,,
sw06utt/sw_0686_4829.utt,4/sw4829,4829,76,sd,B,38,2,"{C So } now they're  {D like } marking, {F uh, } - /","So/RB now/RB they/PRP 're/VBP like/UH marking/VBG ,/, uh/UH ,/,",,
sw06utt/sw_0686_4829.utt,4/sw4829,4829,77,%,B,38,3,"they're, - /","they/PRP 're/VBP ,/,",,
sw06utt/sw_0686_4829.utt,4/sw4829,4829,78,h,B,38,4,"I don't know,  /","I/PRP do/VBP n't/RB know/VB ,/,",,
sw06utt/sw_0686_4829.utt,4/sw4829,4829,79,sd,B,38,5,"there's  six, seven, eight different kind of plastics  /","there/EX 's/BES six/CD ,/, seven/CD ,/, eight/CD different/JJ kind/NN of/IN plastics/NNS",,
sw06utt/sw_0686_4829.utt,4/sw4829,4829,80,sd,B,38,6,"{C and } [ they, +  they ] mark on the bottom what kind it is. /","and/CC they/PRP ,/, they/PRP mark/VBP on/IN the/DT bottom/NN what/WP kind/NN it/PRP is/VBZ ./.",,
sw06utt/sw_0686_4829.utt,4/sw4829,4829,81,b,A,39,1,Yeah. /,Yeah/UH ./.,,
sw06utt/sw_0686_4829.utt,4/sw4829,4829,82,sd,B,40,1,{C So } I guess that makes it  easy to recycle  /,So/RB I/PRP guess/VBP that/DT makes/VBZ it/PRP easy/JJ to/TO recycle/VB,,
sw06utt/sw_0686_4829.utt,4/sw4829,4829,83,sd,B,40,2,"{C and then } [ they're, +","and/CC then/RB they/PRP 're/VBP ,/,",,
sw06utt/sw_0686_4829.utt,4/sw4829,4829,84,x,A,41,1,<Barking>.,,,
sw06utt/sw_0686_4829.utt,4/sw4829,4829,85,+,B,42,1,"they're, ] {F uh, } trying to make  plastic goods that don't have a bunch of different plastics in them, {D you know, }  [ that  are, + that are ] only made out of one kind of plastic  /","they/PRP 're/VBP ,/, uh/UH ,/, trying/VBG to/TO make/VB plastic/JJ goods/NNS that/WDT do/VBP n't/RB have/VB a/DT bunch/NN of/IN different/JJ plastics/NNS in/IN them/PRP ,/, you/PRP know/VBP ,/, that/WDT are/VBP ,/, that/WDT are/VBP only/RB made/VBN out/IN of/IN one/CD kind/NN of/IN plastic/NN",,
sw06utt/sw_0686_4829.utt,4/sw4829,4829,86,sv,B,42,2,{D so } that --,so/RB that/DT --/:,,
sw06utt/sw_0686_4829.utt,4/sw4829,4829,87,b,A,43,1,Uh-huh. /,Uh-huh/UH ./.,,
sw06utt/sw_0686_4829.utt,4/sw4829,4829,88,+,B,44,1,-- that makes it easier I guess. /,--/: that/WDT makes/VBZ it/PRP easier/JJR I/PRP guess/VBP ./.,,
sw06utt/sw_0686_4829.utt,4/sw4829,4829,89,ba,A,45,1,"{D Well, } that's good.  /","Well/UH ,/, that/DT 's/BES good/JJ ./.",,
sw06utt/sw_0686_4829.utt,4/sw4829,4829,90,%,A,45,2,"[ I, +  I'm, ]  {D you know, } - /","I/PRP ,/, I/PRP 'm/VBP ,/, you/PRP know/VBP ,/,",,
sw06utt/sw_0686_4829.utt,4/sw4829,4829,91,sd,A,45,3,"unfortunately Garland [ doesn't have, +  doesn't, ] - /","unfortunately/RB Garland/NNP does/VBZ n't/RB have/VB ,/, does/VBZ n't/RB ,/,",,
sw06utt/sw_0686_4829.utt,4/sw4829,4829,92,sd,A,45,4,"[ they don't, +  I don't know, they  don't ] do anything like that <barking>  /","they/PRP do/VBP n't/RB ,/, I/PRP do/VBP n't/RB know/VB ,/, they/PRP do/VBP n't/RB do/VB anything/NN like/IN that/DT",,
sw06utt/sw_0686_4829.utt,4/sw4829,4829,93,sd,A,45,5,"{C or } [ I, +  {D you know, } I ]  read those little slips that come in to your, utility bills --","or/CC I/PRP ,/, you/PRP know/VBP ,/, I/PRP read/VBP those/DT little/JJ slips/NNS that/WDT come/VBP in/IN to/IN your/PRP$ ,/, utility/NN bills/NNS --/:",,
sw06utt/sw_0686_4829.utt,4/sw4829,4829,94,b,B,46,1,Right. /,Right/UH ./.,,
sw06utt/sw_0686_4829.utt,4/sw4829,4829,95,+,A,47,1,"-- or your, {F uh, } garbage collection  /","--/: or/CC your/PRP$ ,/, uh/UH ,/, garbage/NN collection/NN",,
sw06utt/sw_0686_4829.utt,4/sw4829,4829,96,sd,A,47,2,"{C and } they haven't, {D you know, } talked about doing something like that </barking>. /","and/CC they/PRP have/VBP n't/RB ,/, you/PRP know/VBP ,/, talked/VBN about/IN doing/VBG something/NN like/IN that/DT ./.",,
sw06utt/sw_0686_4829.utt,4/sw4829,4829,97,qw,B,48,1,Where does your friend go to to recycle? /,Where/WRB does/VBZ your/PRP$ friend/NN go/VB to/TO to/TO recycle/VB ?/.,,
sw06utt/sw_0686_4829.utt,4/sw4829,4829,98,sd,A,49,1,She lives in Garland  /,She/PRP lives/VBZ in/IN Garland/NNP,,
sw06utt/sw_0686_4829.utt,4/sw4829,4829,99,sd,A,49,2,"{C and } I'm  not sure [ where, +   what  ] she does.  /","and/CC I/PRP 'm/VBP not/RB sure/JJ where/WRB ,/, what/WP she/PRP does/VBZ ./.",,
sw06utt/sw_0686_4829.utt,4/sw4829,4829,100,sd,A,49,3,"{C But } [ she's, +  {F uh, } oh she's ] [ ve-, +  very ] heavy in that  /","But/CC she/PRP 's/BES ,/, uh/UH ,/, oh/UH she/PRP 's/BES ve-/RB ,/, very/RB heavy/JJ in/IN that/DT",,
sw06utt/sw_0686_4829.utt,4/sw4829,4829,101,sd,A,49,4,{C and } she takes her own bags to the grocery store <child_talking>. /,and/CC she/PRP takes/VBZ her/PRP$ own/JJ bags/NNS to/IN the/DT grocery/NN store/NN ./.,,
sw06utt/sw_0686_4829.utt,4/sw4829,4829,102,b,B,50,1,Uh-huh. /,Uh-huh/UH ./.,,
sw06utt/sw_0686_4829.utt,4/sw4829,4829,103,sd,A,51,1,"{F Uh, } [ she has, +  [ I, +  I ]  really don't think she has ] any paper products <laughter> in her house. /","Uh/UH ,/, she/PRP has/VBZ ,/, I/PRP ,/, I/PRP really/RB do/VBP n't/RB think/VB she/PRP has/VBZ any/DT paper/NN products/NNS in/IN her/PRP$ house/NN ./.",,
sw06utt/sw_0686_4829.utt,4/sw4829,4829,104,b,B,52,1,Yeah. /,Yeah/UH ./.,,
sw06utt/sw_0686_4829.utt,4/sw4829,4829,105,sd,A,53,1,"{F Uh, } {C and } just a lot of things  I've <laughter> learned off of her that, to start doing.  /","Uh/UH ,/, and/CC just/RB a/DT lot/NN of/IN things/NNS I/PRP 've/VBP learned/VBN off/IN of/IN her/PRP that/IN ,/, to/TO start/VB doing/VBG ./.",,
sw06utt/sw_0686_4829.utt,4/sw4829,4829,106,sd,A,53,2,{C And } she does make a lot of sense. /,And/CC she/PRP does/VBZ make/VB a/DT lot/NN of/IN sense/NN ./.,,
sw06utt/sw_0686_4829.utt,4/sw4829,4829,107,b,B,54,1,Yeah. /,Yeah/UH ./.,,
sw06utt/sw_0686_4829.utt,4/sw4829,4829,108,sd,A,55,1,Just her whole house is <laughter> like wow. /,Just/RB her/PRP$ whole/JJ house/NN is/VBZ like/IN wow/UH ./.,,
sw06utt/sw_0686_4829.utt,4/sw4829,4829,109,sv,B,56,1,"I guess that's how it gets passed on.    {D You know, } when one person, # you hear # --","I/PRP guess/VBP that/DT 's/BES how/WRB it/PRP gets/VBZ passed/VBN on/RP ./. You/PRP know/VBP ,/, when/WRB one/CD person/NN ,/, you/PRP hear/VBP --/:",,
sw06utt/sw_0686_4829.utt,4/sw4829,4829,110,b,A,57,1,# Yeah. # /,Yeah/UH ./.,,
sw06utt/sw_0686_4829.utt,4/sw4829,4829,111,+,B,58,1,-- from another person  /,--/: from/IN another/DT person/NN,,
sw06utt/sw_0686_4829.utt,4/sw4829,4829,112,sv,B,58,2,"[ [ {C and then, } +   {F uh, } {C and then } ] +  [ you, +  {C and then } you ] ] pass it on. /","and/CC then/RB ,/, uh/UH ,/, and/CC then/RB you/PRP ,/, and/CC then/RB you/PRP pass/VBP it/PRP on/RP ./.",,
sw06utt/sw_0686_4829.utt,4/sw4829,4829,113,b,A,59,1,Yeah. /,Yeah/UH ./.,,
sw06utt/sw_0686_4829.utt,4/sw4829,4829,114,sv,B,60,1,"It seems to be catching on, {F uh, }  slowly but surely, I guess <laughter>. /","It/PRP seems/VBZ to/TO be/VB catching/VBG on/RP ,/, uh/UH ,/, slowly/RB but/CC surely/RB ,/, I/PRP guess/VBP ./.",,
sw06utt/sw_0686_4829.utt,4/sw4829,4829,115,b,A,61,1,Yeah.  /,Yeah/UH ./.,,
sw06utt/sw_0686_4829.utt,4/sw4829,4829,116,sd,A,61,2,"{C And, } {F uh, } my little  boy [ has, +  watches ] a program that was really neat.  /","And/CC ,/, uh/UH ,/, my/PRP$ little/JJ boy/NN has/VBZ ,/, watches/VBZ a/DT program/NN that/WDT was/VBD really/RB neat/JJ ./.",,
sw06utt/sw_0686_4829.utt,4/sw4829,4829,117,sd,A,61,3,I sat and watched him.  /,I/PRP sat/VBD and/CC watched/VBD him/PRP ./.,,
sw06utt/sw_0686_4829.utt,4/sw4829,4829,118,qy,A,61,4,You know the Barney?  /,You/PRP know/VBP the/DT Barney/NNP ?/.,,
sw06utt/sw_0686_4829.utt,4/sw4829,4829,119,qy^d,A,61,5,"[ You know the little, +  I don't know if you know the little ] character Barney. /","You/PRP know/VBP the/DT little/JJ ,/, I/PRP do/VBP n't/RB know/VB if/IN you/PRP know/VBP the/DT little/JJ character/NN Barney/NNP ./.",,
sw06utt/sw_0686_4829.utt,4/sw4829,4829,120,ny,B,62,1,Uh-huh. /,Uh-huh/UH ./.,,
sw06utt/sw_0686_4829.utt,4/sw4829,4829,121,sd,A,63,1,"They had one, {F uh, } on that  [ kind of, +  type of ] thing  /","They/PRP had/VBD one/NN ,/, uh/UH ,/, on/IN that/DT kind/NN of/IN ,/, type/NN of/IN thing/NN",,
sw06utt/sw_0686_4829.utt,4/sw4829,4829,122,sd,A,63,2,"{C and } how children [ can, +  can ] do that  /","and/CC how/WRB children/NNS can/MD ,/, can/MD do/VB that/DT",,
sw06utt/sw_0686_4829.utt,4/sw4829,4829,123,sd,A,63,3,"and {C how } to save water [ b-, +   when you brush ] your teeth in water  /","and/CC how/WRB to/TO save/VB water/NN b-/XX ,/, when/WRB you/PRP brush/VBP your/PRP$ teeth/NNS in/IN water/NN",,
sw06utt/sw_0686_4829.utt,4/sw4829,4829,124,sd,A,63,4,{C and } it's really caught on {C  /,and/CC it/PRP 's/BES really/RB caught/VBN on/RP,,
sw06utt/sw_0686_4829.utt,4/sw4829,4829,125,sd,A,63,5,and } he's only four  /,and/CC he/PRP 's/BES only/RB four/CD,,
sw06utt/sw_0686_4829.utt,4/sw4829,4829,126,sd,A,63,6,{C and } he's really caught on. /,and/CC he/PRP 's/BES really/RB caught/VBN on/RP ./.,,
sw06utt/sw_0686_4829.utt,4/sw4829,4829,127,b,B,64,1,Uh-huh.  /,Uh-huh/UH ./.,,
sw06utt/sw_0686_4829.utt,4/sw4829,4829,128,ba,B,64,2,"# Wow,  /","Wow/UH ,/,",,
sw06utt/sw_0686_4829.utt,4/sw4829,4829,129,sv,B,64,3,that's cute. # /,that/DT 's/BES cute/JJ ./.,,
sw06utt/sw_0686_4829.utt,4/sw4829,4829,130,x,A,65,1,# <Laughter>. #,,,
sw06utt/sw_0686_4829.utt,4/sw4829,4829,131,sv,B,66,1,"That's neat,  /","That/DT 's/BES neat/JJ ,/,",,
sw06utt/sw_0686_4829.utt,4/sw4829,4829,132,%,B,66,2,yeah.  /,yeah/UH ./.,,
sw06utt/sw_0686_4829.utt,4/sw4829,4829,133,%,B,66,3,"# When you, # -/","When/WRB you/PRP ,/,",,
sw06utt/sw_0686_4829.utt,4/sw4829,4829,134,sd,A,67,1,# And keep # the refrigerator  door closed and that kind of thing.  /,And/CC keep/VB the/DT refrigerator/NN door/NN closed/VBN and/CC that/DT kind/NN of/IN thing/NN ./.,,
sw06utt/sw_0686_4829.utt,4/sw4829,4829,135,sd,A,67,2,He's really caught on  /,He/PRP 's/BES really/RB caught/VBN on/RP,,
sw06utt/sw_0686_4829.utt,4/sw4829,4829,136,sv,A,67,3,{C so } that's really neat </static> </child_talking>. /,so/RB that/DT 's/BES really/RB neat/JJ ./.,,
sw06utt/sw_0686_4829.utt,4/sw4829,4829,137,sv,B,68,1,"{D Well, } when you start early, I guess, -/","Well/UH ,/, when/WRB you/PRP start/VBP early/JJ ,/, I/PRP guess/VBP ,/,",,
