swda_filename,ptb_basename,conversation_no,transcript_index,act_tag,caller,utterance_index,subutterance_index,text,pos,trees,ptb_treenumbers
sw06utt/sw_0694_2380.utt,2/sw2380,2380,0,sv,B,1,1,"{D Well, } this is kind of ironic  because I work in T I -s legal department. /","Well/UH ,/, this/DT is/VBZ kind/RB of/RB ironic/JJ because/IN I/PRP work/VBP in/IN T/NNP I/NNP -s/POS legal/JJ department/NN ./.",,
sw06utt/sw_0694_2380.utt,2/sw2380,2380,1,bh,A,2,1,Do you? /,Do/VBP you/PRP ?/.,,
sw06utt/sw_0694_2380.utt,2/sw2380,2380,2,sd,B,3,1,"{C And } although we don't have any  criminal actions here, we do have other, {F um, } lawsuits that do go to trial from time to time. /","And/CC although/IN we/PRP do/VBP n't/RB have/VB any/DT criminal/JJ actions/NNS here/RB ,/, we/PRP do/VBP have/VB other/JJ ,/, um/UH ,/, lawsuits/NNS that/WDT do/VBP go/VB to/IN trial/NN from/IN time/NN to/IN time/NN ./.",,
sw06utt/sw_0694_2380.utt,2/sw2380,2380,3,b,A,4,1,Uh-huh. /,Uh-huh/UH ./.,,
sw06utt/sw_0694_2380.utt,2/sw2380,2380,4,t1,B,5,1,"{C And, } {F uh, } when was it,  /","And/CC ,/, uh/UH ,/, when/WRB was/VBD it/PRP ,/,",,
sw06utt/sw_0694_2380.utt,2/sw2380,2380,5,sd,B,5,2,"a couple weeks ago I was asked to go to, {F uh, } jury duty  /","a/DT couple/NN weeks/NNS ago/RB I/PRP was/VBD asked/VBN to/TO go/VB to/IN ,/, uh/UH ,/, jury/NN duty/NN",,
sw06utt/sw_0694_2380.utt,2/sw2380,2380,6,sd,B,5,3,"[ I, +  I ] wasn't selected  /","I/PRP ,/, I/PRP was/VBD n't/RB selected/VBN",,
sw06utt/sw_0694_2380.utt,2/sw2380,2380,7,sd,B,5,4,"{C but, } {F um, } for some of our cases in particular we have, {F um, } very technical cases from time  to time because of {D like } our patents and such. /","but/CC ,/, um/UH ,/, for/IN some/DT of/IN our/PRP$ cases/NNS in/IN particular/JJ we/PRP have/VBP ,/, um/UH ,/, very/RB technical/JJ cases/NNS from/IN time/NN to/IN time/VB because/IN of/IN like/UH our/PRP$ patents/NNS and/CC such/JJ ./.",,
sw06utt/sw_0694_2380.utt,2/sw2380,2380,8,b,A,6,1,Sure. /,Sure/UH ./.,,
sw06utt/sw_0694_2380.utt,2/sw2380,2380,9,sv,B,7,1,"{C And } it's very difficult for lay  people for somebody who might just, {D you know } happen to be selected in our jury,  to understand what we're talking about. /","And/CC it/PRP 's/BES very/RB difficult/JJ for/IN lay/VBD people/NNS for/IN somebody/NN who/WP might/MD just/RB ,/, you/PRP know/VBP happen/VB to/TO be/VB selected/VBN in/IN our/PRP$ jury/NN ,/, to/TO understand/VB what/WP we/PRP 're/VBP talking/VBG about/IN ./.",,
sw06utt/sw_0694_2380.utt,2/sw2380,2380,10,sv,A,8,1,"{D Well, } I do think that the cases [ like  the, +  {F uh, } {F oh, } say something like ] Texaco versus Pennzoil, /","Well/UH ,/, I/PRP do/VBP think/VB that/IN the/DT cases/NNS like/IN the/DT ,/, uh/UH ,/, oh/UH ,/, say/VBP something/NN like/IN Texaco/NNP versus/IN Pennzoil/NNP ,/,",,
sw06utt/sw_0694_2380.utt,2/sw2380,2380,11,b,B,9,1,Uh-huh. /,Uh-huh/UH ./.,,
sw06utt/sw_0694_2380.utt,2/sw2380,2380,12,sv,A,10,1,"[ {C or, } +  {C or } ] the Texaco Pennzoil problem,","or/CC ,/, or/CC the/DT Texaco/NNP Pennzoil/NNP problem/NN ,/,",,
sw06utt/sw_0694_2380.utt,2/sw2380,2380,13,b^r,B,11,1,Uh-huh. /,Uh-huh/UH ./.,,
sw06utt/sw_0694_2380.utt,2/sw2380,2380,14,+,A,12,1,"{F uh, } is ridiculous for people just  taken off the street to understand, and,","uh/UH ,/, is/VBZ ridiculous/JJ for/IN people/NNS just/RB taken/VBN off/IN the/DT street/NN to/TO understand/VB ,/, and/CC ,/,",,
sw06utt/sw_0694_2380.utt,2/sw2380,2380,15,b,B,13,1,Right. /,Right/UH ./.,,
sw06utt/sw_0694_2380.utt,2/sw2380,2380,16,+,A,14,1,"really should have some better way  where people who understand both the circumstances and the complex issues involved,  should handle cases like that. /","really/RB should/MD have/VB some/DT better/JJR way/NN where/WRB people/NNS who/WP understand/VBP both/DT the/DT circumstances/NNS and/CC the/DT complex/JJ issues/NNS involved/VBN ,/, should/MD handle/VB cases/NNS like/IN that/DT ./.",,
sw06utt/sw_0694_2380.utt,2/sw2380,2380,17,b,B,15,1,"Yeah,  /","Yeah/UH ,/,",,
sw06utt/sw_0694_2380.utt,2/sw2380,2380,18,%,B,15,2,"{D you know, } some  ((   ))   I don't, - /","you/PRP know/VBP ,/, some/DT MUMBLEx/XX I/PRP do/VBP n't/RB ,/,",,
sw06utt/sw_0694_2380.utt,2/sw2380,2380,19,sv,B,15,3,"you always have the option,  /","you/PRP always/RB have/VBP the/DT option/NN ,/,",,
sw06utt/sw_0694_2380.utt,2/sw2380,2380,20,sv,B,15,4,"{D now } in criminal I guess you always have a jury,  /","now/RB in/IN criminal/JJ I/PRP guess/VBP you/PRP always/RB have/VBP a/DT jury/NN ,/,",,
sw06utt/sw_0694_2380.utt,2/sw2380,2380,21,sv,B,15,5,{C but } in civil cases you have the option of whether you want a jury or not. /,but/CC in/IN civil/JJ cases/NNS you/PRP have/VBP the/DT option/NN of/IN whether/IN you/PRP want/VBP a/DT jury/NN or/CC not/RB ./.,,
sw06utt/sw_0694_2380.utt,2/sw2380,2380,22,bh,A,16,1,"{F Oh, } is that right? /","Oh/UH ,/, is/VBZ that/DT right/JJ ?/.",,
sw06utt/sw_0694_2380.utt,2/sw2380,2380,23,ny,B,17,1,"Yeah,  /","Yeah/UH ,/,",,
sw06utt/sw_0694_2380.utt,2/sw2380,2380,24,sv,B,17,2,"{C and } in some incidences I  think they [ ought to, +  ought not to ] have a jury, /","and/CC in/IN some/DT incidences/NNS I/PRP think/VBP they/PRP ought/MD to/TO ,/, ought/MD not/RB to/TO have/VB a/DT jury/NN ,/,",,
sw06utt/sw_0694_2380.utt,2/sw2380,2380,25,b,A,18,1,Yeah. /,Yeah/UH ./.,,
sw06utt/sw_0694_2380.utt,2/sw2380,2380,26,%,B,19,1,{F um } <laughter>. /,um/UH ./.,,
sw06utt/sw_0694_2380.utt,2/sw2380,2380,27,b,A,20,1,"Okay,  /","Okay/UH ,/,",,
sw06utt/sw_0694_2380.utt,2/sw2380,2380,28,ba,A,20,2,boy.  /,boy/UH ./.,,
sw06utt/sw_0694_2380.utt,2/sw2380,2380,29,sv,A,20,3,"[ {C Or, } +  {F uh, } {C or } ]  there should be some way where it could be opted for them not to have a jury.  /","Or/CC ,/, uh/UH ,/, or/CC there/EX should/MD be/VB some/DT way/NN where/WRB it/PRP could/MD be/VB opted/VBN for/IN them/PRP not/RB to/TO have/VB a/DT jury/NN ./.",,
sw06utt/sw_0694_2380.utt,2/sw2380,2380,30,sd,A,20,4,"{F Uh, } I was only on one jury ever,","Uh/UH ,/, I/PRP was/VBD only/RB on/IN one/CD jury/NN ever/RB ,/,",,
sw06utt/sw_0694_2380.utt,2/sw2380,2380,31,b,B,21,1,Uh-huh. /,Uh-huh/UH ./.,,
sw06utt/sw_0694_2380.utt,2/sw2380,2380,32,+,A,22,1,"so far in my life,  /","so/RB far/RB in/IN my/PRP$ life/NN ,/,",,
sw06utt/sw_0694_2380.utt,2/sw2380,2380,33,sv,A,22,2,"{C and, } {F uh, }  it really was a pretty trivial, case  /","and/CC ,/, uh/UH ,/, it/PRP really/RB was/VBD a/DT pretty/RB trivial/JJ ,/, case/NN",,
sw06utt/sw_0694_2380.utt,2/sw2380,2380,34,sv,A,22,3,"{C and } it seemed to me all the time I was thinking of  all these people in the courtroom over the case that involved, {F oh, } a couple  thousand dollars I think,","and/CC it/PRP seemed/VBD to/IN me/PRP all/PDT the/DT time/NN I/PRP was/VBD thinking/VBG of/IN all/PDT these/DT people/NNS in/IN the/DT courtroom/NN over/IN the/DT case/NN that/WDT involved/VBD ,/, oh/UH ,/, a/DT couple/NN thousand/CD dollars/NNS I/PRP think/VBP ,/,",,
sw06utt/sw_0694_2380.utt,2/sw2380,2380,35,b^r,B,23,1,Uh-huh. /,Uh-huh/UH ./.,,
sw06utt/sw_0694_2380.utt,2/sw2380,2380,36,+,A,24,1,"[ it was, +  it was ] really just,  {F uh, } {F uh, } terrific waste of everybody's time and money. /","it/PRP was/VBD ,/, it/PRP was/VBD really/RB just/RB ,/, uh/UH ,/, uh/UH ,/, terrific/JJ waste/NN of/IN everybody/NN 's/POS time/NN and/CC money/NN ./.",,
sw06utt/sw_0694_2380.utt,2/sw2380,2380,37,%,B,25,1,{F Um. } /,Um/UH ./.,,
sw06utt/sw_0694_2380.utt,2/sw2380,2380,38,sd,A,26,1,"{C And } it finally ended up that, {F uh, }  even though we had reached a verdict before we were allowed to give it, they settled the case. /","And/CC it/PRP finally/RB ended/VBD up/RP that/IN ,/, uh/UH ,/, even/IN though/IN we/PRP had/VBD reached/VBN a/DT verdict/NN before/IN we/PRP were/VBD allowed/VBN to/TO give/VB it/PRP ,/, they/PRP settled/VBD the/DT case/NN ./.",,
sw06utt/sw_0694_2380.utt,2/sw2380,2380,39,b,B,27,1,Oh. /,Oh/UH ./.,,
sw06utt/sw_0694_2380.utt,2/sw2380,2380,40,sd,A,28,1,"[ They wo-, +  they had ]  settled while we were deliberating. /","They/PRP wo-/XX ,/, they/PRP had/VBD settled/VBN while/IN we/PRP were/VBD deliberating/VBG ./.",,
sw06utt/sw_0694_2380.utt,2/sw2380,2380,41,b,B,29,1,Yeah. /,Yeah/UH ./.,,
sw06utt/sw_0694_2380.utt,2/sw2380,2380,42,sv,A,30,1,"{D Now, } the one thing I did approve  of there was that we didn't have to be unanimous because it was a civil case. /","Now/UH ,/, the/DT one/CD thing/NN I/PRP did/VBD approve/VB of/IN there/RB was/VBD that/IN we/PRP did/VBD n't/RB have/VB to/TO be/VB unanimous/JJ because/IN it/PRP was/VBD a/DT civil/JJ case/NN ./.",,
sw06utt/sw_0694_2380.utt,2/sw2380,2380,43,b,B,31,1,Uh-huh. /,Uh-huh/UH ./.,,
sw06utt/sw_0694_2380.utt,2/sw2380,2380,44,sd,A,32,1,"{C And, } {F uh, } we were split, {F uh, }  ten to two  /","And/CC ,/, uh/UH ,/, we/PRP were/VBD split/VBN ,/, uh/UH ,/, ten/CD to/IN two/CD",,
sw06utt/sw_0694_2380.utt,2/sw2380,2380,45,sv,A,32,2,"{C so, } it was, {F uh, } a good thing that, <laughter> it wasn't a total waste of time  to have a hung jury on a case that trivial. /","so/RB ,/, it/PRP was/VBD ,/, uh/UH ,/, a/DT good/JJ thing/NN that/IN ,/, it/PRP was/VBD n't/RB a/DT total/JJ waste/NN of/IN time/NN to/TO have/VB a/DT hung/JJ jury/NN on/IN a/DT case/NN that/RB trivial/NN ./.",,
sw06utt/sw_0694_2380.utt,2/sw2380,2380,46,b,B,33,1,"Yeah,  /","Yeah/UH ,/,",,
sw06utt/sw_0694_2380.utt,2/sw2380,2380,47,sd,B,33,2,"{D well, } {F um, } I've never  fully served,  /","well/UH ,/, um/UH ,/, I/PRP 've/VBP never/RB fully/RB served/VBN ,/,",,
sw06utt/sw_0694_2380.utt,2/sw2380,2380,48,sd,B,33,3,"{E I mean, } I've been asked twice to go down  /","I/PRP mean/VBP ,/, I/PRP 've/VBP been/VBN asked/VBN twice/RB to/TO go/VB down/RB",,
sw06utt/sw_0694_2380.utt,2/sw2380,2380,49,sd,B,33,4,"{C but } I didn't get elected on the panel,  /","but/CC I/PRP did/VBD n't/RB get/VB elected/VBN on/IN the/DT panel/NN ,/,",,
sw06utt/sw_0694_2380.utt,2/sw2380,2380,50,sd,B,33,5,"{C but, } I know, that, {F um, } for a lot of the civil cases it's rare, - /","but/CC ,/, I/PRP know/VBP ,/, that/IN ,/, um/UH ,/, for/IN a/DT lot/NN of/IN the/DT civil/JJ cases/NNS it/PRP 's/BES rare/JJ ,/,",,
sw06utt/sw_0694_2380.utt,2/sw2380,2380,51,sd,B,33,6,"{E I mean, } if your a lawyer, {F um, } there, you  could be a lawyer who never actually gets  into the courtroom <laughter>,  /","I/PRP mean/VBP ,/, if/IN your/PRP$ a/DT lawyer/NN ,/, um/UH ,/, there/EX ,/, you/PRP could/MD be/VB a/DT lawyer/NN who/WP never/RB actually/RB gets/VBZ into/IN the/DT courtroom/NN ,/,",,
sw06utt/sw_0694_2380.utt,2/sw2380,2380,52,sd,B,33,7,"there's a lot of attorneys like that, that  never get to the courtroom.  /","there/EX 's/BES a/DT lot/NN of/IN attorneys/NNS like/IN that/DT ,/, that/WDT never/RB get/VB to/IN the/DT courtroom/NN ./.",,
sw06utt/sw_0694_2380.utt,2/sw2380,2380,53,sd,B,33,8,"[ Some, +  their kind of ]  law doesn't get them to  the courtroom,  /","Some/DT ,/, their/PRP$ kind/NN of/IN law/NN does/VBZ n't/RB get/VB them/PRP to/IN the/DT courtroom/NN ,/,",,
sw06utt/sw_0694_2380.utt,2/sw2380,2380,54,sd,B,33,9,"{C but } even in, {F um, } litigation which is doing lawsuits, is a lot  of times that you never get to the courtroom itself  /","but/CC even/RB in/IN ,/, um/UH ,/, litigation/NN which/WDT is/VBZ doing/VBG lawsuits/NNS ,/, is/VBZ a/DT lot/NN of/IN times/NNS that/WDT you/PRP never/RB get/VBP to/IN the/DT courtroom/NN itself/PRP",,
sw06utt/sw_0694_2380.utt,2/sw2380,2380,55,sd@,B,33,10,"{C and, }","and/CC ,/,",,
sw06utt/sw_0694_2380.utt,2/sw2380,2380,56,sv,A,34,1,"{D Well, } I think that the trial in a  sense, is kind of a threat to hold over people to try to get them to reach an agreement out of court,","Well/UH ,/, I/PRP think/VBP that/IN the/DT trial/NN in/IN a/DT sense/NN ,/, is/VBZ kind/RB of/RB a/DT threat/NN to/TO hold/VB over/IN people/NNS to/TO try/VB to/TO get/VB them/PRP to/TO reach/VB an/DT agreement/NN out/IN of/IN court/NN ,/,",,
sw06utt/sw_0694_2380.utt,2/sw2380,2380,57,+@,B,35,1,Yeah. /,Yeah/UH ./.,,
sw06utt/sw_0694_2380.utt,2/sw2380,2380,58,+,A,36,1,because it does cost so much money. /,because/IN it/PRP does/VBZ cost/VB so/RB much/JJ money/NN ./.,,
sw06utt/sw_0694_2380.utt,2/sw2380,2380,59,sv,B,37,1,"{C But } it's a shame that, {F oh, } - /","But/CC it/PRP 's/BES a/DT shame/NN that/IN ,/, oh/UH ,/,",,
sw06utt/sw_0694_2380.utt,2/sw2380,2380,60,sv,B,37,2,it's not so bad for the court system because the money there isn't being spent  /,it/PRP 's/BES not/RB so/RB bad/JJ for/IN the/DT court/NN system/NN because/IN the/DT money/NN there/EX is/VBZ n't/RB being/VBG spent/VBN,,
sw06utt/sw_0694_2380.utt,2/sw2380,2380,61,sv,B,37,3,{C but } there's awful lot of money in time and  effort spent in preparing for trial only to  then finally get scared enough by going to the court  /,but/CC there/EX 's/BES awful/JJ lot/NN of/IN money/NN in/IN time/NN and/CC effort/NN spent/VBN in/IN preparing/VBG for/IN trial/NN only/RB to/TO then/RB finally/RB get/VB scared/VBN enough/RB by/IN going/VBG to/IN the/DT court/NN,,
sw06utt/sw_0694_2380.utt,2/sw2380,2380,62,sv,B,37,4,"{C and } usually it's  the scare kind [ of, +  of ] the jury because you really don't know one way or the other how  that jury is going to feel. /","and/CC usually/RB it/PRP 's/BES the/DT scare/NN kind/NN of/IN ,/, of/IN the/DT jury/NN because/IN you/PRP really/RB do/VBP n't/RB know/VB one/CD way/NN or/CC the/DT other/JJ how/WRB that/DT jury/NN is/VBZ going/VBG to/TO feel/VB ./.",,
sw06utt/sw_0694_2380.utt,2/sw2380,2380,63,b,A,38,1,Uh-huh. /,Uh-huh/UH ./.,,
sw06utt/sw_0694_2380.utt,2/sw2380,2380,64,sv,B,39,1,You could feel that you really have  a very strong case and that you're very much right  /,You/PRP could/MD feel/VB that/IN you/PRP really/RB have/VBP a/DT very/RB strong/JJ case/NN and/CC that/IN you/PRP 're/VBP very/RB much/RB right/JJ,,
sw06utt/sw_0694_2380.utt,2/sw2380,2380,65,sv,B,39,2,"{C but } the jury may or  may not see it that way, /","but/CC the/DT jury/NN may/MD or/CC may/MD not/RB see/VB it/PRP that/DT way/NN ,/,",,
sw06utt/sw_0694_2380.utt,2/sw2380,2380,66,b,A,40,1,Sure. /,Sure/UH ./.,,
sw06utt/sw_0694_2380.utt,2/sw2380,2380,67,sv(^q),B,41,1,"{C so } you get a little [ antic-, +   {D you know, } anxious ] there and go {D well, } {D you know, }","so/RB you/PRP get/VBP a/DT little/RB antic/JJ ,/, you/PRP know/VBP ,/, anxious/JJ there/RB and/CC go/VBP well/UH ,/, you/PRP know/VBP ,/,",,
sw06utt/sw_0694_2380.utt,2/sw2380,2380,68,b,A,42,1,Yeah. /,Yeah/UH ./.,,
sw06utt/sw_0694_2380.utt,2/sw2380,2380,69,+,B,43,1,I don't feel that sure  /,I/PRP do/VBP n't/RB feel/VB that/RB sure/JJ,,
sw06utt/sw_0694_2380.utt,2/sw2380,2380,70,sv(^q),B,43,2,"{C and } who knows what the jury will say because sometimes, {D you know, } the juries come  down with a result and you go, gee <laughter>. /","and/CC who/WP knows/VBZ what/WP the/DT jury/NN will/MD say/VB because/IN sometimes/RB ,/, you/PRP know/VBP ,/, the/DT juries/NNS come/VBP down/RP with/IN a/DT result/NN and/CC you/PRP go/VBP ,/, gee/UH ./.",,
sw06utt/sw_0694_2380.utt,2/sw2380,2380,71,b^r,A,44,1,"Yeah,  /","Yeah/UH ,/,",,
sw06utt/sw_0694_2380.utt,2/sw2380,2380,72,sd,A,44,2,"I was a witness [ in a case, +   in a criminal case. ] /","I/PRP was/VBD a/DT witness/NN in/IN a/DT case/NN ,/, in/IN a/DT criminal/JJ case/NN ./.",,
sw06utt/sw_0694_2380.utt,2/sw2380,2380,73,b,B,45,1,Uh-huh. /,Uh-huh/UH ./.,,
sw06utt/sw_0694_2380.utt,2/sw2380,2380,74,sv,A,46,1,"{C And } it was absolutely horrifying  to me how that operated because so much evidence was excluded, /","And/CC it/PRP was/VBD absolutely/RB horrifying/VBG to/IN me/PRP how/WRB that/DT operated/VBD because/IN so/RB much/JJ evidence/NN was/VBD excluded/VBN ,/,",,
sw06utt/sw_0694_2380.utt,2/sw2380,2380,75,b@,B,47,1,{F Um. },Um/UH ./.,,
sw06utt/sw_0694_2380.utt,2/sw2380,2380,76,sv,A,48,1,{C and } that the jury was never allowed  to hear  /,and/CC that/IN the/DT jury/NN was/VBD never/RB allowed/VBN to/TO hear/VB,,
sw06utt/sw_0694_2380.utt,2/sw2380,2380,77,sv,A,48,2,"{C and } they convicted the defendant,  [ I, +  on as far as I ] could tell,  very flimsy evidence and two perjured testimonies. /","and/CC they/PRP convicted/VBD the/DT defendant/NN ,/, I/PRP ,/, on/IN as/RB far/RB as/IN I/PRP could/MD tell/VB ,/, very/RB flimsy/JJ evidence/NN and/CC two/CD perjured/VBN testimonies/NNS ./.",,
sw06utt/sw_0694_2380.utt,2/sw2380,2380,78,+@,B,49,1,"{F Oh, } really? /","Oh/UH ,/, really/UH ?/.",,
sw06utt/sw_0694_2380.utt,2/sw2380,2380,79,sd,A,50,1,"{C And } I knew the people involved,  [ both + ] the people who d and the people who, {F uh, } were defendants. /","And/CC I/PRP knew/VBD the/DT people/NNS involved/VBN ,/, both/DT the/DT people/NNS who/WP d/FW and/CC the/DT people/NNS who/WP ,/, uh/UH ,/, were/VBD defendants/NNS ./.",,
sw06utt/sw_0694_2380.utt,2/sw2380,2380,80,b,B,51,1,Uh-huh. /,Uh-huh/UH ./.,,
sw06utt/sw_0694_2380.utt,2/sw2380,2380,81,%,A,52,1,"{C And, } - /","And/CC ,/,",,
sw06utt/sw_0694_2380.utt,2/sw2380,2380,82,%,A,52,2,"yeah,  /","yeah/UH ,/,",,
sw06utt/sw_0694_2380.utt,2/sw2380,2380,83,sv,A,52,3,"I think that was just  [ a, +  a ] horrible miscarriage of justice because of the, {F uh, } {D you know, } staying  by the absolute strict rules and not allowing things to be presented to the jury,  that, {F uh, } were highly irrelevant to the case and could, I thought, have  established the defendant's innocence. /","I/PRP think/VBP that/DT was/VBD just/RB a/DT ,/, a/DT horrible/JJ miscarriage/NN of/IN justice/NN because/IN of/IN the/DT ,/, uh/UH ,/, you/PRP know/VBP ,/, staying/VBG by/IN the/DT absolute/JJ strict/JJ rules/NNS and/CC not/RB allowing/VBG things/NNS to/TO be/VB presented/VBN to/IN the/DT jury/NN ,/, that/WDT ,/, uh/UH ,/, were/VBD highly/RB irrelevant/JJ to/IN the/DT case/NN and/CC could/MD ,/, I/PRP thought/VBD ,/, have/VBP established/VBN the/DT defendant/NN 's/POS innocence/NN ./.",,
sw06utt/sw_0694_2380.utt,2/sw2380,2380,84,b,B,53,1,Yeah. /,Yeah/UH ./.,,
sw06utt/sw_0694_2380.utt,2/sw2380,2380,85,%,A,54,1,"{C So, } {F uh, }  I do, - /","So/RB ,/, uh/UH ,/, I/PRP do/VBP ,/,",,
sw06utt/sw_0694_2380.utt,2/sw2380,2380,86,sv,A,54,2,"although I'm  a lawyer's daughter and I have lawyer's,","although/IN I/PRP 'm/VBP a/DT lawyer/NN 's/POS daughter/NN and/CC I/PRP have/VBP lawyer/NN 's/NNS ,/,",,
sw06utt/sw_0694_2380.utt,2/sw2380,2380,87,bh@,B,55,1,Oh  (( really )) ?,Oh/UH really/UH ?/.,,
sw06utt/sw_0694_2380.utt,2/sw2380,2380,88,+,A,56,1,"and judges on both sides of the family, and  uncles and cousins and things like that, I really think that we have  gotten into much, too legalistic of society and that [ we, +  we ] spend far too  much on the fine points of the law and  far too little on achieving justice. /","and/CC judges/NNS on/IN both/DT sides/NNS of/IN the/DT family/NN ,/, and/CC uncles/NNS and/CC cousins/NNS and/CC things/NNS like/IN that/DT ,/, I/PRP really/RB think/VBP that/IN we/PRP have/VBP gotten/VBN into/IN much/RB ,/, too/RB legalistic/JJ of/IN society/NN and/CC that/IN we/PRP ,/, we/PRP spend/VBP far/RB too/RB much/JJ on/IN the/DT fine/JJ points/NNS of/IN the/DT law/NN and/CC far/RB too/RB little/JJ on/IN achieving/VBG justice/NN ./.",,
sw06utt/sw_0694_2380.utt,2/sw2380,2380,89,+@,B,57,1,"Yeah,  /","Yeah/UH ,/,",,
sw06utt/sw_0694_2380.utt,2/sw2380,2380,90,sv,B,57,2,"{C and } it seems a lot of  times [ that, +  {F uh, } especially in criminals that, ] their rights are so protected  /","and/CC it/PRP seems/VBZ a/DT lot/NN of/IN times/NNS that/IN ,/, uh/UH ,/, especially/RB in/IN criminals/NNS that/IN ,/, their/PRP$ rights/NNS are/VBP so/RB protected/VBN",,
sw06utt/sw_0694_2380.utt,2/sw2380,2380,91,bh,B,57,3,"{C but } what about the rights of, {D you know, } the rest of society,  /","but/CC what/WP about/IN the/DT rights/NNS of/IN ,/, you/PRP know/VBP ,/, the/DT rest/NN of/IN society/NN ,/,",,
sw06utt/sw_0694_2380.utt,2/sw2380,2380,92,sv,B,57,4,"{E I mean, } we're protecting  this person's rights who has broken the law,","I/PRP mean/VBP ,/, we/PRP 're/VBP protecting/VBG this/DT person/NN 's/POS rights/NNS who/WDT has/VBZ broken/VBN the/DT law/NN ,/,",,
sw06utt/sw_0694_2380.utt,2/sw2380,2380,93,b,A,58,1,Uh-huh. /,Uh-huh/UH ./.,,
sw06utt/sw_0694_2380.utt,2/sw2380,2380,94,+,B,59,1,"{F um, }  /","um/UH ,/,",,
sw06utt/sw_0694_2380.utt,2/sw2380,2380,95,sv,B,59,2,"{C and } we protect him so  much,  /","and/CC we/PRP protect/VBP him/PRP so/RB much/JJ ,/,",,
sw06utt/sw_0694_2380.utt,2/sw2380,2380,96,bh,B,59,3,"{C but } what about the rest of the society,  /","but/CC what/WP about/IN the/DT rest/NN of/IN the/DT society/NN ,/,",,
sw06utt/sw_0694_2380.utt,2/sw2380,2380,97,bh,B,59,4,"you know, what are we doing for them,  /","you/PRP know/VBP ,/, what/WP are/VBP we/PRP doing/VBG for/IN them/PRP ,/,",,
sw06utt/sw_0694_2380.utt,2/sw2380,2380,98,sv,B,59,5,"we're kind of, {D you know, } forgetting about them  /","we/PRP 're/VBP kind/RB of/RB ,/, you/PRP know/VBP ,/, forgetting/VBG about/IN them/PRP",,
sw06utt/sw_0694_2380.utt,2/sw2380,2380,99,sv,B,59,6,"{C and, } I think sometimes  that a criminal should kind of, - /","and/CC ,/, I/PRP think/VBP sometimes/RB that/IN a/DT criminal/JJ should/MD kind/RB of/RB ,/,",,
sw06utt/sw_0694_2380.utt,2/sw2380,2380,100,sv,B,59,7,"if he breaks law, especially it he's a repeater, the law   shouldn't just always cover for him,","if/IN he/PRP breaks/VBZ law/NN ,/, especially/RB it/PRP he/PRP 's/BES a/DT repeater/NN ,/, the/DT law/NN should/MD n't/RB just/RB always/RB cover/VB for/IN him/PRP ,/,",,
sw06utt/sw_0694_2380.utt,2/sw2380,2380,101,sv,A,60,1,"# {D Well, } {C and then } in a lot of, # -/","Well/UH ,/, and/CC then/RB in/IN a/DT lot/NN of/IN ,/,",,
sw06utt/sw_0694_2380.utt,2/sw2380,2380,102,+,B,61,1,# that some of his rights  (( as ))  # should be taken. /,that/IN some/DT of/IN his/PRP$ rights/NNS as/IN should/MD be/VB taken/VBN ./.,,
sw06utt/sw_0694_2380.utt,2/sw2380,2380,103,b,A,62,1,"Yeah,  /","Yeah/UH ,/,",,
sw06utt/sw_0694_2380.utt,2/sw2380,2380,104,sv,A,62,2,"in criminal cases, {F uh, }  for instance, you can't bring up prior convictions unless they are somehow directly  related to the case.  /","in/IN criminal/JJ cases/NNS ,/, uh/UH ,/, for/IN instance/NN ,/, you/PRP ca/MD n't/RB bring/VB up/RP prior/JJ convictions/NNS unless/IN they/PRP are/VBP somehow/RB directly/RB related/VBN to/IN the/DT case/NN ./.",,
sw06utt/sw_0694_2380.utt,2/sw2380,2380,105,sv,A,62,3,"{C And } it seems to me that a jury can make a much  more rational decision if they know somebody had fifteen convictions for a similar crime, /","And/CC it/PRP seems/VBZ to/IN me/PRP that/IN a/DT jury/NN can/MD make/VB a/DT much/RB more/RBR rational/JJ decision/NN if/IN they/PRP know/VBP somebody/NN had/VBD fifteen/CD convictions/NNS for/IN a/DT similar/JJ crime/NN ,/,",,
sw06utt/sw_0694_2380.utt,2/sw2380,2380,106,b,B,63,1,Yeah. /,Yeah/UH ./.,,
sw06utt/sw_0694_2380.utt,2/sw2380,2380,107,sv,A,64,1,((   ))  {D now } it's possible that  he didn't commit the  ((   )) - /,MUMBLEx/XX now/RB it/PRP 's/BES possible/JJ that/IN he/PRP did/VBD n't/RB commit/VB the/DT MUMBLEx/XX,,
sw06utt/sw_0694_2380.utt,2/sw2380,2380,108,sv,A,64,2,"{C but } <laughter>, the likelihood  (( certainly ))   (( tilts it )) . /","but/CC ,/, the/DT likelihood/NN certainly/RB tilts/VBZ it/PRP ./.",,
sw06utt/sw_0694_2380.utt,2/sw2380,2380,109,b^r,B,65,1,Yeah. /,Yeah/UH ./.,,
sw06utt/sw_0694_2380.utt,2/sw2380,2380,110,sv,A,66,1,With a record like that.  /,With/IN a/DT record/NN like/IN that/DT ./.,,
sw06utt/sw_0694_2380.utt,2/sw2380,2380,111,sd,A,66,2,"{C And, }","And/CC ,/,",,
sw06utt/sw_0694_2380.utt,2/sw2380,2380,112,b^r,B,67,1,Yeah. /,Yeah/UH ./.,,
sw06utt/sw_0694_2380.utt,2/sw2380,2380,113,+,A,68,1,"((   ))  that was one of the things  that [ we're not allowed to, +  was not allowed ] in the, {F uh, } trial I went to,  /","MUMBLEx/XX that/DT was/VBD one/CD of/IN the/DT things/NNS that/WDT we/PRP 're/VBP not/RB allowed/VBN to/IN ,/, was/VBD not/RB allowed/VBN in/IN the/DT ,/, uh/UH ,/, trial/NN I/PRP went/VBD to/IN ,/,",,
sw06utt/sw_0694_2380.utt,2/sw2380,2380,114,sv,A,68,2,"though,  {F uh, } one of the two people who gave the perjured testimony, had a long  criminal record  and had been, {D you know, } a real sleaze bag. /","though/RB ,/, uh/UH ,/, one/CD of/IN the/DT two/CD people/NNS who/WP gave/VBD the/DT perjured/VBN testimony/NN ,/, had/VBD a/DT long/JJ criminal/JJ record/NN and/CC had/VBD been/VBN ,/, you/PRP know/VBP ,/, a/DT real/JJ sleaze/NN bag/NN ./.",,
sw06utt/sw_0694_2380.utt,2/sw2380,2380,115,b@,B,69,1,"{F Um, }","Um/UH ,/,",,
sw06utt/sw_0694_2380.utt,2/sw2380,2380,116,sv,A,70,1,"{C And } he came in and was presented  to the court as a  ((   ))  standing young man who had, {F uh, } been in seminary to  become a priest,  /","And/CC he/PRP came/VBD in/IN and/CC was/VBD presented/VBN to/IN the/DT court/NN as/IN a/DT MUMBLEx/XX standing/VBG young/JJ man/NN who/WDT had/VBD ,/, uh/UH ,/, been/VBN in/IN seminary/NN to/TO become/VB a/DT priest/NN ,/,",,
sw06utt/sw_0694_2380.utt,2/sw2380,2380,117,sv,A,70,2,"{C and, }","and/CC ,/,",,
sw06utt/sw_0694_2380.utt,2/sw2380,2380,118,+@,B,71,1,<Laughter>.,,,
sw06utt/sw_0694_2380.utt,2/sw2380,2380,119,+@,A,72,1,"you would have thought the guy was  just pure as the driven snow,  /","you/PRP would/MD have/VB thought/VBN the/DT guy/NN was/VBD just/RB pure/JJ as/IN the/DT driven/VBN snow/NN ,/,",,
sw06utt/sw_0694_2380.utt,2/sw2380,2380,120,sd,A,72,2,{C but } I happen to know his background  /,but/CC I/PRP happen/VBP to/TO know/VB his/PRP$ background/NN,,
sw06utt/sw_0694_2380.utt,2/sw2380,2380,121,sd,A,72,3,"{C and } I  know that he would have sold out his mother for, {F uh, } {F uh, } shorter sentence. /","and/CC I/PRP know/VBP that/IN he/PRP would/MD have/VB sold/VBN out/RP his/PRP$ mother/NN for/IN ,/, uh/UH ,/, uh/UH ,/, shorter/JJR sentence/NN ./.",,
sw06utt/sw_0694_2380.utt,2/sw2380,2380,122,ba,B,73,1,Jeez. /,Jeez/UH ./.,,
sw06utt/sw_0694_2380.utt,2/sw2380,2380,123,sv,A,74,1,"{C And, } {D you know, } [ it's, +  it's ]  really annoying when the, - /","And/CC ,/, you/PRP know/VBP ,/, it/PRP 's/BES ,/, it/PRP 's/BES really/RB annoying/JJ when/WRB the/DT ,/,",,
sw06utt/sw_0694_2380.utt,2/sw2380,2380,124,sv,A,74,2,I asked the defense attorney later why he didn't bring up all  this other trouble the guy had been in.  /,I/PRP asked/VBD the/DT defense/NN attorney/NN later/RB why/WRB he/PRP did/VBD n't/RB bring/VB up/RP all/PDT this/DT other/JJ trouble/NN the/DT guy/NN had/VBD been/VBN in/IN ./.,,
sw06utt/sw_0694_2380.utt,2/sw2380,2380,125,sv,A,74,3,"He said [ that, +  that ]  was barred, {F uh, } by the court. /","He/PRP said/VBD that/IN ,/, that/WDT was/VBD barred/VBN ,/, uh/UH ,/, by/IN the/DT court/NN ./.",,
sw06utt/sw_0694_2380.utt,2/sw2380,2380,126,%,B,75,1,"{F Um, } /","Um/UH ,/,",,
sw06utt/sw_0694_2380.utt,2/sw2380,2380,127,sv,A,76,1,"{C So, } we do have some problems  /","So/RB ,/, we/PRP do/VBP have/VB some/DT problems/NNS",,
sw06utt/sw_0694_2380.utt,2/sw2380,2380,128,sv,A,76,2,"{C and } it seems to me that, {F uh, } maybe it's time to just scrap all the case law and go back  to general principles <laughter>.","and/CC it/PRP seems/VBZ to/IN me/PRP that/IN ,/, uh/UH ,/, maybe/RB it/PRP 's/BES time/NN to/TO just/RB scrap/VB all/PDT the/DT case/NN law/NN and/CC go/VB back/RB to/IN general/JJ principles/NNS ./.",,
sw06utt/sw_0694_2380.utt,2/sw2380,2380,129,x,B,77,1,<Laughter>.,,,
sw06utt/sw_0694_2380.utt,2/sw2380,2380,130,+,A,78,1,and start over. And then make a legal  system that carefully protects people  /,and/CC start/VB over/RP ./. And/CC then/RB make/VB a/DT legal/JJ system/NN that/WDT carefully/RB protects/VBZ people/NNS,,
sw06utt/sw_0694_2380.utt,2/sw2380,2380,131,%,A,78,2,"{C but, } {F uh, } where you, -/","but/CC ,/, uh/UH ,/, where/WRB you/PRP ,/,",,
sw06utt/sw_0694_2380.utt,2/sw2380,2380,132,b,B,79,1,"Yeah,  /","Yeah/UH ,/,",,
sw06utt/sw_0694_2380.utt,2/sw2380,2380,133,sv,B,79,2,"I'd even go [ for, +  for ]  trying to get some truth out of the witness stand if they come up with some pretty reliable,  {F uh, } {F um, } lie detector tests that we can see right then and there  whether they're lying or telling the truth. /","I/PRP 'd/MD even/RB go/VB for/IN ,/, for/IN trying/VBG to/TO get/VB some/DT truth/NN out/IN of/IN the/DT witness/NN stand/NN if/IN they/PRP come/VBP up/RP with/IN some/DT pretty/RB reliable/JJ ,/, uh/UH ,/, um/UH ,/, lie/NN detector/NN tests/NNS that/WDT we/PRP can/MD see/VB right/RB then/RB and/CC there/RB whether/IN they/PRP 're/VBP lying/VBG or/CC telling/VBG the/DT truth/NN ./.",,
sw06utt/sw_0694_2380.utt,2/sw2380,2380,134,b,A,80,1,Yeah. /,Yeah/UH ./.,,
sw06utt/sw_0694_2380.utt,2/sw2380,2380,135,x,B,81,1,<Laughter>.,,,
sw06utt/sw_0694_2380.utt,2/sw2380,2380,136,b,A,82,1,"Yeah,  /","Yeah/UH ,/,",,
sw06utt/sw_0694_2380.utt,2/sw2380,2380,137,sv,A,82,2,that would be  (( wrongful )) . /,that/DT would/MD be/VB wrongful/JJ ./.,,
sw06utt/sw_0694_2380.utt,2/sw2380,2380,138,b,B,83,1,"<Laughter> Yeah,  {D you know. } /","Yeah/UH ,/, you/PRP know/VBP ./.",,
sw06utt/sw_0694_2380.utt,2/sw2380,2380,139,sv,A,84,1,Sure would. /,Sure/RB would/MD ./.,,
sw06utt/sw_0694_2380.utt,2/sw2380,2380,140,b,B,85,1,"Yeah,  /","Yeah/UH ,/,",,
sw06utt/sw_0694_2380.utt,2/sw2380,2380,141,sd,B,85,2,"I witnessed one trial many  years ago when I was first, {F um, } studying to be a paralegal  /","I/PRP witnessed/VBD one/CD trial/NN many/JJ years/NNS ago/RB when/WRB I/PRP was/VBD first/JJ ,/, um/UH ,/, studying/VBG to/TO be/VB a/DT paralegal/NN",,
sw06utt/sw_0694_2380.utt,2/sw2380,2380,142,sd,B,85,3,"{C and, } {F uh, } {F uh, }  they barred priors on this, {F uh, } person  /","and/CC ,/, uh/UH ,/, uh/UH ,/, they/PRP barred/VBD priors/NNS on/IN this/DT ,/, uh/UH ,/, person/NN",,
sw06utt/sw_0694_2380.utt,2/sw2380,2380,143,sd,B,85,4,"{C and } they never then told us, I guess, because priors  had a reason as to why these two people were very much in hatred of each other. /","and/CC they/PRP never/RB then/RB told/VBD us/PRP ,/, I/PRP guess/VBP ,/, because/IN priors/NNS had/VBD a/DT reason/NN as/IN to/IN why/WRB these/DT two/CD people/NNS were/VBD very/RB much/RB in/IN hatred/NN of/IN each/DT other/JJ ./.",,
sw06utt/sw_0694_2380.utt,2/sw2380,2380,144,b,A,86,1,{F Um. } /,Um/UH ./.,,
sw06utt/sw_0694_2380.utt,2/sw2380,2380,145,sd,B,87,1,{C And } they never told us why these  two people had such a vendetta against each other  /,And/CC they/PRP never/RB told/VBD us/PRP why/WRB these/DT two/CD people/NNS had/VBD such/PDT a/DT vendetta/NN against/IN each/DT other/JJ,,
sw06utt/sw_0694_2380.utt,2/sw2380,2380,146,sd,B,87,2,"{C and } the crime was, {F uh, }  {F uh, } attempt to commit murder, {D you know, } /","and/CC the/DT crime/NN was/VBD ,/, uh/UH ,/, uh/UH ,/, attempt/NN to/TO commit/VB murder/NN ,/, you/PRP know/VBP ,/,",,
sw06utt/sw_0694_2380.utt,2/sw2380,2380,147,%,A,88,1,{F Um. } /,Um/UH ./.,,
sw06utt/sw_0694_2380.utt,2/sw2380,2380,148,sd,B,89,1,{C but } they never told us why these  people were mad at each other  /,but/CC they/PRP never/RB told/VBD us/PRP why/WRB these/DT people/NNS were/VBD mad/JJ at/IN each/DT other/JJ,,
sw06utt/sw_0694_2380.utt,2/sw2380,2380,149,fe,B,89,2,"{C and } gee, {D you know, }  /","and/CC gee/UH ,/, you/PRP know/VBP ,/,",,
sw06utt/sw_0694_2380.utt,2/sw2380,2380,150,%,B,89,3,"that's, -/","that/DT 's/BES ,/,",,
sw06utt/sw_0694_2380.utt,2/sw2380,2380,151,^2,A,90,1,{C And } you think that would be relevant. /,And/CC you/PRP think/VBP that/DT would/MD be/VB relevant/JJ ./.,,
sw06utt/sw_0694_2380.utt,2/sw2380,2380,152,aa,B,91,1,"Yeah,  /","Yeah/UH ,/,",,
sw06utt/sw_0694_2380.utt,2/sw2380,2380,153,sd,B,91,2,"{D you know, } {C because }  [ they, +  they ] told us in school that, {D you know, } crime has to be an intent, {D you know, } has to be  not just the act but you have to intend to do it  /","you/PRP know/VBP ,/, because/IN they/PRP ,/, they/PRP told/VBD us/PRP in/IN school/NN that/IN ,/, you/PRP know/VBP ,/, crime/NN has/VBZ to/TO be/VB an/DT intent/NN ,/, you/PRP know/VBP ,/, has/VBZ to/TO be/VB not/RB just/RB the/DT act/NN but/CC you/PRP have/VBP to/TO intend/VB to/TO do/VB it/PRP",,
sw06utt/sw_0694_2380.utt,2/sw2380,2380,154,sd,B,91,3,"{C because } there could be  accidental kind of things, {D you know, } /","because/IN there/EX could/MD be/VB accidental/JJ kind/NN of/IN things/NNS ,/, you/PRP know/VBP ,/,",,
sw06utt/sw_0694_2380.utt,2/sw2380,2380,155,b,A,92,1,Right. /,Right/UH ./.,,
sw06utt/sw_0694_2380.utt,2/sw2380,2380,156,sd,B,93,1,"{C but } they never told us why these  two people, hated themselves  or if one had done something to, {D you know, } really  aggravate the other  /","but/CC they/PRP never/RB told/VBD us/PRP why/WRB these/DT two/CD people/NNS ,/, hated/VBD themselves/PRP or/CC if/IN one/PRP had/VBD done/VBN something/NN to/TO ,/, you/PRP know/VBP ,/, really/RB aggravate/VBP the/DT other/JJ",,
sw06utt/sw_0694_2380.utt,2/sw2380,2380,157,sd,B,93,2,"there was never any motive,","there/EX was/VBD never/RB any/DT motive/NN ,/,",,
sw06utt/sw_0694_2380.utt,2/sw2380,2380,158,b,A,94,1,Uh-huh. /,Uh-huh/UH ./.,,
sw06utt/sw_0694_2380.utt,2/sw2380,2380,159,+,B,95,1,given  /,given/VBN,,
sw06utt/sw_0694_2380.utt,2/sw2380,2380,160,sv,B,95,2,"[ {C and, } + {C and } ] I had  a tough time with that  /","and/CC ,/, and/CC I/PRP had/VBD a/DT tough/JJ time/NN with/IN that/DT",,
sw06utt/sw_0694_2380.utt,2/sw2380,2380,161,sd,B,95,3,"[ {C and, } + {C and } ] being a person who saw what the jury didn't plus what the jury did, because we were just observing, {D you know, } there in the courtroom,","and/CC ,/, and/CC being/VBG a/DT person/NN who/WDT saw/VBD what/WP the/DT jury/NN did/VBD n't/RB plus/CC what/WP the/DT jury/NN did/VBD ,/, because/IN we/PRP were/VBD just/RB observing/VBG ,/, you/PRP know/VBP ,/, there/RB in/IN the/DT courtroom/NN ,/,",,
sw06utt/sw_0694_2380.utt,2/sw2380,2380,162,b,A,96,1,Uh-huh. /,Uh-huh/UH ./.,,
sw06utt/sw_0694_2380.utt,2/sw2380,2380,163,+,B,97,1,"at the end of it all, I still didn't know <laughter>. /","at/IN the/DT end/NN of/IN it/PRP all/DT ,/, I/PRP still/RB did/VBD n't/RB know/VB ./.",,
sw06utt/sw_0694_2380.utt,2/sw2380,2380,164,b,A,98,1,"Yeah,  /","Yeah/UH ,/,",,
sw06utt/sw_0694_2380.utt,2/sw2380,2380,165,b,A,98,2,right. /,right/UH ./.,,
sw06utt/sw_0694_2380.utt,2/sw2380,2380,166,sv,B,99,1,I still have a lot of reasonable doubts  /,I/PRP still/RB have/VBP a/DT lot/NN of/IN reasonable/JJ doubts/NNS,,
sw06utt/sw_0694_2380.utt,2/sw2380,2380,167,sv,B,99,2,{C and } I've seen everything presented  /,and/CC I/PRP 've/VBP seen/VBN everything/NN presented/VBN,,
sw06utt/sw_0694_2380.utt,2/sw2380,2380,168,sv,B,99,3,"{C and, } {D you know, } they just haven't  [ done + ] a real complete case here to my thinking. /","and/CC ,/, you/PRP know/VBP ,/, they/PRP just/RB have/VBP n't/RB done/VBN a/DT real/RB complete/JJ case/NN here/RB to/IN my/PRP$ thinking/NN ./.",,
sw06utt/sw_0694_2380.utt,2/sw2380,2380,169,b,A,100,1,Uh-huh. /,Uh-huh/UH ./.,,
sw06utt/sw_0694_2380.utt,2/sw2380,2380,170,sv,B,101,1,"# I don't know that I want to, #","I/PRP do/VBP n't/RB know/VB that/IN I/PRP want/VBP to/TO ,/,",,
sw06utt/sw_0694_2380.utt,2/sw2380,2380,171,sd,A,102,1,"# I think so,  /","I/PRP think/VBP so/RB ,/,",,
sw06utt/sw_0694_2380.utt,2/sw2380,2380,172,%,A,102,2,"{C and } I, # -/","and/CC I/PRP ,/,",,
sw06utt/sw_0694_2380.utt,2/sw2380,2380,173,+,B,103,1,sit on a jury like that  /,sit/VB on/IN a/DT jury/NN like/IN that/DT,,
sw06utt/sw_0694_2380.utt,2/sw2380,2380,174,sv,B,103,2,"{C and }  you'd still, {D you know, } - /","and/CC you/PRP 'd/MD still/RB ,/, you/PRP know/VBP ,/,",,
sw06utt/sw_0694_2380.utt,2/sw2380,2380,175,sv,B,103,3,I want ask some questions here <laughter>. /,I/PRP want/VBP ask/VB some/DT questions/NNS here/RB ./.,,
sw06utt/sw_0694_2380.utt,2/sw2380,2380,176,b,A,104,1,"Yeah,  /","Yeah/UH ,/,",,
sw06utt/sw_0694_2380.utt,2/sw2380,2380,177,sv,A,104,2,that's something I thought  would be a very good idea of when juries come in they are told just to shut up and listen. /,that/DT 's/BES something/NN I/PRP thought/VBD would/MD be/VB a/DT very/RB good/JJ idea/NN of/IN when/WRB juries/NNS come/VBP in/IN they/PRP are/VBP told/VBN just/RB to/TO shut/VB up/RP and/CC listen/VB ./.,,
sw06utt/sw_0694_2380.utt,2/sw2380,2380,178,b,B,105,1,Uh-huh. /,Uh-huh/UH ./.,,
sw06utt/sw_0694_2380.utt,2/sw2380,2380,179,sv,A,106,1,"{C And } it seems to me that you'd  get a lot more, {F uh, } information if your questions were heard,","And/CC it/PRP seems/VBZ to/IN me/PRP that/IN you/PRP 'd/MD get/VB a/DT lot/NN more/JJR ,/, uh/UH ,/, information/NN if/IN your/PRP$ questions/NNS were/VBD heard/VBN ,/,",,
sw06utt/sw_0694_2380.utt,2/sw2380,2380,180,b^r,B,107,1,Uh-huh. /,Uh-huh/UH ./.,,
sw06utt/sw_0694_2380.utt,2/sw2380,2380,181,+,A,108,1,"if you were allowed to ask the witnesses  things, [ or if, +  or the ] lawyers things or even the judge. /","if/IN you/PRP were/VBD allowed/VBN to/TO ask/VB the/DT witnesses/NNS things/NNS ,/, or/CC if/IN ,/, or/CC the/DT lawyers/NNS things/NNS or/CC even/RB the/DT judge/NN ./.",,
sw06utt/sw_0694_2380.utt,2/sw2380,2380,182,b,B,109,1,Right. /,Right/UH ./.,,
sw06utt/sw_0694_2380.utt,2/sw2380,2380,183,sv,A,110,1,{C But } particularly the witnesses. /,But/CC particularly/RB the/DT witnesses/NNS ./.,,
sw06utt/sw_0694_2380.utt,2/sw2380,2380,184,aa,B,111,1,Right.  /,Right/UH ./.,,
sw06utt/sw_0694_2380.utt,2/sw2380,2380,185,aa,B,111,2,"Yeah,  /","Yeah/UH ,/,",,
sw06utt/sw_0694_2380.utt,2/sw2380,2380,186,sv,B,111,3,"allow them to,  {F uh, } go back [ and, + and ] deliberate  {C and, } {F uh, } {D you know, } after each days proceedings come out  with some questions that they want answered like the next day, bring those people back, /","allow/VBP them/PRP to/TO ,/, uh/UH ,/, go/VB back/RB and/CC ,/, and/CC deliberate/VB and/CC ,/, uh/UH ,/, you/PRP know/VBP ,/, after/IN each/DT days/NNS proceedings/NNS come/VBP out/RP with/IN some/DT questions/NNS that/WDT they/PRP want/VBP answered/VBN like/IN the/DT next/JJ day/NN ,/, bring/VB those/DT people/NNS back/RB ,/,",,
sw06utt/sw_0694_2380.utt,2/sw2380,2380,187,sv,A,112,1,"{C Or } if they would allow them to,  {F uh, } give broader answers, they, - /","Or/CC if/IN they/PRP would/MD allow/VB them/PRP to/TO ,/, uh/UH ,/, give/VB broader/JJR answers/NNS ,/, they/PRP ,/,",,
sw06utt/sw_0694_2380.utt,2/sw2380,2380,188,sv,A,112,2,"it's really kind of, {F uh, } choreographed.  /","it/PRP 's/BES really/RB kind/RB of/RB ,/, uh/UH ,/, choreographed/VBN ./.",,
sw06utt/sw_0694_2380.utt,2/sw2380,2380,189,sv,A,112,3,It's like  a script has been written when people testify.  /,It/PRP 's/BES like/IN a/DT script/NN has/VBZ been/VBN written/VBN when/WRB people/NNS testify/VBP ./.,,
sw06utt/sw_0694_2380.utt,2/sw2380,2380,190,sv,A,112,4,"They aren't testifying really in their own words, /","They/PRP are/VBP n't/RB testifying/VBG really/RB in/IN their/PRP$ own/JJ words/NNS ,/,",,
sw06utt/sw_0694_2380.utt,2/sw2380,2380,191,b,B,113,1,Right. /,Right/UH ./.,,
sw06utt/sw_0694_2380.utt,2/sw2380,2380,192,b,A,114,1,"Yeah,  /","Yeah/UH ,/,",,
sw06utt/sw_0694_2380.utt,2/sw2380,2380,193,sd,A,114,2,"I can remember, {F uh, } friends of Daddy ... -/","I/PRP can/MD remember/VB ,/, uh/UH ,/, friends/NNS of/IN Daddy/NNP .../:",,
