swda_filename,ptb_basename,conversation_no,transcript_index,act_tag,caller,utterance_index,subutterance_index,text,pos,trees,ptb_treenumbers
sw10utt/sw_1080_2812.utt,2/sw2812,2812,0,o,B,1,1,Women? /,Women/NNS ?/.,,
sw10utt/sw_1080_2812.utt,2/sw2812,2812,1,ny,A,2,1,"Yeah,  /","Yeah/UH ,/,",,
sw10utt/sw_1080_2812.utt,2/sw2812,2812,2,sd^t,A,2,2,"the changing roles of women,  how roles changed  /","the/DT changing/VBG roles/NNS of/IN women/NNS ,/, how/WRB roles/NNS changed/VBD",,
sw10utt/sw_1080_2812.utt,2/sw2812,2812,3,sd^t,A,2,3,{C and } what do you see coming in the future. /,and/CC what/WP do/VBP you/PRP see/VB coming/VBG in/IN the/DT future/NN ./.,,
sw10utt/sw_1080_2812.utt,2/sw2812,2812,4,bk,B,3,1,"{F Oh, } okay,  /","Oh/UH ,/, okay/UH ,/,",,
sw10utt/sw_1080_2812.utt,2/sw2812,2812,5,sd^t,B,3,2,that's not a broad enough topic <laughter>. /,that/DT 's/BES not/RB a/DT broad/JJ enough/RB topic/NN ./.,,
sw10utt/sw_1080_2812.utt,2/sw2812,2812,6,b,A,4,1,"Okay,  /","Okay/UH ,/,",,
sw10utt/sw_1080_2812.utt,2/sw2812,2812,7,b,A,4,2,yeah.  /,yeah/UH ./.,,
sw10utt/sw_1080_2812.utt,2/sw2812,2812,8,sv,A,4,3,Sounds good. /,Sounds/VBZ good/JJ ./.,,
sw10utt/sw_1080_2812.utt,2/sw2812,2812,9,sd,B,5,1,I'm ready when you are. /,I/PRP 'm/VBP ready/JJ when/WRB you/PRP are/VBP ./.,,
sw10utt/sw_1080_2812.utt,2/sw2812,2812,10,b,A,6,1,"Okay,  /","Okay/UH ,/,",,
sw10utt/sw_1080_2812.utt,2/sw2812,2812,11,ad,A,6,2,hold on. /,hold/VB on/RP ./.,,
sw10utt/sw_1080_2812.utt,2/sw2812,2812,12,aa,B,7,1,Okay. /,Okay/UH ./.,,
sw10utt/sw_1080_2812.utt,2/sw2812,2812,13,qy,A,8,1,<Clicking>  Are you there? /,Are/VBP you/PRP there/RB ?/.,,
sw10utt/sw_1080_2812.utt,2/sw2812,2812,14,ny,B,9,1,"Yeah,  /","Yeah/UH ,/,",,
sw10utt/sw_1080_2812.utt,2/sw2812,2812,15,sd^e,B,9,2,I'm here. /,I/PRP 'm/VBP here/RB ./.,,
sw10utt/sw_1080_2812.utt,2/sw2812,2812,16,fe,A,10,1,"{F Oh } my goodness,  /","Oh/UH my/PRP$ goodness/NN ,/,",,
sw10utt/sw_1080_2812.utt,2/sw2812,2812,17,sd,A,10,2,I can't believe  I did that.  /,I/PRP ca/MD n't/RB believe/VB I/PRP did/VBD that/DT ./.,,
sw10utt/sw_1080_2812.utt,2/sw2812,2812,18,^h,A,10,3,"Okay,  /","Okay/UH ,/,",,
sw10utt/sw_1080_2812.utt,2/sw2812,2812,19,ad,A,10,4,hold on. /,hold/VB on/RP ./.,,
sw10utt/sw_1080_2812.utt,2/sw2812,2812,20,aa,B,11,1,That's okay. /,That/DT 's/BES okay/JJ ./.,,
sw10utt/sw_1080_2812.utt,2/sw2812,2812,21,o,A,12,1,"<Beep>  Okay, {F um, }  /","Okay/UH ,/, um/UH ,/,",,
sw10utt/sw_1080_2812.utt,2/sw2812,2812,22,%,A,12,2,I. -/,I/PRP ./.,,
sw10utt/sw_1080_2812.utt,2/sw2812,2812,23,o,B,13,1,"Okay,  /","Okay/UH ,/,",,
sw10utt/sw_1080_2812.utt,2/sw2812,2812,24,h,B,13,2,"{F um, } I don't know,  /","um/UH ,/, I/PRP do/VBP n't/RB know/VB ,/,",,
sw10utt/sw_1080_2812.utt,2/sw2812,2812,25,qy,B,13,3,"are you in your thirties,  /","are/VBP you/PRP in/IN your/PRP$ thirties/NNS ,/,",,
sw10utt/sw_1080_2812.utt,2/sw2812,2812,26,%,B,13,4,"{C or, } -/","or/CC ,/,",,
sw10utt/sw_1080_2812.utt,2/sw2812,2812,27,nn,A,14,1,"No,  /","No/UH ,/,",,
sw10utt/sw_1080_2812.utt,2/sw2812,2812,28,sd^e,A,14,2,"[ I, + I'm ] twenty-three. /","I/PRP ,/, I/PRP 'm/VBP twenty-three/CD ./.",,
sw10utt/sw_1080_2812.utt,2/sw2812,2812,29,bk,B,15,1,"{F Oh, } okay. /","Oh/UH ,/, okay/UH ./.",,
sw10utt/sw_1080_2812.utt,2/sw2812,2812,30,b,A,16,1,# Uh-huh. # /,Uh-huh/UH ./.,,
sw10utt/sw_1080_2812.utt,2/sw2812,2812,31,sd,B,17,1,# {D Well } # then I can tell you  that roles have changed.  /,Well/UH then/RB I/PRP can/MD tell/VB you/PRP that/IN roles/NNS have/VBP changed/VBN ./.,,
sw10utt/sw_1080_2812.utt,2/sw2812,2812,32,sd,B,17,2,"I'm thirty-eight <laughter>, /","I/PRP 'm/VBP thirty-eight/CD ,/,",,
sw10utt/sw_1080_2812.utt,2/sw2812,2812,33,b,A,18,1,"# Uh-huh,  /","Uh-huh/UH ,/,",,
sw10utt/sw_1080_2812.utt,2/sw2812,2812,34,b^r,A,18,2,uh-huh. # /,uh-huh/UH ./.,,
sw10utt/sw_1080_2812.utt,2/sw2812,2812,35,sv,B,19,1,# {C and } they # changed quite a bit. /,and/CC they/PRP changed/VBD quite/PDT a/DT bit/NN ./.,,
sw10utt/sw_1080_2812.utt,2/sw2812,2812,36,b,A,20,1,# Uh-huh. # /,Uh-huh/UH ./.,,
sw10utt/sw_1080_2812.utt,2/sw2812,2812,37,%,B,21,1,"# {F Um, } # I, - /","Um/UH ,/, I/PRP ,/,",,
sw10utt/sw_1080_2812.utt,2/sw2812,2812,38,sd,B,21,2,"this was my twentieth high school reunion, in Chicago. /","this/DT was/VBD my/PRP$ twentieth/JJ high/JJ school/NN reunion/NN ,/, in/IN Chicago/NNP ./.",,
sw10utt/sw_1080_2812.utt,2/sw2812,2812,39,b,A,22,1,Uh-huh. /,Uh-huh/UH ./.,,
sw10utt/sw_1080_2812.utt,2/sw2812,2812,40,%,B,23,1,"{C And } basically, {F um, } the choices,  {E I mean, } {D you know, }  /","And/CC basically/RB ,/, um/UH ,/, the/DT choices/NNS ,/, I/PRP mean/VBP ,/, you/PRP know/VBP ,/,",,
sw10utt/sw_1080_2812.utt,2/sw2812,2812,41,sv,B,23,2,you probably heard that in the fifties women liked to stay home and all that. /,you/PRP probably/RB heard/VBD that/IN in/IN the/DT fifties/NNS women/NNS liked/VBD to/TO stay/VB home/NN and/CC all/DT that/DT ./.,,
sw10utt/sw_1080_2812.utt,2/sw2812,2812,42,b,A,24,1,"Right,  /","Right/UH ,/,",,
sw10utt/sw_1080_2812.utt,2/sw2812,2812,43,b,A,24,2,uh-huh. /,uh-huh/UH ./.,,
sw10utt/sw_1080_2812.utt,2/sw2812,2812,44,sd,B,25,1,"That's kind of, {F um, } the opposite of what  it was in the sixties and early seventies. /","That/DT 's/BES kind/RB of/RB ,/, um/UH ,/, the/DT opposite/NN of/IN what/WP it/PRP was/VBD in/IN the/DT sixties/NNS and/CC early/JJ seventies/NNS ./.",,
sw10utt/sw_1080_2812.utt,2/sw2812,2812,45,b,A,26,1,Right. /,Right/UH ./.,,
sw10utt/sw_1080_2812.utt,2/sw2812,2812,46,sv,B,27,1,"It was sort of just to {F um, } go protest, /","It/PRP was/VBD sort/RB of/RB just/RB to/TO um/UH ,/, go/VB protest/VB ,/,",,
sw10utt/sw_1080_2812.utt,2/sw2812,2812,47,b,A,28,1,# Uh-huh. # /,Uh-huh/UH ./.,,
sw10utt/sw_1080_2812.utt,2/sw2812,2812,48,sv,B,29,1,"# {C and, } # {F uh, } just, everybody be damned and  live with some one,  /","and/CC ,/, uh/UH ,/, just/RB ,/, everybody/NN be/VB damned/JJ and/CC live/VB with/IN some/DT one/CD ,/,",,
sw10utt/sw_1080_2812.utt,2/sw2812,2812,49,sv,B,29,2,"{C and, } {D you know, }","and/CC ,/, you/PRP know/VBP ,/,",,
sw10utt/sw_1080_2812.utt,2/sw2812,2812,50,b,A,30,1,"# Uh-huh,  /","Uh-huh/UH ,/,",,
sw10utt/sw_1080_2812.utt,2/sw2812,2812,51,%,A,30,2,"I know that, th-, # -/","I/PRP know/VBP that/IN ,/, th-/XX ,/,",,
sw10utt/sw_1080_2812.utt,2/sw2812,2812,52,+,B,31,1,"# [ soci-, + social ] morals were a # little bit lacking. /","soci/JJ ,/, social/JJ morals/NNS were/VBD a/DT little/JJ bit/NN lacking/JJ ./.",,
sw10utt/sw_1080_2812.utt,2/sw2812,2812,53,b,A,32,1,"Uh-huh,  /","Uh-huh/UH ,/,",,
sw10utt/sw_1080_2812.utt,2/sw2812,2812,54,sv,A,32,2,"I know that, {F uh, } [ in, +  in ]  the early seventies, {F uh, } I think women were the first people [ to, + to ]  make a move as far as individuals. /","I/PRP know/VBP that/IN ,/, uh/UH ,/, in/IN ,/, in/IN the/DT early/JJ seventies/NNS ,/, uh/UH ,/, I/PRP think/VBP women/NNS were/VBD the/DT first/JJ people/NNS to/TO ,/, to/TO make/VB a/DT move/NN as/RB far/RB as/IN individuals/NNS ./.",,
sw10utt/sw_1080_2812.utt,2/sw2812,2812,55,b,B,33,1,Uh-huh. /,Uh-huh/UH ./.,,
sw10utt/sw_1080_2812.utt,2/sw2812,2812,56,sv,A,34,1,"{F Um, } {F uh, } before that a lot of people  that wanted to protest were large groups like, {F uh, } black people, or, {D you know, }  just large, large groups of people,  /","Um/UH ,/, uh/UH ,/, before/IN that/DT a/DT lot/NN of/IN people/NNS that/WDT wanted/VBD to/TO protest/VB were/VBD large/JJ groups/NNS like/IN ,/, uh/UH ,/, black/JJ people/NNS ,/, or/CC ,/, you/PRP know/VBP ,/, just/RB large/JJ ,/, large/JJ groups/NNS of/IN people/NNS ,/,",,
sw10utt/sw_1080_2812.utt,2/sw2812,2812,57,%,A,34,2,"[ {C but, } + {C but } ] the, -/","but/CC ,/, but/CC the/DT ,/,",,
sw10utt/sw_1080_2812.utt,2/sw2812,2812,58,b,B,35,1,Right  /,Right/UH,,
sw10utt/sw_1080_2812.utt,2/sw2812,2812,59,sv,B,35,2,"[ it was more, + it was more ] civil rights oriented,","it/PRP was/VBD more/JJR ,/, it/PRP was/VBD more/JJR civil/JJ rights/NNS oriented/VBN ,/,",,
sw10utt/sw_1080_2812.utt,2/sw2812,2812,60,b,A,36,1,"Right, /","Right/UH ,/,",,
sw10utt/sw_1080_2812.utt,2/sw2812,2812,61,+,B,37,1,"or race oriented rather than gender based,  /","or/CC race/NN oriented/VBN rather/IN than/IN gender/NN based/VBN ,/,",,
sw10utt/sw_1080_2812.utt,2/sw2812,2812,62,b,B,37,2,yeah. /,yeah/UH ./.,,
sw10utt/sw_1080_2812.utt,2/sw2812,2812,63,sv,A,38,1,"{C and } [ I think, + I think ] the women's movement  kind of brought in individual lives where you had women's movements  /","and/CC I/PRP think/VBP ,/, I/PRP think/VBP the/DT women/NNS 's/POS movement/NN kind/RB of/RB brought/VBD in/IN individual/JJ lives/NNS where/WRB you/PRP had/VBD women/NNS 's/POS movements/NNS",,
sw10utt/sw_1080_2812.utt,2/sw2812,2812,64,sv,A,38,2,"{C and } you had gay movements,","and/CC you/PRP had/VBD gay/JJ movements/NNS ,/,",,
sw10utt/sw_1080_2812.utt,2/sw2812,2812,65,b,B,39,1,# Uh-huh. # /,Uh-huh/UH ./.,,
sw10utt/sw_1080_2812.utt,2/sw2812,2812,66,+,A,40,1,# and # just the smaller groups of people. /,and/CC just/RB the/DT smaller/JJR groups/NNS of/IN people/NNS ./.,,
sw10utt/sw_1080_2812.utt,2/sw2812,2812,67,ba,B,41,1,# It did.  # /,It/PRP did/VBD ./.,,
sw10utt/sw_1080_2812.utt,2/sw2812,2812,68,sv,A,42,1,"# {C And } I # think since then [ is, + is ]  when a lot of the women's roles have started to change. /","And/CC I/PRP think/VBP since/IN then/RB is/VBZ ,/, is/VBZ when/WRB a/DT lot/NN of/IN the/DT women/NNS 's/POS roles/NNS have/VBP started/VBN to/TO change/VB ./.",,
sw10utt/sw_1080_2812.utt,2/sw2812,2812,69,ba,B,43,1,It did  /,It/PRP did/VBD,,
sw10utt/sw_1080_2812.utt,2/sw2812,2812,70,sv,B,43,2,"{C and } some of the other stuff that, {F um, }  I think that changed it, [ you, + ] {F uh, } when I first got out of college fifteen years ago,  they were always saying {D well, } [ if you, + if you ] were assertive you  were a libber,  /","and/CC some/DT of/IN the/DT other/JJ stuff/NN that/WDT ,/, um/UH ,/, I/PRP think/VBP that/WDT changed/VBD it/PRP ,/, you/PRP ,/, uh/UH ,/, when/WRB I/PRP first/RB got/VBD out/IN of/IN college/NN fifteen/CD years/NNS ago/RB ,/, they/PRP were/VBD always/RB saying/VBG well/UH ,/, if/IN you/PRP ,/, if/IN you/PRP were/VBD assertive/JJ you/PRP were/VBD a/DT libber/NN ,/,",,
sw10utt/sw_1080_2812.utt,2/sw2812,2812,71,sv,B,43,3,{C or } you were aggressive not assertive and independent. /,or/CC you/PRP were/VBD aggressive/JJ not/RB assertive/JJ and/CC independent/JJ ./.,,
sw10utt/sw_1080_2812.utt,2/sw2812,2812,72,b,A,44,1,# Uh-huh. # /,Uh-huh/UH ./.,,
sw10utt/sw_1080_2812.utt,2/sw2812,2812,73,sd,B,45,1,"# {C And } # in terms of the corporate  community, I've seen a big change in terms of men finally being quote, unquote, used to women,","And/CC in/IN terms/NNS of/IN the/DT corporate/JJ community/NN ,/, I/PRP 've/VBP seen/VBN a/DT big/JJ change/NN in/IN terms/NNS of/IN men/NNS finally/RB being/VBG quote/NN ,/, unquote/NN ,/, used/JJ to/IN women/NNS ,/,",,
sw10utt/sw_1080_2812.utt,2/sw2812,2812,74,b,A,46,1,# Uh-huh. # /,Uh-huh/UH ./.,,
sw10utt/sw_1080_2812.utt,2/sw2812,2812,75,+,B,47,1,"# who # are in, {F uh, } controlling positions,","who/WP are/VBP in/IN ,/, uh/UH ,/, controlling/VBG positions/NNS ,/,",,
sw10utt/sw_1080_2812.utt,2/sw2812,2812,76,ba,A,48,1,# Exactly.  # /,Exactly/UH ./.,,
sw10utt/sw_1080_2812.utt,2/sw2812,2812,77,+,B,49,1,"# [ as # higher, {D you know, } corporate, +  in the corporate ] hierarchy. /","as/IN higher/JJR ,/, you/PRP know/VBP ,/, corporate/JJ ,/, in/IN the/DT corporate/JJ hierarchy/NN ./.",,
sw10utt/sw_1080_2812.utt,2/sw2812,2812,78,b,A,50,1,# Uh-huh  /,Uh-huh/UH,,
sw10utt/sw_1080_2812.utt,2/sw2812.pos,2812,79,x,A,50,2,<breathing>.  #,./.
sw10utt/sw_1080_2812.utt,2/sw2812,2812,80,sv,B,51,1,# {C So } I # think that's good. /,So/RB I/PRP think/VBP that/DT 's/BES good/JJ ./.,,
sw10utt/sw_1080_2812.utt,2/sw2812,2812,81,sv,A,52,1,"I think that, {F uh, } {D you know, }  you can just look at home life and see, I've been talking to a lot of people [ a-, + about ]  education and things,","I/PRP think/VBP that/IN ,/, uh/UH ,/, you/PRP know/VBP ,/, you/PRP can/MD just/RB look/VB at/IN home/NN life/NN and/CC see/VB ,/, I/PRP 've/VBP been/VBN talking/VBG to/IN a/DT lot/NN of/IN people/NNS a-/IN ,/, about/IN education/NN and/CC things/NNS ,/,",,
sw10utt/sw_1080_2812.utt,2/sw2812,2812,82,b,B,53,1,# Uh-huh. # /,Uh-huh/UH ./.,,
sw10utt/sw_1080_2812.utt,2/sw2812,2812,83,+,A,54,1,"# [ and, + # and ] [ [ what, + what, ] + what ]  affects the school system  /","and/CC ,/, and/CC what/WP ,/, what/WP ,/, what/WP affects/VBZ the/DT school/NN system/NN",,
sw10utt/sw_1080_2812.utt,2/sw2812,2812,84,sv,A,54,2,"{C and } I think that a big thing that effects it is that the mother is not home anymore,","and/CC I/PRP think/VBP that/IN a/DT big/JJ thing/NN that/WDT effects/VBZ it/PRP is/VBZ that/IN the/DT mother/NN is/VBZ not/RB home/VB anymore/RB ,/,",,
sw10utt/sw_1080_2812.utt,2/sw2812,2812,85,b,B,55,1,# Right. # /,Right/UH ./.,,
sw10utt/sw_1080_2812.utt,2/sw2812,2812,86,+,A,56,1,"# {F um, } # like she used to be.  /","um/UH ,/, like/IN she/PRP used/VBD to/TO be/VB ./.",,
sw10utt/sw_1080_2812.utt,2/sw2812,2812,87,sv,A,56,2,"She used to be [ kind of a, + kind of [ a, + a ] ] rock, {D you know, }","She/PRP used/VBD to/TO be/VB kind/RB of/RB a/DT ,/, kind/RB of/RB a/DT ,/, a/DT rock/NN ,/, you/PRP know/VBP ,/,",,
sw10utt/sw_1080_2812.utt,2/sw2812,2812,88,^2,B,57,1,"# The mainstay,  /","The/DT mainstay/NN ,/,",,
sw10utt/sw_1080_2812.utt,2/sw2812,2812,89,b,B,57,2,yeah. # /,yeah/UH ./.,,
sw10utt/sw_1080_2812.utt,2/sw2812,2812,90,+,A,58,1,"# in the house,  /","in/IN the/DT house/NN ,/,",,
sw10utt/sw_1080_2812.utt,2/sw2812,2812,91,aa,A,58,2,# yeah.  /,yeah/UH ./.,,
sw10utt/sw_1080_2812.utt,2/sw2812,2812,92,sd,A,58,3,"{C And, } {F uh, } [ since, + since ] everyone is going out and  working now, whether it be because of finances or just the economy,","And/CC ,/, uh/UH ,/, since/IN ,/, since/IN everyone/NN is/VBZ going/VBG out/RB and/CC working/VBG now/RB ,/, whether/IN it/PRP be/VB because/IN of/IN finances/NNS or/CC just/RB the/DT economy/NN ,/,",,
sw10utt/sw_1080_2812.utt,2/sw2812,2812,93,^2,B,59,1,"# and restructuring, stepfamilies,  /","and/CC restructuring/VBG ,/, stepfamilies/NNS ,/,",,
sw10utt/sw_1080_2812.utt,2/sw2812,2812,94,b,B,59,2,yeah. # /,yeah/UH ./.,,
sw10utt/sw_1080_2812.utt,2/sw2812,2812,95,+,A,60,1,"# {F uh, } the mother's not # there anymore  /","uh/UH ,/, the/DT mother/NN 's/POS not/RB there/RB anymore/RB",,
sw10utt/sw_1080_2812.utt,2/sw2812,2812,96,%,A,60,2,"{C and } the children are, - /","and/CC the/DT children/NNS are/VBP ,/,",,
sw10utt/sw_1080_2812.utt,2/sw2812,2812,97,sd,A,60,3,"[ I think, + I think ] a lot of society is suffering.  /","I/PRP think/VBP ,/, I/PRP think/VBP a/DT lot/NN of/IN society/NN is/VBZ suffering/VBG ./.",,
sw10utt/sw_1080_2812.utt,2/sw2812,2812,98,h,A,60,4,"Not to say that women shouldn't, {D you know, }  go out and do what they want to do  /","Not/RB to/TO say/VB that/IN women/NNS should/MD n't/RB ,/, you/PRP know/VBP ,/, go/VB out/RB and/CC do/VBP what/WP they/PRP want/VBP to/TO do/VB",,
sw10utt/sw_1080_2812.utt,2/sw2812,2812,99,sv,A,60,5,"{C but } I think that, {F um, }","but/CC I/PRP think/VBP that/IN ,/, um/UH ,/,",,
sw10utt/sw_1080_2812.utt,2/sw2812,2812,100,b,B,61,1,# Right. # /,Right/UH ./.,,
sw10utt/sw_1080_2812.utt,2/sw2812,2812,101,+,A,62,1,# society's # really going to have to get  used to it.  /,society/NN 's/BES really/RB going/VBG to/TO have/VB to/TO get/VB used/VBN to/IN it/PRP ./.,,
sw10utt/sw_1080_2812.utt,2/sw2812,2812,102,sv,A,62,2,{C And } they're not quite used to it yet  /,And/CC they/PRP 're/VBP not/RB quite/RB used/JJ to/IN it/PRP yet/RB,,
sw10utt/sw_1080_2812.utt,2/sw2812,2812,103,%,A,62,3,"{C and } that's I, -/","and/CC that/DT 's/BES I/PRP ,/,",,
sw10utt/sw_1080_2812.utt,2/sw2812,2812,104,%,B,63,1,"[ The schools or  the mo-, + the schools ] or  the parents,  /","The/DT schools/NNS or/CC the/DT mo-/XX ,/, the/DT schools/NNS or/CC the/DT parents/NNS ,/,",,
sw10utt/sw_1080_2812.utt,2/sw2812,2812,105,b,B,63,2,yeah. /,yeah/UH ./.,,
sw10utt/sw_1080_2812.utt,2/sw2812,2812,106,b,A,64,1,"Yes,  /","Yes/UH ,/,",,
sw10utt/sw_1080_2812.utt,2/sw2812,2812,107,b,A,64,2,uh-huh. /,uh-huh/UH ./.,,
sw10utt/sw_1080_2812.utt,2/sw2812,2812,108,^h,B,65,1,"{F Um, } I'm trying to think of what else.  /","Um/UH ,/, I/PRP 'm/VBP trying/VBG to/TO think/VB of/IN what/WP else/RB ./.",,
sw10utt/sw_1080_2812.utt,2/sw2812,2812,109,sd,B,65,2,I have a lot of opinions on this except all of a sudden I went blank <laughter>. /,I/PRP have/VBP a/DT lot/NN of/IN opinions/NNS on/IN this/DT except/IN all/DT of/IN a/DT sudden/JJ I/PRP went/VBD blank/JJ ./.,,
sw10utt/sw_1080_2812.utt,2/sw2812,2812,110,x,A,66,1,<Laughter>.,,,
sw10utt/sw_1080_2812.utt,2/sw2812,2812,111,sv,B,67,1,"A lot of the things, {F um, }  the demographics do,  /","A/DT lot/NN of/IN the/DT things/NNS ,/, um/UH ,/, the/DT demographics/NNS do/VBP ,/,",,
sw10utt/sw_1080_2812.utt,2/sw2812,2812,112,sv,B,67,2,"{E I mean, } there are more, - /","I/PRP mean/VBP ,/, there/EX are/VBP more/JJR ,/,",,
sw10utt/sw_1080_2812.utt,2/sw2812,2812,113,sd,B,67,3,"I don't have the numbers in my head right now,  /","I/PRP do/VBP n't/RB have/VB the/DT numbers/NNS in/IN my/PRP$ head/NN right/RB now/RB ,/,",,
sw10utt/sw_1080_2812.utt,2/sw2812,2812,114,sv,B,67,4,"{C but, } a lot of the things that brought feminism, {E I mean } there are just  more women [ [ in, + in, ] + in ] the demographics, just generally,","but/CC ,/, a/DT lot/NN of/IN the/DT things/NNS that/WDT brought/VBD feminism/NN ,/, I/PRP mean/VBP there/EX are/VBP just/RB more/JJR women/NNS in/IN ,/, in/IN ,/, in/IN the/DT demographics/NNS ,/, just/RB generally/RB ,/,",,
sw10utt/sw_1080_2812.utt,2/sw2812,2812,115,b,A,68,1,"# Right,  /","Right/UH ,/,",,
sw10utt/sw_1080_2812.utt,2/sw2812,2812,116,b,A,68,2,uh-huh. # /,uh-huh/UH ./.,,
sw10utt/sw_1080_2812.utt,2/sw2812,2812,117,+,B,69,1,"# in the # United States, in terms of being, -/","in/IN the/DT United/NNP States/NNPS ,/, in/IN terms/NNS of/IN being/VBG ,/,",,
sw10utt/sw_1080_2812.utt,2/sw2812,2812,118,b,A,70,1,# Uh-huh. # /,Uh-huh/UH ./.,,
sw10utt/sw_1080_2812.utt,2/sw2812,2812,119,sd,B,71,1,"# {E I # mean, } I'm the typical baby boomer,  /","I/PRP mean/VBP ,/, I/PRP 'm/VBP the/DT typical/JJ baby/NN boomer/NN ,/,",,
sw10utt/sw_1080_2812.utt,2/sw2812,2812,120,sd,B,71,2,"I hate that term, /","I/PRP hate/VBP that/DT term/NN ,/,",,
sw10utt/sw_1080_2812.utt,2/sw2812,2812,121,b,A,72,1,"# {F Oh, } yeah. # /","Oh/UH ,/, yeah/UH ./.",,
sw10utt/sw_1080_2812.utt,2/sw2812,2812,122,sd,B,73,1,"# {C but } in # terms of [ women, +","but/CC in/IN terms/NNS of/IN women/NNS ,/,",,
sw10utt/sw_1080_2812.utt,2/sw2812,2812,123,b,A,74,1,# <Laughter>  Yeah. # /,Yeah/UH ./.,,
sw10utt/sw_1080_2812.utt,2/sw2812,2812,124,+,B,75,1,"# <Laughter>  women ] # going out, {E I mean }  twenty-three, I remember that. /","women/NNS going/VBG out/RB ,/, I/PRP mean/VBP twenty-three/CD ,/, I/PRP remember/VBP that/DT ./.",,
sw10utt/sw_1080_2812.utt,2/sw2812,2812,125,x,A,76,1,<Laughter>.,,,
sw10utt/sw_1080_2812.utt,2/sw2812,2812,126,qw,B,77,1,"What's it like to be twenty-three as a woman  today,  /","What/WP 's/BES it/PRP like/IN to/TO be/VB twenty-three/CD as/IN a/DT woman/NN today/RB ,/,",,
sw10utt/sw_1080_2812.utt,2/sw2812,2812,127,sd,B,77,2,"{E I mean, } when I was twenty-three the issues were either go to  graduate school or get married, /","I/PRP mean/VBP ,/, when/WRB I/PRP was/VBD twenty-three/CD the/DT issues/NNS were/VBD either/CC go/VB to/IN graduate/NN school/NN or/CC get/VB married/VBN ,/,",,
sw10utt/sw_1080_2812.utt,2/sw2812,2812,128,b,A,78,1,# Uh-huh. # /,Uh-huh/UH ./.,,
sw10utt/sw_1080_2812.utt,2/sw2812,2812,129,sd,B,79,1,"# {F um, } # those were the general issues. /","um/UH ,/, those/DT were/VBD the/DT general/JJ issues/NNS ./.",,
sw10utt/sw_1080_2812.utt,2/sw2812,2812,130,sd^t,A,80,1,"Speaking of getting married, I was talking to  someone yesterday on this, on the project, /","Speaking/VBG of/IN getting/VBG married/VBN ,/, I/PRP was/VBD talking/VBG to/IN someone/NN yesterday/RB on/IN this/DT ,/, on/IN the/DT project/NN ,/,",,
sw10utt/sw_1080_2812.utt,2/sw2812,2812,131,b,B,81,1,# Uh-huh. # /,Uh-huh/UH ./.,,
sw10utt/sw_1080_2812.utt,2/sw2812,2812,132,sd^t,A,82,1,"# {C and, } # {F uh, } {F uh, } we were talking  about child care  /","and/CC ,/, uh/UH ,/, uh/UH ,/, we/PRP were/VBD talking/VBG about/IN child/NN care/NN",,
sw10utt/sw_1080_2812.utt,2/sw2812,2812,133,sd,A,82,2,{C and } he asked me if I had any kids.  /,and/CC he/PRP asked/VBD me/PRP if/IN I/PRP had/VBD any/DT kids/NNS ./.,,
sw10utt/sw_1080_2812.utt,2/sw2812,2812,134,sd,A,82,3,He was about forty or fifty years old  /,He/PRP was/VBD about/RB forty/CD or/CC fifty/CD years/NNS old/JJ,,
sw10utt/sw_1080_2812.utt,2/sw2812,2812,135,sd,A,82,4,"{C and } I said no, I'm just twenty, /","and/CC I/PRP said/VBD no/UH ,/, I/PRP 'm/VBP just/RB twenty/CD ,/,",,
sw10utt/sw_1080_2812.utt,2/sw2812,2812,136,sd,B,83,1,"# He was ancient,  /","He/PRP was/VBD ancient/JJ ,/,",,
sw10utt/sw_1080_2812.utt,2/sw2812,2812,137,%,B,83,2,yeah. # /,yeah/UH ./.,,
sw10utt/sw_1080_2812.utt,2/sw2812,2812,138,sd,A,84,1,"# {C and } I said no, # I'm just twenty-three,","and/CC I/PRP said/VBD no/UH ,/, I/PRP 'm/VBP just/RB twenty-three/CD ,/,",,
sw10utt/sw_1080_2812.utt,2/sw2812,2812,139,b,B,85,1,# Uh-huh. # /,Uh-huh/UH ./.,,
sw10utt/sw_1080_2812.utt,2/sw2812,2812,140,+,A,86,1,"# {D you # know, } because I don't think of  myself as needing to have children  /","you/PRP know/VBP ,/, because/IN I/PRP do/VBP n't/RB think/VB of/IN myself/PRP as/IN needing/VBG to/TO have/VB children/NNS",,
sw10utt/sw_1080_2812.utt,2/sw2812,2812,141,sd(^q),A,86,2,"{C but } [ h-, + ] the first thing he says  is, {D well } don't you miss that part of your life.  /","but/CC h-/XX ,/, the/DT first/JJ thing/NN he/PRP says/VBZ is/VBZ ,/, well/UH do/VB n't/RB you/PRP miss/VB that/DT part/NN of/IN your/PRP$ life/NN ./.",,
sw10utt/sw_1080_2812.utt,2/sw2812,2812,142,%,A,86,3,"{C And } I just, - /","And/CC I/PRP just/RB ,/,",,
sw10utt/sw_1080_2812.utt,2/sw2812,2812,143,%,A,86,4,"I, - /","I/PRP ,/,",,
sw10utt/sw_1080_2812.utt,2/sw2812,2812,144,sd,A,86,5,"[ my, + my ] mind just went, /","my/PRP$ ,/, my/PRP$ mind/NN just/RB went/VBD ,/,",,
sw10utt/sw_1080_2812.utt,2/sw2812,2812,145,^2,B,87,1,You didn't know what you're going to be missing. /,You/PRP did/VBD n't/RB know/VB what/WP you/PRP 're/VBP going/VBG to/TO be/VB missing/VBG ./.,,
sw10utt/sw_1080_2812.utt,2/sw2812,2812,146,sd(^q),A,88,1,"I went, what.","I/PRP went/VBD ,/, what/WP ./.",,
sw10utt/sw_1080_2812.utt,2/sw2812,2812,147,x,B,89,1,<Laughter>.,,,
sw10utt/sw_1080_2812.utt,2/sw2812,2812,148,+,A,90,1,"{D You know, }  /","You/PRP know/VBP ,/,",,
sw10utt/sw_1080_2812.utt,2/sw2812,2812,149,sd,A,90,2,"{C because } [ it d-, + it really  [ didn't, + doesn't ] ] even occur to me right now to have children,  /","because/IN it/PRP d-/XX ,/, it/PRP really/RB did/VBD n't/RB ,/, does/VBZ n't/RB even/RB occur/VB to/IN me/PRP right/RB now/RB to/TO have/VB children/NNS ,/,",,
sw10utt/sw_1080_2812.utt,2/sw2812,2812,150,%,A,90,3,"becau-, -/","becau-/IN ,/,",,
sw10utt/sw_1080_2812.utt,2/sw2812,2812,151,sd,B,91,1,I don't have any either  /,I/PRP do/VBP n't/RB have/VB any/DT either/RB,,
sw10utt/sw_1080_2812.utt,2/sw2812,2812,152,sd,B,91,2,"{C and } I've been a  married for eleven years,  /","and/CC I/PRP 've/VBP been/VBN a/DT married/JJ for/IN eleven/CD years/NNS ,/,",,
sw10utt/sw_1080_2812.utt,2/sw2812,2812,153,%,B,91,3,{C so. } -/,so/RB ./.,,
sw10utt/sw_1080_2812.utt,2/sw2812,2812,154,b,A,92,1,"Yeah,  /","Yeah/UH ,/,",,
sw10utt/sw_1080_2812.utt,2/sw2812,2812,155,%,A,92,2,"{C and } [ I, + it ] just, {D you know, } - /","and/CC I/PRP ,/, it/PRP just/RB ,/, you/PRP know/VBP ,/,",,
sw10utt/sw_1080_2812.utt,2/sw2812,2812,156,sd,A,92,3,"I think that I'll probably have children when I'm about thirty, thirty-five, something like,","I/PRP think/VBP that/IN I/PRP 'll/MD probably/RB have/VB children/NNS when/WRB I/PRP 'm/VBP about/RB thirty/CD ,/, thirty-five/CD ,/, something/NN like/IN ,/,",,
sw10utt/sw_1080_2812.utt,2/sw2812,2812,157,b,B,93,1,"# Yeah,  /","Yeah/UH ,/,",,
sw10utt/sw_1080_2812.utt,2/sw2812,2812,158,bf,B,93,2,"when it's time,  /","when/WRB it/PRP 's/BES time/NN ,/,",,
sw10utt/sw_1080_2812.utt,2/sw2812,2812,159,b,B,93,3,uh-huh. # /,uh-huh/UH ./.,,
sw10utt/sw_1080_2812.utt,2/sw2812,2812,160,+,A,94,1,"# just because, I'm not sure # [ if it's just, + if it's just ]  me,  [ or, +  or ] women in general that are twenty-three right now,  because, {F um, } I'm really into my career.  /","just/RB because/IN ,/, I/PRP 'm/VBP not/RB sure/JJ if/IN it/PRP 's/BES just/RB ,/, if/IN it/PRP 's/BES just/RB me/PRP ,/, or/CC ,/, or/CC women/NNS in/IN general/JJ that/WDT are/VBP twenty-three/CD right/RB now/RB ,/, because/IN ,/, um/UH ,/, I/PRP 'm/VBP really/RB into/IN my/PRP$ career/NN ./.",,
sw10utt/sw_1080_2812.utt,2/sw2812,2812,161,sd,A,94,2,"I'm trying to go somewhere, [ and, +","I/PRP 'm/VBP trying/VBG to/TO go/VB somewhere/RB ,/, and/CC ,/,",,
sw10utt/sw_1080_2812.utt,2/sw2812,2812,162,b,B,95,1,"# Yeah,  /","Yeah/UH ,/,",,
sw10utt/sw_1080_2812.utt,2/sw2812,2812,163,^2,B,95,2,"you want to establish, # -/","you/PRP want/VBP to/TO establish/VB ,/,",,
sw10utt/sw_1080_2812.utt,2/sw2812,2812,164,+,A,96,1,"# and ] get there quick {C and # then }  worry about, {D you know, } because right now, in my career [ I'm, + I'm ] really starting out,  /","and/CC get/VB there/RB quick/RB and/CC then/RB worry/VB about/IN ,/, you/PRP know/VBP ,/, because/IN right/RB now/RB ,/, in/IN my/PRP$ career/NN I/PRP 'm/VBP ,/, I/PRP 'm/VBP really/RB starting/VBG out/RP ,/,",,
sw10utt/sw_1080_2812.utt,2/sw2812,2812,165,sd,A,96,2,{C and } it's going to take me a while to move up. /,and/CC it/PRP 's/BES going/VBG to/TO take/VB me/PRP a/DT while/NN to/TO move/VB up/RB ./.,,
sw10utt/sw_1080_2812.utt,2/sw2812,2812,166,b,B,97,1,"# Uh-huh, # /","Uh-huh/UH ,/,",,
sw10utt/sw_1080_2812.utt,2/sw2812,2812,167,sd,A,98,1,"# {C And } # I don't need anything  kind of holding me back, {F um. } /","And/CC I/PRP do/VBP n't/RB need/VB anything/NN kind/RB of/RB holding/VBG me/PRP back/RB ,/, um/UH ./.",,
sw10utt/sw_1080_2812.utt,2/sw2812,2812,168,b,B,99,1,Right  /,Right/UH,,
sw10utt/sw_1080_2812.utt,2/sw2812,2812,169,sd,B,99,2,"[ {C and, } + {C and } ]  you'll find that that's the other big thing that has changed in terms of,","and/CC ,/, and/CC you/PRP 'll/MD find/VB that/IN that/DT 's/BES the/DT other/JJ big/JJ thing/NN that/WDT has/VBZ changed/VBN in/IN terms/NNS of/IN ,/,",,
sw10utt/sw_1080_2812.utt,2/sw2812,2812,170,b,A,100,1,# Uh-huh. # /,Uh-huh/UH ./.,,
sw10utt/sw_1080_2812.utt,2/sw2812,2812,171,+,B,101,1,"# {F um, } # women don't feel like they need to  get married anymore. /","um/UH ,/, women/NNS do/VBP n't/RB feel/VB like/IN they/PRP need/VBP to/TO get/VB married/VBN anymore/RB ./.",,
sw10utt/sw_1080_2812.utt,2/sw2812,2812,172,b,A,102,1,"# Right,  /","Right/UH ,/,",,
sw10utt/sw_1080_2812.utt,2/sw2812,2812,173,b,A,102,2,uh-huh. # /,uh-huh/UH ./.,,
sw10utt/sw_1080_2812.utt,2/sw2812,2812,174,sd,B,103,1,# I was # twenty-seven when I got married  /,I/PRP was/VBD twenty-seven/CD when/WRB I/PRP got/VBD married/VBN,,
sw10utt/sw_1080_2812.utt,2/sw2812,2812,175,sd,B,103,2,"{C and } I just at the time, {F um, } - /","and/CC I/PRP just/RB at/IN the/DT time/NN ,/, um/UH ,/,",,
sw10utt/sw_1080_2812.utt,2/sw2812,2812,176,sd,B,103,3,my husband actually even jokes about it. /,my/PRP$ husband/NN actually/RB even/RB jokes/VBZ about/IN it/PRP ./.,,
sw10utt/sw_1080_2812.utt,2/sw2812,2812,177,b,A,104,1,# Uh-huh. # /,Uh-huh/UH ./.,,
sw10utt/sw_1080_2812.utt,2/sw2812,2812,178,sd,B,105,1,# He # was twenty-three when we met  /,He/PRP was/VBD twenty-three/CD when/WRB we/PRP met/VBD,,
sw10utt/sw_1080_2812.utt,2/sw2812,2812,179,sd,B,105,2,"{C an }  I was at a point where it was like,  I didn't date, [ e-, + ]  /","an/DT I/PRP was/VBD at/IN a/DT point/NN where/WRB it/PRP was/VBD like/IN ,/, I/PRP did/VBD n't/RB date/VB ,/, e-/XX ,/,",,
sw10utt/sw_1080_2812.utt,2/sw2812,2812,180,sd,B,105,3,"{E I mean, } I just, [ I + ]  went out to have a good time, /","I/PRP mean/VBP ,/, I/PRP just/RB ,/, I/PRP went/VBD out/RB to/TO have/VB a/DT good/JJ time/NN ,/,",,
sw10utt/sw_1080_2812.utt,2/sw2812,2812,181,b,A,106,1,# Right. # /,Right/UH ./.,,
sw10utt/sw_1080_2812.utt,2/sw2812,2812,182,sd,B,107,1,# {C but } # I didn't have to have male companionship. /,but/CC I/PRP did/VBD n't/RB have/VB to/TO have/VB male/NN companionship/NN ./.,,
sw10utt/sw_1080_2812.utt,2/sw2812,2812,183,b,A,108,1,"Right,  /","Right/UH ,/,",,
sw10utt/sw_1080_2812.utt,2/sw2812,2812,184,b^r,A,108,2,right. /,right/UH ./.,,
sw10utt/sw_1080_2812.utt,2/sw2812,2812,185,sd,B,109,1,"{F Um, } {C and } a lot of the, {F um, }  friends that I had in school at that point, who had gone back and gone to law school, or M B A programs,","Um/UH ,/, and/CC a/DT lot/NN of/IN the/DT ,/, um/UH ,/, friends/NNS that/WDT I/PRP had/VBD in/IN school/NN at/IN that/DT point/NN ,/, who/WP had/VBD gone/VBN back/RB and/CC gone/VBN to/IN law/NN school/NN ,/, or/CC M/NNP B/NNP A/NNP programs/NNS ,/,",,
sw10utt/sw_1080_2812.utt,2/sw2812,2812,186,b,A,110,1,Uh-huh. /,Uh-huh/UH ./.,,
sw10utt/sw_1080_2812.utt,2/sw2812,2812,187,+,B,111,1,"{F um, } which I also had done,  [ had just, + ] {D you know, } they were very sad.  /","um/UH ,/, which/WDT I/PRP also/RB had/VBD done/VBN ,/, had/VBD just/RB ,/, you/PRP know/VBP ,/, they/PRP were/VBD very/RB sad/JJ ./.",,
sw10utt/sw_1080_2812.utt,2/sw2812,2812,188,sd,B,111,2,"{C But } then by the time I got married, {F um, }","But/CC then/RB by/IN the/DT time/NN I/PRP got/VBD married/VBN ,/, um/UH ,/,",,
sw10utt/sw_1080_2812.utt,2/sw2812,2812,189,b,A,112,1,# Uh-huh. # /,Uh-huh/UH ./.,,
sw10utt/sw_1080_2812.utt,2/sw2812,2812,190,+,B,113,1,# it # seemed like they were on their  second or third around the marriage track. /,it/PRP seemed/VBD like/IN they/PRP were/VBD on/IN their/PRP$ second/JJ or/CC third/JJ around/IN the/DT marriage/NN track/NN ./.,,
sw10utt/sw_1080_2812.utt,2/sw2812,2812,191,b,A,114,1,"Yeah,  /","Yeah/UH ,/,",,
sw10utt/sw_1080_2812.utt,2/sw2812,2812,192,b^r,A,114,2,"yeah, /","yeah/UH ,/,",,
sw10utt/sw_1080_2812.utt,2/sw2812,2812,193,sv,B,115,1,"{C So, } I guess that's a big change  in terms of, just, {F um, } the attachments that women feel like they need to have, the dependency,","So/RB ,/, I/PRP guess/VBP that/DT 's/BES a/DT big/JJ change/NN in/IN terms/NNS of/IN ,/, just/RB ,/, um/UH ,/, the/DT attachments/NNS that/WDT women/NNS feel/VBP like/IN they/PRP need/VBP to/TO have/VB ,/, the/DT dependency/NN ,/,",,
sw10utt/sw_1080_2812.utt,2/sw2812,2812,194,b,A,116,1,"# Yeah,  /","Yeah/UH ,/,",,
sw10utt/sw_1080_2812.utt,2/sw2812,2812,195,b^r,A,116,2,"yeah, # /","yeah/UH ,/,",,
sw10utt/sw_1080_2812.utt,2/sw2812,2812,196,+,B,117,1,# their self-identity # is stronger. /,their/PRP$ self-identity/NN is/VBZ stronger/JJR ./.,,
sw10utt/sw_1080_2812.utt,2/sw2812,2812,197,sv,A,118,1,"[ it's, + it's ] just really not there anymore. /","it/PRP 's/BES ,/, it/PRP 's/BES just/RB really/RB not/RB there/RB anymore/RB ./.",,
sw10utt/sw_1080_2812.utt,2/sw2812,2812,198,b,B,119,1,# Yeah. # /,Yeah/UH ./.,,
sw10utt/sw_1080_2812.utt,2/sw2812,2812,199,sv,A,120,1,"# {C And } # [ that, + that ] has to do  with, {D you know, } the women getting out and  other [ women seeing, + {F uh, } women seeing ]  other women, {D you know, }","And/CC that/DT ,/, that/DT has/VBZ to/TO do/VB with/IN ,/, you/PRP know/VBP ,/, the/DT women/NNS getting/VBG out/RB and/CC other/JJ women/NNS seeing/VBG ,/, uh/UH ,/, women/NNS seeing/VBG other/JJ women/NNS ,/, you/PRP know/VBP ,/,",,
sw10utt/sw_1080_2812.utt,2/sw2812,2812,200,b,B,121,1,# Right. # /,Right/UH ./.,,
sw10utt/sw_1080_2812.utt,2/sw2812,2812,201,+,A,122,1,# out # in the corporate world. /,out/IN in/IN the/DT corporate/JJ world/NN ./.,,
sw10utt/sw_1080_2812.utt,2/sw2812,2812,202,b,B,123,1,# Uh-huh. # /,Uh-huh/UH ./.,,
sw10utt/sw_1080_2812.utt,2/sw2812,2812,203,sv(^q),A,124,1,"# That's # like, {F oh, } I can do that.  /","That/DT 's/BES like/IN ,/, oh/UH ,/, I/PRP can/MD do/VB that/DT ./.",,
sw10utt/sw_1080_2812.utt,2/sw2812,2812,204,^q,A,124,2,"{D You know, } maybe,","You/PRP know/VBP ,/, maybe/RB ,/,",,
sw10utt/sw_1080_2812.utt,2/sw2812,2812,205,b,B,125,1,"Right,  /","Right/UH ,/,",,
sw10utt/sw_1080_2812.utt,2/sw2812,2812,206,sd,B,125,2,"{C and } [ [ I, + I, ] +  {E I mean, } # I ] don't know [ how, + #","and/CC I/PRP ,/, I/PRP ,/, I/PRP mean/VBP ,/, I/PRP do/VBP n't/RB know/VB how/WRB ,/,",,
sw10utt/sw_1080_2812.utt,2/sw2812,2812,207,+,A,126,1,# I don't need to get married.  # /,I/PRP do/VBP n't/RB need/VB to/TO get/VB married/VBN ./.,,
sw10utt/sw_1080_2812.utt,2/sw2812,2812,208,+,B,127,1,"how ] old your mom is,  /","how/WRB old/JJ your/PRP$ mom/NN is/VBZ ,/,",,
sw10utt/sw_1080_2812.utt,2/sw2812,2812,209,sv,B,127,2,"she's probably, - /","she/PRP 's/BES probably/RB ,/,",,
sw10utt/sw_1080_2812.utt,2/sw2812,2812,210,sd,B,127,3,"let's see my mother's in her early sixties,  /","let/VB 's/PRP see/VB my/PRP$ mother/NN 's/BES in/IN her/PRP$ early/JJ sixties/NNS ,/,",,
sw10utt/sw_1080_2812.utt,2/sw2812,2812,211,%,B,127,4,{C so. } -/,so/RB ./.,,
sw10utt/sw_1080_2812.utt,2/sw2812,2812,212,sd,A,128,1,"# She's, she's about forty.  # /","She/PRP 's/BES ,/, she/PRP 's/BES about/RB forty/CD ./.",,
sw10utt/sw_1080_2812.utt,2/sw2812,2812,213,b,B,129,1,"# Okay,  /","Okay/UH ,/,",,
sw10utt/sw_1080_2812.utt,2/sw2812,2812,214,sd,B,129,2,"<laughter>  I'm thirty-eight, #  /","I/PRP 'm/VBP thirty-eight/CD ,/,",,
sw10utt/sw_1080_2812.utt,2/sw2812,2812,215,sd,B,129,3,"your mother's for-, <laughter>  /","your/PRP$ mother/NN 's/POS for-/XX ,/,",,
sw10utt/sw_1080_2812.utt,2/sw2812,2812,216,sd,B,129,4,I just turned thirty-eight. /,I/PRP just/RB turned/VBD thirty-eight/CD ./.,,
sw10utt/sw_1080_2812.utt,2/sw2812,2812,217,x,A,130,1,# <Laughter>.  #,,,
sw10utt/sw_1080_2812.utt,2/sw2812,2812,218,b,B,131,1,"# {F Um, } # <laughter>  yes  /","Um/UH ,/, yes/UH",,
sw10utt/sw_1080_2812.utt,2/sw2812,2812,219,sd,B,131,2,"I'm laughing,  /","I/PRP 'm/VBP laughing/VBG ,/,",,
sw10utt/sw_1080_2812.utt,2/sw2812,2812,220,fe,B,131,3,{F oh } my God.  /,oh/UH my/PRP$ God/NNP ./.,,
sw10utt/sw_1080_2812.utt,2/sw2812,2812,221,sd,B,131,4,It does start to creep up. /,It/PRP does/VBZ start/VB to/TO creep/VB up/RB ./.,,
sw10utt/sw_1080_2812.utt,2/sw2812,2812,222,b,A,132,1,# Uh-huh. # /,Uh-huh/UH ./.,,
sw10utt/sw_1080_2812.utt,2/sw2812,2812,223,b,B,133,1,"# No, #  /","No/UH ,/,",,
sw10utt/sw_1080_2812.utt,2/sw2812,2812,224,bd,B,133,2,"{F um, } {C but } it's okay,  /","um/UH ,/, but/CC it/PRP 's/BES okay/JJ ,/,",,
sw10utt/sw_1080_2812.utt,2/sw2812,2812,225,sd,B,133,3,"don't ever let age, - /","do/VB n't/RB ever/RB let/VB age/NN ,/,",,
sw10utt/sw_1080_2812.utt,2/sw2812,2812,226,sd,B,133,4,"{E I mean, } I don't thi-, -/","I/PRP mean/VBP ,/, I/PRP do/VBP n't/RB thi/VB ,/,",,
sw10utt/sw_1080_2812.utt,2/sw2812,2812,227,b,A,134,1,# Okay.  # /,Okay/UH ./.,,
sw10utt/sw_1080_2812.utt,2/sw2812,2812,228,sv,B,135,1,# nobody # talks about it for women except  other women and other men. /,nobody/NN talks/VBZ about/IN it/PRP for/IN women/NNS except/IN other/JJ women/NNS and/CC other/JJ men/NNS ./.,,
sw10utt/sw_1080_2812.utt,2/sw2812,2812,229,sd,A,136,1,"[ I, + I ] just turned twenty-three, {F uh, }","I/PRP ,/, I/PRP just/RB turned/VBD twenty-three/CD ,/, uh/UH ,/,",,
sw10utt/sw_1080_2812.utt,2/sw2812,2812,230,b,B,137,1,# Uh-huh. # /,Uh-huh/UH ./.,,
sw10utt/sw_1080_2812.utt,2/sw2812,2812,231,+,A,138,1,"# April # twentieth,  /","April/NNP twentieth/JJ ,/,",,
sw10utt/sw_1080_2812.utt,2/sw2812,2812,232,sd(^q),A,138,2,"{C and } I'm still going,  {D you know, } {F oh } my God, I'm [ s-, + ] getting so old.  /","and/CC I/PRP 'm/VBP still/RB going/VBG ,/, you/PRP know/VBP ,/, oh/UH my/PRP$ God/NNP ,/, I/PRP 'm/VBP s-/XX ,/, getting/VBG so/RB old/JJ ./.",,
sw10utt/sw_1080_2812.utt,2/sw2812,2812,233,%,A,138,3,"I just, - /","I/PRP just/RB ,/,",,
sw10utt/sw_1080_2812.utt,2/sw2812,2812,234,sd,A,138,4,"{C because } me,  myself, I just like to move really, really quickly. /","because/IN me/PRP ,/, myself/PRP ,/, I/PRP just/RB like/VBP to/TO move/VB really/RB ,/, really/RB quickly/RB ./.",,
sw10utt/sw_1080_2812.utt,2/sw2812,2812,235,b,B,139,1,"# Yeah,  /","Yeah/UH ,/,",,
sw10utt/sw_1080_2812.utt,2/sw2812,2812,236,%,B,139,2,"an, # -/","an/DT ,/,",,
sw10utt/sw_1080_2812.utt,2/sw2812,2812,237,sd,A,140,1,"# I like # to, - /","I/PRP like/VBP to/TO ,/,",,
sw10utt/sw_1080_2812.utt,2/sw2812,2812,238,sd,A,140,2,"anything I do, - /","anything/NN I/PRP do/VBP ,/,",,
sw10utt/sw_1080_2812.utt,2/sw2812,2812,239,sd,A,140,3,I got out of school quick.  /,I/PRP got/VBD out/IN of/IN school/NN quick/RB ./.,,
sw10utt/sw_1080_2812.utt,2/sw2812,2812,240,sd,A,140,4,"[ I'm, + {D you know, }","I/PRP 'm/VBP ,/, you/PRP know/VBP ,/,",,
sw10utt/sw_1080_2812.utt,2/sw2812,2812,241,b,B,141,1,# Uh-huh. # /,Uh-huh/UH ./.,,
sw10utt/sw_1080_2812.utt,2/sw2812,2812,242,+,A,142,1,# I'm ] # working quick.  /,I/PRP 'm/VBP working/VBG quick/RB ./.,,
sw10utt/sw_1080_2812.utt,2/sw2812,2812,243,sd,A,142,2,I want to move up quick.  /,I/PRP want/VBP to/TO move/VB up/RB quick/RB ./.,,
sw10utt/sw_1080_2812.utt,2/sw2812,2812,244,sd,A,142,3,I want to make money quick.  /,I/PRP want/VBP to/TO make/VB money/NN quick/RB ./.,,
sw10utt/sw_1080_2812.utt,2/sw2812,2812,245,sd,A,142,4,I want to retire quick. /,I/PRP want/VBP to/TO retire/VB quick/RB ./.,,
sw10utt/sw_1080_2812.utt,2/sw2812,2812,246,b,B,143,1,# Yeah. # /,Yeah/UH ./.,,
sw10utt/sw_1080_2812.utt,2/sw2812,2812,247,%,A,144,1,"# {C And # so } anything, - /","And/CC so/RB anything/NN ,/,",,
sw10utt/sw_1080_2812.utt,2/sw2812,2812,248,sd,A,144,2,"[ [ i-, + i-, ] + ]  when the age creeps up, where I'm twenty-three and twenty-four,","i-/XX ,/, i-/XX ,/, when/WRB the/DT age/NN creeps/VBZ up/RB ,/, where/WRB I/PRP 'm/VBP twenty-three/CD and/CC twenty-four/CD ,/,",,
sw10utt/sw_1080_2812.utt,2/sw2812,2812,249,b,B,145,1,# Uh-huh. # /,Uh-huh/UH ./.,,
sw10utt/sw_1080_2812.utt,2/sw2812,2812,250,+,A,146,1,"# I'm # thinking my time is running out.  {D You know, }  /","I/PRP 'm/VBP thinking/VBG my/PRP$ time/NN is/VBZ running/VBG out/RP ./. You/PRP know/VBP ,/,",,
sw10utt/sw_1080_2812.utt,2/sw2812,2812,251,sd,A,146,2,"{C but } I'm actually very, very young. /","but/CC I/PRP 'm/VBP actually/RB very/RB ,/, very/RB young/JJ ./.",,
sw10utt/sw_1080_2812.utt,2/sw2812,2812,252,aa,B,147,1,"Yeah,  /","Yeah/UH ,/,",,
sw10utt/sw_1080_2812.utt,2/sw2812,2812,253,sd,B,147,2,"you are, because what I was  going to say is, what you will find is, my background is in journalism and corporate communications, /","you/PRP are/VBP ,/, because/IN what/WP I/PRP was/VBD going/VBG to/TO say/VB is/VBZ ,/, what/WP you/PRP will/MD find/VB is/VBZ ,/, my/PRP$ background/NN is/VBZ in/IN journalism/NN and/CC corporate/JJ communications/NNS ,/,",,
sw10utt/sw_1080_2812.utt,2/sw2812,2812,254,b,A,148,1,# Uh-huh. # /,Uh-huh/UH ./.,,
sw10utt/sw_1080_2812.utt,2/sw2812,2812,255,sv,B,149,1,"# {C and } # what you'll find is, - /","and/CC what/WP you/PRP 'll/MD find/VB is/VBZ ,/,",,
sw10utt/sw_1080_2812.utt,2/sw2812,2812,256,sd,B,149,2,"{E I mean, }  I'm just now finally to a point where, - /","I/PRP mean/VBP ,/, I/PRP 'm/VBP just/RB now/RB finally/RB to/IN a/DT point/NN where/WRB ,/,",,
sw10utt/sw_1080_2812.utt,2/sw2812,2812,257,sd,B,149,3,"{E I mean } I don't know why I [ didn't, + didn't ] do it sooner, /","I/PRP mean/VBP I/PRP do/VBP n't/RB know/VB why/WRB I/PRP did/VBD n't/RB ,/, did/VBD n't/RB do/VB it/PRP sooner/RBR ,/,",,
sw10utt/sw_1080_2812.utt,2/sw2812,2812,258,b,A,150,1,# Uh-huh. # /,Uh-huh/UH ./.,,
sw10utt/sw_1080_2812.utt,2/sw2812,2812,259,sv,B,151,1,"# {C but } # this is probably typical  of the women's movement too,","but/CC this/DT is/VBZ probably/RB typical/JJ of/IN the/DT women/NNS 's/POS movement/NN too/RB ,/,",,
sw10utt/sw_1080_2812.utt,2/sw2812,2812,260,b,A,152,1,# Uh-huh. # /,Uh-huh/UH ./.,,
sw10utt/sw_1080_2812.utt,2/sw2812,2812,261,+,B,153,1,"# is # the idea that you're going to be   forty tomorrow anyway, if you want to go back to school.  /","is/VBZ the/DT idea/NN that/IN you/PRP 're/VBP going/VBG to/TO be/VB forty/CD tomorrow/NN anyway/RB ,/, if/IN you/PRP want/VBP to/TO go/VB back/RB to/IN school/NN ./.",,
sw10utt/sw_1080_2812.utt,2/sw2812,2812,262,sd,B,153,2,I'm seriously considering  going back to school for law.,I/PRP 'm/VBP seriously/RB considering/VBG going/VBG back/RB to/IN school/NN for/IN law/NN ./.,,
sw10utt/sw_1080_2812.utt,2/sw2812,2812,263,%,A,154,1,# {F Um. }  # /,Um/UH ./.,,
sw10utt/sw_1080_2812.utt,2/sw2812,2812,264,+,B,155,1,"# {F Um, } # which is a complete,  I wouldn't say career change, [ it's, + it's ] a (( subway )) , /","Um/UH ,/, which/WDT is/VBZ a/DT complete/JJ ,/, I/PRP would/MD n't/RB say/VB career/NN change/NN ,/, it/PRP 's/BES ,/, it/PRP 's/BES a/DT subway/NN ,/,",,
sw10utt/sw_1080_2812.utt,2/sw2812,2812,265,b,A,156,1,# Uh-huh. # /,Uh-huh/UH ./.,,
sw10utt/sw_1080_2812.utt,2/sw2812,2812,266,sd,B,157,1,# {C but } # it's still is a different application.  /,but/CC it/PRP 's/BES still/RB is/VBZ a/DT different/JJ application/NN ./.,,
sw10utt/sw_1080_2812.utt,2/sw2812,2812,267,sd,B,157,2,"{C And } {E I mean, } if you think about it, {D you know, } [ I c-, + I still can ]  have another career.  /","And/CC I/PRP mean/VBP ,/, if/IN you/PRP think/VBP about/IN it/PRP ,/, you/PRP know/VBP ,/, I/PRP c/MD ,/, I/PRP still/RB can/MD have/VB another/DT career/NN ./.",,
sw10utt/sw_1080_2812.utt,2/sw2812,2812,268,sd,B,157,3,{E I mean } I've worked for over fifteen years in what I've done. /,I/PRP mean/VBP I/PRP 've/VBP worked/VBN for/IN over/IN fifteen/CD years/NNS in/IN what/WP I/PRP 've/VBP done/VBN ./.,,
sw10utt/sw_1080_2812.utt,2/sw2812,2812,269,b,A,158,1,"# Yeah,  /","Yeah/UH ,/,",,
sw10utt/sw_1080_2812.utt,2/sw2812,2812,270,b^r,A,158,2,yeah. # /,yeah/UH ./.,,
sw10utt/sw_1080_2812.utt,2/sw2812,2812,271,sv,B,159,1,"# {C And } {E I # mean, } {C so }  when you're saying quick, {F um, } I think that's probably one thing that your generation coming up after mine,","And/CC I/PRP mean/VBP ,/, so/RB when/WRB you/PRP 're/VBP saying/VBG quick/JJ ,/, um/UH ,/, I/PRP think/VBP that/DT 's/BES probably/RB one/CD thing/NN that/WDT your/PRP$ generation/NN coming/VBG up/RP after/IN mine/PRP ,/,",,
sw10utt/sw_1080_2812.utt,2/sw2812,2812,272,b,A,160,1,# Uh-huh. # /,Uh-huh/UH ./.,,
sw10utt/sw_1080_2812.utt,2/sw2812,2812,273,+,B,161,1,"# is # thinking that, {F um, } they have to  do everyth-, {D you know, } sort of,","is/VBZ thinking/VBG that/IN ,/, um/UH ,/, they/PRP have/VBP to/TO do/VB everyth-/NN ,/, you/PRP know/VBP ,/, sort/RB of/RB ,/,",,
sw10utt/sw_1080_2812.utt,2/sw2812,2812,274,b,A,162,1,# Right. # /,Right/UH ./.,,
sw10utt/sw_1080_2812.utt,2/sw2812,2812,275,+,B,163,1,"# [ I # call kind of, + I call it ] a chewing syndrome.  /","I/PRP call/VBP kind/RB of/RB ,/, I/PRP call/VBP it/PRP a/DT chewing/NN syndrome/NN ./.",,
sw10utt/sw_1080_2812.utt,2/sw2812,2812,276,sv,B,163,2,They have to eat real fast  /,They/PRP have/VBP to/TO eat/VB real/RB fast/RB,,
sw10utt/sw_1080_2812.utt,2/sw2812,2812,277,sv,B,163,3,"[ they have, +","they/PRP have/VBP ,/,",,
sw10utt/sw_1080_2812.utt,2/sw2812,2812,278,b,A,164,1,"# Uh-huh,  /","Uh-huh/UH ,/,",,
sw10utt/sw_1080_2812.utt,2/sw2812,2812,279,ba,A,164,2,exactly.  # /,exactly/UH ./.,,
sw10utt/sw_1080_2812.utt,2/sw2812,2812,280,+,B,165,1,"# they have ] # [ to, + ]  rapidity of speech,  /","they/PRP have/VBP to/TO ,/, rapidity/NN of/IN speech/NN ,/,",,
sw10utt/sw_1080_2812.utt,2/sw2812,2812,281,sv,B,165,2,they have to just go through everything. /,they/PRP have/VBP to/TO just/RB go/VB through/IN everything/NN ./.,,
sw10utt/sw_1080_2812.utt,2/sw2812,2812,282,ba,A,166,1,# Exactly.  # /,Exactly/UH ./.,,
sw10utt/sw_1080_2812.utt,2/sw2812,2812,283,sv,B,167,1,"# {C And } # you'll find that probably by  the time your twenty-eight, thirty, if you haven't slowed down,","And/CC you/PRP 'll/MD find/VB that/IN probably/RB by/IN the/DT time/VB your/PRP$ twenty-eight/CD ,/,  thirty/CD ,/, if/IN you/PRP have/VBP n't/RB slowed/VBN down/RP ,/,",,
sw10utt/sw_1080_2812.utt,2/sw2812,2812,284,b,A,168,1,# Uh-huh. # /,Uh-huh/UH ./.,,
sw10utt/sw_1080_2812.utt,2/sw2812,2812,285,+,B,169,1,# something # will slow you down.  /,something/NN will/MD slow/VB you/PRP down/RP ./.,,
sw10utt/sw_1080_2812.utt,2/sw2812,2812,286,qy,B,169,2,Do you know what I'm saying? /,Do/VBP you/PRP know/VB what/WP I/PRP 'm/VBP saying/VBG ?/.,,
sw10utt/sw_1080_2812.utt,2/sw2812,2812,287,ny,A,170,1,"Yeah,  /","Yeah/UH ,/,",,
sw10utt/sw_1080_2812.utt,2/sw2812,2812,288,ny^r,A,170,2,"yeah, /","yeah/UH ,/,",,
sw10utt/sw_1080_2812.utt,2/sw2812,2812,289,sv,B,171,1,"{F Um, } {C because } it's just, you find out  that you're really not, {F um, } smelling the roses,  /","Um/UH ,/, because/IN it/PRP 's/BES just/RB ,/, you/PRP find/VBP out/RP that/IN you/PRP 're/VBP really/RB not/RB ,/, um/UH ,/, smelling/VBG the/DT roses/NNS ,/,",,
sw10utt/sw_1080_2812.utt,2/sw2812,2812,290,sv,B,171,2,"{C and } I know that sounds trite,","and/CC I/PRP know/VBP that/DT sounds/VBZ trite/JJ ,/,",,
sw10utt/sw_1080_2812.utt,2/sw2812,2812,291,b,A,172,1,"# Yeah, # /","Yeah/UH ,/,",,
sw10utt/sw_1080_2812.utt,2/sw2812,2812,292,+,B,173,1,# and # all that. /,and/CC all/DT that/DT ./.,,
sw10utt/sw_1080_2812.utt,2/sw2812,2812,293,sv,A,174,1,"[ I think, + I think ]  a lot of, {F uh, } people probably feeling that way,  /","I/PRP think/VBP ,/, I/PRP think/VBP a/DT lot/NN of/IN ,/, uh/UH ,/, people/NNS probably/RB feeling/VBG that/DT way/NN ,/,",,
sw10utt/sw_1080_2812.utt,2/sw2812,2812,294,sv,A,174,2,"I know, I'm probably feeling that way because [ it's, + ] <breathing>   everything's geared towards young.","I/PRP know/VBP ,/, I/PRP 'm/VBP probably/RB feeling/VBG that/DT way/NN because/IN it/PRP 's/BES ,/, everything/NN 's/BES geared/VBN towards/IN young/JJ ./.",,
sw10utt/sw_1080_2812.utt,2/sw2812,2812,295,b,B,175,1,# Uh-huh. # /,Uh-huh/UH ./.,,
sw10utt/sw_1080_2812.utt,2/sw2812,2812,296,+,A,176,1,# {D You # know }  /,You/PRP know/VBP,,
sw10utt/sw_1080_2812.utt,2/sw2812,2812,297,sv,A,176,2,"{C and } whether I want to  realize it or not, everything on television is young,","and/CC whether/IN I/PRP want/VBP to/TO realize/VB it/PRP or/CC not/RB ,/, everything/NN on/IN television/NN is/VBZ young/JJ ,/,",,
sw10utt/sw_1080_2812.utt,2/sw2812,2812,298,ba,B,177,1,# {F Oh } it is.  # /,Oh/UH it/PRP is/VBZ ./.,,
sw10utt/sw_1080_2812.utt,2/sw2812,2812,299,+,A,178,1,"# young, young, young.  /","young/JJ ,/, young/JJ ,/, young/JJ ./.",,
sw10utt/sw_1080_2812.utt,2/sw2812,2812,300,sv,A,178,2,"# You can't be a model  after thirty,  /","You/PRP ca/MD n't/RB be/VB a/DT model/NN after/IN thirty/CD ,/,",,
sw10utt/sw_1080_2812.utt,2/sw2812,2812,301,sv,A,178,3,"you can't do this after twenty, {D you know }  /","you/PRP ca/MD n't/RB do/VB this/DT after/IN twenty/CD ,/, you/PRP know/VBP",,
sw10utt/sw_1080_2812.utt,2/sw2812,2812,302,sv,A,178,4,"{C and, }","and/CC ,/,",,
sw10utt/sw_1080_2812.utt,2/sw2812,2812,303,ba,B,179,1,# That's right.  # /,That/DT 's/BES right/JJ ./.,,
sw10utt/sw_1080_2812.utt,2/sw2812,2812,304,+,A,180,1,"# [ [ e-, + y-, ] + # everybody ]  that's in the music business is starting out at fifteen.","e-/NN ,/, y-/XX ,/, everybody/NN that/WDT 's/BES in/IN the/DT music/NN business/NN is/VBZ starting/VBG out/RP at/IN fifteen/CD ./.",,
sw10utt/sw_1080_2812.utt,2/sw2812,2812,305,b,B,181,1,# Uh-huh. # /,Uh-huh/UH ./.,,
sw10utt/sw_1080_2812.utt,2/sw2812,2812,306,+,A,182,1,"# {D You # know, }  /","You/PRP know/VBP ,/,",,
sw10utt/sw_1080_2812.utt,2/sw2812,2812,307,sd,A,182,2,{C and so } I feel like I'm old.  /,and/CC so/RB I/PRP feel/VBP like/IN I/PRP 'm/VBP old/JJ ./.,,
sw10utt/sw_1080_2812.utt,2/sw2812,2812,308,sd,A,182,3,"It's like [ I sing, +","It/PRP 's/BES like/IN I/PRP sing/VBP ,/,",,
sw10utt/sw_1080_2812.utt,2/sw2812,2812,309,x,B,183,1,# <Laughter>.  #,,,
sw10utt/sw_1080_2812.utt,2/sw2812,2812,310,+,A,184,1,# I # sing ]  /,I/PRP sing/VBP,,
sw10utt/sw_1080_2812.utt,2/sw2812,2812,311,sd,A,184,2,"{C and } I would really love to become,","and/CC I/PRP would/MD really/RB love/VB to/TO become/VB ,/,",,
sw10utt/sw_1080_2812.utt,2/sw2812,2812,312,b,B,185,1,# Uh-huh. # /,Uh-huh/UH ./.,,
sw10utt/sw_1080_2812.utt,2/sw2812,2812,313,+,A,186,1,"# {F uh, } # a professional singer,  /","uh/UH ,/, a/DT professional/JJ singer/NN ,/,",,
sw10utt/sw_1080_2812.utt,2/sw2812,2812,314,sd,A,186,2,"{C but } I think I'm too old now, /","but/CC I/PRP think/VBP I/PRP 'm/VBP too/RB old/JJ now/RB ,/,",,
sw10utt/sw_1080_2812.utt,2/sw2812,2812,315,bd,B,187,1,"# {F Oh, } you're not,  /","Oh/UH ,/, you/PRP 're/VBP not/RB ,/,",,
sw10utt/sw_1080_2812.utt,2/sw2812,2812,316,ar,B,187,2,no. # /,no/UH ./.,,
sw10utt/sw_1080_2812.utt,2/sw2812,2812,317,sd,A,188,1,"# {C and } I'm twenty-three, # /","and/CC I/PRP 'm/VBP twenty-three/CD ,/,",,
sw10utt/sw_1080_2812.utt,2/sw2812,2812,318,ar,B,189,1,# No.  # /,No/UH ./.,,
sw10utt/sw_1080_2812.utt,2/sw2812,2812,319,sd,A,190,1,"# {C because } # everyone I've seen coming  up, they're fifteen.","because/IN everyone/NN I/PRP 've/VBP seen/VBN coming/VBG up/RP ,/, they/PRP 're/VBP fifteen/CD ./.",,
sw10utt/sw_1080_2812.utt,2/sw2812,2812,320,ba,B,191,1,# That's true  /,That/DT 's/BES true/JJ,,
sw10utt/sw_1080_2812.utt,2/sw2812,2812,321,%,B,191,2,"{E I mean, } [ it's, + it's, ] # -/","I/PRP mean/VBP ,/, it/PRP 's/BES ,/, it/PRP 's/BES ,/,",,
sw10utt/sw_1080_2812.utt,2/sw2812,2812,322,+,A,192,1,"# {D You know, }  /","You/PRP know/VBP ,/,",,
sw10utt/sw_1080_2812.utt,2/sw2812,2812,323,sv,A,192,2,"{C and so } I'm going, # I'm so old  /","and/CC so/RB I/PRP 'm/VBP going/VBG ,/, I/PRP 'm/VBP so/RB old/JJ",,
sw10utt/sw_1080_2812.utt,2/sw2812,2812,324,sd(^q),A,192,3,"{C and } [ [ I'm, + I, ] + I ] really have to always tell myself, no, you're not, you're very young. /","and/CC I/PRP 'm/VBP ,/, I/PRP ,/, I/PRP really/RB have/VBP to/TO always/RB tell/VB myself/PRP ,/, no/UH ,/, you/PRP 're/VBP not/RB ,/, you/PRP 're/VBP very/RB young/JJ ./.",,
sw10utt/sw_1080_2812.utt,2/sw2812,2812,325,aa,B,193,1,"# No,  /","No/UH ,/,",,
sw10utt/sw_1080_2812.utt,2/sw2812,2812,326,%,B,193,2,"you're extremely, - /","you/PRP 're/VBP extremely/RB ,/,",,
sw10utt/sw_1080_2812.utt,2/sw2812,2812,327,%,B,193,3,"yeah,  /","yeah/UH ,/,",,
sw10utt/sw_1080_2812.utt,2/sw2812,2812,328,%,B,193,4,"[ it's, + it's ] ju-, # -/","it/PRP 's/BES ,/, it/PRP 's/BES ju-/RB ,/,",,
sw10utt/sw_1080_2812.utt,2/sw2812,2812,329,%,A,194,1,"# {C And, } {D you know, } {C so } it's, # -/","And/CC ,/, you/PRP know/VBP ,/, so/RB it/PRP 's/BES ,/,",,
sw10utt/sw_1080_2812.utt,2/sw2812,2812,330,sd,B,195,1,"{D Well } it's like us, we're getting ready  to do, if possible, for an adoption  /","Well/UH it/PRP 's/BES like/IN us/PRP ,/, we/PRP 're/VBP getting/VBG ready/JJ to/TO do/VB ,/, if/IN possible/JJ ,/, for/IN an/DT adoption/NN",,
sw10utt/sw_1080_2812.utt,2/sw2812,2812,331,sd,B,195,2,"{C and } I have friends that say {D well } why would you do that,","and/CC I/PRP have/VBP friends/NNS that/WDT say/VBP well/UH why/WRB would/MD you/PRP do/VB that/DT ,/,",,
sw10utt/sw_1080_2812.utt,2/sw2812,2812,332,b,A,196,1,# Uh-huh. # /,Uh-huh/UH ./.,,
sw10utt/sw_1080_2812.utt,2/sw2812,2812,333,+,B,197,1,"# if # you know you haven't been able to  children, which we do know,","if/IN you/PRP know/VBP you/PRP have/VBP n't/RB been/VBN able/JJ to/TO children/NNS ,/, which/WDT we/PRP do/VBP know/VB ,/,",,
sw10utt/sw_1080_2812.utt,2/sw2812,2812,334,b,A,198,1,Uh-huh. /,Uh-huh/UH ./.,,
sw10utt/sw_1080_2812.utt,2/sw2812,2812,335,+,B,199,1,"why would you do that now,  at this [ part, + point, ]  /","why/WRB would/MD you/PRP do/VB that/DT now/RB ,/, at/IN this/DT part/NN ,/, point/NN ,/,",,
sw10utt/sw_1080_2812.utt,2/sw2812,2812,336,sv,B,199,2,"{C and, } {F um, } it's just individual choices. /","and/CC ,/, um/UH ,/, it/PRP 's/BES just/RB individual/JJ choices/NNS ./.",,
sw10utt/sw_1080_2812.utt,2/sw2812,2812,337,b,A,200,1,# Yeah. # /,Yeah/UH ./.,,
sw10utt/sw_1080_2812.utt,2/sw2812,2812,338,sd,B,201,1,"# I # stopped comparing myself a long time ago  to somebody who had, {F um, } - /","I/PRP stopped/VBD comparing/VBG myself/PRP a/DT long/JJ time/NN ago/RB to/IN somebody/NN who/WP had/VBD ,/, um/UH ,/,",,
sw10utt/sw_1080_2812.utt,2/sw2812,2812,339,sd,B,201,2,"in my family my brother's children, -/","in/IN my/PRP$ family/NN my/PRP$ brother/NN 's/POS children/NNS ,/,",,
sw10utt/sw_1080_2812.utt,2/sw2812,2812,340,b,A,202,1,# Uh-huh. # /,Uh-huh/UH ./.,,
sw10utt/sw_1080_2812.utt,2/sw2812,2812,341,sd,B,203,1,"# {E I # mean, } he just turned forty,  /","I/PRP mean/VBP ,/, he/PRP just/RB turned/VBD forty/CD ,/,",,
sw10utt/sw_1080_2812.utt,2/sw2812,2812,342,sd,B,203,2,his children will be out of high school before he's forty-five. /,his/PRP$ children/NNS will/MD be/VB out/IN of/IN high/JJ school/NN before/IN he/PRP 's/BES forty-five/CD ./.,,
sw10utt/sw_1080_2812.utt,2/sw2812,2812,343,ba,A,204,1,Wow. /,Wow/UH ./.,,
sw10utt/sw_1080_2812.utt,2/sw2812,2812,344,sd,B,205,1,"{F Um, } {E I mean } that's like  your mother,  /","Um/UH ,/, I/PRP mean/VBP that/DT 's/BES like/IN your/PRP$ mother/NN ,/,",,
sw10utt/sw_1080_2812.utt,2/sw2812,2812,345,sd,B,205,2,"look how young she is,","look/VB how/WRB young/JJ she/PRP is/VBZ ,/,",,
sw10utt/sw_1080_2812.utt,2/sw2812,2812,346,b,A,206,1,"# Uh-huh,  /","Uh-huh/UH ,/,",,
sw10utt/sw_1080_2812.utt,2/sw2812,2812,347,b,A,206,2,yeah. # /,yeah/UH ./.,,
sw10utt/sw_1080_2812.utt,2/sw2812,2812,348,+,B,207,1,# compared to # where you are out of school and everything. /,compared/VBN to/IN where/WRB you/PRP are/VBP out/IN of/IN school/NN and/CC everything/NN ./.,,
sw10utt/sw_1080_2812.utt,2/sw2812,2812,349,b,A,208,1,# Right. # /,Right/UH ./.,,
sw10utt/sw_1080_2812.utt,2/sw2812,2812,350,%,B,209,1,"# It's # just, it, - /","It/PRP 's/BES just/RB ,/, it/PRP ,/,",,
sw10utt/sw_1080_2812.utt,2/sw2812,2812,351,sv,B,209,2,"{C but } what you find is you  don't compare the woman, because you just get into trouble.  /","but/CC what/WP you/PRP find/VBP is/VBZ you/PRP do/VBP n't/RB compare/VB the/DT woman/NN ,/, because/IN you/PRP just/RB get/VBP into/IN trouble/NN ./.",,
sw10utt/sw_1080_2812.utt,2/sw2812,2812,352,sv,B,209,3,It's all independent and choices. /,It/PRP 's/BES all/RB independent/JJ and/CC choices/NNS ./.,,
sw10utt/sw_1080_2812.utt,2/sw2812,2812,353,b,A,210,1,"Uh-huh,  /","Uh-huh/UH ,/,",,
sw10utt/sw_1080_2812.utt,2/sw2812,2812,354,b,A,210,2,"yeah,  /","yeah/UH ,/,",,
sw10utt/sw_1080_2812.utt,2/sw2812,2812,355,ba,A,210,3,very true. /,very/RB true/JJ ./.,,
sw10utt/sw_1080_2812.utt,2/sw2812,2812,356,sd,B,211,1,"{F Um, } {C but } what I was going to say about  mothers is, {F uh, } your mother probably just won't say it,  /","Um/UH ,/, but/CC what/WP I/PRP was/VBD going/VBG to/TO say/VB about/IN mothers/NNS is/VBZ ,/, uh/UH ,/, your/PRP$ mother/NN probably/RB just/RB wo/MD n't/RB say/VB it/PRP ,/,",,
sw10utt/sw_1080_2812.utt,2/sw2812,2812,357,sd(^q),B,211,2,"{C but, } {E I mean, } my mother and  her sisters are always saying, {F uh, } to my cousins and I, my female cousins,","but/CC ,/, I/PRP mean/VBP ,/, my/PRP$ mother/NN and/CC her/PRP$ sisters/NNS are/VBP always/RB saying/VBG ,/, uh/UH ,/, to/IN my/PRP$ cousins/NNS and/CC I/PRP ,/, my/PRP$ female/NN cousins/NNS ,/,",,
sw10utt/sw_1080_2812.utt,2/sw2812,2812,358,b,A,212,1,# Uh-huh. # /,Uh-huh/UH ./.,,
sw10utt/sw_1080_2812.utt,2/sw2812,2812,359,+,B,213,1,"# you # girls are so lucky because  quote, unquote, you have all these choices, {D you know, }  /","you/PRP girls/NNS are/VBP so/RB lucky/JJ because/IN quote/NN ,/, unquote/NN ,/, you/PRP have/VBP all/PDT these/DT choices/NNS ,/, you/PRP know/VBP ,/,",,
sw10utt/sw_1080_2812.utt,2/sw2812,2812,360,^q,B,213,2,"you went to school, /","you/PRP went/VBD to/IN school/NN ,/,",,
sw10utt/sw_1080_2812.utt,2/sw2812,2812,361,b,A,214,1,"# Right,  /","Right/UH ,/,",,
sw10utt/sw_1080_2812.utt,2/sw2812,2812,362,b,A,214,2,uh-huh. # /,uh-huh/UH ./.,,
sw10utt/sw_1080_2812.utt,2/sw2812,2812,363,^q,B,215,1,"# you can # do this,  /","you/PRP can/MD do/VB this/DT ,/,",,
sw10utt/sw_1080_2812.utt,2/sw2812,2812,364,^q,B,215,2,"you can do that, /","you/PRP can/MD do/VB that/DT ,/,",,
sw10utt/sw_1080_2812.utt,2/sw2812,2812,365,b,A,216,1,# Uh-huh. # /,Uh-huh/UH ./.,,
sw10utt/sw_1080_2812.utt,2/sw2812,2812,366,^q,B,217,1,# we # couldn't do that then.  /,we/PRP could/MD n't/RB do/VB that/DT then/RB ./.,,
sw10utt/sw_1080_2812.utt,2/sw2812,2812,367,sd(^q),B,217,2,"{C And }  my cousins and I go, {D well } why couldn't you <laughter>. /","And/CC my/PRP$ cousins/NNS and/CC I/PRP go/VBP ,/, well/UH why/WRB could/MD n't/RB you/PRP ./.",,
sw10utt/sw_1080_2812.utt,2/sw2812,2812,368,b,A,218,1,"Yeah,  /","Yeah/UH ,/,",,
sw10utt/sw_1080_2812.utt,2/sw2812,2812,369,sd,A,218,2,"[ that's, + that's ]  why I say [ I feel, + I feel ]  really lucky right now, [ b-, + because ]  I'm not married and because I don't have children.  /","that/DT 's/BES ,/, that/DT 's/BES why/WRB I/PRP say/VBP I/PRP feel/VBP ,/, I/PRP feel/VBP really/RB lucky/JJ right/RB now/RB ,/, b-/IN ,/, because/IN I/PRP 'm/VBP not/RB married/JJ and/CC because/IN I/PRP do/VBP n't/RB have/VB children/NNS ./.",,
sw10utt/sw_1080_2812.utt,2/sw2812,2812,370,sd,A,218,3,"I'm out of school,  /","I/PRP 'm/VBP out/IN of/IN school/NN ,/,",,
sw10utt/sw_1080_2812.utt,2/sw2812,2812,371,sd,A,218,4,"I'm twenty-three,  /","I/PRP 'm/VBP twenty-three/CD ,/,",,
sw10utt/sw_1080_2812.utt,2/sw2812,2812,372,sd,A,218,5,"I can do anything I want to do, anything. /","I/PRP can/MD do/VB anything/NN I/PRP want/VBP to/TO do/VB ,/, anything/NN ./.",,
sw10utt/sw_1080_2812.utt,2/sw2812,2812,373,b,B,219,1,# Uh-huh. # /,Uh-huh/UH ./.,,
sw10utt/sw_1080_2812.utt,2/sw2812,2812,374,sd,A,220,1,"# {C And # so, } {E I mean } even some days I'm  looking for another job now,  /","And/CC so/RB ,/, I/PRP mean/VBP even/RB some/DT days/NNS I/PRP 'm/VBP looking/VBG for/IN another/DT job/NN now/RB ,/,",,
sw10utt/sw_1080_2812.utt,2/sw2812,2812,375,sd,A,220,2,"{C but, } {C and } I get so depressed [ because, + not because ]  I can't find a job, but because I can't figure out what I want to do. /","but/CC ,/, and/CC I/PRP get/VBP so/RB depressed/JJ because/IN ,/, not/RB because/IN I/PRP ca/MD n't/RB find/VB a/DT job/NN ,/, but/CC because/IN I/PRP ca/MD n't/RB figure/VB out/RP what/WP I/PRP want/VBP to/TO do/VB ./.",,
sw10utt/sw_1080_2812.utt,2/sw2812,2812,376,bd,B,221,1,"{C And } that's normal,  /","And/CC that/DT 's/BES normal/JJ ,/,",,
sw10utt/sw_1080_2812.utt,2/sw2812,2812,377,sv,B,221,2,"{E I mean, }","I/PRP mean/VBP ,/,",,
sw10utt/sw_1080_2812.utt,2/sw2812,2812,378,%,A,222,1,"# {C And } yeah, # /","And/CC yeah/UH ,/,",,
sw10utt/sw_1080_2812.utt,2/sw2812,2812,379,+,B,223,1,# I think # that's the world today. /,I/PRP think/VBP that/DT 's/BES the/DT world/NN today/RB ./.,,
sw10utt/sw_1080_2812.utt,2/sw2812,2812,380,%,A,224,1,"{C and } I thi-, - /","and/CC I/PRP thi/VBP ,/,",,
sw10utt/sw_1080_2812.utt,2/sw2812,2812,381,sd(^q),A,224,2,"{C and } I'm lucky though,  because not a lot of people can sit there and go gee, I don't know what to do.  /","and/CC I/PRP 'm/VBP lucky/JJ though/RB ,/, because/IN not/RB a/DT lot/NN of/IN people/NNS can/MD sit/VB there/RB and/CC go/VB gee/UH ,/, I/PRP do/VBP n't/RB know/VB what/WP to/TO do/VB ./.",,
sw10utt/sw_1080_2812.utt,2/sw2812,2812,382,%,A,224,3,"I have so mu-,","I/PRP have/VBP so/RB mu/JJ ,/,",,
sw10utt/sw_1080_2812.utt,2/sw2812,2812,383,b,B,225,1,# Right  /,Right/UH,,
sw10utt/sw_1080_2812.utt,2/sw2812,2812,384,%,B,225,2,"that's exa-, # -/","that/DT 's/BES exa-/RB ,/,",,
sw10utt/sw_1080_2812.utt,2/sw2812,2812,385,+,A,226,1,"# {D you know, } - /","you/PRP know/VBP ,/,",,
sw10utt/sw_1080_2812.utt,2/sw2812,2812,386,sv,A,226,2,"not # a lot of people, /","not/RB a/DT lot/NN of/IN people/NNS ,/,",,
sw10utt/sw_1080_2812.utt,2/sw2812,2812,387,b,B,227,1,# Yeah. # /,Yeah/UH ./.,,
sw10utt/sw_1080_2812.utt,2/sw2812,2812,388,sd,A,228,1,# {C but } # it's depressing too. /,but/CC it/PRP 's/BES depressing/JJ too/RB ./.,,
sw10utt/sw_1080_2812.utt,2/sw2812,2812,389,sd,B,229,1,"# [ That's how, + {E I mean, } #","That/DT 's/BES how/WRB ,/, I/PRP mean/VBP ,/,",,
sw10utt/sw_1080_2812.utt,2/sw2812,2812,390,qw,A,230,1,"# [ What do you, + what # do you ] that you're, -/","What/WP do/VBP you/PRP ,/, what/WP do/VBP you/PRP that/IN you/PRP 're/VBP ,/,",,
sw10utt/sw_1080_2812.utt,2/sw2812,2812,391,+,B,231,1,"What, ] I'm right now. /","What/WP ,/, I/PRP 'm/VBP right/RB now/RB ./.",,
sw10utt/sw_1080_2812.utt,2/sw2812,2812,392,b,A,232,1,Uh-huh. /,Uh-huh/UH ./.,,
sw10utt/sw_1080_2812.utt,2/sw2812,2812,393,sd,B,233,1,"[ I'm, + I'm ] a free-lance writer right now. /","I/PRP 'm/VBP ,/, I/PRP 'm/VBP a/DT free-lance/JJ writer/NN right/RB now/RB ./.",,
sw10utt/sw_1080_2812.utt,2/sw2812,2812,394,b,A,234,1,# Oh.  # /,Oh/UH ./.,,
sw10utt/sw_1080_2812.utt,2/sw2812,2812,395,sd,B,235,1,"# {C And # then, } {F um, } what I'm doing is  working at, {F um, } [ a electroni-, + an electronics ] company,","And/CC then/RB ,/, um/UH ,/, what/WP I/PRP 'm/VBP doing/VBG is/VBZ working/VBG at/IN ,/, um/UH ,/, a/DT electroni-/NNS ,/, an/DT electronics/NNS company/NN ,/,",,
sw10utt/sw_1080_2812.utt,2/sw2812,2812,396,b,A,236,1,# Uh-huh. # /,Uh-huh/UH ./.,,
sw10utt/sw_1080_2812.utt,2/sw2812,2812,397,+,B,237,1,"# for # their company newspaper,","for/IN their/PRP$ company/NN newspaper/NN ,/,",,
sw10utt/sw_1080_2812.utt,2/sw2812,2812,398,b,A,238,1,# Oh.  # /,Oh/UH ./.,,
sw10utt/sw_1080_2812.utt,2/sw2812,2812,399,+,B,239,1,"# right # now on the side,  /","right/RB now/RB on/IN the/DT side/NN ,/,",,
sw10utt/sw_1080_2812.utt,2/sw2812,2812,400,sd,B,239,2,"{C and then }  I'm also, - /","and/CC then/RB I/PRP 'm/VBP also/RB ,/,",,
sw10utt/sw_1080_2812.utt,2/sw2812,2812,401,sd,B,239,3,"{D actually, } I'm excited, tomorrow I have a, {F uh, }  (( luncheon ))   appointment with a perspective client to do,","actually/RB ,/, I/PRP 'm/VBP excited/JJ ,/, tomorrow/NN I/PRP have/VBP a/DT ,/, uh/UH ,/, luncheon/NN appointment/NN with/IN a/DT perspective/NN client/NN to/TO do/VB ,/,",,
sw10utt/sw_1080_2812.utt,2/sw2812,2812,402,%,A,240,1,# Huh.  # /,Huh/UH ./.,,
sw10utt/sw_1080_2812.utt,2/sw2812,2812,403,+,B,241,1,"# {F uh, } # marketing communications for them. /","uh/UH ,/, marketing/NN communications/NNS for/IN them/PRP ./.",,
sw10utt/sw_1080_2812.utt,2/sw2812,2812,404,bk,A,242,1,"{F Huh, } okay,  /","Huh/UH ,/, okay/UH ,/,",,
sw10utt/sw_1080_2812.utt,2/sw2812,2812,405,sd,A,242,2,"[ I'm a, + I'm a ]  news reporter, now, /","I/PRP 'm/VBP a/DT ,/, I/PRP 'm/VBP a/DT news/NN reporter/NN ,/, now/RB ,/,",,
sw10utt/sw_1080_2812.utt,2/sw2812,2812,406,bh,B,243,1,#  {F Oh }  you are? # /,Oh/UH you/PRP are/VBP ?/.,,
sw10utt/sw_1080_2812.utt,2/sw2812,2812,407,sd,A,244,1,"# {C and } what I'm # looking for is  something in, I really don't want to stay in news,  /","and/CC what/WP I/PRP 'm/VBP looking/VBG for/IN is/VBZ something/NN in/IN ,/, I/PRP really/RB do/VBP n't/RB want/VB to/TO stay/VB in/IN news/NN ,/,",,
sw10utt/sw_1080_2812.utt,2/sw2812,2812,408,sd,A,244,2,"{C but } I would like to stay in journalism, /","but/CC I/PRP would/MD like/VB to/TO stay/VB in/IN journalism/NN ,/,",,
sw10utt/sw_1080_2812.utt,2/sw2812,2812,409,%,B,245,1,"# We-, # -/","We-/XX ,/,",,
sw10utt/sw_1080_2812.utt,2/sw2812,2812,410,sd,A,246,1,"# {C and } # I've been looking for something  exactly like that jus-, -/","and/CC I/PRP 've/VBP been/VBN looking/VBG for/IN something/NN exactly/RB like/IN that/DT jus-/XX ,/,",,
sw10utt/sw_1080_2812.utt,2/sw2812,2812,411,sv,B,247,1,"Here's what you shoul-, - /","Here/RB 's/BES what/WP you/PRP shoul/MD ,/,",,
sw10utt/sw_1080_2812.utt,2/sw2812,2812,412,%,B,247,2,"d-, - /","d/VB ,/,",,
sw10utt/sw_1080_2812.utt,2/sw2812,2812,413,sd^t,B,247,3,"this is off the topic,  /","this/DT is/VBZ off/IN the/DT topic/NN ,/,",,
sw10utt/sw_1080_2812.utt,2/sw2812,2812,414,sv^t,B,247,4,"{C and } those people probably won-, <laughter>. -/","and/CC those/DT people/NNS probably/RB won/VBP ,/, ./.",,
sw10utt/sw_1080_2812.utt,2/sw2812,2812,415,b,A,248,1,"# Uh-huh,  /","Uh-huh/UH ,/,",,
sw10utt/sw_1080_2812.utt,2/sw2812,2812,416,b,A,248,2,okay <laughter>.  # /,okay/UH ./.,,
sw10utt/sw_1080_2812.utt,2/sw2812,2812,417,qy,B,249,1,# Did you go # to Baylor by any chance? /,Did/VBD you/PRP go/VB to/IN Baylor/NNP by/IN any/DT chance/NN ?/.,,
sw10utt/sw_1080_2812.utt,2/sw2812,2812,418,nn,A,250,1,"No,  /","No/UH ,/,",,
sw10utt/sw_1080_2812.utt,2/sw2812,2812,419,sd^e,A,250,2,"[ I don-, + I went ] to U T at Austin. /","I/PRP don-/XX ,/, I/PRP went/VBD to/IN U/NNP T/NNP at/IN Austin/NNP ./.",,
sw10utt/sw_1080_2812.utt,2/sw2812,2812,420,bk,B,251,1,"# {F Oh, } okay,  /","Oh/UH ,/, okay/UH ,/,",,
sw10utt/sw_1080_2812.utt,2/sw2812,2812,421,sv,B,251,2,that's even better.  # /,that/DT 's/BES even/RB better/JJR ./.,,
sw10utt/sw_1080_2812.utt,2/sw2812,2812,422,sd,A,252,1,"# {C And } [ I, + I ] just happen # to work  at a Waco station, because {D you know. } /","And/CC I/PRP ,/, I/PRP just/RB happen/VBP to/TO work/VB at/IN a/DT Waco/NNP station/NN ,/, because/IN you/PRP know/VBP ./.",,
sw10utt/sw_1080_2812.utt,2/sw2812,2812,423,sd,B,253,1,"I went to, - /","I/PRP went/VBD to/IN ,/,",,
sw10utt/sw_1080_2812.utt,2/sw2812,2812,424,qr,B,253,2,"{C or } you in radio, or television or news. /","or/CC you/PRP in/IN radio/NN ,/, or/CC television/NN or/CC news/NN ./.",,
sw10utt/sw_1080_2812.utt,2/sw2812,2812,425,sd,A,254,1,"[ Broa-, + broadcast ] news, T V, /","Broa-/NN ,/, broadcast/NN news/NN ,/, T/NN V/NN ,/,",,
sw10utt/sw_1080_2812.utt,2/sw2812,2812,426,sd,B,255,1,"{F Uh, } my journalism degree is in, -/","Uh/UH ,/, my/PRP$ journalism/NN degree/NN is/VBZ in/IN ,/,",,
