swda_filename,ptb_basename,conversation_no,transcript_index,act_tag,caller,utterance_index,subutterance_index,text,pos,trees,ptb_treenumbers
sw10utt/sw_1050_2968.utt,2/sw2968,2968,0,o,A,1,1,"Okay,  /","Okay/UH ,/,",,
sw10utt/sw_1050_2968.utt,2/sw2968,2968,1,qw,A,1,2,what do you read?   /,what/WP do/VBP you/PRP read/VB ?/.,,
sw10utt/sw_1050_2968.utt,2/sw2968.pos,2968,2,x,A,1,3,<Child_talking>.,./.
sw10utt/sw_1050_2968.utt,2/sw2968,2968,3,sd,B,2,1,"{F Uh, } {D well, } I read everything, {F uh, } I guess, {F uh, }  /","Uh/UH ,/, well/UH ,/, I/PRP read/VBP everything/NN ,/, uh/UH ,/, I/PRP guess/VBP ,/, uh/UH ,/,",,
sw10utt/sw_1050_2968.utt,2/sw2968,2968,4,%,B,2,2,"wh-, -/","wh-/XX ,/,",,
sw10utt/sw_1050_2968.utt,2/sw2968,2968,5,qw,A,3,1,What is your favorite? /,What/WP is/VBZ your/PRP$ favorite/JJ ?/.,,
sw10utt/sw_1050_2968.utt,2/sw2968,2968,6,sd,B,4,1,"{F Uh, } {D well, } I like all kinds, {F uh, }  /","Uh/UH ,/, well/UH ,/, I/PRP like/VBP all/DT kinds/NNS ,/, uh/UH ,/,",,
sw10utt/sw_1050_2968.utt,2/sw2968,2968,7,sd,B,4,2,"in fact I was just reading, {F uh, } a magazine now.  An automobile magazine.  /","in/IN fact/NN I/PRP was/VBD just/RB reading/VBG ,/, uh/UH ,/, a/DT magazine/NN now/RB ./. An/DT automobile/NN magazine/NN ./.",,
sw10utt/sw_1050_2968.utt,2/sw2968,2968,8,sd,B,4,3,"{F Uh, } I like historical, {F uh, } books, TIME magazine, newspaper, [ how, + how ] to do it type things, {F uh, } {F uh. } /","Uh/UH ,/, I/PRP like/VBP historical/JJ ,/, uh/UH ,/, books/NNS ,/, TIME/NNP magazine/NN ,/, newspaper/NN ,/, how/WRB ,/, how/WRB to/TO do/VB it/PRP type/NN things/NNS ,/, uh/UH ,/, uh/UH ./.",,
sw10utt/sw_1050_2968.utt,2/sw2968,2968,9,sd,A,5,1,"<TV> {F Oh, } I am not much into magazines.  /","Oh/UH ,/, I/PRP am/VBP not/RB much/JJ into/IN magazines/NNS ./.",,
sw10utt/sw_1050_2968.utt,2/sw2968,2968,10,sd,A,5,2,I do read them.  /,I/PRP do/VBP read/VB them/PRP ./.,,
sw10utt/sw_1050_2968.utt,2/sw2968,2968,11,sd,A,5,3,I like GOOD HOUSEKEEPING and stuff like that.  /,I/PRP like/VBP GOOD/NNP HOUSEKEEPING/NNP and/CC stuff/NN like/IN that/DT ./.,,
sw10utt/sw_1050_2968.utt,2/sw2968,2968,12,sd,A,5,4,I will get --,I/PRP will/MD get/VB --/:,,
sw10utt/sw_1050_2968.utt,2/sw2968,2968,13,b,B,6,1,Uh-huh. /,Uh-huh/UH ./.,,
sw10utt/sw_1050_2968.utt,2/sw2968,2968,14,+,A,7,1,-- ideas out for my own house and yard and stuff <child_talking>.  /,--/: ideas/NNS out/IN for/IN my/PRP$ own/JJ house/NN and/CC yard/NN and/CC stuff/NN ./.,,
sw10utt/sw_1050_2968.utt,2/sw2968,2968,15,sd,A,7,2,"Main thing, I like Pierce Anthony.  /","Main/JJ thing/NN ,/, I/PRP like/VBP Pierce/NNP Anthony/NNP ./.",,
sw10utt/sw_1050_2968.utt,2/sw2968,2968,16,sd,A,7,3,I love Pierce Anthony novels. /,I/PRP love/VBP Pierce/NNP Anthony/NNP novels/NNS ./.,,
sw10utt/sw_1050_2968.utt,2/sw2968,2968,17,sd,B,8,1,"{F Oh, } the novels, yeah.  /","Oh/UH ,/, the/DT novels/NNS ,/, yeah/UH ./.",,
sw10utt/sw_1050_2968.utt,2/sw2968,2968,18,nd,B,8,2,"No,  /","No/UH ,/,",,
sw10utt/sw_1050_2968.utt,2/sw2968,2968,19,sd,B,8,3,"I am not into [ soap, + soaps ] and all that stuff.  /","I/PRP am/VBP not/RB into/IN soap/NN ,/, soaps/NNS and/CC all/PDT that/DT stuff/NN ./.",,
sw10utt/sw_1050_2968.utt,2/sw2968,2968,20,sd,B,8,4,"I am, {F uh, } not into novels at all really,  [ oth-, +  other ] than historical things.  /","I/PRP am/VBP ,/, uh/UH ,/, not/RB into/IN novels/NNS at/IN all/DT really/RB ,/, oth-/XX ,/, other/JJ than/IN historical/JJ things/NNS ./.",,
sw10utt/sw_1050_2968.utt,2/sw2968,2968,21,sd,B,8,5,"{F Uh, } {F uh, } I am kind of [ a, + a ] chore person.  /","Uh/UH ,/, uh/UH ,/, I/PRP am/VBP kind/RB of/RB a/DT ,/, a/DT chore/NN person/NN ./.",,
sw10utt/sw_1050_2968.utt,2/sw2968,2968,22,sd,B,8,6,"I like to do, - /","I/PRP like/VBP to/TO do/VB ,/,",,
sw10utt/sw_1050_2968.utt,2/sw2968,2968,23,sd,B,8,7,"[ I am again, + I am ] a fix it person.  /","I/PRP am/VBP again/RB ,/, I/PRP am/VBP a/DT fix/VB it/PRP person/NN ./.",,
sw10utt/sw_1050_2968.utt,2/sw2968,2968,24,sd,B,8,8,"[  I, + I ] would read all those kinds of things. /","I/PRP ,/, I/PRP would/MD read/VB all/PDT those/DT kinds/NNS of/IN things/NNS ./.",,
sw10utt/sw_1050_2968.utt,2/sw2968,2968,25,qy,A,9,1,"(( Figures )) .  What, like those, {F uh, } magazines you get through the mail? /","Figures/VBZ ./. What/WP ,/, like/IN those/DT ,/, uh/UH ,/, magazines/NNS you/PRP get/VBP through/IN the/DT mail/NN ?/.",,
sw10utt/sw_1050_2968.utt,2/sw2968,2968,26,ny,B,10,1,Yeah.  /,Yeah/UH ./.,,
sw10utt/sw_1050_2968.utt,2/sw2968,2968,27,sd,B,10,2,"I will buy car magazines,  /","I/PRP will/MD buy/VB car/NN magazines/NNS ,/,",,
sw10utt/sw_1050_2968.utt,2/sw2968,2968,28,sd,B,10,3,course I am an engineer  /,course/NN I/PRP am/VBP an/DT engineer/NN,,
sw10utt/sw_1050_2968.utt,2/sw2968,2968,29,sd,B,10,4,"{C and } I read the engineering magazines,","and/CC I/PRP read/VBP the/DT engineering/NN magazines/NNS ,/,",,
sw10utt/sw_1050_2968.utt,2/sw2968,2968,30,%,A,11,1,"I, -/","I/PRP ,/,",,
sw10utt/sw_1050_2968.utt,2/sw2968,2968,31,+,B,12,1,and the money magazines.  /,and/CC the/DT money/NN magazines/NNS ./.,,
sw10utt/sw_1050_2968.utt,2/sw2968,2968,32,sd,B,12,2,"{C And, } {F uh, } {D well, } I am reading [ historical, {F uh, } not a novel, but + historical book ] now about [ the, + ] {F uh, } Russia [ [ before, {F uh, } the czar, + not before the czar, ] + ] during the czar's time and what it was like and everything. /","And/CC ,/, uh/UH ,/, well/UH ,/, I/PRP am/VBP reading/VBG historical/JJ ,/, uh/UH ,/, not/RB a/DT novel/NN ,/, but/CC historical/JJ book/NN now/RB about/IN the/DT ,/, uh/UH ,/, Russia/NNP before/RB ,/, uh/UH ,/, the/DT czar/NN ,/, not/RB before/IN the/DT czar/NN ,/, during/IN the/DT czar/NN 's/POS time/NN and/CC what/WP it/PRP was/VBD like/IN and/CC everything/NN ./.",,
sw10utt/sw_1050_2968.utt,2/sw2968,2968,33,b,A,13,1,<Child_talking> Uh-huh.  /,Uh-huh/UH ./.,,
sw10utt/sw_1050_2968.utt,2/sw2968,2968,34,qo,A,13,2,"What about like those TIME books that they put out about, {F uh, } {F uh, } {F oh, } ancient discoveries?  /","What/WP about/IN like/IN those/DT TIME/NNP books/NNS that/WDT they/PRP put/VBP out/RP about/IN ,/, uh/UH ,/, uh/UH ,/, oh/UH ,/, ancient/JJ discoveries/NNS ?/.",,
sw10utt/sw_1050_2968.utt,2/sw2968,2968,35,%,A,13,3,"{D You know, } th-, - /","You/PRP know/VBP ,/, th-/XX ,/,",,
sw10utt/sw_1050_2968.utt,2/sw2968,2968,36,qy,A,13,4,"how they found out {D like } that, {F uh, } ancient man, [ per-, + performed, ] {F uh, } brain surgery successfully?  /","how/WRB they/PRP found/VBD out/RP like/IN that/DT ,/, uh/UH ,/, ancient/JJ man/NN ,/, per-/XX ,/, performed/VBD ,/, uh/UH ,/, brain/NN surgery/NN successfully/RB ?/.",,
sw10utt/sw_1050_2968.utt,2/sw2968,2968,37,sd,A,13,5,{C And } stuff like --,And/CC stuff/NN like/IN --/:,,
sw10utt/sw_1050_2968.utt,2/sw2968,2968,38,qy,B,14,1,"{F Oh, } you --","Oh/UH ,/, you/PRP --/:",,
sw10utt/sw_1050_2968.utt,2/sw2968,2968,39,+,A,15,1,-- that. /,--/: that/DT ./.,,
sw10utt/sw_1050_2968.utt,2/sw2968,2968,40,+,B,16,1,-- mean the ancient astronauts things?  /,--/: mean/VBP the/DT ancient/JJ astronauts/NNS things/NNS ?/.,,
sw10utt/sw_1050_2968.utt,2/sw2968.pos,2968,41,x,B,16,2,<Noise>.,./.
sw10utt/sw_1050_2968.utt,2/sw2968,2968,42,ny,A,17,1,Uh-huh. /,Uh-huh/UH ./.,,
sw10utt/sw_1050_2968.utt,2/sw2968,2968,43,sd,B,18,1,I have read some of that.  /,I/PRP have/VBP read/VBN some/DT of/IN that/DT ./.,,
sw10utt/sw_1050_2968.utt,2/sw2968,2968,44,%,B,18,2,"[  I, + I ] did not, - /","I/PRP ,/, I/PRP did/VBD not/RB ,/,",,
sw10utt/sw_1050_2968.utt,2/sw2968,2968,45,h,B,18,3,"some of that [ is, + {F uh, }","some/DT of/IN that/DT is/VBZ ,/, uh/UH ,/,",,
sw10utt/sw_1050_2968.utt,2/sw2968,2968,46,x,A,19,1,<Noise>.,,,
sw10utt/sw_1050_2968.utt,2/sw2968,2968,47,+,B,20,1,"[ it + ] is ] very interesting, without question. /","it/PRP is/VBZ very/RB interesting/JJ ,/, without/IN question/NN ./.",,
sw10utt/sw_1050_2968.utt,2/sw2968,2968,48,b,A,21,1,Uh-huh. /,Uh-huh/UH ./.,,
sw10utt/sw_1050_2968.utt,2/sw2968,2968,49,h,B,22,1,"[ I, + I ] do not really know that they have the answers in those books.  /","I/PRP ,/, I/PRP do/VBP not/RB really/RB know/VB that/IN they/PRP have/VBP the/DT answers/NNS in/IN those/DT books/NNS ./.",,
sw10utt/sw_1050_2968.utt,2/sw2968,2968,50,sv,B,22,2,"[  Th-, + they, ] make conclusions in them that may or --","Th-/PRP ,/, they/PRP ,/, make/VBP conclusions/NNS in/IN them/PRP that/WDT may/MD or/CC --/:",,
sw10utt/sw_1050_2968.utt,2/sw2968,2968,51,b,A,23,1,Yes. /,Yes/UH ./.,,
sw10utt/sw_1050_2968.utt,2/sw2968,2968,52,+,B,24,1,-- may not be true. /,--/: may/MD not/RB be/VB true/JJ ./.,,
sw10utt/sw_1050_2968.utt,2/sw2968,2968,53,b,A,25,1,Oh. /,Oh/UH ./.,,
sw10utt/sw_1050_2968.utt,2/sw2968,2968,54,sv,B,26,1,{C But } they are very interesting.,But/CC they/PRP are/VBP very/RB interesting/JJ ./.,,
sw10utt/sw_1050_2968.utt,2/sw2968,2968,55,b,A,27,1,Uh-huh. /,Uh-huh/UH ./.,,
sw10utt/sw_1050_2968.utt,2/sw2968,2968,56,+,B,28,1,"[ Th-, +  that, ]  they have,","Th-/IN ,/, that/IN ,/, they/PRP have/VBP ,/,",,
sw10utt/sw_1050_2968.utt,2/sw2968,2968,57,x,A,29,1,<Noise>.,,,
sw10utt/sw_1050_2968.utt,2/sw2968,2968,58,+,B,30,1,what they have discovered. /,what/WP they/PRP have/VBP discovered/VBN ./.,,
sw10utt/sw_1050_2968.utt,2/sw2968,2968,59,sd,A,31,1,"<Noise> {F Oh, } I like far out facts or whatever. /","Oh/UH ,/, I/PRP like/VBP far/GW out/^JJ facts/NNS or/CC whatever/WDT ./.",,
sw10utt/sw_1050_2968.utt,2/sw2968,2968,60,b,B,32,1,Yeah. /,Yeah/UH ./.,,
sw10utt/sw_1050_2968.utt,2/sw2968,2968,61,sd,A,33,1,I like to read stuff like that.  /,I/PRP like/VBP to/TO read/VB stuff/NN like/IN that/DT ./.,,
sw10utt/sw_1050_2968.utt,2/sw2968,2968,62,sd,A,33,2,{C But } I am a superficial buff.  /,But/CC I/PRP am/VBP a/DT superficial/JJ buff/NN ./.,,
sw10utt/sw_1050_2968.utt,2/sw2968,2968,63,%,A,33,3,"I cannot <laughter>  (( take a day ))  <laughter> I just, -/","I/PRP can/MD not/RB take/VB a/DT day/NN I/PRP just/RB ,/,",,
sw10utt/sw_1050_2968.utt,2/sw2968,2968,64,qw^d,B,34,1,You are what kind of buff? /,You/PRP are/VBP what/WP kind/NN of/IN buff/NN ?/.,,
sw10utt/sw_1050_2968.utt,2/sw2968,2968,65,sd,A,35,1,"Superficial, /","Superficial/JJ ,/,",,
sw10utt/sw_1050_2968.utt,2/sw2968,2968,66,bk,B,36,1,"{F Oh, } okay. /","Oh/UH ,/, okay/UH ./.",,
sw10utt/sw_1050_2968.utt,2/sw2968,2968,67,sd,A,37,1,"[ I like, + I like ] it if it is fun.  /","I/PRP like/VBP ,/, I/PRP like/VBP it/PRP if/IN it/PRP is/VBZ fun/JJ ./.",,
sw10utt/sw_1050_2968.utt,2/sw2968,2968,68,sd,A,37,2,I do not get too into it. /,I/PRP do/VBP not/RB get/VB too/RB into/IN it/PRP ./.,,
sw10utt/sw_1050_2968.utt,2/sw2968,2968,69,b,B,38,1,"{F Oh, } yeah.  /","Oh/UH ,/, yeah/UH ./.",,
sw10utt/sw_1050_2968.utt,2/sw2968,2968,70,b,B,38,2,Right. /,Right/UH ./.,,
sw10utt/sw_1050_2968.utt,2/sw2968,2968,71,b,A,39,1,Yeah. /,Yeah/UH ./.,,
sw10utt/sw_1050_2968.utt,2/sw2968,2968,72,sd,B,40,1,"{D Well, } I am kind of a hobbyist  /","Well/UH ,/, I/PRP am/VBP kind/RB of/RB a/DT hobbyist/NN",,
sw10utt/sw_1050_2968.utt,2/sw2968,2968,73,sd,B,40,2,"{C so } [ I, + I ] read all those things that, {F uh, } - /","so/RB I/PRP ,/, I/PRP read/VBP all/PDT those/DT things/NNS that/WDT ,/, uh/UH ,/,",,
sw10utt/sw_1050_2968.utt,2/sw2968,2968,74,sd,B,40,3,"{C and } being an engineer, all those books that would bore everybody else, {D you know, } how to do things. /","and/CC being/VBG an/DT engineer/NN ,/, all/PDT those/DT books/NNS that/WDT would/MD bore/VB everybody/NN else/RB ,/, you/PRP know/VBP ,/, how/WRB to/TO do/VB things/NNS ./.",,
sw10utt/sw_1050_2968.utt,2/sw2968,2968,75,b,A,41,1,Uh-huh.  /,Uh-huh/UH ./.,,
sw10utt/sw_1050_2968.utt,2/sw2968,2968,76,b,A,41,2,Yeah.  /,Yeah/UH ./.,,
sw10utt/sw_1050_2968.utt,2/sw2968,2968,77,%,A,41,3,"{D Well, } -/","Well/UH ,/,",,
sw10utt/sw_1050_2968.utt,2/sw2968,2968,78,sd,B,42,1,I am one of those crazy people that reads the directions.  /,I/PRP am/VBP one/CD of/IN those/DT crazy/JJ people/NNS that/WDT reads/VBZ the/DT directions/NNS ./.,,
sw10utt/sw_1050_2968.utt,2/sw2968,2968,79,sd,B,42,2,It always make my wife mad.  /,It/PRP always/RB make/VBP my/PRP$ wife/NN mad/JJ ./.,,
sw10utt/sw_1050_2968.utt,2/sw2968,2968,80,%,B,42,3,"I, -/","I/PRP ,/,",,
sw10utt/sw_1050_2968.utt,2/sw2968,2968,81,^2,A,43,1,<Laughter> Because you read it <laughter>. /,Because/IN you/PRP read/VBP it/PRP ./.,,
sw10utt/sw_1050_2968.utt,2/sw2968,2968,82,sd,B,44,1,"when she ever there is something, I say, {D well, } have you read the directions?  /","when/WRB she/PRP ever/RB there/EX is/VBZ something/NN ,/, I/PRP say/VBP ,/, well/UH ,/, have/VBP you/PRP read/VBN the/DT directions/NNS ?/.",,
sw10utt/sw_1050_2968.utt,2/sw2968,2968,83,^q,B,44,2,"<<Mimicks another voice>> ""No,  /","``/`` No/UH ,/,",,
sw10utt/sw_1050_2968.utt,2/sw2968,2968,84,^q,B,44,3,"I hate reading the directions."" /",I/PRP hate/VBP reading/VBG the/DT directions/NNS ./. ''/'',,
sw10utt/sw_1050_2968.utt,2/sw2968,2968,85,x,A,45,1,<Laughter>.,,,
sw10utt/sw_1050_2968.utt,2/sw2968,2968,86,sd,B,46,1,"I say, {D well, } engineers, [ we, + we ] are the few people in the world --","I/PRP say/VBP ,/, well/UH ,/, engineers/NNS ,/, we/PRP ,/, we/PRP are/VBP the/DT few/JJ people/NNS in/IN the/DT world/NN --/:",,
sw10utt/sw_1050_2968.utt,2/sw2968,2968,87,qy,A,47,1,You are an --,You/PRP are/VBP an/DT --/:,,
sw10utt/sw_1050_2968.utt,2/sw2968,2968,88,+,B,48,1,-- that read --,--/: that/WDT read/VBP --/:,,
sw10utt/sw_1050_2968.utt,2/sw2968,2968,89,+,A,49,1,-- engineer?  /,--/: engineer/NN ?/.,,
sw10utt/sw_1050_2968.utt,2/sw2968.pos,2968,90,x,A,49,2,<Child_talking>.,./.
sw10utt/sw_1050_2968.utt,2/sw2968,2968,91,+@,B,50,1,-- the directions.  Yeah  *[[shouldn't there be a slash unit after 'directions.'?]]/,--/: the/DT directions/NNS ./. Yeah/UH,,
sw10utt/sw_1050_2968.utt,2/sw2968.pos,2968,92,x,B,50,2,<laughter>.,./.
sw10utt/sw_1050_2968.utt,2/sw2968,2968,93,qy,A,51,1,Are you an engineer for T I? /,Are/VBP you/PRP an/DT engineer/NN for/IN T/NNP I/NNP ?/.,,
sw10utt/sw_1050_2968.utt,2/sw2968,2968,94,b,B,52,1,Yeah. /,Yeah/UH ./.,,
sw10utt/sw_1050_2968.utt,2/sw2968,2968,95,bk,A,53,1,"</Child_talking> Okay, {F uh, }  /","Okay/UH ,/, uh/UH ,/,",,
sw10utt/sw_1050_2968.utt,2/sw2968,2968,96,sd,A,53,2,I worked at T I for a little while. /,I/PRP worked/VBD at/IN T/NNP I/NNP for/IN a/DT little/JJ while/RB ./.,,
sw10utt/sw_1050_2968.utt,2/sw2968,2968,97,b,B,54,1,Uh-huh. /,Uh-huh/UH ./.,,
sw10utt/sw_1050_2968.utt,2/sw2968,2968,98,sd,A,55,1,"{F Uh, } we have got a book that says, {F uh, } HOW DO THEY DO THAT? /","Uh/UH ,/, we/PRP have/VBP got/VBN a/DT book/NN that/WDT says/VBZ ,/, uh/UH ,/, HOW/NNP DO/NNP THEY/NNP DO/NNP THAT/NNP ?/.",,
sw10utt/sw_1050_2968.utt,2/sw2968,2968,99,b,B,56,1,Yeah. /,Yeah/UH ./.,,
sw10utt/sw_1050_2968.utt,2/sw2968,2968,100,sv,A,57,1,{C And } it answers everything. /,And/CC it/PRP answers/VBZ everything/NN ./.,,
sw10utt/sw_1050_2968.utt,2/sw2968,2968,101,bh,B,58,1,"{F Oh, } really? /","Oh/UH ,/, really/UH ?/.",,
sw10utt/sw_1050_2968.utt,2/sw2968,2968,102,ny,A,59,1,Yeah  /,Yeah/UH,,
sw10utt/sw_1050_2968.utt,2/sw2968,2968,103,%,A,59,2,"<child_talking>.  {C And } I, - /","./. And/CC I/PRP ,/,",,
sw10utt/sw_1050_2968.utt,2/sw2968,2968,104,sv,A,59,3,"{D well, } not everything  /","well/UH ,/, not/RB everything/NN",,
sw10utt/sw_1050_2968.utt,2/sw2968,2968,105,sd,A,59,4,{C but } a lot of silly little questions. /,but/CC a/DT lot/NN of/IN silly/JJ little/JJ questions/NNS ./.,,
sw10utt/sw_1050_2968.utt,2/sw2968,2968,106,b,B,60,1,"{F Oh, } yeah.  /","Oh/UH ,/, yeah/UH ./.",,
sw10utt/sw_1050_2968.utt,2/sw2968,2968,107,%,B,60,2,"That, -/","That/DT ,/,",,
sw10utt/sw_1050_2968.utt,2/sw2968,2968,108,sd,A,61,1,"Like what makes a firefly light,","Like/IN what/WP makes/VBZ a/DT firefly/JJ light/VB ,/,",,
sw10utt/sw_1050_2968.utt,2/sw2968,2968,109,b,B,62,1,"{F Oh, } /","Oh/UH ,/,",,
sw10utt/sw_1050_2968.utt,2/sw2968,2968,110,+@,A,63,1,{D you know } <laughter> </child_talking>. /,you/PRP know/VBP ./.,,
sw10utt/sw_1050_2968.utt,2/sw2968,2968,111,b,B,64,1,yeah.  /,yeah/UH ./.,,
sw10utt/sw_1050_2968.utt,2/sw2968,2968,112,sv,B,64,2,"Those are, {F oh, } interesting.  /","Those/DT are/VBP ,/, oh/UH ,/, interesting/JJ ./.",,
sw10utt/sw_1050_2968.utt,2/sw2968,2968,113,qy,B,64,3,"{F Oh, } you like science things?  /","Oh/UH ,/, you/PRP like/VBP science/NN things/NNS ?/.",,
sw10utt/sw_1050_2968.utt,2/sw2968,2968,114,sd,B,64,4,"{F Uh, } I have not gotten them in a long time.  /","Uh/UH ,/, I/PRP have/VBP not/RB gotten/VBN them/PRP in/IN a/DT long/JJ time/NN ./.",,
sw10utt/sw_1050_2968.utt,2/sw2968,2968,115,qw,B,64,5,"What is that, {F uh, } one that is on T V?  /","What/WP is/VBZ that/DT ,/, uh/UH ,/, one/CD that/WDT is/VBZ on/IN T/NN V/NN ?/.",,
sw10utt/sw_1050_2968.utt,2/sw2968,2968,116,sv,B,64,6,"That book, {F uh, } NATIONAL GEOGRAPHIC is really a fascinating book, {F uh, }","That/DT book/NN ,/, uh/UH ,/, NATIONAL/NNP GEOGRAPHIC/NNP is/VBZ really/RB a/DT fascinating/JJ book/NN ,/, uh/UH ,/,",,
sw10utt/sw_1050_2968.utt,2/sw2968,2968,117,%,A,65,1,{D Now. } -/,Now/UH ./.,,
sw10utt/sw_1050_2968.utt,2/sw2968,2968,118,+,B,66,1,"{F uh, } if you ever get those  /","uh/UH ,/, if/IN you/PRP ever/RB get/VBP those/DT",,
sw10utt/sw_1050_2968.utt,2/sw2968,2968,119,%,B,66,2,"{C or } e-, /","or/CC e-/XX ,/,",,
sw10utt/sw_1050_2968.utt,2/sw2968,2968,120,b,A,67,1,"Yeah,  /","Yeah/UH ,/,",,
sw10utt/sw_1050_2968.utt,2/sw2968,2968,121,b,A,67,2,uh-huh.  /,uh-huh/UH ./.,,
sw10utt/sw_1050_2968.utt,2/sw2968,2968,122,%,A,67,3,"{D Well, } that, do not, -/","Well/UH ,/, that/IN ,/, do/VBP not/RB ,/,",,
sw10utt/sw_1050_2968.utt,2/sw2968,2968,123,sd,B,68,1,"{C But } I have not gotten them in years, {F uh, }  /","But/CC I/PRP have/VBP not/RB gotten/VBN them/PRP in/IN years/NNS ,/, uh/UH ,/,",,
sw10utt/sw_1050_2968.utt,2/sw2968,2968,124,sd,B,68,2,"[ th-, + they ] were kind of expensive.  /","th-/XX ,/, they/PRP were/VBD kind/RB of/RB expensive/JJ ./.",,
sw10utt/sw_1050_2968.utt,2/sw2968,2968,125,sd,B,68,3,"I know people just collect them like they are, /","I/PRP know/VBP people/NNS just/RB collect/VBP them/PRP like/IN they/PRP are/VBP ,/,",,
sw10utt/sw_1050_2968.utt,2/sw2968,2968,126,b,A,69,1,Yeah. /,Yeah/UH ./.,,
sw10utt/sw_1050_2968.utt,2/sw2968,2968,127,%,B,70,1,"{F uh, } /","uh/UH ,/,",,
sw10utt/sw_1050_2968.utt,2/sw2968,2968,128,x,A,71,1,<Noise> <child_talking>.,,,
sw10utt/sw_1050_2968.utt,2/sw2968,2968,129,sd,B,72,1,"They have wonderful [ pi-, + photographs ] and just amazing photographs that --","They/PRP have/VBP wonderful/JJ pi-/XX ,/, photographs/NNS and/CC just/RB amazing/JJ photographs/NNS that/WDT --/:",,
sw10utt/sw_1050_2968.utt,2/sw2968,2968,130,b,A,73,1,Yeah. /,Yeah/UH ./.,,
sw10utt/sw_1050_2968.utt,2/sw2968,2968,131,+,B,74,1,-- they have done. /,--/: they/PRP have/VBP done/VBN ./.,,
sw10utt/sw_1050_2968.utt,2/sw2968,2968,132,%,A,75,1,"We used, - /","We/PRP used/VBD ,/,",,
sw10utt/sw_1050_2968.utt,2/sw2968,2968,133,sd,A,75,2,"my little sister was blind and going to school,  /","my/PRP$ little/JJ sister/NN was/VBD blind/JJ and/CC going/VBG to/IN school/NN ,/,",,
sw10utt/sw_1050_2968.utt,2/sw2968,2968,134,sd,A,75,3,"{C and } she would have to come home at night, cut out different, - /","and/CC she/PRP would/MD have/VB to/TO come/VB home/RB at/IN night/NN ,/, cut/VB out/IN different/JJ ,/,",,
sw10utt/sw_1050_2968.utt,2/sw2968,2968,135,sd,A,75,4,"she was not <child_talking> fully blind, just legally blind. /","she/PRP was/VBD not/RB fully/RB blind/JJ ,/, just/RB legally/RB blind/JJ ./.",,
sw10utt/sw_1050_2968.utt,2/sw2968,2968,136,b,B,76,1,Yeah. /,Yeah/UH ./.,,
sw10utt/sw_1050_2968.utt,2/sw2968,2968,137,sd,A,77,1,"{C But } she would have to cut out different colors,  /","But/CC she/PRP would/MD have/VB to/TO cut/VB out/IN different/JJ colors/NNS ,/,",,
sw10utt/sw_1050_2968.utt,2/sw2968,2968,138,sd,A,77,2,"{C and } that is the best book to go through, those NATIONAL --","and/CC that/DT is/VBZ the/DT best/JJS book/NN to/TO go/VB through/IN ,/, those/DT NATIONAL/NNP --/:",,
sw10utt/sw_1050_2968.utt,2/sw2968,2968,139,ba,B,78,1,It is. /,It/PRP is/VBZ ./.,,
sw10utt/sw_1050_2968.utt,2/sw2968,2968,140,+,A,79,1,-- GEOGRAPHIC. /,--/: GEOGRAPHIC/NNP ./.,,
sw10utt/sw_1050_2968.utt,2/sw2968,2968,141,ba^r,B,80,1,It is.  /,It/PRP is/VBZ ./.,,
sw10utt/sw_1050_2968.utt,2/sw2968,2968,142,%,B,80,2,"[ [ They, + they, ] + they, ] {F uh, } - /","They/PRP ,/, they/PRP ,/, they/PRP ,/, uh/UH ,/,",,
sw10utt/sw_1050_2968.utt,2/sw2968,2968,143,sv,B,80,3,the photographers just got --,the/DT photographers/NNS just/RB got/VBD --/:,,
sw10utt/sw_1050_2968.utt,2/sw2968,2968,144,ba,A,81,1,{C And } they are great. /,And/CC they/PRP are/VBP great/JJ ./.,,
sw10utt/sw_1050_2968.utt,2/sw2968,2968,145,+,B,82,1,"-- fantastic pictures in those things.  {F Uh, } /","--/: fantastic/JJ pictures/NNS in/IN those/DT things/NNS ./. Uh/UH ,/,",,
sw10utt/sw_1050_2968.utt,2/sw2968,2968,146,sd@,A,83,1,"{F Oh, } {D now } I do like NATIONAL GEOGRAPHIC and stuff.  Because [ I, + like I said, I ] like reading about, I don't know, animals.  /","Oh/UH ,/, now/UH I/PRP do/VBP like/VB NATIONAL/NNP GEOGRAPHIC/NNP and/CC stuff/NN ./. Because/IN I/PRP ,/, like/IN I/PRP said/VBD ,/, I/PRP like/VBP reading/VBG about/IN ,/, I/PRP do/VBP n't/RB know/VB ,/, animals/NNS ./.",,
sw10utt/sw_1050_2968.utt,2/sw2968,2968,147,sd,A,83,2,I love reading about animals. /,I/PRP love/VBP reading/VBG about/IN animals/NNS ./.,,
sw10utt/sw_1050_2968.utt,2/sw2968,2968,148,b,B,84,1,Uh-huh. /,Uh-huh/UH ./.,,
sw10utt/sw_1050_2968.utt,2/sw2968,2968,149,sd,A,85,1,The gorillas and stuff. /,The/DT gorillas/NNS and/CC stuff/NN ./.,,
sw10utt/sw_1050_2968.utt,2/sw2968,2968,150,b,B,86,1,Yeah. /,Yeah/UH ./.,,
sw10utt/sw_1050_2968.utt,2/sw2968,2968,151,sd,A,87,1,"{C And } the sloth, it fascinates me.  /","And/CC the/DT sloth/NN ,/, it/PRP fascinates/VBZ me/PRP ./.",,
sw10utt/sw_1050_2968.utt,2/sw2968,2968,152,sd,A,87,2,That's something moves that slow <laughter>. /,That/DT 's/BES something/NN moves/VBZ that/RB slow/JJ ./.,,
sw10utt/sw_1050_2968.utt,2/sw2968,2968,153,b,B,88,1,"{F Oh, } yeah. /","Oh/UH ,/, yeah/UH ./.",,
sw10utt/sw_1050_2968.utt,2/sw2968,2968,154,sv,A,89,1,{C And } it is just weird. /,And/CC it/PRP is/VBZ just/RB weird/JJ ./.,,
sw10utt/sw_1050_2968.utt,2/sw2968,2968,155,%,B,90,1,"{D You know, } I have not, {F uh, } -/","You/PRP know/VBP ,/, I/PRP have/VBP not/RB ,/, uh/UH ,/,",,
sw10utt/sw_1050_2968.utt,2/sw2968,2968,156,x,A,91,1,<Child_talking>.,,,
sw10utt/sw_1050_2968.utt,2/sw2968,2968,157,sd,B,92,1,"of course, was it all books and things  /","of/IN course/NN ,/, was/VBD it/PRP all/DT books/NNS and/CC things/NNS",,
sw10utt/sw_1050_2968.utt,2/sw2968,2968,158,%,B,92,2,"{C or } was it any, - /","or/CC was/VBD it/PRP any/DT ,/,",,
sw10utt/sw_1050_2968.utt,2/sw2968,2968,159,qy^t,B,92,3,did it say anything about newspapers?  /,did/VBD it/PRP say/VB anything/NN about/IN newspapers/NNS ?/.,,
sw10utt/sw_1050_2968.utt,2/sw2968,2968,160,sd^t,B,92,4,I have forgotten what the question was exactly.  /,I/PRP have/VBP forgotten/VBN what/WP the/DT question/NN was/VBD exactly/RB ./.,,
sw10utt/sw_1050_2968.utt,2/sw2968,2968,161,qw,B,92,5,"{C But, } {F uh, }","But/CC ,/, uh/UH ,/,",,
sw10utt/sw_1050_2968.utt,2/sw2968,2968,162,%,A,93,1,"{F Oh, } {D well, } -/","Oh/UH ,/, well/UH ,/,",,
sw10utt/sw_1050_2968.utt,2/sw2968,2968,163,+,B,94,1,"what do you read, I guess, in general?  /","what/WP do/VBP you/PRP read/VB ,/, I/PRP guess/VBP ,/, in/IN general/NN ?/.",,
sw10utt/sw_1050_2968.utt,2/sw2968,2968,164,%,B,94,2,"{C Or, } -/","Or/CC ,/,",,
sw10utt/sw_1050_2968.utt,2/sw2968,2968,165,b,A,95,1,Yeah.  /,Yeah/UH ./.,,
sw10utt/sw_1050_2968.utt,2/sw2968,2968,166,sv^t,A,95,2,"{D Well, } we can talk about anything we want. /","Well/UH ,/, we/PRP can/MD talk/VB about/IN anything/NN we/PRP want/VBP ./.",,
sw10utt/sw_1050_2968.utt,2/sw2968,2968,167,b,B,96,1,Yeah.  /,Yeah/UH ./.,,
sw10utt/sw_1050_2968.utt,2/sw2968,2968,168,sd,B,96,2,"{F Uh, } [ I, + I ] glance at all newspapers.  /","Uh/UH ,/, I/PRP ,/, I/PRP glance/VBP at/IN all/DT newspapers/NNS ./.",,
sw10utt/sw_1050_2968.utt,2/sw2968,2968,169,sd,B,96,3,"I do like, {F uh, } - /","I/PRP do/VBP like/VB ,/, uh/UH ,/,",,
sw10utt/sw_1050_2968.utt,2/sw2968,2968,170,sd,B,96,4,"since the re-, since the economy is doing so bad, I never have read the, {F uh, } {F uh, } financial pages more often than now, {D you know. }   And trying to analyze and look for some good news in, in there, {D you know. }  {F Uh, }","since/IN the/DT re-/XX ,/, since/IN the/DT economy/NN is/VBZ doing/VBG so/RB bad/JJ ,/, I/PRP never/RB have/VBP read/VBN the/DT ,/, uh/UH ,/, uh/UH ,/, financial/JJ pages/NNS more/RBR often/RB than/IN now/RB ,/, you/PRP know/VBP ./. And/CC trying/VBG to/TO analyze/VB and/CC look/VB for/IN some/DT good/JJ news/NN in/IN ,/, in/IN there/RB ,/, you/PRP know/VBP ./. Uh/UH ,/,",,
sw10utt/sw_1050_2968.utt,2/sw2968,2968,171,sv,A,97,1,"{D Well, } for me --","Well/UH ,/, for/IN me/PRP --/:",,
sw10utt/sw_1050_2968.utt,2/sw2968,2968,172,+,B,98,1,"to see if the, -/","to/TO see/VB if/IN the/DT ,/,",,
sw10utt/sw_1050_2968.utt,2/sw2968,2968,173,+,A,99,1,"-- there is no imme-, - /","--/: there/EX is/VBZ no/DT imme-/XX ,/,",,
sw10utt/sw_1050_2968.utt,2/sw2968,2968,174,%,A,99,2,"{D well, } wh-, {D you know, } - /","well/UH ,/, wh-/XX ,/, you/PRP know/VBP ,/,",,
sw10utt/sw_1050_2968.utt,2/sw2968,2968,175,sd@,A,99,3,the financial pages does not hit me directly.  Which I am sure it does if I get into it.  /,the/DT financial/JJ pages/NNS does/VBZ not/RB hit/VBN me/PRP directly/RB ./. Which/WDT I/PRP am/VBP sure/JJ it/PRP does/VBZ if/IN I/PRP get/VBP into/IN it/PRP ./.,,
sw10utt/sw_1050_2968.utt,2/sw2968,2968,176,sd,A,99,4,"{C But } like I said, I do not keep up on all that. /","But/CC like/IN I/PRP said/VBD ,/, I/PRP do/VBP not/RB keep/VB up/RP on/IN all/DT that/DT ./.",,
sw10utt/sw_1050_2968.utt,2/sw2968,2968,177,sd,B,100,1,"{D Well, } I have only been more interested because of things are doing so bad and everything.  /","Well/UH ,/, I/PRP have/VBP only/RB been/VBN more/RBR interested/JJ because/IN of/IN things/NNS are/VBP doing/VBG so/RB bad/RB and/CC everything/NN ./.",,
sw10utt/sw_1050_2968.utt,2/sw2968,2968,178,sd,B,100,2,I thought --,I/PRP thought/VBD --/:,,
sw10utt/sw_1050_2968.utt,2/sw2968,2968,179,b,A,101,1,Yeah.  /,Yeah/UH ./.,,
sw10utt/sw_1050_2968.utt,2/sw2968,2968,180,%,A,101,2,"The, -/","The/DT ,/,",,
sw10utt/sw_1050_2968.utt,2/sw2968,2968,181,+,B,102,1,"-- {D well, } {F uh, } see if there is anything in there that, {F uh, } {F uh, } would be [ s-, + ] positive, {D you know. }  /","--/: well/UH ,/, uh/UH ,/, see/UH if/IN there/EX is/VBZ anything/NN in/IN there/RB that/WDT ,/, uh/UH ,/, uh/UH ,/, would/MD be/VB s-/XX ,/, positive/JJ ,/, you/PRP know/VBP ./.",,
sw10utt/sw_1050_2968.utt,2/sw2968,2968,182,sd,B,102,2,"You always look for things [ with, +","You/PRP always/RB look/VBP for/IN things/NNS with/IN ,/,",,
sw10utt/sw_1050_2968.utt,2/sw2968,2968,183,b,A,103,1,Yeah. /,Yeah/UH ./.,,
sw10utt/sw_1050_2968.utt,2/sw2968,2968,184,+,B,104,1,"with ] this terrible recession that we are in, {F uh, }","with/IN this/DT terrible/JJ recession/NN that/WDT we/PRP are/VBP in/IN ,/, uh/UH ,/,",,
sw10utt/sw_1050_2968.utt,2/sw2968,2968,185,qy^d,A,105,1,With everything --,With/IN everything/NN --/:,,
sw10utt/sw_1050_2968.utt,2/sw2968,2968,186,+,B,106,1,"to see if there is any go-, -/","to/TO see/VB if/IN there/EX is/VBZ any/DT go-/XX ,/,",,
sw10utt/sw_1050_2968.utt,2/sw2968,2968,187,+,A,107,1,-- going down? /,--/: going/VBG down/RB ?/.,,
sw10utt/sw_1050_2968.utt,2/sw2968,2968,188,ny,B,108,1,"{F Oh, } yeah,  /","Oh/UH ,/, yeah/UH ,/,",,
sw10utt/sw_1050_2968.utt,2/sw2968,2968,189,ny^r,B,108,2,yeah.  /,yeah/UH ./.,,
sw10utt/sw_1050_2968.utt,2/sw2968,2968,190,%,B,108,3,"It is, {F uh, } - /","It/PRP is/VBZ ,/, uh/UH ,/,",,
sw10utt/sw_1050_2968.utt,2/sw2968,2968,191,sv,B,108,4,"hopefully, {F uh, } we will recover here, {F uh, } /","hopefully/RB ,/, uh/UH ,/, we/PRP will/MD recover/VB here/RB ,/, uh/UH ,/,",,
sw10utt/sw_1050_2968.utt,2/sw2968,2968,192,b,A,109,1,"Yeah,  /","Yeah/UH ,/,",,
sw10utt/sw_1050_2968.utt,2/sw2968,2968,193,sd,A,109,2,"I know I heard Bush say that, {D you know, } we are {C either } bottoming out {C or } seem to be. /","I/PRP know/VBP I/PRP heard/VBD Bush/NNP say/VB that/IN ,/, you/PRP know/VBP ,/, we/PRP are/VBP either/DT bottoming/VBG out/RP or/CC seem/VBP to/TO be/VB ./.",,
sw10utt/sw_1050_2968.utt,2/sw2968,2968,194,b,B,110,1,Yeah. /,Yeah/UH ./.,,
sw10utt/sw_1050_2968.utt,2/sw2968,2968,195,sv,A,111,1,{C But } that is Bush saying that <buzz>. /,But/CC that/DT is/VBZ Bush/NNP saying/VBG that/DT ./.,,
sw10utt/sw_1050_2968.utt,2/sw2968,2968,196,b,B,112,1,Yeah.  /,Yeah/UH ./.,,
sw10utt/sw_1050_2968.utt,2/sw2968,2968,197,b,B,112,2,Right  /,Right/UH,,
sw10utt/sw_1050_2968.utt,2/sw2968,2968,198,%,B,112,3,"{C and } [ he, + he, ] - /","and/CC he/PRP ,/, he/PRP ,/,",,
sw10utt/sw_1050_2968.utt,2/sw2968,2968,199,%,B,112,4,"yeah,  /","yeah/UH ,/,",,
sw10utt/sw_1050_2968.utt,2/sw2968,2968,200,%,B,112,5,"I know, - /","I/PRP know/VBP ,/,",,
sw10utt/sw_1050_2968.utt,2/sw2968,2968,201,sv,B,112,6,"I do not really know if, {F uh, } any one person knows, {F uh, }","I/PRP do/VBP not/RB really/RB know/VB if/IN ,/, uh/UH ,/, any/DT one/CD person/NN knows/VBZ ,/, uh/UH ,/,",,
sw10utt/sw_1050_2968.utt,2/sw2968,2968,202,x,A,113,1,<TV>.,,,
sw10utt/sw_1050_2968.utt,2/sw2968,2968,203,+,B,114,1,"{F uh, } what some of the problems are.  /","uh/UH ,/, what/WP some/DT of/IN the/DT problems/NNS are/VBP ./.",,
sw10utt/sw_1050_2968.utt,2/sw2968,2968,204,sv,B,114,2,"{F Uh, } {C but } [ [ there, + there ] are some, + there are some ] interesting things in the paper, {D really. } /","Uh/UH ,/, but/CC there/EX ,/, there/EX are/VBP some/DT ,/, there/EX are/VBP some/DT interesting/JJ things/NNS in/IN the/DT paper/NN ,/, really/UH ./.",,
sw10utt/sw_1050_2968.utt,2/sw2968,2968,205,b,A,115,1,Yeah.  /,Yeah/UH ./.,,
sw10utt/sw_1050_2968.utt,2/sw2968,2968,206,sd,A,115,2,"{D Well, } I like Ann Landers <laughter>. /","Well/UH ,/, I/PRP like/VBP Ann/NNP Landers/NNP ./.",,
sw10utt/sw_1050_2968.utt,2/sw2968,2968,207,b,B,116,1,Yeah  /,Yeah/UH,,
sw10utt/sw_1050_2968.utt,2/sw2968.pos,2968,208,x,B,116,2,<laughter>.,./.
sw10utt/sw_1050_2968.utt,2/sw2968,2968,209,%,A,117,1,No.  /,No/UH ./.,,
sw10utt/sw_1050_2968.utt,2/sw2968,2968,210,sd,A,117,2,I like getting the paper and <noise> reading the want ads  /,I/PRP like/VBP getting/VBG the/DT paper/NN and/CC reading/VBG the/DT want/NN ads/NNS,,
sw10utt/sw_1050_2968.utt,2/sw2968,2968,211,%,A,117,3,"{C and } just, - /","and/CC just/RB ,/,",,
sw10utt/sw_1050_2968.utt,2/sw2968,2968,212,sd,A,117,4,I do skim over it. /,I/PRP do/VBP skim/VB over/RP it/PRP ./.,,
sw10utt/sw_1050_2968.utt,2/sw2968,2968,213,%,B,118,1,"It, -/","It/PRP ,/,",,
sw10utt/sw_1050_2968.utt,2/sw2968,2968,214,sd,A,119,1,{C But } mainly I am a front page person.  /,But/CC mainly/RB I/PRP am/VBP a/DT front/NN page/NN person/NN ./.,,
sw10utt/sw_1050_2968.utt,2/sw2968,2968,215,sd,A,119,2,I do not go into the details. /,I/PRP do/VBP not/RB go/VB into/IN the/DT details/NNS ./.,,
sw10utt/sw_1050_2968.utt,2/sw2968,2968,216,b,B,120,1,Yeah.  /,Yeah/UH ./.,,
sw10utt/sw_1050_2968.utt,2/sw2968,2968,217,aa,B,120,2,"No,  /","No/UH ,/,",,
sw10utt/sw_1050_2968.utt,2/sw2968,2968,218,sd,B,120,3,I glance at it.  /,I/PRP glance/VBP at/IN it/PRP ./.,,
sw10utt/sw_1050_2968.utt,2/sw2968,2968,219,%,B,120,4,"[  I, + I ] - /","I/PRP ,/, I/PRP",,
sw10utt/sw_1050_2968.utt,2/sw2968,2968,220,%,B,120,5,"[ wi-, + with ] the, so much, {F uh, - /","wi-/IN ,/, with/IN the/DT ,/, so/RB much/JJ ,/, uh/UH ,/,",,
sw10utt/sw_1050_2968.utt,2/sw2968,2968,221,sv,B,120,6,} you sound like  you have a family too.  /,you/PRP sound/VBP like/IN you/PRP have/VBP a/DT family/NN too/RB ./.,,
sw10utt/sw_1050_2968.utt,2/sw2968,2968,222,sv,B,120,7,"{C But } with a family and everything, there is just so  much going on that [ I, + {F uh, } {D actually } I ] am more of a r-, - /","But/CC with/IN a/DT family/NN and/CC everything/NN ,/, there/EX is/VBZ just/RB so/RB much/JJ going/VBG on/RP that/WDT I/PRP ,/, uh/UH ,/, actually/UH I/PRP am/VBP more/JJR of/IN a/DT r-/XX ,/,",,
sw10utt/sw_1050_2968.utt,2/sw2968,2968,223,sd,B,120,8,not more of a radio buff  /,not/RB more/JJR of/IN a/DT radio/NN buff/NN,,
sw10utt/sw_1050_2968.utt,2/sw2968,2968,224,sd,B,120,9,"{C but, } {F uh, } it is easier to do when I do some chores,","but/CC ,/, uh/UH ,/, it/PRP is/VBZ easier/JJR to/TO do/VB when/WRB I/PRP do/VBP some/DT chores/NNS ,/,",,
sw10utt/sw_1050_2968.utt,2/sw2968,2968,225,x,A,121,1,<Child_talking>.,,,
sw10utt/sw_1050_2968.utt,2/sw2968,2968,226,+,B,122,1,"or yard work or anything, put the radio on and listen to that.  /","or/CC yard/NN work/NN or/CC anything/NN ,/, put/VB the/DT radio/NN on/RP and/CC listen/VB to/IN that/DT ./.",,
sw10utt/sw_1050_2968.utt,2/sw2968,2968,227,%,B,122,2,"{C And, } -/","And/CC ,/,",,
sw10utt/sw_1050_2968.utt,2/sw2968,2968,228,qy^g,A,123,1,"{D Well, } I know at T I they have most of the stuff on the printout, don't they?  {E I mean, } on the computer where you can read the daily --","Well/UH ,/, I/PRP know/VBP at/IN T/NNP I/NNP they/PRP have/VBP most/JJS of/IN the/DT stuff/NN on/IN the/DT printout/NN ,/, do/VBP n't/RB they/PRP ?/. I/PRP mean/VBP ,/, on/IN the/DT computer/NN where/WRB you/PRP can/MD read/VB the/DT daily/JJ --/:",,
sw10utt/sw_1050_2968.utt,2/sw2968,2968,229,b,B,124,1,"{F Oh, }","Oh/UH ,/,",,
sw10utt/sw_1050_2968.utt,2/sw2968,2968,230,+,A,125,1,-- news? /,--/: news/NN ?/.,,
sw10utt/sw_1050_2968.utt,2/sw2968,2968,231,+,B,126,1,yeah.  /,yeah/UH ./.,,
sw10utt/sw_1050_2968.utt,2/sw2968,2968,232,sd,B,126,2,"I do, - /","I/PRP do/VBP ,/,",,
sw10utt/sw_1050_2968.utt,2/sw2968,2968,233,sd,B,126,3,"every time I come in, {F uh, } I will punch up,  /","every/DT time/NN I/PRP come/VBP in/RB ,/, uh/UH ,/, I/PRP will/MD punch/VB up/RP ,/,",,
sw10utt/sw_1050_2968.utt,2/sw2968,2968,234,sd,B,126,4,{C but } they call it T News and all that. /,but/CC they/PRP call/VBP it/PRP T/NNP News/NNP and/CC all/DT that/DT ./.,,
sw10utt/sw_1050_2968.utt,2/sw2968,2968,235,b,A,127,1,Uh-huh. /,Uh-huh/UH ./.,,
sw10utt/sw_1050_2968.utt,2/sw2968,2968,236,sd,B,128,1,"{C And } [ I, + I ] do get, {F uh, } - /","And/CC I/PRP ,/, I/PRP do/VBP get/VB ,/, uh/UH ,/,",,
sw10utt/sw_1050_2968.utt,2/sw2968,2968,237,sd,B,128,2,it gets a little bit of everything.  /,it/PRP gets/VBZ a/DT little/JJ bit/NN of/IN everything/NN ./.,,
sw10utt/sw_1050_2968.utt,2/sw2968,2968,238,sd@,B,128,3,"Even [ the, + the ] last page, [ is, + {F uh, } is ] sport, {F uh, } listings [ and, + and ] different things.  {F Uh, } and  world news,","Even/RB the/DT ,/, the/DT last/JJ page/NN ,/, is/VBZ ,/, uh/UH ,/, is/VBZ sport/NN ,/, uh/UH ,/, listings/NNS and/CC ,/, and/CC different/JJ things/NNS ./. Uh/UH ,/, and/CC world/NN news/NN ,/,",,
sw10utt/sw_1050_2968.utt,2/sw2968,2968,239,b,A,129,1,Uh-huh. /,Uh-huh/UH ./.,,
sw10utt/sw_1050_2968.utt,2/sw2968,2968,240,+,B,130,1,"{D you know, } [ about, + ]","you/PRP know/VBP ,/, about/IN ,/,",,
sw10utt/sw_1050_2968.utt,2/sw2968,2968,241,b,A,131,1,Yeah.  /,Yeah/UH ./.,,
sw10utt/sw_1050_2968.utt,2/sw2968,2968,242,%,A,131,2,"When I wor-, -/","When/WRB I/PRP wor-/XX ,/,",,
sw10utt/sw_1050_2968.utt,2/sw2968,2968,243,+,B,132,1,"you can read it in one minute, {D you know. } /","you/PRP can/MD read/VB it/PRP in/IN one/CD minute/NN ,/, you/PRP know/VBP ./.",,
sw10utt/sw_1050_2968.utt,2/sw2968,2968,244,%,A,133,1,{F Huh. }  /,Huh/UH ./.,,
sw10utt/sw_1050_2968.utt,2/sw2968,2968,245,sd@,A,133,2,"When I worked at T I, I read that more than I read the regular newspaper.","When/WRB I/PRP worked/VBD at/IN T/NNP I/NNP ,/, I/PRP read/VBD that/DT more/RBR than/IN I/PRP read/VBD the/DT regular/JJ newspaper/NN ./.",,
sw10utt/sw_1050_2968.utt,2/sw2968,2968,246,b,B,134,1,Uh-huh. /,Uh-huh/UH ./.,,
sw10utt/sw_1050_2968.utt,2/sw2968,2968,247,+@,A,135,1,Because I would read that every day because you would find ten minutes here that you do not have anything to do.  /,Because/IN I/PRP would/MD read/VB that/DT every/DT day/NN because/IN you/PRP would/MD find/VB ten/CD minutes/NNS here/RB that/WDT you/PRP do/VBP not/RB have/VB anything/NN to/TO do/VB ./.,,
sw10utt/sw_1050_2968.utt,2/sw2968,2968,248,sv,A,135,2,"I know you do, being an engineer. /","I/PRP know/VBP you/PRP do/VBP ,/, being/VBG an/DT engineer/NN ./.",,
sw10utt/sw_1050_2968.utt,2/sw2968,2968,249,b,B,136,1,Yeah. /,Yeah/UH ./.,,
sw10utt/sw_1050_2968.utt,2/sw2968,2968,250,sv,A,137,1,There are some times when you have got ten or fifteen or even an hour off <laughter>. /,There/EX are/VBP some/DT times/NNS when/WRB you/PRP have/VBP got/VBN ten/CD or/CC fifteen/CD or/CC even/RB an/DT hour/NN off/RP ./.,,
sw10utt/sw_1050_2968.utt,2/sw2968,2968,251,b,B,138,1,Yeah. /,Yeah/UH ./.,,
sw10utt/sw_1050_2968.utt,2/sw2968,2968,252,o,A,139,1,"Not much,  /","Not/RB much/JJ ,/,",,
sw10utt/sw_1050_2968.utt,2/sw2968,2968,253,sd,A,139,2,not in the area I worked in <child_talking>.  /,not/RB in/IN the/DT area/NN I/PRP worked/VBD in/IN ./.,,
sw10utt/sw_1050_2968.utt,2/sw2968,2968,254,sd,A,139,3,We had an engineer in there every ten minutes. /,We/PRP had/VBD an/DT engineer/NN in/IN there/RB every/DT ten/CD minutes/NNS ./.,,
sw10utt/sw_1050_2968.utt,2/sw2968,2968,255,b,B,140,1,"Yeah,  /","Yeah/UH ,/,",,
sw10utt/sw_1050_2968.utt,2/sw2968,2968,256,b^r,B,140,2,yeah. /,yeah/UH ./.,,
sw10utt/sw_1050_2968.utt,2/sw2968,2968,257,%,A,141,1,"{D So, } -/","So/UH ,/,",,
sw10utt/sw_1050_2968.utt,2/sw2968,2968,258,b,B,142,1,"{F Oh, } yeah.  /","Oh/UH ,/, yeah/UH ./.",,
sw10utt/sw_1050_2968.utt,2/sw2968,2968,259,sv,B,142,2,"[ [ It is, + it is, ] + it is, ] {F uh, } interesting, {F uh, } with the computer to read the computer news and,","It/PRP is/VBZ ,/, it/PRP is/VBZ ,/, it/PRP is/VBZ ,/, uh/UH ,/, interesting/JJ ,/, uh/UH ,/, with/IN the/DT computer/NN to/TO read/VB the/DT computer/NN news/NN and/CC ,/,",,
sw10utt/sw_1050_2968.utt,2/sw2968,2968,260,x,A,143,1,<Child_talking>.,,,
sw10utt/sw_1050_2968.utt,2/sw2968,2968,261,+,B,144,1,all that.  /,all/DT that/DT ./.,,
sw10utt/sw_1050_2968.utt,2/sw2968,2968,262,sv,B,144,2,"[  I, + I ] guess [ that is a, + [ tha-, + ] that is a ] source of reading.  /","I/PRP ,/, I/PRP guess/DT that/WDT is/VBZ a/DT ,/, tha-/XX ,/, that/DT is/VBZ a/DT source/NN of/IN reading/NN ./.",,
sw10utt/sw_1050_2968.utt,2/sw2968,2968,263,sv,B,144,3,"I hadn't thought about that in that respect, {F uh, } /","I/PRP had/VBD n't/RB thought/VBN about/IN that/DT in/NN that/DT respect/NN ,/, uh/UH ,/,",,
sw10utt/sw_1050_2968.utt,2/sw2968,2968,264,b,A,145,1,<Child_talking> Yeah.  /,Yeah/UH ./.,,
sw10utt/sw_1050_2968.utt,2/sw2968,2968,265,sd,A,145,2,"{D Well, } it just encouraged me to read it. /","Well/UH ,/, it/PRP just/RB encouraged/VBD me/PRP to/TO read/VB it/PRP ./.",,
sw10utt/sw_1050_2968.utt,2/sw2968,2968,266,b,B,146,1,"{F Oh, } yeah,  /","Oh/UH ,/, yeah/UH ,/,",,
sw10utt/sw_1050_2968.utt,2/sw2968,2968,267,b,B,146,2,yeah.  /,yeah/UH ./.,,
sw10utt/sw_1050_2968.utt,2/sw2968,2968,268,sv,B,146,3,"[ It, + it ] does have a good, {F uh, } simple, {F uh, } {D you know, } - /","It/PRP ,/, it/PRP does/VBZ have/VBP a/DT good/NN ,/, uh/UH ,/, simple/JJ ,/, uh/UH ,/, you/PRP know/VBP ,/,",,
sw10utt/sw_1050_2968.utt,2/sw2968,2968,269,sv,B,146,4,"again you can read it [ in, + {F uh, } in ] a lot less than ten minutes.  /","again/RB you/PRP can/MD read/VB it/PRP in/IN ,/, uh/UH ,/, in/IN a/DT lot/NN less/JJR than/IN ten/CD minutes/NNS ./.",,
sw10utt/sw_1050_2968.utt,2/sw2968,2968,270,%,B,146,5,"It is usually, -/","It/PRP is/VBZ usually/RB ,/,",,
sw10utt/sw_1050_2968.utt,2/sw2968,2968,271,b,A,147,1,Uh-huh. /,Uh-huh/UH ./.,,
sw10utt/sw_1050_2968.utt,2/sw2968,2968,272,sv,B,148,1,"[ you can, + you can ] page through it in, -/","you/PRP can/MD ,/, you/PRP can/MD page/VB through/IN it/PRP in/IN ,/,",,
sw10utt/sw_1050_2968.utt,2/sw2968,2968,273,b,A,149,1,Yeah. /,Yeah/UH ./.,,
sw10utt/sw_1050_2968.utt,2/sw2968,2968,274,sd,B,150,1,"I do not read everything on, - /","I/PRP do/VBP not/RB read/VB everything/NN on/IN ,/,",,
sw10utt/sw_1050_2968.utt,2/sw2968,2968,275,sv,B,150,2,some of the stuff is pretty boring.  /,some/DT of/IN the/DT stuff/NN is/VBZ pretty/RB boring/JJ ./.,,
sw10utt/sw_1050_2968.utt,2/sw2968,2968,276,sd,B,150,3,"[ I, + I ] skip over some of that.  /","I/PRP ,/, I/PRP skip/VBP over/IN some/DT of/IN that/DT ./.",,
sw10utt/sw_1050_2968.utt,2/sw2968,2968,277,%,B,150,4,"{C But, } {F uh, }","But/CC ,/, uh/UH ,/,",,
sw10utt/sw_1050_2968.utt,2/sw2968,2968,278,b,A,151,1,Uh-huh. /,Uh-huh/UH ./.,,
sw10utt/sw_1050_2968.utt,2/sw2968,2968,279,+,B,152,1,"{F uh, } it is, -/","uh/UH ,/, it/PRP is/VBZ ,/,",,
sw10utt/sw_1050_2968.utt,2/sw2968,2968,280,sd@,A,153,1,"{D Well, } {D see } that is me with the newspaper.","Well/UH ,/, see/UH that/DT is/VBZ me/PRP with/IN the/DT newspaper/NN ./.",,
sw10utt/sw_1050_2968.utt,2/sw2968,2968,281,b,B,154,1,Yeah. /,Yeah/UH ./.,,
sw10utt/sw_1050_2968.utt,2/sw2968,2968,282,+@,A,155,1,Especially financial page. /,Especially/RB financial/JJ page/NN ./.,,
sw10utt/sw_1050_2968.utt,2/sw2968,2968,283,b,B,156,1,"Yeah,  /","Yeah/UH ,/,",,
sw10utt/sw_1050_2968.utt,2/sw2968,2968,284,b^r,B,156,2,yeah. /,yeah/UH ./.,,
sw10utt/sw_1050_2968.utt,2/sw2968,2968,285,%,A,157,1,"I do not, -/","I/PRP do/VBP not/RB ,/,",,
sw10utt/sw_1050_2968.utt,2/sw2968,2968,286,%,B,158,1,"{D Well, } -/","Well/UH ,/,",,
sw10utt/sw_1050_2968.utt,2/sw2968,2968,287,sd,A,159,1,"{F uh, } I read it so less  /","uh/UH ,/, I/PRP read/VBP it/PRP so/RB less/RBR",,
sw10utt/sw_1050_2968.utt,2/sw2968,2968,288,sd,A,159,2,"{C and } I watch so little T V, I did not even know what the deal was with this, {F uh, } {F oh, } - /","and/CC I/PRP watch/VBP so/RB little/JJ T/NN V/NN ,/, I/PRP did/VBD not/RB even/RB know/VB what/WP the/DT deal/NN was/VBD with/IN this/DT ,/, uh/UH ,/, oh/UH ,/,",,
sw10utt/sw_1050_2968.utt,2/sw2968,2968,289,^h,A,159,3,I cannot remember his name now.  /,I/PRP can/MD not/RB remember/VB his/PRP$ name/NN now/RB ./.,,
sw10utt/sw_1050_2968.utt,2/sw2968,2968,290,sd,A,159,4,"Him and his wife are getting divorced,  /","Him/PRP and/CC his/PRP$ wife/NN are/VBP getting/VBG divorced/VBN ,/,",,
sw10utt/sw_1050_2968.utt,2/sw2968,2968,291,sd,A,159,5,{C and } he is tycoon or something. /,and/CC he/PRP is/VBZ tycoon/NN or/CC something/NN ./.,,
sw10utt/sw_1050_2968.utt,2/sw2968,2968,292,b,B,160,1,"{F Oh, } yeah.  {F Uh, } /","Oh/UH ,/, yeah/UH ./. Uh/UH ,/,",,
sw10utt/sw_1050_2968.utt,2/sw2968,2968,293,qw,A,161,1,What is his name? /,What/WP is/VBZ his/PRP$ name/NN ?/.,,
sw10utt/sw_1050_2968.utt,2/sw2968,2968,294,sd,B,162,1,"{F uh, } Trump.  /","uh/UH ,/, Trump/NNP ./.",,
sw10utt/sw_1050_2968.utt,2/sw2968,2968,295,sd,B,162,2,Donald Trump.  /,Donald/NNP Trump/NNP ./.,,
sw10utt/sw_1050_2968.utt,2/sw2968,2968,296,b,B,162,3,Yeah. /,Yeah/UH ./.,,
sw10utt/sw_1050_2968.utt,2/sw2968,2968,297,aa,A,163,1,Yeah.  /,Yeah/UH ./.,,
sw10utt/sw_1050_2968.utt,2/sw2968,2968,298,sd^m,A,163,2,Trump.  /,Trump/NNP ./.,,
sw10utt/sw_1050_2968.utt,2/sw2968,2968,299,sd,A,163,3,"[  I did not even know, + I still do not know ] what the whole deal was with that. /","I/PRP did/VBD not/RB even/RB know/VB ,/, I/PRP still/RB do/VBP not/RB know/VB what/WP the/DT whole/JJ deal/NN was/VBD with/IN that/DT ./.",,
sw10utt/sw_1050_2968.utt,2/sw2968,2968,300,sv,B,164,1,"{D Well, } I guess because he was so rich, {D you know. } - /","Well/UH ,/, I/PRP guess/VBP because/IN he/PRP was/VBD so/RB rich/JJ ,/, you/PRP know/VBP ./.",,
sw10utt/sw_1050_2968.utt,2/sw2968,2968,301,sv,B,164,2,"When you are that rich, {F uh, } you always get into the paper, whatever, if you have a family problem, whatever. /","When/WRB you/PRP are/VBP that/RB rich/JJ ,/, uh/UH ,/, you/PRP always/RB get/VBP into/IN the/DT paper/NN ,/, whatever/WDT ,/, if/IN you/PRP have/VBP a/DT family/NN problem/NN ,/, whatever/WDT ./.",,
sw10utt/sw_1050_2968.utt,2/sw2968,2968,302,b,A,165,1,Oh <<faintly>>. /,Oh/UH ./.,,
sw10utt/sw_1050_2968.utt,2/sw2968,2968,303,sd,B,166,1,"{D Well, } he had a young girlfriend.  /","Well/UH ,/, he/PRP had/VBD a/DT young/JJ girlfriend/NN ./.",,
sw10utt/sw_1050_2968.utt,2/sw2968,2968,304,sd,B,166,2,"[  He was, + he ] is well into his forties,  /","He/PRP was/VBD ,/, he/PRP is/VBZ well/RB into/IN his/PRP$ forties/NNS ,/,",,
sw10utt/sw_1050_2968.utt,2/sw2968,2968,305,sd,B,166,3,"{C and } I guess he got a young girlfriend who, {F uh, } - /","and/CC I/PRP guess/VBP he/PRP got/VBD a/DT young/JJ girlfriend/NN who/WP ,/, uh/UH ,/,",,
sw10utt/sw_1050_2968.utt,2/sw2968,2968,306,%,B,166,4,"[ {C and, } + {C and then } ] [ every, + every ] time you take, - /","and/CC ,/, and/CC then/RB every/DT ,/, every/DT time/NN you/PRP take/VBP ,/,",,
sw10utt/sw_1050_2968.utt,2/sw2968,2968,307,sv@,B,166,5,"[ you, + you ] are that rich, you just get, {F uh, } [ in that, + {F uh, } in ] the news [ immed-, + immediately, ] {D you know. }","you/PRP ,/, you/PRP are/VBP that/RB rich/JJ ,/, you/PRP just/RB get/VBP ,/, uh/UH ,/, in/IN that/DT ,/, uh/UH ,/, in/IN the/DT news/NN immed-/RB ,/, immediately/RB ,/, you/PRP know/VBP ./.",,
sw10utt/sw_1050_2968.utt,2/sw2968,2968,308,b,A,167,1,Yeah.  /,Yeah/UH ./.,,
sw10utt/sw_1050_2968.utt,2/sw2968,2968,309,ba^m,A,167,2,Immediately. /,Immediately/RB ./.,,
sw10utt/sw_1050_2968.utt,2/sw2968,2968,310,+@,B,168,1,"{F Uh, } which is tough. /","Uh/UH ,/, which/WDT is/VBZ tough/JJ ./.",,
sw10utt/sw_1050_2968.utt,2/sw2968,2968,311,qy,A,169,1,<Child_talking> {C So } that is all it was?  /,So/RB that/DT is/VBZ all/DT it/PRP was/VBD ?/.,,
sw10utt/sw_1050_2968.utt,2/sw2968,2968,312,qy,A,169,2,He was just having an affair on his wife? /,He/PRP was/VBD just/RB having/VBG an/DT affair/NN on/IN his/PRP$ wife/NN ?/.,,
sw10utt/sw_1050_2968.utt,2/sw2968,2968,313,na,B,170,1,"{D Well, } that  /","Well/UH ,/, that/DT",,
sw10utt/sw_1050_2968.utt,2/sw2968,2968,314,sd^e,B,170,2,"{C and, } {F uh, } his business is going down the tubes so bad, {D you know. } /","and/CC ,/, uh/UH ,/, his/PRP$ business/NN is/VBZ going/VBG down/RP the/DT tubes/NNS so/RB bad/JJ ,/, you/PRP know/VBP ./.",,
sw10utt/sw_1050_2968.utt,2/sw2968,2968,315,b,A,171,1,{F Huh. } /,Huh/UH ./.,,
sw10utt/sw_1050_2968.utt,2/sw2968,2968,316,sd,B,172,1,"He was, {F uh, } {F uh, } essentially like you said, a tycoon.  /","He/PRP was/VBD ,/, uh/UH ,/, uh/UH ,/, essentially/RB like/IN you/PRP said/VBD ,/, a/DT tycoon/NN ./.",,
sw10utt/sw_1050_2968.utt,2/sw2968,2968,317,sv,B,172,2,"{F Uh, } Donald Trump [ and + ]  had it all.  /","Uh/UH ,/, Donald/NNP Trump/NNP and/CC had/VBD it/PRP all/DT ./.",,
sw10utt/sw_1050_2968.utt,2/sw2968,2968,318,sd,B,172,3,"He was high roller for about ten years,  /","He/PRP was/VBD high/JJ roller/NN for/IN about/RB ten/CD years/NNS ,/,",,
sw10utt/sw_1050_2968.utt,2/sw2968,2968,319,sd,B,172,4,"{C and then } he is now, {F uh, } essentially bankrupt, {D you know. } /","and/CC then/RB he/PRP is/VBZ now/RB ,/, uh/UH ,/, essentially/RB bankrupt/JJ ,/, you/PRP know/VBP ./.",,
sw10utt/sw_1050_2968.utt,2/sw2968,2968,320,b,A,173,1,Oh. /,Oh/UH ./.,,
sw10utt/sw_1050_2968.utt,2/sw2968,2968,321,%,B,174,1,"{C And so, } {F uh, } h-, -/","And/CC so/RB ,/, uh/UH ,/, h-/XX ,/,",,
sw10utt/sw_1050_2968.utt,2/sw2968,2968,322,sv,A,175,1,That has got to be hard to go from really rich --,That/DT has/VBZ got/VBN to/TO be/VB hard/JJ to/TO go/VB from/IN really/RB rich/JJ --/:,,
sw10utt/sw_1050_2968.utt,2/sw2968,2968,323,b,B,176,1,Yeah. /,Yeah/UH ./.,,
sw10utt/sw_1050_2968.utt,2/sw2968,2968,324,+@,A,177,1,-- to poor.,--/: to/IN poor/JJ ./.,,
sw10utt/sw_1050_2968.utt,2/sw2968,2968,325,b,B,178,1,Yeah. /,Yeah/UH ./.,,
sw10utt/sw_1050_2968.utt,2/sw2968,2968,326,+@,A,179,1,<TV>  Which I am sure he ain't poor. /,Which/WDT I/PRP am/VBP sure/JJ he/PRP ai/VBZ n't/RB poor/JJ ./.,,
sw10utt/sw_1050_2968.utt,2/sw2968,2968,327,aa,B,180,1,"No,  /","No/UH ,/,",,
sw10utt/sw_1050_2968.utt,2/sw2968,2968,328,b,B,180,2,"right, {F uh, }  /","right/UH ,/, uh/UH ,/,",,
sw10utt/sw_1050_2968.utt,2/sw2968,2968,329,h,B,180,3,"who knows, {F uh, }","who/WP knows/VBZ ,/, uh/UH ,/,",,
sw10utt/sw_1050_2968.utt,2/sw2968,2968,330,x,A,181,1,<Laughter>.,,,
sw10utt/sw_1050_2968.utt,2/sw2968,2968,331,+,B,182,1,what he has really got.  /,what/WP he/PRP has/VBZ really/RB got/VBN ./.,,
sw10utt/sw_1050_2968.utt,2/sw2968,2968,332,sv,B,182,2,"{C But, } {F uh, } he was kind of an [ arro-, + arrogant ] guy,  /","But/CC ,/, uh/UH ,/, he/PRP was/VBD kind/RB of/RB an/DT arro/JJ ,/, arrogant/JJ guy/NN ,/,",,
sw10utt/sw_1050_2968.utt,2/sw2968,2968,333,sv,B,182,3,"{C so } I think the newsmen, {F uh, } enjoyed, {F uh, } writing about him on his way down, {D you know. } /","so/RB I/PRP think/VBP the/DT newsmen/NNS ,/, uh/UH ,/, enjoyed/VBD ,/, uh/UH ,/, writing/VBG about/IN him/PRP on/IN his/PRP$ way/NN down/RB ,/, you/PRP know/VBP ./.",,
sw10utt/sw_1050_2968.utt,2/sw2968,2968,334,b,A,183,1,<Child_talking> Yeah. /,Yeah/UH ./.,,
sw10utt/sw_1050_2968.utt,2/sw2968,2968,335,sd@,B,184,1,"{C And } his wife [ was very, + ] {F uh, } {F uh, } seemed to be very smart.  And actually running some of his business. /","And/CC his/PRP$ wife/NN was/VBD very/RB ,/, uh/UH ,/, uh/UH ,/, seemed/VBD to/TO be/VB very/RB smart/JJ ./. And/CC actually/RB running/VBG some/DT of/IN his/PRP$ business/NN ./.",,
sw10utt/sw_1050_2968.utt,2/sw2968,2968,336,x,A,185,1,<Child_talking>.,,,
sw10utt/sw_1050_2968.utt,2/sw2968,2968,337,sd,B,186,1,"[ It was, + {F uh, } she was ] actually somewhat of a business partner of his, {F uh, } did very well. /","It/PRP was/VBD ,/, uh/UH ,/, she/PRP was/VBD actually/RB somewhat/RB of/IN a/DT business/NN partner/NN of/IN his/PRP$ ,/, uh/UH ,/, did/VBD very/RB well/RB ./.",,
sw10utt/sw_1050_2968.utt,2/sw2968,2968,338,%,A,187,1,{F Huh. } /,Huh/UH ./.,,
sw10utt/sw_1050_2968.utt,2/sw2968,2968,339,sd,B,188,1,"Ivana Trump, {F uh. }  /","Ivana/NNP Trump/NNP ,/, uh/UH ./.",,
sw10utt/sw_1050_2968.utt,2/sw2968,2968,340,%,B,188,2,"{F Oh, } yeah,  /","Oh/UH ,/, yeah/UH ,/,",,
sw10utt/sw_1050_2968.utt,2/sw2968,2968,341,sd@,B,188,3,"they have been on all the news and everything. [ In the, + in the ] papers and, {F uh, } {F uh, } on Barbara Walters and everything else. /","they/PRP have/VBP been/VBN on/IN all/PDT the/DT news/NN and/CC everything/NN ./. In/IN the/DT ,/, in/IN the/DT papers/NNS and/CC ,/, uh/UH ,/, uh/UH ,/, on/IN Barbara/NNP Walters/NNP and/CC everything/NN else/RB ./.",,
sw10utt/sw_1050_2968.utt,2/sw2968,2968,342,sd,A,189,1,"<Child_talking> {D Well, } {D see } that is like I said. [ I {D like, } + I ] do not watch much T V any more either. /","Well/UH ,/, see/UH that/DT is/VBZ like/IN I/PRP said/VBD ./. I/PRP like/VBP ,/, I/PRP do/VBP not/RB watch/VB much/JJ T/NN V/NN any/DT more/JJR either/RB ./.",,
sw10utt/sw_1050_2968.utt,2/sw2968,2968,343,b,B,190,1,{F Huh. } /,Huh/UH ./.,,
sw10utt/sw_1050_2968.utt,2/sw2968,2968,344,sd,A,191,1,{C But } I have got three kids <laughter>. /,But/CC I/PRP have/VBP got/VBN three/CD kids/NNS ./.,,
sw10utt/sw_1050_2968.utt,2/sw2968,2968,345,b,B,192,1,"{F Oh, } yeah.  /","Oh/UH ,/, yeah/UH ./.",,
sw10utt/sw_1050_2968.utt,2/sw2968,2968,346,sd,B,192,2,I can imagine. /,I/PRP can/MD imagine/VB ./.,,
sw10utt/sw_1050_2968.utt,2/sw2968,2968,347,sd@,A,193,1,{C So } it is hard to watch T V.,So/RB it/PRP is/VBZ hard/JJ to/TO watch/VB T/NN V/NN ./.,,
sw10utt/sw_1050_2968.utt,2/sw2968,2968,348,b,B,194,1,"Right,  /","Right/UH ,/,",,
sw10utt/sw_1050_2968.utt,2/sw2968,2968,349,b,B,194,2,yeah. /,yeah/UH ./.,,
sw10utt/sw_1050_2968.utt,2/sw2968,2968,350,+@,A,195,1,Except for Donald Duck. /,Except/IN for/IN Donald/NNP Duck/NNP ./.,,
sw10utt/sw_1050_2968.utt,2/sw2968,2968,351,x,B,196,1,<Laughter>.,,,
sw10utt/sw_1050_2968.utt,2/sw2968,2968,352,x,A,197,1,<Laughter>.,,,
sw10utt/sw_1050_2968.utt,2/sw2968,2968,353,sd,B,198,1,"{F Uh, } {F uh, } I know what you mean, really. /","Uh/UH ,/, uh/UH ,/, I/PRP know/VBP what/WP you/PRP mean/VBP ,/, really/UH ./.",,
sw10utt/sw_1050_2968.utt,2/sw2968,2968,354,fc,A,199,1,"{D Well, } {D anyway, } I have enjoyed talking to you. /","Well/UH ,/, anyway/UH ,/, I/PRP have/VBP enjoyed/VBN talking/VBG to/IN you/PRP ./.",,
sw10utt/sw_1050_2968.utt,2/sw2968,2968,355,fc,B,200,1,Okay.  /,Okay/UH ./.,,
sw10utt/sw_1050_2968.utt,2/sw2968,2968,356,fc,B,200,2,"Yeah,  /","Yeah/UH ,/,",,
sw10utt/sw_1050_2968.utt,2/sw2968,2968,357,fc,B,200,3,"{D well, } {F uh, } hang in there.   /","well/UH ,/, uh/UH ,/, hang/VB in/IN there/RB ./.",,
sw10utt/sw_1050_2968.utt,2/sw2968,2968,358,fc,B,200,4,{C And } good luck with those kids. /,And/CC good/JJ luck/NN with/IN those/DT kids/NNS ./.,,
sw10utt/sw_1050_2968.utt,2/sw2968,2968,359,fc,A,201,1,Yeah.  /,Yeah/UH ./.,,
sw10utt/sw_1050_2968.utt,2/sw2968,2968,360,fc,A,201,2,{C And } have a good holiday. /,And/CC have/VB a/DT good/JJ holiday/NN ./.,,
sw10utt/sw_1050_2968.utt,2/sw2968,2968,361,fc,B,202,1,Right.  /,Right/UH ./.,,
sw10utt/sw_1050_2968.utt,2/sw2968,2968,362,fc,B,202,2,Bye-bye. /,Bye-bye/UH ./.,,
sw10utt/sw_1050_2968.utt,2/sw2968,2968,363,fc,A,203,1,Bye-bye. /,Bye-bye/UH ./.,,
