swda_filename,ptb_basename,conversation_no,transcript_index,act_tag,caller,utterance_index,subutterance_index,text,pos,trees,ptb_treenumbers
sw10utt/sw_1022_2982.utt,2/sw2982,2982,0,o,A,1,1,"Okay,  /","Okay/UH ,/,",,
sw10utt/sw_1022_2982.utt,2/sw2982,2982,1,ad,A,1,2,now you can tell me what you do. /,now/RB you/PRP can/MD tell/VB me/PRP what/WP you/PRP do/VBP ./.,,
sw10utt/sw_1022_2982.utt,2/sw2982,2982,2,sd,B,2,1,"{F Uh, } {D well, } I work with computers, just like your son -- /","Uh/UH ,/, well/UH ,/, I/PRP work/VBP with/IN computers/NNS ,/, just/RB like/IN your/PRP$ son/NN --/:",,
sw10utt/sw_1022_2982.utt,2/sw2982,2982,3,b,A,3,1,Uh-huh. /,Uh-huh/UH ./.,,
sw10utt/sw_1022_2982.utt,2/sw2982,2982,4,sd,B,4,1,-- {C and } I actually do research in speech recognition -- /,--/: and/CC I/PRP actually/RB do/VBP research/NN in/IN speech/NN recognition/NN --/:,,
sw10utt/sw_1022_2982.utt,2/sw2982,2982,5,ba,A,5,1,"{F Oh, } great. /","Oh/UH ,/, great/UH ./.",,
sw10utt/sw_1022_2982.utt,2/sw2982,2982,6,sd^t,B,6,1,--  ((   ))  part of the reason I'm participating in the project --,--/: MUMBLEx/XX part/NN of/IN the/DT reason/NN I/PRP 'm/VBP participating/VBG in/IN the/DT project/NN --/:,,
sw10utt/sw_1022_2982.utt,2/sw2982,2982,7,b,A,7,1,Uh-huh. /,Uh-huh/UH ./.,,
sw10utt/sw_1022_2982.utt,2/sw2982,2982,8,+,B,8,1,-- is to see how the stuff goes. /,--/: is/VBZ to/TO see/VB how/WRB the/DT stuff/NN goes/VBZ ./.,,
sw10utt/sw_1022_2982.utt,2/sw2982,2982,9,b,A,9,1,Uh-huh. /,Uh-huh/UH ./.,,
sw10utt/sw_1022_2982.utt,2/sw2982,2982,10,sd,B,10,1,"{C But, } {F um, } I was working - /","But/CC ,/, um/UH ,/, I/PRP was/VBD working/VBG",,
sw10utt/sw_1022_2982.utt,2/sw2982,2982,11,sd,B,10,2,"{D well, } actually I haven't worked for any large companies per se --","well/UH ,/, actually/UH I/PRP have/VBP n't/RB worked/VBN for/IN any/DT large/JJ companies/NNS per/FW se/FW --/:",,
sw10utt/sw_1022_2982.utt,2/sw2982,2982,12,b,A,11,1,Uh-huh. /,Uh-huh/UH ./.,,
sw10utt/sw_1022_2982.utt,2/sw2982,2982,13,+,B,12,1,"-- {F uh, } recently  /","--/: uh/UH ,/, recently/RB",,
sw10utt/sw_1022_2982.utt,2/sw2982,2982,14,sd,B,12,2,{C but } hopefully the job that I will have will have lots of benefits --,but/CC hopefully/RB the/DT job/NN that/WDT I/PRP will/MD have/VB will/MD have/VB lots/NNS of/IN benefits/NNS --/:,,
sw10utt/sw_1022_2982.utt,2/sw2982,2982,15,b,A,13,1,Uh-huh. /,Uh-huh/UH ./.,,
sw10utt/sw_1022_2982.utt,2/sw2982,2982,16,+,B,14,1,-- namely lots of vacations --,--/: namely/RB lots/NNS of/IN vacations/NNS --/:,,
sw10utt/sw_1022_2982.utt,2/sw2982,2982,17,b,A,15,1,Yeah  /,Yeah/UH,,
sw10utt/sw_1022_2982.utt,2/sw2982.pos,2982,18,x,A,15,2,<laughter>.,./.
sw10utt/sw_1022_2982.utt,2/sw2982,2982,19,+,B,16,1,-- not real good salary but lots of vacations. /,--/: not/RB real/RB good/JJ salary/NN but/CC lots/NNS of/IN vacations/NNS ./.,,
sw10utt/sw_1022_2982.utt,2/sw2982,2982,20,sd,A,17,1,"{D Well, } the one John works for seems to have [ a l-, + ] {D you know, } good benefits,  /","Well/UH ,/, the/DT one/CD John/NNP works/VBZ for/IN seems/VBZ to/TO have/VB a/DT l-/XX ,/, you/PRP know/VBP ,/, good/JJ benefits/NNS ,/,",,
sw10utt/sw_1022_2982.utt,2/sw2982,2982,21,sd,A,17,2,{C and } the pay is decent. /,and/CC the/DT pay/NN is/VBZ decent/JJ ./.,,
sw10utt/sw_1022_2982.utt,2/sw2982,2982,22,b,B,18,1,Yeah  /,Yeah/UH,,
sw10utt/sw_1022_2982.utt,2/sw2982,2982,23,%,B,18,2,"the, {F uh,  } - /","the/DT ,/, uh/UH ,/,",,
sw10utt/sw_1022_2982.utt,2/sw2982,2982,24,sd,B,18,3,"{D well } {D actually, } where <throat_clearing> I was working the company <throat_clearing> - /","well/UH actually/UH ,/, where/WRB I/PRP was/VBD working/VBG the/DT company/NN",,
sw10utt/sw_1022_2982.utt,2/sw2982,2982,25,sd,B,18,4,one of the companies I was working for actually had very good health care benefits --,one/CD of/IN the/DT companies/NNS I/PRP was/VBD working/VBG for/IN actually/RB had/VBD very/RB good/JJ health/NN care/NN benefits/NNS --/:,,
sw10utt/sw_1022_2982.utt,2/sw2982,2982,26,b,A,19,1,Uh-huh. /,Uh-huh/UH ./.,,
sw10utt/sw_1022_2982.utt,2/sw2982,2982,27,+,B,20,1,-- which these days I think are really important -- /,--/: which/WDT these/DT days/NNS I/PRP think/VBP are/VBP really/RB important/JJ --/:,,
sw10utt/sw_1022_2982.utt,2/sw2982,2982,28,b,A,21,1,Uh-huh. /,Uh-huh/UH ./.,,
sw10utt/sw_1022_2982.utt,2/sw2982,2982,29,sv,B,22,1,-- {C because } health care is so ridiculously expensive. /,--/: because/IN health/NN care/NN is/VBZ so/RB ridiculously/RB expensive/JJ ./.,,
sw10utt/sw_1022_2982.utt,2/sw2982,2982,30,%@,A,23,1,{F Uh. },Uh/UH ./.,,
sw10utt/sw_1022_2982.utt,2/sw2982,2982,31,sd,B,24,1,"{C Because } [ we're, + we're  ] paying our own insurance right now. /","Because/IN we/PRP 're/VBP ,/, we/PRP 're/VBP paying/VBG our/PRP$ own/JJ insurance/NN right/RB now/RB ./.",,
sw10utt/sw_1022_2982.utt,2/sw2982,2982,32,+@,A,25,1,"Uh-huh,  /","Uh-huh/UH ,/,",,
sw10utt/sw_1022_2982.utt,2/sw2982,2982,33,b^r,A,25,2,"uh-huh,  /","uh-huh/UH ,/,",,
sw10utt/sw_1022_2982.utt,2/sw2982,2982,34,b^r,A,25,3,uh-huh. /,uh-huh/UH ./.,,
sw10utt/sw_1022_2982.utt,2/sw2982,2982,35,%,B,26,1,"[ {C But } + {C and }  ] I'm, - /","But/CC and/CC I/PRP 'm/VBP ,/,",,
sw10utt/sw_1022_2982.utt,2/sw2982,2982,36,sd,B,26,2,we actually had a little baby --,we/PRP actually/RB had/VBD a/DT little/JJ baby/NN --/:,,
sw10utt/sw_1022_2982.utt,2/sw2982,2982,37,b,A,27,1,"{F Oh, } /","Oh/UH ,/,",,
sw10utt/sw_1022_2982.utt,2/sw2982,2982,38,+,B,28,1,-- {C so } I'm taking a little bit of a time off from work. /,--/: so/RB I/PRP 'm/VBP taking/VBG a/DT little/JJ bit/NN of/IN a/DT time/NN off/IN from/IN work/NN ./.,,
sw10utt/sw_1022_2982.utt,2/sw2982,2982,39,ba,A,29,1,"Great,  /","Great/UH ,/,",,
sw10utt/sw_1022_2982.utt,2/sw2982,2982,40,sd,A,29,2,"[ I had, + I had  ] a granddaughter <laughter>. /","I/PRP had/VBD ,/, I/PRP had/VBD a/DT granddaughter/NN ./.",,
sw10utt/sw_1022_2982.utt,2/sw2982,2982,41,ba,B,30,1,"{F Oh, } congratulations.  /","Oh/UH ,/, congratulations/UH ./.",,
sw10utt/sw_1022_2982.utt,2/sw2982,2982,42,sd,B,30,2,{C And so } one thing that I'm very concerned with now is first of all health benefits  /,And/CC so/RB one/CD thing/NN that/WDT I/PRP 'm/VBP very/RB concerned/JJ with/IN now/RB is/VBZ first/JJ of/IN all/DT health/NN benefits/NNS,,
sw10utt/sw_1022_2982.utt,2/sw2982,2982,43,sd,B,30,3,{C because } it's more important with a family -- /,because/IN it/PRP 's/BES more/RBR important/JJ with/IN a/DT family/NN --/:,,
sw10utt/sw_1022_2982.utt,2/sw2982,2982,44,b,A,31,1,Right. /,Right/UH ./.,,
sw10utt/sw_1022_2982.utt,2/sw2982,2982,45,sd,B,32,1,"-- {C and } {D you know, } our [ doctor's vi-, + routine doctor's  visits ] covered,  /","--/: and/CC you/PRP know/VBP ,/, our/PRP$ doctor/NN 's/POS vi-/XX ,/, routine/JJ doctor/NN 's/POS visits/NNS covered/VBN ,/,",,
sw10utt/sw_1022_2982.utt,2/sw2982,2982,46,sd,B,32,2,"my health insurance only covers, {F um, } the emergency care. /","my/PRP$ health/NN insurance/NN only/RB covers/VBZ ,/, um/UH ,/, the/DT emergency/NN care/NN ./.",,
sw10utt/sw_1022_2982.utt,2/sw2982,2982,47,b,A,33,1,Uh-huh.  /,Uh-huh/UH ./.,,
sw10utt/sw_1022_2982.utt,2/sw2982,2982,48,qy,A,33,2,Do you have major medical benefits? /,Do/VBP you/PRP have/VB major/JJ medical/JJ benefits/NNS ?/.,,
sw10utt/sw_1022_2982.utt,2/sw2982,2982,49,na,B,34,1,"Right, yeah,  /","Right/UH ,/, yeah/UH ,/,",,
sw10utt/sw_1022_2982.utt,2/sw2982,2982,50,sd,B,34,2,"{C but } I don't, -/","but/CC I/PRP do/VBP n't/RB ,/,",,
sw10utt/sw_1022_2982.utt,2/sw2982,2982,51,sv,A,35,1,"[ That, + that ] helps some,  /","That/DT ,/, that/DT helps/VBZ some/DT ,/,",,
sw10utt/sw_1022_2982.utt,2/sw2982,2982,52,%,A,35,2,"if, - /","if/IN ,/,",,
sw10utt/sw_1022_2982.utt,2/sw2982,2982,53,sv,A,35,3,it depends on what your deductible is --,it/PRP depends/VBZ on/IN what/WP your/PRP$ deductible/JJ is/VBZ --/:,,
sw10utt/sw_1022_2982.utt,2/sw2982,2982,54,b,B,36,1,Right. /,Right/UH ./.,,
sw10utt/sw_1022_2982.utt,2/sw2982,2982,55,+,A,37,1,-- how high it is. /,--/: how/WRB high/JJ it/PRP is/VBZ ./.,,
sw10utt/sw_1022_2982.utt,2/sw2982,2982,56,%,B,38,1,"{D Well, } my, - /","Well/UH ,/, my/PRP$ ,/,",,
sw10utt/sw_1022_2982.utt,2/sw2982,2982,57,sd,B,38,2,our deductible's five hundred  /,our/PRP$ deductible/JJ 's/BES five/CD hundred/CD,,
sw10utt/sw_1022_2982.utt,2/sw2982,2982,58,sd,B,38,3,{C but } it's for each --,but/CC it/PRP 's/BES for/IN each/DT --/:,,
sw10utt/sw_1022_2982.utt,2/sw2982,2982,59,^2,A,39,1,Each person. /,Each/DT person/NN ./.,,
sw10utt/sw_1022_2982.utt,2/sw2982,2982,60,+,B,40,1,-- event. /,--/: event/NN ./.,,
sw10utt/sw_1022_2982.utt,2/sw2982,2982,61,aa,A,41,1,"Yeah,  /","Yeah/UH ,/,",,
sw10utt/sw_1022_2982.utt,2/sw2982,2982,62,sd,A,41,2,"[ that's pretty har-, + that's pretty high,  ] /","that/DT 's/BES pretty/RB har-/XX ,/, that/DT 's/BES pretty/RB high/JJ ,/,",,
sw10utt/sw_1022_2982.utt,2/sw2982,2982,63,b,B,42,1,Right  /,Right/UH,,
sw10utt/sw_1022_2982.utt,2/sw2982,2982,64,sd,B,42,2,"[ {C but, } + {D you know, } {C so }  ] it covers the emergency things  but it doesn't cover if you get sick -- /","but/CC ,/, you/PRP know/VBP ,/, so/RB it/PRP covers/VBZ the/DT emergency/NN things/NNS but/CC it/PRP does/VBZ n't/RB cover/VB if/IN you/PRP get/VBP sick/JJ --/:",,
sw10utt/sw_1022_2982.utt,2/sw2982,2982,65,b,A,43,1,Right. /,Right/UH ./.,,
sw10utt/sw_1022_2982.utt,2/sw2982,2982,66,sd,B,44,1,-- it doesn't cover --,--/: it/PRP does/VBZ n't/RB cover/VB --/:,,
sw10utt/sw_1022_2982.utt,2/sw2982,2982,67,ba,A,45,1,"[ That's, +  that's ] right. /","That/DT 's/BES ,/, that/DT 's/BES right/JJ ./.",,
sw10utt/sw_1022_2982.utt,2/sw2982,2982,68,+,B,46,1,"-- doctor's visits, things like that. /","--/: doctor/NN 's/POS visits/NNS ,/, things/NNS like/IN that/DT ./.",,
sw10utt/sw_1022_2982.utt,2/sw2982,2982,69,sd,A,47,1,{C And } five hundred dollars is a lot to come up with for each person to be able to start using your --,And/CC five/CD hundred/CD dollars/NNS is/VBZ a/DT lot/NN to/TO come/VB up/RP with/IN for/IN each/DT person/NN to/TO be/VB able/JJ to/TO start/VB using/VBG your/PRP$ --/:,,
sw10utt/sw_1022_2982.utt,2/sw2982,2982,70,aa,B,48,1,"{F Oh, } yeah,  /","Oh/UH ,/, yeah/UH ,/,",,
sw10utt/sw_1022_2982.utt,2/sw2982,2982,71,sd,B,48,2,it certainly is. /,it/PRP certainly/RB is/VBZ ./.,,
sw10utt/sw_1022_2982.utt,2/sw2982,2982,72,+,A,49,1,"-- major medical, too. /","--/: major/JJ medical/JJ ,/, too/RB ./.",,
sw10utt/sw_1022_2982.utt,2/sw2982,2982,73,%,B,50,1,{F Uh. } /,Uh/UH ./.,,
sw10utt/sw_1022_2982.utt,2/sw2982,2982,74,b,A,51,1,"Yeah,  /","Yeah/UH ,/,",,
sw10utt/sw_1022_2982.utt,2/sw2982,2982,75,sd,A,51,2,"I know where my daughter works,  /","I/PRP know/VBP where/WRB my/PRP$ daughter/NN works/VBZ ,/,",,
sw10utt/sw_1022_2982.utt,2/sw2982,2982,76,%,A,51,3,"{D now } [  she, +  she,  ] - /","now/RB she/PRP ,/, she/PRP ,/,",,
sw10utt/sw_1022_2982.utt,2/sw2982,2982,77,sd,A,51,4,"course we live in [ a, + a  ] rural sort of setting -- /","course/IN we/PRP live/VBP in/IN a/DT ,/, a/DT rural/JJ sort/RB of/RB setting/NN --/:",,
sw10utt/sw_1022_2982.utt,2/sw2982,2982,78,b,B,52,1,Uh-huh. /,Uh-huh/UH ./.,,
sw10utt/sw_1022_2982.utt,2/sw2982,2982,79,sd,A,53,1,-- {C and } where she works she has no benefits at all. /,--/: and/CC where/WRB she/PRP works/VBZ she/PRP has/VBZ no/DT benefits/NNS at/IN all/DT ./.,,
sw10utt/sw_1022_2982.utt,2/sw2982,2982,80,ba,B,54,1,Wow. /,Wow/UH ./.,,
sw10utt/sw_1022_2982.utt,2/sw2982,2982,81,sd,A,55,1,"{C And } her wage is [ not, + not ] very good <laughter>. /","And/CC her/PRP$ wage/NN is/VBZ not/RB ,/, not/RB very/RB good/JJ ./.",,
sw10utt/sw_1022_2982.utt,2/sw2982,2982,82,b,B,56,1,Uh-huh. /,Uh-huh/UH ./.,,
sw10utt/sw_1022_2982.utt,2/sw2982,2982,83,sd,A,57,1,"{C But } [ it's, + it's ] the type of area we live in.  /","But/CC it/PRP 's/BES ,/, it/PRP 's/BES the/DT type/NN of/IN area/NN we/PRP live/VBP in/IN ./.",,
sw10utt/sw_1022_2982.utt,2/sw2982,2982,84,sd,A,57,2,"Of course, living expenses aren't as bad either, though, which makes a difference. /","Of/IN course/NN ,/, living/NN expenses/NNS are/VBP n't/RB as/IN bad/JJ either/DT ,/, though/RB ,/, which/WDT makes/VBZ a/DT difference/NN ./.",,
sw10utt/sw_1022_2982.utt,2/sw2982,2982,85,sv,B,58,1,"{C And } probably the medical care is less expensive, too. /","And/CC probably/RB the/DT medical/JJ care/NN is/VBZ less/RBR expensive/JJ ,/, too/RB ./.",,
sw10utt/sw_1022_2982.utt,2/sw2982,2982,86,sd,A,59,1,"{D Well, } she has to pay for it herself -- /","Well/UH ,/, she/PRP has/VBZ to/TO pay/VB for/IN it/PRP herself/PRP --/:",,
sw10utt/sw_1022_2982.utt,2/sw2982,2982,87,b,B,60,1,Uh-huh. /,Uh-huh/UH ./.,,
sw10utt/sw_1022_2982.utt,2/sw2982,2982,88,sd,A,61,1,"-- {D you know, } they have to pay for their own insurance.  /","--/: you/PRP know/VBP ,/, they/PRP have/VBP to/TO pay/VB for/IN their/PRP$ own/JJ insurance/NN ./.",,
sw10utt/sw_1022_2982.utt,2/sw2982,2982,89,%,A,61,2,"{C But, } {F uh } <noise>, -/","But/CC ,/, uh/UH ,/,",,
sw10utt/sw_1022_2982.utt,2/sw2982,2982,90,sd,B,62,1,"{C So } I think that in general the doctor's fees are probably lower there,  /","So/RB I/PRP think/VBP that/IN in/IN general/JJ the/DT doctor/NN 's/POS fees/NNS are/VBP probably/RB lower/JJR there/RB ,/,",,
sw10utt/sw_1022_2982.utt,2/sw2982,2982,91,sd,B,62,2,"{C and  so } the insurance would cost lower, /","and/CC so/RB the/DT insurance/NN would/MD cost/VB lower/JJR ,/,",,
sw10utt/sw_1022_2982.utt,2/sw2982,2982,92,sd,A,63,1,"{F Uh, } {D well, } from what I've seen, - /","Uh/UH ,/, well/UH ,/, from/IN what/WP I/PRP 've/VBP seen/VBN ,/,",,
sw10utt/sw_1022_2982.utt,2/sw2982,2982,93,sd,A,63,2,"from my aunt and uncle really from Florida up to here, - /","from/IN my/PRP$ aunt/NN and/CC uncle/NN really/RB from/IN Florida/NNP up/IN to/IN here/RB ,/,",,
sw10utt/sw_1022_2982.utt,2/sw2982,2982,94,sd,A,63,3,they're not that much different. /,they/PRP 're/VBP not/RB that/RB much/JJ different/JJ ./.,,
sw10utt/sw_1022_2982.utt,2/sw2982,2982,95,sd,B,64,1,"{D Well, } I know that friends of mine had a baby up in Boston -- /","Well/UH ,/, I/PRP know/VBP that/IN friends/NNS of/IN mine/PRP had/VBD a/DT baby/NN up/IN in/IN Boston/NNP --/:",,
sw10utt/sw_1022_2982.utt,2/sw2982,2982,96,b,A,65,1,Uh-huh. /,Uh-huh/UH ./.,,
sw10utt/sw_1022_2982.utt,2/sw2982,2982,97,sd,B,66,1,-- {C and } their costs were about fifty percent of what it cost to have it in Manhattan. /,--/: and/CC their/PRP$ costs/VBZ were/VBD about/RB fifty/CD percent/NN of/IN what/WP it/PRP cost/VB to/TO have/VB it/PRP in/IN Manhattan/NNP ./.,,
sw10utt/sw_1022_2982.utt,2/sw2982,2982,98,bh,A,67,1,Is that right? /,Is/VBZ that/DT right/JJ ?/.,,
sw10utt/sw_1022_2982.utt,2/sw2982,2982,99,sd,B,68,1,"{C And } they were at one of the better hospitals, {D you know } -- /","And/CC they/PRP were/VBD at/IN one/CD of/IN the/DT better/JJR hospitals/NNS ,/, you/PRP know/VBP --/:",,
sw10utt/sw_1022_2982.utt,2/sw2982,2982,100,b,A,69,1,Uh-huh. /,Uh-huh/UH ./.,,
sw10utt/sw_1022_2982.utt,2/sw2982,2982,101,sd,B,70,1,"-- {C and, } {D you know, } good doctors in Boston. /","--/: and/CC ,/, you/PRP know/VBP ,/, good/JJ doctors/NNS in/IN Boston/NNP ./.",,
sw10utt/sw_1022_2982.utt,2/sw2982,2982,102,ba,A,71,1,Wow  /,Wow/UH,,
sw10utt/sw_1022_2982.utt,2/sw2982,2982,103,ba,A,71,2,that's a big difference. /,that/DT 's/BES a/DT big/JJ difference/NN ./.,,
sw10utt/sw_1022_2982.utt,2/sw2982,2982,104,sd,B,72,1,{C And } I was at one of the big hospitals in New York. /,And/CC I/PRP was/VBD at/IN one/CD of/IN the/DT big/JJ hospitals/NNS in/IN New/NNP York/NNP ./.,,
sw10utt/sw_1022_2982.utt,2/sw2982,2982,105,b,A,73,1,Uh-huh. /,Uh-huh/UH ./.,,
sw10utt/sw_1022_2982.utt,2/sw2982,2982,106,sd,B,74,1,{C But } that's a huge difference just between -- /,But/CC that/DT 's/BES a/DT huge/JJ difference/NN just/RB between/IN --/:,,
sw10utt/sw_1022_2982.utt,2/sw2982,2982,107,b,A,75,1,Uh-huh. /,Uh-huh/UH ./.,,
sw10utt/sw_1022_2982.utt,2/sw2982,2982,108,sd,B,76,1,"-- {D you know, } {C and } it's two big cities that I think of as somewhat comparable. /","--/: you/PRP know/VBP ,/, and/CC it/PRP 's/BES two/CD big/JJ cities/NNS that/IN I/PRP think/VBP of/IN as/IN somewhat/RB comparable/JJ ./.",,
sw10utt/sw_1022_2982.utt,2/sw2982,2982,109,aa,A,77,1,"{F Oh, } yeah,  /","Oh/UH ,/, yeah/UH ,/,",,
sw10utt/sw_1022_2982.utt,2/sw2982,2982,110,sv,A,77,2,should be. /,should/MD be/VB ./.,,
sw10utt/sw_1022_2982.utt,2/sw2982,2982,111,sd,B,78,1,{C So } I was pretty shocked at that.  /,So/RB I/PRP was/VBD pretty/RB shocked/JJ at/IN that/DT ./.,,
sw10utt/sw_1022_2982.utt,2/sw2982,2982,112,sd,B,78,2,"{C But } the other thing that I'm really concerned about,  /","But/CC the/DT other/JJ thing/NN that/WDT I/PRP 'm/VBP really/RB concerned/JJ about/IN ,/,",,
sw10utt/sw_1022_2982.utt,2/sw2982,2982,113,sd,B,78,3,"{C and } most companies don't have, - /","and/CC most/JJS companies/NNS do/VBP n't/RB have/VB ,/,",,
sw10utt/sw_1022_2982.utt,2/sw2982,2982,114,sd,B,78,4,"some are starting to have, is day care -- /","some/DT are/VBP starting/VBG to/TO have/VB ,/, is/VBZ day/NN care/NN --/:",,
sw10utt/sw_1022_2982.utt,2/sw2982,2982,115,b@,A,79,1,Yes.  Uh-huh. /,Yes/UH ./. Uh-huh/UH ./.,,
sw10utt/sw_1022_2982.utt,2/sw2982,2982,116,sd,B,80,1,"-- {C because } it would be really nice to be able to have, {D you know, } someone that could watch my daughter at work.  /","--/: because/IN it/PRP would/MD be/VB really/RB nice/JJ to/TO be/VB able/JJ to/TO have/VB ,/, you/PRP know/VBP ,/, someone/NN that/WDT could/MD watch/VB my/PRP$ daughter/NN at/IN work/NN ./.",,
sw10utt/sw_1022_2982.utt,2/sw2982,2982,117,sd,B,80,2,"{C And } I'd go to work,  /","And/CC I/PRP 'd/MD go/VB to/IN work/NN ,/,",,
sw10utt/sw_1022_2982.utt,2/sw2982,2982,118,sd,B,80,3,"{C and } if she were sick I could go down and see her, if she needs to be fed, whatever. /","and/CC if/IN she/PRP were/VBD sick/JJ I/PRP could/MD go/VB down/RB and/CC see/VB her/PRP$ ,/, if/IN she/PRP needs/VBZ to/TO be/VB fed/VBN ,/, whatever/WDT ./.",,
sw10utt/sw_1022_2982.utt,2/sw2982,2982,119,^2,A,81,1,{C And } it would be much more convenient.  /,And/CC it/PRP would/MD be/VB much/RB more/RBR convenient/JJ ./.,,
sw10utt/sw_1022_2982.utt,2/sw2982,2982,120,b,A,81,2,Yeah -- /,Yeah/UH --/:,,
sw10utt/sw_1022_2982.utt,2/sw2982,2982,121,%,B,82,1,"{C And } I, -/","And/CC I/PRP ,/,",,
sw10utt/sw_1022_2982.utt,2/sw2982,2982,122,^2^r,A,83,1,"-- it would be more convenient, too. /","--/: it/PRP would/MD be/VB more/RBR convenient/JJ ,/, too/RB ./.",,
sw10utt/sw_1022_2982.utt,2/sw2982,2982,123,sv,B,84,1,"It would be more convenient, more productive --","It/PRP would/MD be/VB more/RBR convenient/JJ ,/, more/RBR productive/JJ --/:",,
sw10utt/sw_1022_2982.utt,2/sw2982,2982,124,aa,A,85,1,"{F Oh, } yeah. /","Oh/UH ,/, yeah/UH ./.",,
sw10utt/sw_1022_2982.utt,2/sw2982,2982,125,+,B,86,1,"-- I think, /","--/: I/PRP think/VBP ,/,",,
sw10utt/sw_1022_2982.utt,2/sw2982,2982,126,sd,A,87,1,"My other daughter works and has, - /","My/PRP$ other/JJ daughter/NN works/VBZ and/CC has/VBZ ,/,",,
sw10utt/sw_1022_2982.utt,2/sw2982,2982,127,sd,A,87,2,"they have to take their two children to day care, {D you know. } /","they/PRP have/VBP to/TO take/VB their/PRP$ two/CD children/NNS to/IN day/NN care/NN ,/, you/PRP know/VBP ./.",,
sw10utt/sw_1022_2982.utt,2/sw2982,2982,128,b,B,88,1,Uh-huh. /,Uh-huh/UH ./.,,
sw10utt/sw_1022_2982.utt,2/sw2982,2982,129,%,A,89,1,"{C And, } {F uh, } [ it, + it's,  ] - /","And/CC ,/, uh/UH ,/, it/PRP ,/, it/PRP 's/BES ,/,",,
sw10utt/sw_1022_2982.utt,2/sw2982,2982,130,sd,A,89,2,"I don't know how they do it,  /","I/PRP do/VBP n't/RB know/VB how/WRB they/PRP do/VBP it/PRP ,/,",,
sw10utt/sw_1022_2982.utt,2/sw2982,2982,131,sd,A,89,3,"I really don't.   {D You know, }  /","I/PRP really/RB do/VBP n't/RB ./. You/PRP know/VBP ,/,",,
sw10utt/sw_1022_2982.utt,2/sw2982,2982,132,sd,A,89,4,"getting them there [ and then, + and  ] going to work, and then picking them up and,","getting/VBG them/PRP there/RB and/CC then/RB ,/, and/CC going/VBG to/IN work/NN ,/, and/CC then/RB picking/VBG them/PRP up/RP and/CC ,/,",,
sw10utt/sw_1022_2982.utt,2/sw2982,2982,133,^2,B,90,1,"[ {C And, } + {C and }  ] your hours are,","And/CC ,/, and/CC your/PRP$ hours/NNS are/VBP ,/,",,
sw10utt/sw_1022_2982.utt,2/sw2982,2982,134,+,A,91,1,all the preparations. /,all/PDT the/DT preparations/NNS ./.,,
sw10utt/sw_1022_2982.utt,2/sw2982,2982,135,+,B,92,1,much more constrained and things like that. /,much/RB more/RBR constrained/JJ and/CC things/NNS like/IN that/DT ./.,,
sw10utt/sw_1022_2982.utt,2/sw2982,2982,136,b,A,93,1,"Uh-huh,  /","Uh-huh/UH ,/,",,
sw10utt/sw_1022_2982.utt,2/sw2982,2982,137,b^r,A,93,2,uh-huh. /,uh-huh/UH ./.,,
sw10utt/sw_1022_2982.utt,2/sw2982,2982,138,%,B,94,1,"{C And, } [ that, + to me, {D well, } that,  ] {D you know, } - /","And/CC ,/, that/DT ,/, to/IN me/PRP ,/, well/UH ,/, that/DT ,/, you/PRP know/VBP ,/,",,
sw10utt/sw_1022_2982.utt,2/sw2982,2982,139,sv,B,94,2,"those three things, the health care, vacation, and day care --","those/DT three/CD things/NNS ,/, the/DT health/NN care/NN ,/, vacation/NN ,/, and/CC day/NN care/NN --/:",,
sw10utt/sw_1022_2982.utt,2/sw2982,2982,140,b,A,95,1,Uh-huh. /,Uh-huh/UH ./.,,
sw10utt/sw_1022_2982.utt,2/sw2982,2982,141,+,B,96,1,-- are probably the most important benefits. /,--/: are/VBP probably/RB the/DT most/RBS important/JJ benefits/NNS ./.,,
sw10utt/sw_1022_2982.utt,2/sw2982,2982,142,b,A,97,1,Uh-huh. /,Uh-huh/UH ./.,,
sw10utt/sw_1022_2982.utt,2/sw2982,2982,143,sd,B,98,1,"I suppose I should be concerned with life insurance and, {F uh, } retirement plans  /","I/PRP suppose/VBP I/PRP should/MD be/VB concerned/JJ with/IN life/NN insurance/NN and/CC ,/, uh/UH ,/, retirement/NN plans/NNS",,
sw10utt/sw_1022_2982.utt,2/sw2982,2982,144,%,B,98,2,"{C but, } -/","but/CC ,/,",,
sw10utt/sw_1022_2982.utt,2/sw2982,2982,145,h,A,99,1,"{F Oh, } I don't know,  /","Oh/UH ,/, I/PRP do/VBP n't/RB know/VB ,/,",,
sw10utt/sw_1022_2982.utt,2/sw2982,2982,146,sv,A,99,2,"I think those benefits you mentioned, sometimes they're even more important than [ you-, + ] the wage itself. /","I/PRP think/VBP those/DT benefits/NNS you/PRP mentioned/VBD ,/, sometimes/RB they/PRP 're/VBP even/RB more/RBR important/JJ than/IN you-/XX ,/, the/DT wage/NN itself/PRP ./.",,
sw10utt/sw_1022_2982.utt,2/sw2982,2982,147,b,B,100,1,Yeah. /,Yeah/UH ./.,,
sw10utt/sw_1022_2982.utt,2/sw2982,2982,148,sv,A,101,1,"If you can get those benefits even, {F uh, } - /","If/IN you/PRP can/MD get/VB those/DT benefits/NNS even/RB ,/, uh/UH ,/,",,
sw10utt/sw_1022_2982.utt,2/sw2982,2982,149,sv,A,101,2,"[ they, + they ] come out to [ much, + a much ] better benefit [ than, + than  ] an increase in your wage a lot of times. /","they/PRP ,/, they/PRP come/VBP out/IN to/IN much/JJ ,/, a/DT much/RB better/JJR benefit/NN than/IN ,/, than/IN an/DT increase/NN in/IN your/PRP$ wage/NN a/DT lot/NN of/IN times/NNS ./.",,
sw10utt/sw_1022_2982.utt,2/sw2982,2982,150,b,B,102,1,Right  /,Right/UH,,
sw10utt/sw_1022_2982.utt,2/sw2982,2982,151,%,B,102,2,"{C because } you're, {D you know, } - /","because/IN you/PRP 're/VBP ,/, you/PRP know/VBP ,/,",,
sw10utt/sw_1022_2982.utt,2/sw2982,2982,152,sv,B,102,3,certainly something like day care at the work place --,certainly/RB something/NN like/IN day/NN care/NN at/IN the/DT work/NN place/NN --/:,,
sw10utt/sw_1022_2982.utt,2/sw2982,2982,153,b,A,103,1,Uh-huh. /,Uh-huh/UH ./.,,
sw10utt/sw_1022_2982.utt,2/sw2982,2982,154,+,B,104,1,-- would make life so much simpler --,--/: would/MD make/VB life/NN so/RB much/RB simpler/JJR --/:,,
sw10utt/sw_1022_2982.utt,2/sw2982,2982,155,b,A,105,1,"Uh-huh,  /","Uh-huh/UH ,/,",,
sw10utt/sw_1022_2982.utt,2/sw2982,2982,156,b^r,A,105,2,uh-huh. /,uh-huh/UH ./.,,
sw10utt/sw_1022_2982.utt,2/sw2982,2982,157,+,B,106,1,"-- that it's worth paying, {D you know, } having a lower salary.  /","--/: that/IN it/PRP 's/BES worth/JJ paying/VBG ,/, you/PRP know/VBP ,/, having/VBG a/DT lower/JJR salary/NN ./.",,
sw10utt/sw_1022_2982.utt,2/sw2982,2982,158,sd,B,106,2,I would certainly accept a lower --,I/PRP would/MD certainly/RB accept/VB a/DT lower/JJR --/:,,
sw10utt/sw_1022_2982.utt,2/sw2982,2982,159,b,A,107,1,"{F Oh, } yeah. /","Oh/UH ,/, yeah/UH ./.",,
sw10utt/sw_1022_2982.utt,2/sw2982,2982,160,+,B,108,1,-- salary for that.,--/: salary/NN for/IN that/DT ./.,,
sw10utt/sw_1022_2982.utt,2/sw2982,2982,161,aa,A,109,1,"{F Oh, } yeah,  /","Oh/UH ,/, yeah/UH ,/,",,
sw10utt/sw_1022_2982.utt,2/sw2982,2982,162,sv,A,109,2,it would make it a lot better. /,it/PRP would/MD make/VB it/PRP a/DT lot/NN better/JJR ./.,,
sw10utt/sw_1022_2982.utt,2/sw2982,2982,163,+,B,110,1,"{D You know, } everything else being equal  /","You/PRP know/VBP ,/, everything/NN else/RB being/VBG equal/JJ",,
sw10utt/sw_1022_2982.utt,2/sw2982,2982,164,sv,B,110,2,{C because } your life would be so much easier. /,because/IN your/PRP$ life/NN would/MD be/VB so/RB much/RB easier/JJR ./.,,
sw10utt/sw_1022_2982.utt,2/sw2982,2982,165,b,A,111,1,Uh-huh. /,Uh-huh/UH ./.,,
sw10utt/sw_1022_2982.utt,2/sw2982,2982,166,sv,B,112,1,{C And } there's a question of quality of life also. /,And/CC there/EX 's/BES a/DT question/NN of/IN quality/NN of/IN life/NN also/RB ./.,,
sw10utt/sw_1022_2982.utt,2/sw2982,2982,167,sv,A,113,1,"{F Uh, } {D well, } {C and } if it was there, you would really have a little more, {F uh, } knowledge on what's going on --","Uh/UH ,/, well/UH ,/, and/CC if/IN it/PRP was/VBD there/RB ,/, you/PRP would/MD really/RB have/VB a/DT little/RB more/JJR ,/, uh/UH ,/, knowledge/NN on/IN what/WP 's/BES going/VBG on/RP --/:",,
sw10utt/sw_1022_2982.utt,2/sw2982,2982,168,b,B,114,1,Yeah. /,Yeah/UH ./.,,
sw10utt/sw_1022_2982.utt,2/sw2982,2982,169,+,A,115,1,"-- probably, {D you know, } with your child. /","--/: probably/RB ,/, you/PRP know/VBP ,/, with/IN your/PRP$ child/NN ./.",,
sw10utt/sw_1022_2982.utt,2/sw2982,2982,170,b,B,116,1,"Right,  /","Right/UH ,/,",,
sw10utt/sw_1022_2982.utt,2/sw2982,2982,171,sv,B,116,2,"{C and, } [ [ you, + you, ] + you ] don't feel like you're a half hour away if [ she + ] --","and/CC ,/, you/PRP ,/, you/PRP ,/, you/PRP do/VBP n't/RB feel/VB like/IN you/PRP 're/VBP a/DT half/NN hour/NN away/RB if/IN she/PRP --/:",,
sw10utt/sw_1022_2982.utt,2/sw2982,2982,172,b,A,117,1,Right. /,Right/UH ./.,,
sw10utt/sw_1022_2982.utt,2/sw2982,2982,173,+,B,118,1,-- something happened.,--/: something/NN happened/VBD ./.,,
sw10utt/sw_1022_2982.utt,2/sw2982,2982,174,b,A,119,1,Yeah. /,Yeah/UH ./.,,
sw10utt/sw_1022_2982.utt,2/sw2982,2982,175,+,B,120,1,"And, you're less preoccupied with it, I think. /","And/CC ,/, you/PRP 're/VBP less/RBR preoccupied/JJ with/IN it/PRP ,/, I/PRP think/VBP ./.",,
sw10utt/sw_1022_2982.utt,2/sw2982,2982,176,b,A,121,1,"Right,  /","Right/UH ,/,",,
sw10utt/sw_1022_2982.utt,2/sw2982,2982,177,b,A,121,2,yeah. /,yeah/UH ./.,,
sw10utt/sw_1022_2982.utt,2/sw2982,2982,178,sv,B,122,1,"{C But } unfortunately, there aren't, - /","But/CC unfortunately/RB ,/, there/EX are/VBP n't/RB ,/,",,
sw10utt/sw_1022_2982.utt,2/sw2982,2982,179,sd,B,122,2,I think I B M has started having that in certain locations. /,I/PRP think/VBP I/NNP B/NNP M/NNP has/VBZ started/VBN having/VBG that/DT in/IN certain/JJ locations/NNS ./.,,
sw10utt/sw_1022_2982.utt,2/sw2982,2982,180,h,A,123,1,"I don't know,  /","I/PRP do/VBP n't/RB know/VB ,/,",,
sw10utt/sw_1022_2982.utt,2/sw2982,2982,181,sd,A,123,2,"[ my daughter, + one daughter  ] works for M C I,  /","my/PRP$ daughter/NN ,/, one/CD daughter/NN works/VBZ for/IN M/NNP C/NNP I/PRP ,/,",,
sw10utt/sw_1022_2982.utt,2/sw2982,2982,182,sd,A,123,3,"{C and }  [ [ they don't, + they,  ] +  where she works they  ] don't have anything like that. /","and/CC they/PRP do/VBP n't/RB ,/, they/PRP ,/, where/WRB she/PRP works/VBZ they/PRP do/VBP n't/RB have/VB anything/NN like/IN that/DT ./.",,
sw10utt/sw_1022_2982.utt,2/sw2982,2982,183,b,B,124,1,Uh-huh.  /,Uh-huh/UH ./.,,
sw10utt/sw_1022_2982.utt,2/sw2982,2982,184,qy,B,124,2,Is that locally? /,Is/VBZ that/DT locally/RB ?/.,,
sw10utt/sw_1022_2982.utt,2/sw2982,2982,185,ng,A,125,1,"{F Uh, } Pittsburgh. /","Uh/UH ,/, Pittsburgh/NNP ./.",,
sw10utt/sw_1022_2982.utt,2/sw2982,2982,186,b,B,126,1,Uh-huh. /,Uh-huh/UH ./.,,
sw10utt/sw_1022_2982.utt,2/sw2982,2982,187,sd,A,127,1,"Pittsburgh, Pennsylvania. /","Pittsburgh/NNP ,/, Pennsylvania/NNP ./.",,
sw10utt/sw_1022_2982.utt,2/sw2982,2982,188,b,B,128,1,Yeah  /,Yeah/UH,,
sw10utt/sw_1022_2982.utt,2/sw2982,2982,189,sd,B,128,2,"{C because } Pittsburgh's a big enough city, too. /","because/IN Pittsburgh/NNP 's/BES a/DT big/JJ enough/JJ city/NN ,/, too/RB ./.",,
sw10utt/sw_1022_2982.utt,2/sw2982,2982,190,b,A,129,1,Uh-huh. /,Uh-huh/UH ./.,,
sw10utt/sw_1022_2982.utt,2/sw2982,2982,191,sv,B,130,1,"{C But } {D you know, } I wouldn't be surprised if thing's like that didn't happen  more in smaller communities before they happen in bigger ones.","But/CC you/PRP know/VBP ,/, I/PRP would/MD n't/RB be/VB surprised/JJ if/IN thing/NN 's/POS like/IN that/DT did/VBD n't/RB happen/VB more/JJR in/IN smaller/JJR communities/NNS before/IN they/PRP happen/VBP in/IN bigger/JJR ones/NNS ./.",,
sw10utt/sw_1022_2982.utt,2/sw2982,2982,192,b,A,131,1,Uh-huh. /,Uh-huh/UH ./.,,
sw10utt/sw_1022_2982.utt,2/sw2982,2982,193,+,B,132,1,Just because people might be more flexible in smaller locations and --,Just/RB because/IN people/NNS might/MD be/VB more/RBR flexible/JJ in/IN smaller/JJR locations/NNS and/CC --/:,,
sw10utt/sw_1022_2982.utt,2/sw2982,2982,194,b,A,133,1,"Yeah, /","Yeah/UH ,/,",,
sw10utt/sw_1022_2982.utt,2/sw2982,2982,195,+,B,134,1,-- things like that.  /,--/: things/NNS like/IN that/DT ./.,,
sw10utt/sw_1022_2982.utt,2/sw2982,2982,196,sd,B,134,2,{C Because } many times small companies offer better benefits in terms of quality of life than larger companies. /,Because/IN many/JJ times/NNS small/JJ companies/NNS offer/VBP better/JJR benefits/NNS in/IN terms/NNS of/IN quality/NN of/IN life/NN than/IN larger/JJR companies/NNS ./.,,
sw10utt/sw_1022_2982.utt,2/sw2982,2982,197,b,A,135,1,Uh-huh. /,Uh-huh/UH ./.,,
sw10utt/sw_1022_2982.utt,2/sw2982,2982,198,sd,B,136,1,"{D Like, } {F uh, } one company had proposed to me that I could come back to work after having the baby, {F um, } any where between ten and forty hours a week.","Like/IN ,/, uh/UH ,/, one/CD company/NN had/VBD proposed/VBN to/IN me/PRP that/IN I/PRP could/MD come/VB back/RB to/IN work/NN after/IN having/VBG the/DT baby/NN ,/, um/UH ,/, any/DT where/WRB between/IN ten/CD and/CC forty/CD hours/NNS a/DT week/NN ./.",,
sw10utt/sw_1022_2982.utt,2/sw2982,2982,199,b,A,137,1,Uh-huh. /,Uh-huh/UH ./.,,
sw10utt/sw_1022_2982.utt,2/sw2982,2982,200,+,B,138,1,"And, {F um, } call my own days, call my own hours, /","And/CC ,/, um/UH ,/, call/VB my/PRP$ own/JJ days/NNS ,/, call/VB my/PRP$ own/JJ hours/NNS ,/,",,
sw10utt/sw_1022_2982.utt,2/sw2982,2982,201,sd,A,139,1,"{F Oh, } {C so } they were very flexible -- /","Oh/UH ,/, so/RB they/PRP were/VBD very/RB flexible/JJ --/:",,
sw10utt/sw_1022_2982.utt,2/sw2982,2982,202,b,B,140,1,"Yeah, /","Yeah/UH ,/,",,
sw10utt/sw_1022_2982.utt,2/sw2982,2982,203,sv,A,141,1,"-- {C and } [ that, + that  ] would be great,  /","--/: and/CC that/DT ,/, that/DT would/MD be/VB great/JJ ,/,",,
sw10utt/sw_1022_2982.utt,2/sw2982,2982,204,%,A,141,2,yeah. /,yeah/UH ./.,,
sw10utt/sw_1022_2982.utt,2/sw2982,2982,205,%,B,142,1,{C and } which - /,and/CC which/WDT,,
sw10utt/sw_1022_2982.utt,2/sw2982,2982,206,sv,B,142,2,many times at a large company it's almost impossible --,many/JJ times/NNS at/IN a/DT large/JJ company/NN it/PRP 's/BES almost/RB impossible/JJ --/:,,
sw10utt/sw_1022_2982.utt,2/sw2982,2982,207,b,A,143,1,"Uh-huh,  /","Uh-huh/UH ,/,",,
sw10utt/sw_1022_2982.utt,2/sw2982,2982,208,b^r,A,143,2,uh-huh. /,uh-huh/UH ./.,,
sw10utt/sw_1022_2982.utt,2/sw2982,2982,209,+,B,144,1,-- to do things like that. /,--/: to/TO do/VB things/NNS like/IN that/DT ./.,,
sw10utt/sw_1022_2982.utt,2/sw2982,2982,210,sv,A,145,1,"They say you're going to do it this way, and that's the way it's going to be. /","They/PRP say/VBP you/PRP 're/VBP going/VBG to/TO do/VB it/PRP this/DT way/NN ,/, and/CC that/DT 's/BES the/DT way/NN it/PRP 's/BES going/VBG to/TO be/VB ./.",,
sw10utt/sw_1022_2982.utt,2/sw2982,2982,211,b,B,146,1,Right. /,Right/UH ./.,,
sw10utt/sw_1022_2982.utt,2/sw2982,2982,212,b,A,147,1,Yeah. /,Yeah/UH ./.,,
sw10utt/sw_1022_2982.utt,2/sw2982,2982,213,sv,B,148,1,"{C And } if you get two weeks off, you get two weeks off --","And/CC if/IN you/PRP get/VBP two/CD weeks/NNS off/RP ,/, you/PRP get/VBP two/CD weeks/NNS off/RP --/:",,
sw10utt/sw_1022_2982.utt,2/sw2982,2982,214,b,A,149,1,Uh-huh. /,Uh-huh/UH ./.,,
sw10utt/sw_1022_2982.utt,2/sw2982,2982,215,+,B,150,1,-- and you're not allowed two weeks and one day. /,--/: and/CC you/PRP 're/VBP not/RB allowed/VBN two/CD weeks/NNS and/CC one/CD day/NN ./.,,
sw10utt/sw_1022_2982.utt,2/sw2982,2982,216,b,A,151,1,"Yeah,  /","Yeah/UH ,/,",,
sw10utt/sw_1022_2982.utt,2/sw2982,2982,217,b^r,A,151,2,"yeah,  /","yeah/UH ,/,",,
sw10utt/sw_1022_2982.utt,2/sw2982,2982,218,b^r,A,151,3,yeah. /,yeah/UH ./.,,
sw10utt/sw_1022_2982.utt,2/sw2982,2982,219,sv,B,152,1,"{C So } it all depends on what your position is there, too. /","So/RB it/PRP all/DT depends/VBZ on/IN what/WP your/PRP$ position/NN is/VBZ there/RB ,/, too/RB ./.",,
sw10utt/sw_1022_2982.utt,2/sw2982,2982,220,ba,A,153,1,"True,  /","True/JJ ,/,",,
sw10utt/sw_1022_2982.utt,2/sw2982,2982,221,sv,A,153,2,"{D well, } that's true in [ any, + any  ] company, I think. /","well/UH ,/, that/DT 's/BES true/JJ in/IN any/DT ,/, any/DT company/NN ,/, I/PRP think/VBP ./.",,
sw10utt/sw_1022_2982.utt,2/sw2982,2982,222,b,B,154,1,Yeah. /,Yeah/UH ./.,,
sw10utt/sw_1022_2982.utt,2/sw2982,2982,223,%,A,155,1,"[ [ I've, + I've  ] never, + {D well } I can't say I've never,  ] - /","I/PRP 've/VBP ,/, I/PRP 've/VBP never/RB ,/, well/UH I/PRP ca/MD n't/RB say/VB I/PRP 've/VB never/RB ,/,",,
sw10utt/sw_1022_2982.utt,2/sw2982,2982,224,sd,A,155,2,I've maybe worked five years out of our married life --,I/PRP 've/VBP maybe/RB worked/VBN five/CD years/NNS out/IN of/IN our/PRP$ married/JJ life/NN --/:,,
sw10utt/sw_1022_2982.utt,2/sw2982,2982,225,b,B,156,1,Uh-huh. /,Uh-huh/UH ./.,,
sw10utt/sw_1022_2982.utt,2/sw2982,2982,226,+,A,157,1,"-- [ out of the ho-, + {D you know, } out of the home  ] -- /","--/: out/IN of/IN the/DT ho-/XX ,/, you/PRP know/VBP ,/, out/IN of/IN the/DT home/NN --/:",,
sw10utt/sw_1022_2982.utt,2/sw2982,2982,227,b,B,158,1,Uh-huh. /,Uh-huh/UH ./.,,
sw10utt/sw_1022_2982.utt,2/sw2982,2982,228,sd,A,159,1,"-- {C but, } {F uh, } the rest of the time I've been an <laughter> Avon lady and a ((   ))  lady. /","--/: but/CC ,/, uh/UH ,/, the/DT rest/NN of/IN the/DT time/NN I/PRP 've/VBP been/VBN an/DT Avon/NNP lady/NN and/CC a/DT MUMBLEx/XX lady/NN ./.",,
sw10utt/sw_1022_2982.utt,2/sw2982,2982,229,qy,B,160,1,"Was that when you were, {F um, } {D well, } - /","Was/VBD that/DT when/WRB you/PRP were/VBD ,/, um/UH ,/, well/UH ,/,",,
sw10utt/sw_1022_2982.utt,2/sw2982,2982,230,sv,B,160,2,"those have its pluses and minuses, too.  /","those/DT have/VBP its/PRP$ pluses/NNS and/CC minuses/NNS ,/, too/RB ./.",,
sw10utt/sw_1022_2982.utt,2/sw2982,2982,231,sd,B,160,3,I've been a consultant recently --,I/PRP 've/VBP been/VBN a/DT consultant/NN recently/RB --/:,,
sw10utt/sw_1022_2982.utt,2/sw2982,2982,232,b,A,161,1,Uh-huh. /,Uh-huh/UH ./.,,
sw10utt/sw_1022_2982.utt,2/sw2982,2982,233,+,B,162,1,-- and so I don't have any benefits at all  /,--/: and/CC so/RB I/PRP do/VBP n't/RB have/VB any/DT benefits/NNS at/IN all/DT,,
sw10utt/sw_1022_2982.utt,2/sw2982,2982,234,%,B,162,2,"{C and, } -/","and/CC ,/,",,
sw10utt/sw_1022_2982.utt,2/sw2982,2982,235,b,A,163,1,"Uh-huh,  /","Uh-huh/UH ,/,",,
sw10utt/sw_1022_2982.utt,2/sw2982,2982,236,sd,A,163,2,"{C and } you have to take care of any benefits you want yourself,  /","and/CC you/PRP have/VBP to/TO take/VB care/NN of/IN any/DT benefits/NNS you/PRP want/VBP yourself/PRP ,/,",,
sw10utt/sw_1022_2982.utt,2/sw2982,2982,237,%,A,163,3,yeah. /,yeah/UH ./.,,
sw10utt/sw_1022_2982.utt,2/sw2982,2982,238,b,B,164,1,"Right,  /","Right/UH ,/,",,
sw10utt/sw_1022_2982.utt,2/sw2982,2982,239,%,B,164,2,{C and } the same thing - /,and/CC the/DT same/JJ thing/NN,,
sw10utt/sw_1022_2982.utt,2/sw2982,2982,240,sd,B,164,3,my husband is unfortunately being paid as a consultant -- /,my/PRP$ husband/NN is/VBZ unfortunately/RB being/VBG paid/VBN as/IN a/DT consultant/NN --/:,,
sw10utt/sw_1022_2982.utt,2/sw2982,2982,241,b,A,165,1,Uh-huh. /,Uh-huh/UH ./.,,
sw10utt/sw_1022_2982.utt,2/sw2982,2982,242,sd,B,166,1,-- {C and } we tried to argue that he should get more salary for that --,--/: and/CC we/PRP tried/VBD to/TO argue/VB that/IN he/PRP should/MD get/VB more/JJR salary/NN for/IN that/DT --/:,,
sw10utt/sw_1022_2982.utt,2/sw2982,2982,243,b,A,167,1,Uh-huh. /,Uh-huh/UH ./.,,
sw10utt/sw_1022_2982.utt,2/sw2982,2982,244,+,B,168,1,-- than what he is  /,--/: than/IN what/WP he/PRP is/VBZ,,
sw10utt/sw_1022_2982.utt,2/sw2982,2982,245,%,B,168,2,"{C and, } {F um, } [ [ they, + they,  ] + they,  ] -/","and/CC ,/, um/UH ,/, they/PRP ,/, they/PRP ,/, they/PRP ,/,",,
sw10utt/sw_1022_2982.utt,2/sw2982,2982,246,sv,A,169,1,Usually consultants make very good income. /,Usually/RB consultants/NNS make/VBP very/RB good/JJ income/NN ./.,,
sw10utt/sw_1022_2982.utt,2/sw2982,2982,247,b,B,170,1,"Right,  /","Right/UH ,/,",,
sw10utt/sw_1022_2982.utt,2/sw2982,2982,248,sd,B,170,2,"{C and } [ they, + they  ] refuse to give him more  salary.  -/","and/CC they/PRP ,/, they/PRP refuse/VBP to/TO give/VB him/PRP more/JJR salary/NN ./.",,
sw10utt/sw_1022_2982.utt,2/sw2982,2982,249,bh,A,171,1,Is that right? /,Is/VBZ that/DT right/JJ ?/.,,
sw10utt/sw_1022_2982.utt,2/sw2982,2982,250,sd,B,172,1,"{C Because } they say they can't pay more than this and that, and they're not allowed to pay him more --","Because/IN they/PRP say/VBP they/PRP ca/MD n't/RB pay/VB more/JJR than/IN this/DT and/CC that/DT ,/, and/CC they/PRP 're/VBP not/RB allowed/VBN to/TO pay/VB him/PRP more/JJR --/:",,
sw10utt/sw_1022_2982.utt,2/sw2982,2982,251,b,A,173,1,Oh. /,Oh/UH ./.,,
sw10utt/sw_1022_2982.utt,2/sw2982,2982,252,+,B,174,1,-- than what his previous salary was and things like that -- /,--/: than/IN what/WP his/PRP$ previous/JJ salary/NN was/VBD and/CC things/NNS like/IN that/DT --/:,,
sw10utt/sw_1022_2982.utt,2/sw2982,2982,253,b,A,175,1,Uh-huh. /,Uh-huh/UH ./.,,
sw10utt/sw_1022_2982.utt,2/sw2982,2982,254,sd,B,176,1,"-- {C and, } {D you know, } times are rough now,  /","--/: and/CC ,/, you/PRP know/VBP ,/, times/NNS are/VBP rough/JJ now/RB ,/,",,
sw10utt/sw_1022_2982.utt,2/sw2982,2982,255,%,B,176,2,"{C so } it's, new, - /","so/RB it/PRP 's/BES ,/, new/JJ ,/,",,
sw10utt/sw_1022_2982.utt,2/sw2982,2982,256,sd,B,176,3,it's harder to get --,it/PRP 's/BES harder/JJR to/TO get/VB --/:,,
sw10utt/sw_1022_2982.utt,2/sw2982,2982,257,b,A,177,1,Uh-huh. /,Uh-huh/UH ./.,,
sw10utt/sw_1022_2982.utt,2/sw2982,2982,258,+,B,178,1,"-- the, {F uh, } {D you know, } increases and things -- /","--/: the/DT ,/, uh/UH ,/, you/PRP know/VBP ,/, increases/NNS and/CC things/NNS --/:",,
sw10utt/sw_1022_2982.utt,2/sw2982,2982,259,b,A,179,1,Uh-huh. /,Uh-huh/UH ./.,,
sw10utt/sw_1022_2982.utt,2/sw2982,2982,260,%,B,180,1,"-- {C but, } {F um, } -/","--/: but/CC ,/, um/UH ,/,",,
sw10utt/sw_1022_2982.utt,2/sw2982,2982,261,sv,A,181,1,"A  ((   ))  consultant really [ is, + should be  ] more knowledgeable than everybody else, <laughter> {D you know } -- /","A/DT MUMBLEx/XX consultant/NN really/RB is/VBZ ,/, should/MD be/VB more/RBR knowledgeable/JJ than/IN everybody/NN else/RB ,/, you/PRP know/VBP --/:",,
sw10utt/sw_1022_2982.utt,2/sw2982,2982,262,aa,B,182,1,"Yeah,  /","Yeah/UH ,/,",,
sw10utt/sw_1022_2982.utt,2/sw2982,2982,263,sd,B,182,2,"{D well } he's, -/","well/UH he/PRP 's/BES ,/,",,
sw10utt/sw_1022_2982.utt,2/sw2982,2982,264,sv,A,183,1,"-- {C so } it stands to reason they should really [ ha-, + have  ] more benefits. /","--/: so/RB it/PRP stands/VBZ to/TO reason/VB they/PRP should/MD really/RB ha/VBP ,/, have/VBP more/JJR benefits/NNS ./.",,
sw10utt/sw_1022_2982.utt,2/sw2982,2982,265,b,B,184,1,"Right,  /","Right/UH ,/,",,
sw10utt/sw_1022_2982.utt,2/sw2982,2982,266,sd,B,184,2,"{D well, } he's been doing a long term, - /","well/UH ,/, he/PRP 's/HVS been/VBN doing/VBG a/DT long/JJ term/NN ,/,",,
sw10utt/sw_1022_2982.utt,2/sw2982,2982,267,sd,B,184,3,"he's being called a consultant,  /","he/PRP 's/BES being/VBG called/VBN a/DT consultant/NN ,/,",,
sw10utt/sw_1022_2982.utt,2/sw2982,2982,268,sd,B,184,4,{C and } he's really sort of a temporary employee at a place. /,and/CC he/PRP 's/BES really/RB sort/RB of/RB a/DT temporary/JJ employee/NN at/IN a/DT place/NN ./.,,
sw10utt/sw_1022_2982.utt,2/sw2982,2982,269,b,A,185,1,"Uh-huh,  /","Uh-huh/UH ,/,",,
sw10utt/sw_1022_2982.utt,2/sw2982,2982,270,b^r,A,185,2,uh-huh. /,uh-huh/UH ./.,,
sw10utt/sw_1022_2982.utt,2/sw2982,2982,271,sd,B,186,1,"{C And, } [ they, + they  ] pay him as a consultant but he doesn't get any health benefits,  /","And/CC ,/, they/PRP ,/, they/PRP pay/VBP him/PRP as/IN a/DT consultant/NN but/CC he/PRP does/VBZ n't/RB get/VB any/DT health/NN benefits/NNS ,/,",,
sw10utt/sw_1022_2982.utt,2/sw2982,2982,272,sd,B,186,2,"he doesn't get, {D well } -- -/","he/PRP does/VBZ n't/RB get/VB ,/, well/UH --/:",,
sw10utt/sw_1022_2982.utt,2/sw2982,2982,273,b,A,187,1,{F Um. } /,Um/UH ./.,,
sw10utt/sw_1022_2982.utt,2/sw2982,2982,274,sd,B,188,1,-- we don't care about retirement benefits.  /,--/: we/PRP do/VBP n't/RB care/VB about/IN retirement/NN benefits/NNS ./.,,
sw10utt/sw_1022_2982.utt,2/sw2982,2982,275,sd,B,188,2,"He doesn't get, {F um, } vacation benefits  /","He/PRP does/VBZ n't/RB get/VB ,/, um/UH ,/, vacation/NN benefits/NNS",,
sw10utt/sw_1022_2982.utt,2/sw2982,2982,276,sd,B,188,3,{C and } --,and/CC --/:,,
sw10utt/sw_1022_2982.utt,2/sw2982,2982,277,b,A,189,1,Uh-huh. /,Uh-huh/UH ./.,,
sw10utt/sw_1022_2982.utt,2/sw2982,2982,278,+,B,190,1,-- he does a lot of things that get factored into somebody else's salary. /,--/: he/PRP does/VBZ a/DT lot/NN of/IN things/NNS that/WDT get/VBP factored/VBN into/IN somebody/NN else/RB 's/POS salary/NN ./.,,
sw10utt/sw_1022_2982.utt,2/sw2982,2982,279,b,A,191,1,Uh-huh. /,Uh-huh/UH ./.,,
sw10utt/sw_1022_2982.utt,2/sw2982,2982,280,sd,B,192,1,"{C So } really his salary should be, {D you know, } twenty percent or thirty percent higher --","So/RB really/RB his/PRP$ salary/NN should/MD be/VB ,/, you/PRP know/VBP ,/, twenty/CD percent/NN or/CC thirty/CD percent/NN higher/JJR --/:",,
sw10utt/sw_1022_2982.utt,2/sw2982,2982,281,b,A,193,1,Uh-huh. /,Uh-huh/UH ./.,,
sw10utt/sw_1022_2982.utt,2/sw2982,2982,282,+,B,194,1,"-- just based on that, not including --","--/: just/RB based/VBN on/IN that/DT ,/, not/RB including/VBG --/:",,
sw10utt/sw_1022_2982.utt,2/sw2982,2982,283,b,A,195,1,Yeah. /,Yeah/UH ./.,,
sw10utt/sw_1022_2982.utt,2/sw2982,2982,284,+,B,196,1,"-- the fact that {D you know, } it's a [ less, + ] long term commitment for the company --","--/: the/DT fact/NN that/IN you/PRP know/VBP ,/, it/PRP 's/BES a/DT less/JJR ,/, long/JJ term/NN commitment/NN for/IN the/DT company/NN --/:",,
sw10utt/sw_1022_2982.utt,2/sw2982,2982,285,b,A,197,1,Uh-huh. /,Uh-huh/UH ./.,,
sw10utt/sw_1022_2982.utt,2/sw2982,2982,286,+,B,198,1,-- and all that sort of stuff. /,--/: and/CC all/PDT that/DT sort/NN of/IN stuff/NN ./.,,
sw10utt/sw_1022_2982.utt,2/sw2982,2982,287,b,A,199,1,"Yeah,  /","Yeah/UH ,/,",,
sw10utt/sw_1022_2982.utt,2/sw2982,2982,288,sv,A,199,2,"{C and } they'll do it, /","and/CC they/PRP 'll/MD do/VB it/PRP ,/,",,
