swda_filename,ptb_basename,conversation_no,transcript_index,act_tag,caller,utterance_index,subutterance_index,text,pos,trees,ptb_treenumbers
sw10utt/sw_1079_2511.utt,2/sw2511,2511,0,sd,A,1,1,"{D Well, } Wayne, I've never done any, {F uh, }  auto repairs myself at all. /","Well/UH ,/, Wayne/NNP ,/, I/PRP 've/VBP never/RB done/VBN any/DT ,/, uh/UH ,/, auto/NN repairs/NNS myself/PRP at/IN all/DT ./.",,
sw10utt/sw_1079_2511.utt,2/sw2511,2511,1,b,B,2,1,Uh-huh. /,Uh-huh/UH ./.,,
sw10utt/sw_1079_2511.utt,2/sw2511,2511,2,sd,A,3,1,"{E I mean, } I may have screwed in a  little <laughter>, screw that looked like  it was falling out on the door or something  /","I/PRP mean/VBP ,/, I/PRP may/MD have/VB screwed/VBN in/IN a/DT little/JJ ,/, screw/NN that/WDT looked/VBD like/IN it/PRP was/VBD falling/VBG out/RB on/IN the/DT door/NN or/CC something/NN",,
sw10utt/sw_1079_2511.utt,2/sw2511,2511,3,sd,A,3,2,"{C but, } {F uh, } I personally haven't done anything.  /","but/CC ,/, uh/UH ,/, I/PRP personally/RB have/VBP n't/RB done/VBN anything/NN ./.",,
sw10utt/sw_1079_2511.utt,2/sw2511,2511,4,sd,A,3,3,"Maybe I've, {F uh, } changed [ win-, + wiper ]  blades or something  /","Maybe/RB I/PRP 've/VBP ,/, uh/UH ,/, changed/VBN win-/NN ,/, wiper/NN blades/NNS or/CC something/NN",,
sw10utt/sw_1079_2511.utt,2/sw2511,2511,5,sd,A,3,4,"{C but } I have noticed since, {F uh, } I got married that my husband,  he hates to do auto repairs,  /","but/CC I/PRP have/VBP noticed/VBN since/IN ,/, uh/UH ,/, I/PRP got/VBD married/VBN that/IN my/PRP$ husband/NN ,/, he/PRP hates/VBZ to/TO do/VB auto/NN repairs/NNS ,/,",,
sw10utt/sw_1079_2511.utt,2/sw2511,2511,6,sd,A,3,5,"{C but } he would rather do them himself [ than, + than ]  to pay someone else.  /","but/CC he/PRP would/MD rather/RB do/VB them/PRP himself/PRP than/IN ,/, than/IN to/TO pay/VB someone/NN else/RB ./.",,
sw10utt/sw_1079_2511.utt,2/sw2511,2511,7,sd,A,3,6,"I guess, he can't make himself pay someone to do the repairs  when [ he knows, + he knows ] how to do it,  /","I/PRP guess/VBP ,/, he/PRP ca/MD n't/RB make/VB himself/PRP pay/VB someone/NN to/TO do/VB the/DT repairs/NNS when/WRB he/PRP knows/VBZ ,/, he/PRP knows/VBZ how/WRB to/TO do/VB it/PRP ,/,",,
sw10utt/sw_1079_2511.utt,2/sw2511,2511,8,sd,A,3,7,{C and } he'll do it.  /,and/CC he/PRP 'll/MD do/VB it/PRP ./.,,
sw10utt/sw_1079_2511.utt,2/sw2511,2511,9,sd,A,3,8,"{C So, } [ he, + he ]  hates the time that he takes,  /","So/RB ,/, he/PRP ,/, he/PRP hates/VBZ the/DT time/NN that/WDT he/PRP takes/VBZ ,/,",,
sw10utt/sw_1079_2511.utt,2/sw2511,2511,10,sd,A,3,9,"{C but } he has changed, {F um, } the brakes  /","but/CC he/PRP has/VBZ changed/VBN ,/, um/UH ,/, the/DT brakes/NNS",,
sw10utt/sw_1079_2511.utt,2/sw2511,2511,11,sd,A,3,10,{C and } he has done  all of the tune-ups  /,and/CC he/PRP has/VBZ done/VBN all/DT of/IN the/DT tune-ups/NNS,,
sw10utt/sw_1079_2511.utt,2/sw2511,2511,12,sd,A,3,11,{C and } the  (( ))  like that <throat_clearing> - /,and/CC the/DT MUMBLEx/XX like/IN that/DT,,
sw10utt/sw_1079_2511.utt,2/sw2511,2511,13,sd,A,3,12,{C and } recently he changed the steering mechanism in  (( the ))  car.  /,and/CC recently/RB he/PRP changed/VBD the/DT steering/NN mechanism/NN in/IN the/DT car/NN ./.,,
sw10utt/sw_1079_2511.utt,2/sw2511,2511,14,sd,A,3,13,I was really impressed  with that <laughter>.  /,I/PRP was/VBD really/RB impressed/JJ with/IN that/DT ./.,,
sw10utt/sw_1079_2511.utt,2/sw2511,2511,15,sd,A,3,14,"We had to have it to get the car inspected,  /","We/PRP had/VBD to/TO have/VB it/PRP to/TO get/VB the/DT car/NN inspected/VBN ,/,",,
sw10utt/sw_1079_2511.utt,2/sw2511,2511,16,sd,A,3,15,it wouldn't pass inspection  /,it/PRP would/MD n't/RB pass/VB inspection/NN,,
sw10utt/sw_1079_2511.utt,2/sw2511,2511,17,sd,A,3,16,"[ {C and, } + {C and } ] {C so, } he priced around  /","and/CC ,/, and/CC so/RB ,/, he/PRP priced/VBD around/RB",,
sw10utt/sw_1079_2511.utt,2/sw2511,2511,18,sd,A,3,17,{C and } everyone wanted several  hundred dollars for it  /,and/CC everyone/NN wanted/VBD several/JJ hundred/CD dollars/NNS for/IN it/PRP,,
sw10utt/sw_1079_2511.utt,2/sw2511,2511,19,sd,A,3,18,"{C so, } he thought, {D well, } I can get one in a  junkyard <laughter>, for like fifty dollars, which he did  /","so/RB ,/, he/PRP thought/VBD ,/, well/UH ,/, I/PRP can/MD get/VB one/CD in/IN a/DT junkyard/NN ,/, for/IN like/IN fifty/CD dollars/NNS ,/, which/WDT he/PRP did/VBD",,
sw10utt/sw_1079_2511.utt,2/sw2511,2511,20,sd,A,3,19,"{C and then, } he did it  /","and/CC then/RB ,/, he/PRP did/VBD it/PRP",,
sw10utt/sw_1079_2511.utt,2/sw2511,2511,21,sd,A,3,20,"{C and, so, }  I guess, {F uh, } he's been pretty good about keeping our cars up,  /","and/CC ,/, so/RB ,/, I/PRP guess/VBP ,/, uh/UH ,/, he/PRP 's/HVS been/VBN pretty/RB good/JJ about/IN keeping/VBG our/PRP$ cars/NNS up/RP ,/,",,
sw10utt/sw_1079_2511.utt,2/sw2511,2511,22,qo,A,3,21,"[ what, + {F uh, } what's ]  your experience been like? /","what/WP ,/, uh/UH ,/, what/WP 's/HVS your/PRP$ experience/NN been/VBN like/IN ?/.",,
sw10utt/sw_1079_2511.utt,2/sw2511,2511,23,sd,B,4,1,"{D Well, } [ I, + {F uh, } I ]  have a long experience with cars.  /","Well/UH ,/, I/PRP ,/, uh/UH ,/, I/PRP have/VBP a/DT long/JJ experience/NN with/IN cars/NNS ./.",,
sw10utt/sw_1079_2511.utt,2/sw2511,2511,24,sd,B,4,2,"[ I, + {F uh, } when I ] was younger, {F uh, } my brother had a Corvette  /","I/PRP ,/, uh/UH ,/, when/WRB I/PRP was/VBD younger/JJR ,/, uh/UH ,/, my/PRP$ brother/NN had/VBD a/DT Corvette/NNP",,
sw10utt/sw_1079_2511.utt,2/sw2511,2511,25,sd,B,4,3,{C and } I bought a Corvette  /,and/CC I/PRP bought/VBD a/DT Corvette/NNP,,
sw10utt/sw_1079_2511.utt,2/sw2511,2511,26,sd,B,4,4,{C and } when you have a Corvette you more or less do all the work  /,and/CC when/WRB you/PRP have/VBP a/DT Corvette/NNP you/PRP more/RBR or/CC less/RBR do/VBP all/PDT the/DT work/NN,,
sw10utt/sw_1079_2511.utt,2/sw2511,2511,27,sd,B,4,5,"{C and }  I've done everything from build the motor from [ the, + {F uh, }  {D you know, } the ] bare block on up.  /","and/CC I/PRP 've/VBP done/VBN everything/NN from/IN build/VB the/DT motor/NN from/IN the/DT ,/, uh/UH ,/, you/PRP know/VBP ,/, the/DT bare/JJ block/NN on/IN up/IN ./.",,
sw10utt/sw_1079_2511.utt,2/sw2511,2511,28,sd,B,4,6,"{C And, } [ I, + I'm ] the same way as your husband is when it comes to my car,  I hate to go pay somebody good money, {D you know, }  /","And/CC ,/, I/PRP ,/, I/PRP 'm/VBP the/DT same/JJ way/NN as/IN your/PRP$ husband/NN is/VBZ when/WRB it/PRP comes/VBZ to/IN my/PRP$ car/NN ,/, I/PRP hate/VBP to/TO go/VB pay/NN somebody/NN good/JJ money/NN ,/, you/PRP know/VBP ,/,",,
sw10utt/sw_1079_2511.utt,2/sw2511,2511,29,sd,B,4,7,I hate to pay somebody twenty-five dollars on hour for something I can do myself. /,I/PRP hate/VBP to/TO pay/VB somebody/NN twenty-five/CD dollars/NNS on/IN hour/NN for/IN something/NN I/PRP can/MD do/VB myself/PRP ./.,,
sw10utt/sw_1079_2511.utt,2/sw2511,2511,30,b,A,5,1,Uh-huh. /,Uh-huh/UH ./.,,
sw10utt/sw_1079_2511.utt,2/sw2511,2511,31,sv,B,6,1,"It just, to me it makes absolutely no  economic sense to do that. /","It/PRP just/RB ,/, to/IN me/PRP it/PRP makes/VBZ absolutely/RB no/DT economic/JJ sense/NN to/TO do/VB that/DT ./.",,
sw10utt/sw_1079_2511.utt,2/sw2511,2511,32,b,A,7,1,Right. /,Right/UH ./.,,
sw10utt/sw_1079_2511.utt,2/sw2511,2511,33,sd,B,8,1,"In fact, I, {F um, } just this past weekend put  new plugs in both, {F uh, } my car an my wife's car. /","In/IN fact/NN ,/, I/PRP ,/, um/UH ,/, just/RB this/DT past/JJ weekend/NN put/VBD new/JJ plugs/NNS in/IN both/DT ,/, uh/UH ,/, my/PRP$ car/NN an/DT my/PRP$ wife/NN 's/POS car/NN ./.",,
sw10utt/sw_1079_2511.utt,2/sw2511,2511,34,b,A,9,1,Uh-huh. /,Uh-huh/UH ./.,,
sw10utt/sw_1079_2511.utt,2/sw2511,2511,35,sd,B,10,1,"{C And so, } [ I, + {F uh, } I ]  pretty much try to troubleshoot and do everything I can do myself  /","And/CC so/RB ,/, I/PRP ,/, uh/UH ,/, I/PRP pretty/RB much/RB try/VBP to/TO troubleshoot/VB and/CC do/VB everything/NN I/PRP can/MD do/VB myself/PRP",,
sw10utt/sw_1079_2511.utt,2/sw2511,2511,36,sd,B,10,2,"{C but } [ I've, + I've ]  gotten to the point in my life, {F um, } {D you know, }  {A I just crept over forty years old, } where I don't  want to crawl underneath the car anymore <laughter>. /","but/CC I/PRP 've/VBP ,/, I/PRP 've/VBP gotten/VBN to/IN the/DT point/NN in/IN my/PRP$ life/NN ,/, um/UH ,/, you/PRP know/VBP ,/, I/PRP just/RB crept/VBD over/IN forty/CD years/NNS old/JJ ,/, where/WRB I/PRP do/VBP n't/RB want/VB to/TO crawl/VB underneath/IN the/DT car/NN anymore/RB ./.",,
sw10utt/sw_1079_2511.utt,2/sw2511,2511,37,ba,A,11,1,That makes sense. /,That/DT makes/VBZ sense/NN ./.,,
sw10utt/sw_1079_2511.utt,2/sw2511,2511,38,sd,B,12,1,"{E I mean } [ it's, + ] {F um, } I don't know  whether [ I've, + I've ] just reached a point, {D you know, } - /","I/PRP mean/VBP it/PRP 's/BES ,/, um/UH ,/, I/PRP do/VBP n't/RB know/VB whether/IN I/PRP 've/VBP ,/, I/PRP 've/VBP just/RB reached/VBN a/DT point/NN ,/, you/PRP know/VBP ,/,",,
sw10utt/sw_1079_2511.utt,2/sw2511,2511,39,sd,B,12,2,"[ it's, + it's ] real rough in the winter time. /","it/PRP 's/BES ,/, it/PRP 's/BES real/RB rough/JJ in/IN the/DT winter/NN time/NN ./.",,
sw10utt/sw_1079_2511.utt,2/sw2511,2511,40,b,A,13,1,"{F Huh, } yes. /","Huh/UH ,/, yes/UH ./.",,
sw10utt/sw_1079_2511.utt,2/sw2511,2511,41,sd,B,14,1,"{C And, } {F uh, } {C so, } I try to make sure  that, {F uh, } by the time fall runs around, {A because we actually have winters here on the east coast, } {F um, }","And/CC ,/, uh/UH ,/, so/RB ,/, I/PRP try/VBP to/TO make/VB sure/RB that/IN ,/, uh/UH ,/, by/IN the/DT time/NN fall/NN runs/VBZ around/RB ,/, because/IN we/PRP actually/RB have/VBP winters/NNS here/RB on/IN the/DT east/JJ coast/NN ,/, um/UH ,/,",,
sw10utt/sw_1079_2511.utt,2/sw2511,2511,42,b,A,15,1,Right <laughter>. /,Right/UH ./.,,
sw10utt/sw_1079_2511.utt,2/sw2511,2511,43,+,B,16,1,"that, {F uh, } [ I have, + ] {D you know, }  the car's in pretty good shape enough to last through the winter  /","that/IN ,/, uh/UH ,/, I/PRP have/VBP ,/, you/PRP know/VBP ,/, the/DT car/NN 's/BES in/IN pretty/RB good/JJ shape/NN enough/JJ to/TO last/VB through/IN the/DT winter/NN",,
sw10utt/sw_1079_2511.utt,2/sw2511,2511,44,sd,B,16,2,"{C and, } {F uh, } {C then } springtime  I usually end up giving them, [ the, + {F uh, } a ] tune-up and make sure that they're  running well,  /","and/CC ,/, uh/UH ,/, then/RB springtime/NN I/PRP usually/RB end/VBP up/RP giving/VBG them/PRP ,/, the/DT ,/, uh/UH ,/, a/DT tune-up/NN and/CC make/VB sure/RB that/IN they/PRP 're/VBP running/VBG well/RB ,/,",,
sw10utt/sw_1079_2511.utt,2/sw2511,2511,45,sd,B,16,3,"{C and, } {F uh, } {D you know, } it's like I had the muffler go out [ on my, + on my ]  car, shortly before it was required to go, - /","and/CC ,/, uh/UH ,/, you/PRP know/VBP ,/, it/PRP 's/BES like/IN I/PRP had/VBD the/DT muffler/NN go/VB out/RP on/IN my/PRP$ ,/, on/IN my/PRP$ car/NN ,/, shortly/RB before/IN it/PRP was/VBD required/VBN to/TO go/VB ,/,",,
sw10utt/sw_1079_2511.utt,2/sw2511,2511,46,sd,B,16,4,"in Maryland they have, {F uh, } emission tests. /","in/IN Maryland/NNP they/PRP have/VBP ,/, uh/UH ,/, emission/NN tests/NNS ./.",,
sw10utt/sw_1079_2511.utt,2/sw2511,2511,47,b,A,17,1,Uh-huh. /,Uh-huh/UH ./.,,
sw10utt/sw_1079_2511.utt,2/sw2511,2511,48,sd,B,18,1,"{C And } you're required to get your car and go through  the emission test,  /","And/CC you/PRP 're/VBP required/VBN to/TO get/VB your/PRP$ car/NN and/CC go/VB through/IN the/DT emission/NN test/NN ,/,",,
sw10utt/sw_1079_2511.utt,2/sw2511,2511,49,sd,B,18,2,"{D well, } my muffler, of course, starting going bad right  before I was supposed to go to the emission test,  /","well/UH ,/, my/PRP$ muffler/NN ,/, of/IN course/NN ,/, starting/VBG going/VBG bad/JJ right/RB before/IN I/PRP was/VBD supposed/VBN to/TO go/VB to/IN the/DT emission/NN test/NN ,/,",,
sw10utt/sw_1079_2511.utt,2/sw2511,2511,50,sd,B,18,3,"{C so. } {D You know, }  I had to do that job,  /","so/RB ./. You/PRP know/VBP ,/, I/PRP had/VBD to/TO do/VB that/DT job/NN ,/,",,
sw10utt/sw_1079_2511.utt,2/sw2511,2511,51,sd,B,18,4,"{C and } of course, that was back in December when it's nice and cold outside <laughter>. /","and/CC of/IN course/NN ,/, that/DT was/VBD back/RB in/IN December/NNP when/WRB it/PRP 's/BES nice/JJ and/CC cold/JJ outside/RB ./.",,
sw10utt/sw_1079_2511.utt,2/sw2511,2511,52,b,A,19,1,"Yes,  /","Yes/UH ,/,",,
sw10utt/sw_1079_2511.utt,2/sw2511,2511,53,ba,A,19,2,I'm sure it was. /,I/PRP 'm/VBP sure/JJ it/PRP was/VBD ./.,,
sw10utt/sw_1079_2511.utt,2/sw2511,2511,54,sd,B,20,1,"{C But } the thing was that I could do the  job myself,  /","But/CC the/DT thing/NN was/VBD that/IN I/PRP could/MD do/VB the/DT job/NN myself/PRP ,/,",,
sw10utt/sw_1079_2511.utt,2/sw2511,2511,55,sd,B,20,2,"{E I mean, } the parts cost me, {F oh, } roughly a hundred dollars. /","I/PRP mean/VBP ,/, the/DT parts/NNS cost/VBP me/PRP ,/, oh/UH ,/, roughly/RB a/DT hundred/CD dollars/NNS ./.",,
sw10utt/sw_1079_2511.utt,2/sw2511,2511,56,b,A,21,1,Uh-huh. /,Uh-huh/UH ./.,,
sw10utt/sw_1079_2511.utt,2/sw2511,2511,57,sd,B,22,1,"{F Um, } if I'd taken it someplace and have it done it  was going to be three hundred twenty-five. /","Um/UH ,/, if/IN I/PRP 'd/VBD taken/VBN it/PRP someplace/RB and/CC have/VBP it/PRP done/VBN it/PRP was/VBD going/VBG to/TO be/VB three/CD hundred/CD twenty-five/CD ./.",,
sw10utt/sw_1079_2511.utt,2/sw2511,2511,58,b,A,23,1,Right. /,Right/UH ./.,,
sw10utt/sw_1079_2511.utt,2/sw2511,2511,59,qh,B,24,1,"(( {D Now } ))   (( {D like } ))   who's got that extra two and a quarter <laughter>,  /","Now/RB like/UH who/WP 's/HVS got/VBN that/DT extra/JJ two/CD and/CC a/DT quarter/NN ,/,",,
sw10utt/sw_1079_2511.utt,2/sw2511,2511,60,sd,B,24,2,I know I don't. /,I/PRP know/VBP I/PRP do/VBP n't/RB ./.,,
sw10utt/sw_1079_2511.utt,2/sw2511,2511,61,b,A,25,1,Yeah.  /,Yeah/UH ./.,,
sw10utt/sw_1079_2511.utt,2/sw2511,2511,62,sd,A,25,2,"{D Well, } that's exactly the way  he feels is that, he really hates to spend the time,  /","Well/UH ,/, that/DT 's/BES exactly/RB the/DT way/NN he/PRP feels/VBZ is/VBZ that/IN ,/, he/PRP really/RB hates/VBZ to/TO spend/VB the/DT time/NN ,/,",,
sw10utt/sw_1079_2511.utt,2/sw2511,2511,63,sd,A,25,3,it takes a lot of time  /,it/PRP takes/VBZ a/DT lot/NN of/IN time/NN,,
sw10utt/sw_1079_2511.utt,2/sw2511,2511,64,sd,A,25,4,"[ if he, + if he ]  thinks it's going to be two hours, it's four if, {D you know, } whatever,  it always takes him twice as long.  /","if/IN he/PRP ,/, if/IN he/PRP thinks/VBZ it/PRP 's/BES going/VBG to/TO be/VB two/CD hours/NNS ,/, it/PRP 's/BES four/CD if/IN ,/, you/PRP know/VBP ,/, whatever/WDT ,/, it/PRP always/RB takes/VBZ him/PRP twice/RB as/IN long/JJ ./.",,
sw10utt/sw_1079_2511.utt,2/sw2511,2511,65,sd,A,25,5,"{C But } then when he's finished [ he's, + he ]  always says, {D well, } now you owe me three hundred dollars <laughter>.  /","But/CC then/RB when/WRB he/PRP 's/BES finished/JJ he/PRP 's/BES ,/, he/PRP always/RB says/VBZ ,/, well/UH ,/, now/RB you/PRP owe/VBP me/PRP three/CD hundred/CD dollars/NNS ./.",,
sw10utt/sw_1079_2511.utt,2/sw2511,2511,66,sd,A,25,6,"{C And then } he thinks  that he has the money [ that, + that ] he can spend on something  /","And/CC then/RB he/PRP thinks/VBZ that/IN he/PRP has/VBZ the/DT money/NN that/WDT ,/, that/WDT he/PRP can/MD spend/VB on/IN something/NN",,
sw10utt/sw_1079_2511.utt,2/sw2511,2511,67,sd,A,25,7,{C and } he hasn't given it to someone else. /,and/CC he/PRP has/VBZ n't/RB given/VBN it/PRP to/IN someone/NN else/RB ./.,,
sw10utt/sw_1079_2511.utt,2/sw2511,2511,68,b,B,26,1,Yeah. /,Yeah/UH ./.,,
sw10utt/sw_1079_2511.utt,2/sw2511,2511,69,sd,A,27,1,"{C So, } he gets some satisfaction out of  that although, generally I think [ he, + he ] does not look forward to or anticipate,  /","So/RB ,/, he/PRP gets/VBZ some/DT satisfaction/NN out/IN of/IN that/DT although/IN ,/, generally/RB I/PRP think/VBP he/PRP ,/, he/PRP does/VBZ not/RB look/VB forward/RB to/IN or/CC anticipate/VB ,/,",,
sw10utt/sw_1079_2511.utt,2/sw2511,2511,70,sd,A,27,2,there's some people that enjoy tinkering around on cars.  /,there/EX 's/BES some/DT people/NNS that/WDT enjoy/VBP tinkering/VBG around/RP on/IN cars/NNS ./.,,
sw10utt/sw_1079_2511.utt,2/sw2511,2511,71,sd,A,27,3,There's a lot of people  /,There/EX 's/BES a/DT lot/NN of/IN people/NNS,,
sw10utt/sw_1079_2511.utt,2/sw2511,2511,72,sd,A,27,4,{C and } he just isn't one of them. /,and/CC he/PRP just/RB is/VBZ n't/RB one/CD of/IN them/PRP ./.,,
sw10utt/sw_1079_2511.utt,2/sw2511,2511,73,b,B,28,1,Yeah.  /,Yeah/UH ./.,,
sw10utt/sw_1079_2511.utt,2/sw2511,2511,74,sd,B,28,2,"[ I, + {F uh, } I ] don't mind it,  /","I/PRP ,/, uh/UH ,/, I/PRP do/VBP n't/RB mind/VB it/PRP ,/,",,
sw10utt/sw_1079_2511.utt,2/sw2511,2511,75,sd,B,28,3,"{F um, } there was a time when I had my Corvette,  /","um/UH ,/, there/EX was/VBD a/DT time/NN when/WRB I/PRP had/VBD my/PRP$ Corvette/NNP ,/,",,
sw10utt/sw_1079_2511.utt,2/sw2511,2511,76,sd,B,28,4,"{E I mean, } of course, I loved it, {F um, }  /","I/PRP mean/VBP ,/, of/IN course/NN ,/, I/PRP loved/VBD it/PRP ,/, um/UH ,/,",,
sw10utt/sw_1079_2511.utt,2/sw2511,2511,77,%,B,28,5,"{C but } if, {D you know, } - /","but/CC if/IN ,/, you/PRP know/VBP ,/,",,
sw10utt/sw_1079_2511.utt,2/sw2511,2511,78,sd,B,28,6,I've got other interests now  /,I/PRP 've/VBP got/VBN other/JJ interests/NNS now/RB,,
sw10utt/sw_1079_2511.utt,2/sw2511,2511,79,sd,B,28,7,"{C and } there's a  lot, [ lo-, + ]  other more important things I think I should be doing with my time.  /","and/CC there/EX 's/BES a/DT lot/NN ,/, lo-/NN ,/, other/JJ more/RBR important/JJ things/NNS I/PRP think/VBP I/PRP should/MD be/VB doing/VBG with/IN my/PRP$ time/NN ./.",,
sw10utt/sw_1079_2511.utt,2/sw2511,2511,80,sd,B,28,8,"{C And } I have the same problem,  /","And/CC I/PRP have/VBP the/DT same/JJ problem/NN ,/,",,
sw10utt/sw_1079_2511.utt,2/sw2511,2511,81,ad,B,28,9,"{E I mean, } you can tell him from me  /","I/PRP mean/VBP ,/, you/PRP can/MD tell/VB him/PRP from/IN me/PRP",,
sw10utt/sw_1079_2511.utt,2/sw2511,2511,82,sd,B,28,10,"{C but } it doesn't matter,  /","but/CC it/PRP does/VBZ n't/RB matter/VB ,/,",,
sw10utt/sw_1079_2511.utt,2/sw2511,2511,83,sd,B,28,11,"{E I mean, } [ I've, + I've ]  had greasy fingernails for years <laughter>.  /","I/PRP mean/VBP ,/, I/PRP 've/VBP ,/, I/PRP 've/VBP had/VBN greasy/JJ fingernails/NNS for/IN years/NNS ./.",,
sw10utt/sw_1079_2511.utt,2/sw2511,2511,84,sd,B,28,12,"{C And } it still takes me twice as  long as I think it's going to take to do the job, /","And/CC it/PRP still/RB takes/VBZ me/PRP twice/RB as/RB long/RB as/IN I/PRP think/VBP it/PRP 's/BES going/VBG to/TO take/VB to/TO do/VB the/DT job/NN ,/,",,
sw10utt/sw_1079_2511.utt,2/sw2511,2511,85,b,A,29,1,Yeah. /,Yeah/UH ./.,,
sw10utt/sw_1079_2511.utt,2/sw2511,2511,86,sd,B,30,1,"{C so, } {C but, } [ th-, + ]  I think the difference is that, {F uh, } when you own the car you take more care in what you're doing, /","so/RB ,/, but/CC ,/, th-/XX ,/, I/PRP think/VBP the/DT difference/NN is/VBZ that/IN ,/, uh/UH ,/, when/WRB you/PRP own/VBP the/DT car/NN you/PRP take/VBP more/JJR care/NN in/IN what/WP you/PRP 're/VBP doing/VBG ,/,",,
sw10utt/sw_1079_2511.utt,2/sw2511,2511,87,b,A,31,1,Uh-huh. /,Uh-huh/UH ./.,,
sw10utt/sw_1079_2511.utt,2/sw2511,2511,88,sd,B,32,1,"{C and } you want to make sure that  it's done right and put back together right,  /","and/CC you/PRP want/VBP to/TO make/VB sure/JJ that/IN it/PRP 's/BES done/VBN right/RB and/CC put/VBN back/RB together/RB right/RB ,/,",,
sw10utt/sw_1079_2511.utt,2/sw2511,2511,89,sd,B,32,2,"{C and, } {D you know, } [ I've, + I've ]  in the past I've had brake jobs done by someone that when I went back and looked at it some months  later I'd find something drastically wrong with it,","and/CC ,/, you/PRP know/VBP ,/, I/PRP 've/VBP ,/, I/PRP 've/VBP in/IN the/DT past/NN I/PRP 've/VBP had/VBN brake/NN jobs/NNS done/VBN by/IN someone/NN that/IN when/WRB I/PRP went/VBD back/RB and/CC looked/VBD at/IN it/PRP some/DT months/NNS later/RB I/PRP 'd/MD find/VB something/NN drastically/RB wrong/JJ with/IN it/PRP ,/,",,
sw10utt/sw_1079_2511.utt,2/sw2511,2511,90,b,A,33,1,Right. /,Right/UH ./.,,
sw10utt/sw_1079_2511.utt,2/sw2511,2511,91,+,B,34,1,"{D you know, } like a spring that was put in  incorrectly which could have resulted in brakes failing and me having an accident.","you/PRP know/VBP ,/, like/IN a/DT spring/NN that/WDT was/VBD put/VBN in/RB incorrectly/RB which/WDT could/MD have/VB resulted/VBN in/IN brakes/NNS failing/VBG and/CC me/PRP having/VBG an/DT accident/NN ./.",,
sw10utt/sw_1079_2511.utt,2/sw2511,2511,92,b,A,35,1,Right. /,Right/UH ./.,,
sw10utt/sw_1079_2511.utt,2/sw2511,2511,93,+,B,36,1,"{D You know, } those kind of things,  /","You/PRP know/VBP ,/, those/DT kind/NN of/IN things/NNS ,/,",,
sw10utt/sw_1079_2511.utt,2/sw2511,2511,94,sd,B,36,2,"{C and } when you  have a vehicle that's being used by, {D you know, } other members of your family, {D you know, }  you don't want that kind of a situation to come up. /","and/CC when/WRB you/PRP have/VBP a/DT vehicle/NN that/WDT 's/BES being/VBG used/VBN by/IN ,/, you/PRP know/VBP ,/, other/JJ members/NNS of/IN your/PRP$ family/NN ,/, you/PRP know/VBP ,/, you/PRP do/VBP n't/RB want/VB that/DT kind/NN of/IN a/DT situation/NN to/TO come/VB up/RP ./.",,
sw10utt/sw_1079_2511.utt,2/sw2511,2511,95,b,A,37,1,No. /,No/UH ./.,,
sw10utt/sw_1079_2511.utt,2/sw2511,2511,96,sv,B,38,1,"{C And } it's very, very difficult to find a  mechanic these days that you can trust.  /","And/CC it/PRP 's/BES very/RB ,/, very/RB difficult/JJ to/TO find/VB a/DT mechanic/NN these/DT days/NNS that/WDT you/PRP can/MD trust/VB ./.",,
sw10utt/sw_1079_2511.utt,2/sw2511,2511,97,sd,B,38,2,I only have one guy that I know  that I trust to work on my car. /,I/PRP only/RB have/VBP one/CD guy/NN that/WDT I/PRP know/VBP that/WDT I/PRP trust/VBP to/TO work/VB on/IN my/PRP$ car/NN ./.,,
sw10utt/sw_1079_2511.utt,2/sw2511,2511,98,b,A,39,1,Uh-huh. /,Uh-huh/UH ./.,,
sw10utt/sw_1079_2511.utt,2/sw2511,2511,99,sd,B,40,1,"{C And, } {F uh, } he's about sixty miles from here.  /","And/CC ,/, uh/UH ,/, he/PRP 's/BES about/RB sixty/CD miles/NNS from/IN here/RB ./.",,
sw10utt/sw_1079_2511.utt,2/sw2511,2511,100,%,B,40,2,"{C And so, } it, - /","And/CC so/RB ,/, it/PRP ,/,",,
sw10utt/sw_1079_2511.utt,2/sw2511,2511,101,sd,B,40,3,"{C and } if I have something that's really major that I can't handle or feel  I don't have the time to handle, I'll take it to him to do it. /","and/CC if/IN I/PRP have/VBP something/NN that/WDT 's/BES really/RB major/JJ that/WDT I/PRP ca/MD n't/RB handle/VB or/CC feel/VB I/PRP do/VBP n't/RB have/VB the/DT time/NN to/TO handle/VB ,/, I/PRP 'll/MD take/VB it/PRP to/IN him/PRP to/TO do/VB it/PRP ./.",,
sw10utt/sw_1079_2511.utt,2/sw2511,2511,102,b,A,41,1,"Right,  /","Right/UH ,/,",,
sw10utt/sw_1079_2511.utt,2/sw2511,2511,103,sd,A,41,2,"you know, that  (( it's, {F uh } )) ,  really has a bad reputation is to feel [ that, + that ] people in general feel and [ have, + have ]  rightly so, I think been cheated many times, /","you/PRP know/VBP ,/, that/IN it/PRP 's/BES ,/, uh/UH ,/, really/RB has/VBZ a/DT bad/JJ reputation/NN is/VBZ to/TO feel/VB that/IN ,/, that/IN people/NNS in/IN general/JJ feel/VBP and/CC have/VBP ,/, have/VBP rightly/RB so/RB ,/, I/PRP think/VBP been/VBN cheated/VBN many/JJ times/NNS ,/,",,
sw10utt/sw_1079_2511.utt,2/sw2511,2511,104,b@,B,42,1,(( Uh-huh  /,Uh-huh/UH,,
sw10utt/sw_1079_2511.utt,2/sw2511,2511,105,b@,B,42,2,))  Yes. /,Yes/UH ./.,,
sw10utt/sw_1079_2511.utt,2/sw2511,2511,106,sd,A,43,1,"[ {C and, } + {F um, } {C and } ] {D well, } I know  once when we had a, - /","and/CC ,/, um/UH ,/, and/CC well/UH ,/, I/PRP know/VBP once/RB when/WRB we/PRP had/VBD a/DT ,/,",,
sw10utt/sw_1079_2511.utt,2/sw2511,2511,107,sd,A,43,2,we usually  ((   ))  inspection time we find out there's something wrong with our car - /,we/PRP usually/RB MUMBLEx/XX inspection/NN time/NN we/PRP find/VBP out/RP there/EX 's/BES something/NN wrong/JJ with/IN our/PRP$ car/NN,,
sw10utt/sw_1079_2511.utt,2/sw2511,2511,108,sd,A,43,3,"{C but, } {F um, } once the muffler needed to be changed  /","but/CC ,/, um/UH ,/, once/RB the/DT muffler/NN needed/VBD to/TO be/VB changed/VBN",,
sw10utt/sw_1079_2511.utt,2/sw2511,2511,109,sd,A,43,4,"{C and, } {F uh, }  he had looked at him himself  /","and/CC ,/, uh/UH ,/, he/PRP had/VBD looked/VBN at/IN him/PRP himself/PRP",,
sw10utt/sw_1079_2511.utt,2/sw2511,2511,110,sd,A,43,5,"{C and, } {C but } we saw a commercial for {D like } fourteen or  twenty dollars or something for a change  /","and/CC ,/, but/CC we/PRP saw/VBD a/DT commercial/NN for/IN like/IN fourteen/CD or/CC twenty/CD dollars/NNS or/CC something/NN for/IN a/DT change/NN",,
sw10utt/sw_1079_2511.utt,2/sw2511,2511,111,sd(^q),A,43,6,"he said, that's really, really good  /","he/PRP said/VBD ,/, that/DT 's/BES really/RB ,/, really/RB good/JJ",,
sw10utt/sw_1079_2511.utt,2/sw2511,2511,112,sd,A,43,7,"{C so, }  he went in  /","so/RB ,/, he/PRP went/VBD in/RB",,
sw10utt/sw_1079_2511.utt,2/sw2511,2511,113,sd,A,43,8,"{C and, } {F uh, } {C but } when they quoted him a price they really wanted fifty or something.  /","and/CC ,/, uh/UH ,/, but/CC when/WRB they/PRP quoted/VBD him/PRP a/DT price/NN they/PRP really/RB wanted/VBD fifty/CD or/CC something/NN ./.",,
sw10utt/sw_1079_2511.utt,2/sw2511,2511,114,sd,A,43,9,"{D Anyway, } {C but } the car that the muffler people had, {F um, } [ my, + at least my ]  husband felt that they had damaged the muffler further, {D you know, }  /","Anyway/RB ,/, but/CC the/DT car/NN that/WDT the/DT muffler/NN people/NNS had/VBD ,/, um/UH ,/, my/PRP$ ,/, at/IN least/JJS my/PRP$ husband/NN felt/VBD that/IN they/PRP had/VBD damaged/VBN the/DT muffler/NN further/RBR ,/, you/PRP know/VBP ,/,",,
sw10utt/sw_1079_2511.utt,2/sw2511,2511,115,sd,A,43,10,"they had punctured a big hole in it when it really could have just been patched or whatever, /","they/PRP had/VBD punctured/VBN a/DT big/JJ hole/NN in/IN it/PRP when/WRB it/PRP really/RB could/MD have/VB just/RB been/VBN patched/VBN or/CC whatever/WDT ,/,",,
sw10utt/sw_1079_2511.utt,2/sw2511,2511,116,b,B,44,1,Uh-huh. /,Uh-huh/UH ./.,,
sw10utt/sw_1079_2511.utt,2/sw2511,2511,117,sd,A,45,1,"{C and so, } since then, I don't think he's ever  even seriously considered [ a, + {D you know, } any ] kind of job he thought he could do himself.  /","and/CC so/RB ,/, since/IN then/RB ,/, I/PRP do/VBP n't/RB think/VB he/PRP 's/HVS ever/RB even/RB seriously/RB considered/VBN a/DT ,/, you/PRP know/VBP ,/, any/DT kind/NN of/IN job/NN he/PRP thought/VBD he/PRP could/MD do/VB himself/PRP ./.",,
sw10utt/sw_1079_2511.utt,2/sw2511,2511,118,sd,A,45,2,"{C But, } I know from his childhood, he says that his father always  buys and restores cars just as entertainment, I guess.  /","But/CC ,/, I/PRP know/VBP from/IN his/PRP$ childhood/NN ,/, he/PRP says/VBZ that/IN his/PRP$ father/NN always/RB buys/VBZ and/CC restores/VBZ cars/NNS just/RB as/IN entertainment/NN ,/, I/PRP guess/VBP ./.",,
sw10utt/sw_1079_2511.utt,2/sw2511,2511,119,sd,A,45,3,"{C And, } {F um, } {C so, }  Kelly growing up, [ he, + he ] felt like [ that, + that ] was a good way on Saturday's that he  developed a good relationship with his father. /","And/CC ,/, um/UH ,/, so/RB ,/, Kelly/NNP growing/VBG up/RP ,/, he/PRP ,/, he/PRP felt/VBD like/IN that/DT ,/, that/DT was/VBD a/DT good/JJ way/NN on/IN Saturdays/NNPS that/WDT he/PRP developed/VBD a/DT good/JJ relationship/NN with/IN his/PRP$ father/NN ./.",,
sw10utt/sw_1079_2511.utt,2/sw2511,2511,120,b,B,46,1,Uh-huh. /,Uh-huh/UH ./.,,
sw10utt/sw_1079_2511.utt,2/sw2511,2511,121,sd,A,47,1,"{C And so, } [ he used, + they used ]  car repairs kind of as a way to have [ a, + ] {D you know, }  something that they did together, /","And/CC so/RB ,/, he/PRP used/VBD ,/, they/PRP used/VBD car/NN repairs/NNS kind/RB of/RB as/IN a/DT way/NN to/TO have/VB a/DT ,/, you/PRP know/VBP ,/, something/NN that/WDT they/PRP did/VBD together/RB ,/,",,
sw10utt/sw_1079_2511.utt,2/sw2511,2511,122,b,B,48,1,Uh-huh.  /,Uh-huh/UH ./.,,
sw10utt/sw_1079_2511.utt,2/sw2511,2511,123,b,B,48,2,Yeah. /,Yeah/UH ./.,,
sw10utt/sw_1079_2511.utt,2/sw2511,2511,124,sd,A,49,1,"{C and } he thought that turned out pretty  good because [ it, + {D you know, } it ] helped him to understand and be functional now,  /","and/CC he/PRP thought/VBD that/DT turned/VBD out/RP pretty/RB good/RB because/IN it/PRP ,/, you/PRP know/VBP ,/, it/PRP helped/VBD him/PRP to/TO understand/VB and/CC be/VB functional/JJ now/RB ,/,",,
sw10utt/sw_1079_2511.utt,2/sw2511,2511,125,sd,A,49,2,"{C and }  it helped him to have a close relationship,  /","and/CC it/PRP helped/VBD him/PRP to/TO have/VB a/DT close/JJ relationship/NN ,/,",,
sw10utt/sw_1079_2511.utt,2/sw2511,2511,126,sd,A,49,3,"{C so, } that's [ one, + one ]  way he looked at it. /","so/RB ,/, that/DT 's/BES one/CD ,/, one/CD way/NN he/PRP looked/VBD at/IN it/PRP ./.",,
sw10utt/sw_1079_2511.utt,2/sw2511,2511,127,b,B,50,1,Yeah.  /,Yeah/UH ./.,,
sw10utt/sw_1079_2511.utt,2/sw2511,2511,128,sd,B,50,2,"that's probably, {F uh, } {F uh, }  something that, {F uh, } [ [ is, + is ] + {D you know, } is ] good for both of them.  /","that/DT 's/BES probably/RB ,/, uh/UH ,/, uh/UH ,/, something/NN that/WDT ,/, uh/UH ,/, is/VBZ ,/, is/VBZ you/PRP know/VBP ,/, is/VBZ good/JJ for/IN both/DT of/IN them/PRP ./.",,
sw10utt/sw_1079_2511.utt,2/sw2511,2511,129,sd,B,50,3,"I know that, {F uh, } my older  son I could never get him interested in cars  /","I/PRP know/VBP that/IN ,/, uh/UH ,/, my/PRP$ older/JJR son/NN I/PRP could/MD never/RB get/VB him/PRP interested/JJ in/IN cars/NNS",,
sw10utt/sw_1079_2511.utt,2/sw2511,2511,130,sd,B,50,4,"{C and } I couldn't, {D you know, } - /","and/CC I/PRP could/MD n't/RB ,/, you/PRP know/VBP ,/,",,
sw10utt/sw_1079_2511.utt,2/sw2511,2511,131,sd,B,50,5,"I just like, {D you know, } - /","I/PRP just/RB like/VBP ,/, you/PRP know/VBP ,/,",,
sw10utt/sw_1079_2511.utt,2/sw2511,2511,132,^q,B,50,6,"you sure you're a boy,  /","you/PRP sure/JJ you/PRP 're/VBP a/DT boy/NN ,/,",,
sw10utt/sw_1079_2511.utt,2/sw2511,2511,133,^q,B,50,7,"{E I mean, } your not interested in cars, /","I/PRP mean/VBP ,/, your/PRP$ not/RB interested/JJ in/IN cars/NNS ,/,",,
sw10utt/sw_1079_2511.utt,2/sw2511,2511,134,b,A,51,1,Uh-huh. /,Uh-huh/UH ./.,,
sw10utt/sw_1079_2511.utt,2/sw2511,2511,135,sd,B,52,1,"{E I mean } [ he, + he ] just would not have  anything to do with them.   /","I/PRP mean/VBP he/PRP ,/, he/PRP just/RB would/MD not/RB have/VB anything/NN to/TO do/VB with/IN them/PRP ./.",,
sw10utt/sw_1079_2511.utt,2/sw2511,2511,136,sd,B,52,2,"{C And, } {F uh, } later on and like when he, {D you know, } grew up,  got out of the house, got his own car, {F um, } he didn't know how to do anything to it.    {E I mean, } absolutely nothing.  /","And/CC ,/, uh/UH ,/, later/RB on/RP and/CC like/UH when/WRB he/PRP ,/, you/PRP know/VBP ,/, grew/VBD up/RP ,/, got/VBD out/IN of/IN the/DT house/NN ,/, got/VBD his/PRP$ own/JJ car/NN ,/, um/UH ,/, he/PRP did/VBD n't/RB know/VB how/WRB to/TO do/VB anything/NN to/IN it/PRP ./. I/PRP mean/VBP ,/, absolutely/RB nothing/NN ./.",,
sw10utt/sw_1079_2511.utt,2/sw2511,2511,137,sd,B,52,3,"{E I mean, } he couldn't even check the oil.  /","I/PRP mean/VBP ,/, he/PRP could/MD n't/RB even/RB check/VB the/DT oil/NN ./.",,
sw10utt/sw_1079_2511.utt,2/sw2511,2511,138,sd,B,52,4,"{E I mean, } [ that's, + that's ] how uninformed he was and disinterested. /","I/PRP mean/VBP ,/, that/DT 's/BES ,/, that/DT 's/BES how/WRB uninformed/JJ he/PRP was/VBD and/CC disinterested/JJ ./.",,
sw10utt/sw_1079_2511.utt,2/sw2511,2511,139,b,A,53,1,Uh-huh. /,Uh-huh/UH ./.,,
sw10utt/sw_1079_2511.utt,2/sw2511,2511,140,sd,B,54,1,"{C And, } I guess there are some people  out there like that, {F um, } {D you know, }  /","And/CC ,/, I/PRP guess/VBP there/EX are/VBP some/DT people/NNS out/IN there/RB like/IN that/DT ,/, um/UH ,/, you/PRP know/VBP ,/,",,
sw10utt/sw_1079_2511.utt,2/sw2511,2511,141,sd,B,54,2,"I always thought maybe, {D you know, } if he took more  of an interest and, {D you know, } what I was doing  /","I/PRP always/RB thought/VBD maybe/RB ,/, you/PRP know/VBP ,/, if/IN he/PRP took/VBD more/JJR of/IN an/DT interest/NN and/CC ,/, you/PRP know/VBP ,/, what/WP I/PRP was/VBD doing/VBG",,
sw10utt/sw_1079_2511.utt,2/sw2511,2511,142,sd,B,54,3,{C and } maybe we could have communicated better. /,and/CC maybe/RB we/PRP could/MD have/VB communicated/VBN better/JJR ./.,,
sw10utt/sw_1079_2511.utt,2/sw2511,2511,143,b,A,55,1,Uh-huh. /,Uh-huh/UH ./.,,
sw10utt/sw_1079_2511.utt,2/sw2511,2511,144,b,B,56,1,"{C But, } {F uh, } yeah,  /","But/CC ,/, uh/UH ,/, yeah/UH ,/,",,
sw10utt/sw_1079_2511.utt,2/sw2511,2511,145,ba,B,56,2,"[ I, + I ] think that's great. /","I/PRP ,/, I/PRP think/VBP that/DT 's/BES great/JJ ./.",,
sw10utt/sw_1079_2511.utt,2/sw2511,2511,146,b,A,57,1,"<Whispering> Yeah,  /","Yeah/UH ,/,",,
sw10utt/sw_1079_2511.utt,2/sw2511,2511,147,sd,A,57,2,it didn't always work.  /,it/PRP did/VBD n't/RB always/RB work/VB ./.,,
sw10utt/sw_1079_2511.utt,2/sw2511,2511,148,sd,A,57,3,"{D Well, } [ I felt, + {F um, } I feel ] like I could myself, do some things but, that I have enough  responsibility that if I have someone like my father when I was living at  home, and my husband, that's willing to do it, I go ahead and let them do it.  /","Well/UH ,/, I/PRP felt/VBD ,/, um/UH ,/, I/PRP feel/VBP like/IN I/PRP could/MD myself/PRP ,/, do/VB some/DT things/NNS but/CC ,/, that/IN I/PRP have/VBP enough/JJ responsibility/NN that/IN if/IN I/PRP have/VBP someone/NN like/IN my/PRP$ father/NN when/WRB I/PRP was/VBD living/VBG at/IN home/NN ,/, and/CC my/PRP$ husband/NN ,/, that/WDT 's/BES willing/JJ to/TO do/VB it/PRP ,/, I/PRP go/VBP ahead/RB and/CC let/VB them/PRP do/VB it/PRP ./.",,
sw10utt/sw_1079_2511.utt,2/sw2511,2511,149,sd,A,57,4,"I don't feel the need to, {F um, } {D you know, } be a feminist on that issue and  say I can take care of my own things.  /","I/PRP do/VBP n't/RB feel/VB the/DT need/NN to/TO ,/, um/UH ,/, you/PRP know/VBP ,/, be/VB a/DT feminist/NN on/IN that/DT issue/NN and/CC say/VB I/PRP can/MD take/VB care/NN of/IN my/PRP$ own/JJ things/NNS ./.",,
sw10utt/sw_1079_2511.utt,2/sw2511,2511,150,sd,A,57,5,"[ I'm, + I'm ] happy to let them [ ru-, + run ]  the cars because I have so, many other responsibilities [ that, + ] {F um, }  /","I/PRP 'm/VBP ,/, I/PRP 'm/VBP happy/JJ to/TO let/VB them/PRP ru/VB ,/, run/VB the/DT cars/NNS because/IN I/PRP have/VBP so/RB ,/, many/JJ other/JJ responsibilities/NNS that/WDT ,/, um/UH ,/,",,
sw10utt/sw_1079_2511.utt,2/sw2511,2511,151,sd,A,57,6,"{C so, }  I haven't tried to do a lot myself. /","so/RB ,/, I/PRP have/VBP n't/RB tried/VBN to/TO do/VB a/DT lot/NN myself/PRP ./.",,
sw10utt/sw_1079_2511.utt,2/sw2511,2511,152,sd,B,58,1,"{F Uh, } I trained [ my, + {F uh, } my ]  wife in the hou-, [ in, + in ] doing things,  /","Uh/UH ,/, I/PRP trained/VBD my/PRP$ ,/, uh/UH ,/, my/PRP$ wife/NN in/IN the/DT hou-/NN ,/, in/IN ,/, in/IN doing/VBG things/NNS ,/,",,
sw10utt/sw_1079_2511.utt,2/sw2511,2511,153,sd,B,58,2,"in fact, {F uh, } when I, {F uh, } first transferred down  to, {F uh, } Texas Instruments back in nineteen eighty-seven,","in/IN fact/NN ,/, uh/UH ,/, when/WRB I/PRP ,/, uh/UH ,/, first/RB transferred/VBD down/IN to/IN ,/, uh/UH ,/, Texas/NNP Instruments/NNPS back/RB in/IN nineteen/CD eighty-seven/CD ,/,",,
sw10utt/sw_1079_2511.utt,2/sw2511,2511,154,b,A,59,1,Uh-huh. /,Uh-huh/UH ./.,,
sw10utt/sw_1079_2511.utt,2/sw2511,2511,155,+,B,60,1,"{F um, } {F uh, } when I left here, {F uh, }  she had to change a set of plugs on the car <laughter>,","um/UH ,/, uh/UH ,/, when/WRB I/PRP left/VBD here/RB ,/, uh/UH ,/, she/PRP had/VBD to/TO change/VB a/DT set/NN of/IN plugs/NNS on/IN the/DT car/NN ,/,",,
sw10utt/sw_1079_2511.utt,2/sw2511,2511,156,b,A,61,1,Uh-huh. /,Uh-huh/UH ./.,,
sw10utt/sw_1079_2511.utt,2/sw2511,2511,157,+,B,62,1,"because she was up here for a month or so,  after I was  /","because/IN she/PRP was/VBD up/IN here/RB for/IN a/DT month/NN or/CC so/RB ,/, after/IN I/PRP was/VBD",,
sw10utt/sw_1079_2511.utt,2/sw2511,2511,158,sd,B,62,2,"{C and, } {F uh, } it was an interesting experience for her.  /","and/CC ,/, uh/UH ,/, it/PRP was/VBD an/DT interesting/JJ experience/NN for/IN her/PRP$ ./.",,
sw10utt/sw_1079_2511.utt,2/sw2511,2511,159,sd,B,62,3,"{E I mean, }  she'd always assisted me and done some other things  /","I/PRP mean/VBP ,/, she/PRP 'd/VBD always/RB assisted/VBN me/PRP and/CC done/VBD some/DT other/JJ things/NNS",,
sw10utt/sw_1079_2511.utt,2/sw2511,2511,160,sd,B,62,4,"{C but } for her to actually  get in there and do it herself [ it was, + {F uh, } it was ] something, [ t-, + ] a little different. /","but/CC for/IN her/PRP$ to/TO actually/RB get/VB in/IN there/RB and/CC do/VB it/PRP herself/PRP it/PRP was/VBD ,/, uh/UH ,/, it/PRP was/VBD something/NN ,/, t-/XX ,/, a/DT little/JJ different/JJ ./.",,
sw10utt/sw_1079_2511.utt,2/sw2511,2511,161,ba,A,63,1,"It's a good experience,  /","It/PRP 's/BES a/DT good/JJ experience/NN ,/,",,
sw10utt/sw_1079_2511.utt,2/sw2511,2511,162,sv(^q),A,63,2,"it helps you feel,  I think comfortable with your car and feel like, it's not so, scary if, {F um, }  your driving it and you might get stranded somewhere that you might, [ you + ] think, {D well, }  [ I've, + I've ] been under that hood  /","it/PRP helps/VBZ you/PRP feel/VBP ,/, I/PRP think/VBP comfortable/JJ with/IN your/PRP$ car/NN and/CC feel/VB like/IN ,/, it/PRP 's/BES not/RB so/RB ,/, scary/JJ if/IN ,/, um/UH ,/, your/PRP$ driving/NN it/PRP and/CC you/PRP might/MD get/VB stranded/VBN somewhere/RB that/IN you/PRP might/MD ,/, you/PRP think/VB ,/, well/UH ,/, I/PRP 've/VBP ,/, I/PRP 've/VBP been/VBN under/IN that/DT hood/NN",,
sw10utt/sw_1079_2511.utt,2/sw2511,2511,163,^q,A,63,3,{C and } I know what's going on  /,and/CC I/PRP know/VBP what/WP 's/BES going/VBG on/RP,,
sw10utt/sw_1079_2511.utt,2/sw2511,2511,164,%,A,63,4,"{C but, } -/","but/CC ,/,",,
sw10utt/sw_1079_2511.utt,2/sw2511,2511,165,b,B,64,1,"Yeah,  /","Yeah/UH ,/,",,
sw10utt/sw_1079_2511.utt,2/sw2511,2511,166,b^r,B,64,2,"yeah,  /","yeah/UH ,/,",,
sw10utt/sw_1079_2511.utt,2/sw2511,2511,167,sv,B,64,3,"I think it's important that  everyone know, {D you know, } basically [ how, + how ] the darn engine works, /","I/PRP think/VBP it/PRP 's/BES important/JJ that/IN everyone/NN know/VB ,/, you/PRP know/VBP ,/, basically/RB how/WRB ,/, how/WRB the/DT darn/JJ engine/NN works/VBZ ,/,",,
sw10utt/sw_1079_2511.utt,2/sw2511,2511,168,b,A,65,1,Uh-huh. /,Uh-huh/UH ./.,,
sw10utt/sw_1079_2511.utt,2/sw2511,2511,169,sd,B,66,1,"it helps you figure out what's wrong with it,","it/PRP helps/VBZ you/PRP figure/VB out/RP what/WP 's/BES wrong/JJ with/IN it/PRP ,/,",,
sw10utt/sw_1079_2511.utt,2/sw2511,2511,170,b,A,67,1,Uh-huh. /,Uh-huh/UH ./.,,
sw10utt/sw_1079_2511.utt,2/sw2511,2511,171,+,B,68,1,"{D you know, }  /","you/PRP know/VBP ,/,",,
sw10utt/sw_1079_2511.utt,2/sw2511,2511,172,sd,B,68,2,"[ I've, + I've ]  been out with my sister before when, {D you know, } her car died on the highway  /","I/PRP 've/VBP ,/, I/PRP 've/VBP been/VBN out/IN with/IN my/PRP$ sister/NN before/RB when/WRB ,/, you/PRP know/VBP ,/, her/PRP$ car/NN died/VBD on/IN the/DT highway/NN",,
sw10utt/sw_1079_2511.utt,2/sw2511,2511,173,sd,B,68,3,"{C and } I happened to be  with her and managed to get her to the other side of the road because  it was dark and all, /","and/CC I/PRP happened/VBD to/TO be/VB with/IN her/PRP$ and/CC managed/VBD to/TO get/VB her/PRP$ to/IN the/DT other/JJ side/NN of/IN the/DT road/NN because/IN it/PRP was/VBD dark/JJ and/CC all/DT ,/,",,
