swda_filename,ptb_basename,conversation_no,transcript_index,act_tag,caller,utterance_index,subutterance_index,text,pos,trees,ptb_treenumbers
sw10utt/sw_1066_2679.utt,2/sw2679,2679,0,o,A,1,1,Okay.  /,Okay/UH ./.,,
sw10utt/sw_1066_2679.utt,2/sw2679,2679,1,qw,A,1,2,"[  Where, + where ] are you from? /","Where/WRB ,/, where/WRB are/VBP you/PRP from/IN ?/.",,
sw10utt/sw_1066_2679.utt,2/sw2679,2679,2,sd,B,2,1,"{F Um, } just here in Dallas. /","Um/UH ,/, just/RB here/RB in/IN Dallas/NNP ./.",,
sw10utt/sw_1066_2679.utt,2/sw2679,2679,3,bk,A,3,1,"{F Oh, } okay -- /","Oh/UH ,/, okay/UH --/:",,
sw10utt/sw_1066_2679.utt,2/sw2679,2679,4,b,B,4,1,Uh-huh. /,Uh-huh/UH ./.,,
sw10utt/sw_1066_2679.utt,2/sw2679,2679,5,sd^t,A,5,1,"-- because [ I, + {F uh, } I ] talked to a professor in, {F uh, } what was it, North Carolina, who got [ the, + the ] T I system,  /","--/: because/IN I/PRP ,/, uh/UH ,/, I/PRP talked/VBD to/IN a/DT professor/NN in/IN ,/, uh/UH ,/, what/WP was/VBD it/PRP ,/, North/NNP Carolina/NNP ,/, who/WP got/VBD the/DT ,/, the/DT T/NNP I/NNP system/NN ,/,",,
sw10utt/sw_1066_2679.utt,2/sw2679,2679,6,sd^t,A,5,2,{C and } he gave to all his students.  /,and/CC he/PRP gave/VBD to/IN all/DT his/PRP$ students/NNS ./.,,
sw10utt/sw_1066_2679.utt,2/sw2679,2679,7,sd^t,A,5,3,"{C So, } my daughter's even talked to, - /","So/RB ,/, my/PRP$ daughter/NN 's/HVS even/RB talked/VBN to/IN ,/,",,
sw10utt/sw_1066_2679.utt,2/sw2679,2679,8,sd^t,A,5,4,{C and } I've talked to several people from North Carolina.  /,and/CC I/PRP 've/VBP talked/VBN to/IN several/JJ people/NNS from/IN North/NNP Carolina/NNP ./.,,
sw10utt/sw_1066_2679.utt,2/sw2679,2679,9,sd^t,A,5,5,I was just curious. /,I/PRP was/VBD just/RB curious/JJ ./.,,
sw10utt/sw_1066_2679.utt,2/sw2679,2679,10,%,B,6,1,"That's, - /","That/DT 's/BES ,/,",,
sw10utt/sw_1066_2679.utt,2/sw2679,2679,11,b,B,6,2,"yes,  /","yes/UH ,/,",,
sw10utt/sw_1066_2679.utt,2/sw2679,2679,12,b^r,B,6,3,"yes,  /","yes/UH ,/,",,
sw10utt/sw_1066_2679.utt,2/sw2679,2679,13,ba,B,6,4,that's true.  /,that/DT 's/BES true/JJ ./.,,
sw10utt/sw_1066_2679.utt,2/sw2679,2679,14,sd^t,B,6,5,I've --,I/PRP 've/VBP --/:,,
sw10utt/sw_1066_2679.utt,2/sw2679,2679,15,qy^t,A,7,1,"Have you,","Have/VBP you/PRP ,/,",,
sw10utt/sw_1066_2679.utt,2/sw2679,2679,16,+,B,8,1,"-- # talked, # -/","--/: talked/VBN ,/,",,
sw10utt/sw_1066_2679.utt,2/sw2679,2679,17,+,A,9,1,# too? # /,too/RB ?/.,,
sw10utt/sw_1066_2679.utt,2/sw2679,2679,18,ny,B,10,1,Uh-huh.  /,Uh-huh/UH ./.,,
sw10utt/sw_1066_2679.utt,2/sw2679,2679,19,qy^t,B,10,2,"People from Virginia [ and, + and ] all over.  Yeah. /","People/NNS from/IN Virginia/NNP and/CC ,/, and/CC all/RB over/RB ./. Yeah/UH ./.",,
sw10utt/sw_1066_2679.utt,2/sw2679,2679,20,%,A,11,1,Yeah.  /,Yeah/UH ./.,,
sw10utt/sw_1066_2679.utt,2/sw2679,2679,21,sd^t,A,11,2,"I talked to the professor,  /","I/PRP talked/VBD to/IN the/DT professor/NN ,/,",,
sw10utt/sw_1066_2679.utt,2/sw2679,2679,22,sd^t,A,11,3,"{C and } I asked him about it,  /","and/CC I/PRP asked/VBD him/PRP about/IN it/PRP ,/,",,
sw10utt/sw_1066_2679.utt,2/sw2679,2679,23,sd(^q)^t,A,11,4,"{C and } [ he said, + {F Oh, } he says, ] I think I'm the guy that, {D actually, } {F uh, } gave it to all my students. /","and/CC he/PRP said/VBD ,/, Oh/UH ,/, he/PRP says/VBZ ,/, I/PRP think/VBP I/PRP 'm/VBP the/DT guy/NN that/WDT ,/, actually/RB ,/, uh/UH ,/, gave/VBD it/PRP to/IN all/DT my/PRP$ students/NNS ./.",,
sw10utt/sw_1066_2679.utt,2/sw2679,2679,24,x,B,12,1,# <Laughter>.  #,,,
sw10utt/sw_1066_2679.utt,2/sw2679,2679,25,sd,A,13,1,# {C So } # that's why so many people are from this college.  /,So/RB that/DT 's/BES why/WRB so/RB many/JJ people/NNS are/VBP from/IN this/DT college/NN ./.,,
sw10utt/sw_1066_2679.utt,2/sw2679,2679,26,ad,A,13,2,"Go,","Go/VB ,/,",,
sw10utt/sw_1066_2679.utt,2/sw2679,2679,27,b,B,14,1,# Uh-huh. # /,Uh-huh/UH ./.,,
sw10utt/sw_1066_2679.utt,2/sw2679,2679,28,+,A,15,1,"# ahead, #  /","ahead/RB ,/,",,
sw10utt/sw_1066_2679.utt,2/sw2679,2679,29,ad,A,15,2,"[ you, + you ] first,  (( Eve )) . /","you/PRP ,/, you/PRP first/JJ ,/, Eve/NNP ./.",,
sw10utt/sw_1066_2679.utt,2/sw2679,2679,30,aa,B,16,1,"{F Oh, } okay.  /","Oh/UH ,/, okay/UH ./.",,
sw10utt/sw_1066_2679.utt,2/sw2679,2679,31,sd^t,B,16,2,"{F Um, } {D well } the subject we're supposed to be talking about, let's see, is, {F uh, } food. /","Um/UH ,/, well/UH the/DT subject/NN we/PRP 're/VBP supposed/VBN to/TO be/VB talking/VBG about/IN ,/, let/NN 's/PRP see/VB ,/, is/VBZ ,/, uh/UH ,/, food/NN ./.",,
sw10utt/sw_1066_2679.utt,2/sw2679,2679,32,b,A,17,1,Food. /,Food/NN ./.,,
sw10utt/sw_1066_2679.utt,2/sw2679,2679,33,qw,B,18,1,What type of foods do you cook  /,What/WDT type/NN of/IN foods/NNS do/VBP you/PRP cook/VB,,
sw10utt/sw_1066_2679.utt,2/sw2679,2679,34,qw,B,18,2,"{C and } what would you, {F uh, } cook [ in, + ] {F uh, } {F uh, } let's see, if you were giving a dinner party?  /","and/CC what/WDT would/MD you/PRP ,/, uh/UH ,/, cook/VB in/IN ,/, uh/UH ,/, uh/UH ,/, let/VB 's/PRP see/VB ,/, if/IN you/PRP were/VBD giving/VBG a/DT dinner/NN party/NN ?/.",,
sw10utt/sw_1066_2679.utt,2/sw2679,2679,35,sd,B,18,3,"{C And } the only reason why I may know a little bit about this, is that I'm planning on having a barbecue pretty soon. /","And/CC the/DT only/JJ reason/NN why/WRB I/PRP may/MD know/VB a/DT little/JJ bit/NN about/IN this/DT ,/, is/VBZ that/IN I/PRP 'm/VBP planning/VBG on/IN having/VBG a/DT barbecue/NN pretty/RB soon/RB ./.",,
sw10utt/sw_1066_2679.utt,2/sw2679,2679,36,ba,A,19,1,"{F Oh, } great. /","Oh/UH ,/, great/UH ./.",,
sw10utt/sw_1066_2679.utt,2/sw2679,2679,37,sd,B,20,1,"{C And } to me, that's the type of thing that I like to give in, {F um, } {F uh, } cooking for people.  /","And/CC to/IN me/PRP ,/, that/DT 's/BES the/DT type/NN of/IN thing/NN that/WDT I/PRP like/VBP to/TO give/VB in/IN ,/, um/UH ,/, uh/UH ,/, cooking/VBG for/IN people/NNS ./.",,
sw10utt/sw_1066_2679.utt,2/sw2679,2679,38,sv,B,20,2,"{C And, } {F uh, } if he's cooking outside where it's cooler and, {F uh, } you don't have to do all that much work.  {D You know, } you just, {F uh, } slap on some food and slap on some barbecue sauce <laughter>  and away you go. /","And/CC ,/, uh/UH ,/, if/IN he/PRP 's/BES cooking/VBG outside/RB where/WRB it/PRP 's/BES cooler/JJR and/CC ,/, uh/UH ,/, you/PRP do/VBP n't/RB have/VB to/TO do/VB all/RB that/RB much/JJ work/NN ./. You/PRP know/VBP ,/, you/PRP just/RB ,/, uh/UH ,/, slap/VBP on/IN some/DT food/NN and/CC slap/VBP on/IN some/DT barbecue/NN sauce/NN and/CC away/RB you/PRP go/VBP ./.",,
sw10utt/sw_1066_2679.utt,2/sw2679,2679,39,b,A,21,1,Yeah.  /,Yeah/UH ./.,,
sw10utt/sw_1066_2679.utt,2/sw2679,2679,40,sd,A,21,2,"We have them too,  /","We/PRP have/VBP them/PRP too/RB ,/,",,
sw10utt/sw_1066_2679.utt,2/sw2679,2679,41,^h,A,21,3,"{C and } [ I, + I'm ] trying to think which is the, best, {F uh, } that I prefer.  /","and/CC I/PRP ,/, I/PRP 'm/VBP trying/VBG to/TO think/VB which/WDT is/VBZ the/DT ,/, best/JJS ,/, uh/UH ,/, that/WDT I/PRP prefer/VBP ./.",,
sw10utt/sw_1066_2679.utt,2/sw2679,2679,42,sd,A,21,4,"{F Uh, } my wife, {F uh, } doesn't like to have all that work on the very day that you're doing it, {F uh, }  /","Uh/UH ,/, my/PRP$ wife/NN ,/, uh/UH ,/, does/VBZ n't/RB like/VB to/TO have/VB all/PDT that/DT work/NN on/IN the/DT very/JJ day/NN that/WDT you/PRP 're/VBP doing/VBG it/PRP ,/, uh/UH ,/,",,
sw10utt/sw_1066_2679.utt,2/sw2679,2679,43,sd,A,21,5,"{C and } we haven't catered out very much, {F uh, }  /","and/CC we/PRP have/VBP n't/RB catered/VBN out/RP very/RB much/RB ,/, uh/UH ,/,",,
sw10utt/sw_1066_2679.utt,2/sw2679,2679,44,sd,A,21,6,"[ we, + I ] always worry about the barbecue in that you have to be, - /","we/PRP ,/, I/PRP always/RB worry/VBP about/IN the/DT barbecue/NN in/IN that/DT you/PRP have/VBP to/TO be/VB ,/,",,
sw10utt/sw_1066_2679.utt,2/sw2679,2679,45,sd,A,21,7,"the man always gets that chore,  /","the/DT man/NN always/RB gets/VBZ that/DT chore/NN ,/,",,
sw10utt/sw_1066_2679.utt,2/sw2679,2679,46,sd,A,21,8,"{C and } you,","and/CC you/PRP ,/,",,
sw10utt/sw_1066_2679.utt,2/sw2679,2679,47,x,B,22,1,<Laughter>.,,,
sw10utt/sw_1066_2679.utt,2/sw2679,2679,48,+,A,23,1,have to make it perfect.  /,have/VBP to/TO make/VB it/PRP perfect/JJ ./.,,
sw10utt/sw_1066_2679.utt,2/sw2679,2679,49,sd,A,23,2,"{F Uh, } I've made shish kabob, which I like.  /","Uh/UH ,/, I/PRP 've/VBP made/VBN shish/NN kabob/NN ,/, which/WDT I/PRP like/VBP ./.",,
sw10utt/sw_1066_2679.utt,2/sw2679,2679,50,sd,A,23,3,It's fairly easy and fast. /,It/PRP 's/BES fairly/RB easy/JJ and/CC fast/JJ ./.,,
sw10utt/sw_1066_2679.utt,2/sw2679,2679,51,b,B,24,1,Uh-huh. /,Uh-huh/UH ./.,,
sw10utt/sw_1066_2679.utt,2/sw2679,2679,52,%,A,25,1,"{F Uh, } where-, - /","Uh/UH ,/, where-/XX ,/,",,
sw10utt/sw_1066_2679.utt,2/sw2679,2679,53,sd,A,25,2,I guess I'm thinking of the easy thing to do --,I/PRP guess/VBP I/PRP 'm/VBP thinking/VBG of/IN the/DT easy/JJ thing/NN to/TO do/VB --/:,,
sw10utt/sw_1066_2679.utt,2/sw2679,2679,54,b,B,26,1,Uh-huh. /,Uh-huh/UH ./.,,
sw10utt/sw_1066_2679.utt,2/sw2679,2679,55,+,A,27,1,"-- [ for, + for ] having, {F uh, } {F uh, } dinner. /","--/: for/IN ,/, for/IN having/VBG ,/, uh/UH ,/, uh/UH ,/, dinner/NN ./.",,
sw10utt/sw_1066_2679.utt,2/sw2679,2679,56,b,B,28,1,Uh-huh. /,Uh-huh/UH ./.,,
sw10utt/sw_1066_2679.utt,2/sw2679,2679,57,sd,A,29,1,"I do cook,  /","I/PRP do/VBP cook/VB ,/,",,
sw10utt/sw_1066_2679.utt,2/sw2679,2679,58,%,A,29,2,"{C but } not, - /","but/CC not/RB ,/,",,
sw10utt/sw_1066_2679.utt,2/sw2679,2679,59,sd,A,29,3,I'm mostly the easy cooker.  /,I/PRP 'm/VBP mostly/RB the/DT easy/JJ cooker/NN ./.,,
sw10utt/sw_1066_2679.utt,2/sw2679,2679,60,sd,A,29,4,"{D You know, } the breakfasts [ and, +","You/PRP know/VBP ,/, the/DT breakfasts/NNS and/CC ,/,",,
sw10utt/sw_1066_2679.utt,2/sw2679,2679,61,b,B,30,1,# Yes.  # /,Yes/UH ./.,,
sw10utt/sw_1066_2679.utt,2/sw2679,2679,62,+,A,31,1,"# and ] # the steaks, {F uh. } /","and/CC the/DT steaks/NNS ,/, uh/UH ./.",,
sw10utt/sw_1066_2679.utt,2/sw2679,2679,63,x,B,32,1,<Laughter>.,,,
sw10utt/sw_1066_2679.utt,2/sw2679,2679,64,sd,A,33,1,"Although I would like to experiment with, {F uh, } the meals my mother made, {D you know. }","Although/IN I/PRP would/MD like/VB to/TO experiment/VB with/IN ,/, uh/UH ,/, the/DT meals/NNS my/PRP$ mother/NN made/VBD ,/, you/PRP know/VBP ./.",,
sw10utt/sw_1066_2679.utt,2/sw2679,2679,65,b,B,34,1,Uh-huh. /,Uh-huh/UH ./.,,
sw10utt/sw_1066_2679.utt,2/sw2679,2679,66,+,A,35,1,"So to speak,  /","So/RB to/TO speak/VB ,/,",,
sw10utt/sw_1066_2679.utt,2/sw2679,2679,67,sd,A,35,2,"{C and } I haven't gotten around to that yet, {F uh, } /","and/CC I/PRP have/VBP n't/RB gotten/VBN around/RP to/IN that/DT yet/RB ,/, uh/UH ,/,",,
sw10utt/sw_1066_2679.utt,2/sw2679,2679,68,qw,B,36,1,What kind of meals did she make that you liked? /,What/WDT kind/NN of/IN meals/NNS did/VBD she/PRP make/VB that/WDT you/PRP liked/VBD ?/.,,
sw10utt/sw_1066_2679.utt,2/sw2679,2679,69,sd,A,37,1,"{D Well, } she was Polish  /","Well/UH ,/, she/PRP was/VBD Polish/JJ",,
sw10utt/sw_1066_2679.utt,2/sw2679,2679,70,sd,A,37,2,"{C and, } {F uh, } she would make very economical [ ra-, + ] meals.  /","and/CC ,/, uh/UH ,/, she/PRP would/MD make/VB very/RB economical/JJ ra-/XX ,/, meals/NNS ./.",,
sw10utt/sw_1066_2679.utt,2/sw2679,2679,71,sd,A,37,3,We were very poor. /,We/PRP were/VBD very/RB poor/JJ ./.,,
sw10utt/sw_1066_2679.utt,2/sw2679,2679,72,b,B,38,1,Uh-huh. /,Uh-huh/UH ./.,,
sw10utt/sw_1066_2679.utt,2/sw2679,2679,73,sd,A,39,1,"Different rice and ham and things that, {F uh, }  /","Different/JJ rice/NN and/CC ham/NN and/CC things/NNS that/WDT ,/, uh/UH ,/,",,
sw10utt/sw_1066_2679.utt,2/sw2679,2679,74,sd,A,39,2,she would throw things together --,she/PRP would/MD throw/VB things/NNS together/RB --/:,,
sw10utt/sw_1066_2679.utt,2/sw2679,2679,75,b,B,40,1,Uh-huh. /,Uh-huh/UH ./.,,
sw10utt/sw_1066_2679.utt,2/sw2679,2679,76,+,A,41,1,-- and (( galunkies ))  and all that.  /,--/: and/CC galunkies/NNS and/CC all/PDT that/DT ./.,,
sw10utt/sw_1066_2679.utt,2/sw2679,2679,77,sd,A,41,2,"{C And, } {F uh, } I would like to try that one day.  /","And/CC ,/, uh/UH ,/, I/PRP would/MD like/VB to/TO try/VB that/DT one/CD day/NN ./.",,
sw10utt/sw_1066_2679.utt,2/sw2679,2679,78,sd,A,41,3,"{C And } she would make spaghetti with pork chops [ and, + and ] special meat balls and everything.  /","And/CC she/PRP would/MD make/VB spaghetti/NNS with/IN pork/NN chops/NNS and/CC ,/, and/CC special/JJ meat/NN balls/NNS and/CC everything/NN ./.",,
sw10utt/sw_1066_2679.utt,2/sw2679,2679,79,sd,A,41,4,"{C And } my wife,","And/CC my/PRP$ wife/NN ,/,",,
sw10utt/sw_1066_2679.utt,2/sw2679,2679,80,b,B,42,1,{F Huh. } /,Huh/UH ./.,,
sw10utt/sw_1066_2679.utt,2/sw2679,2679,81,+,A,43,1,"of course, thinks I'm crazy, which I may be too  /","of/IN course/NN ,/, thinks/VBZ I/PRP 'm/VBP crazy/JJ ,/, which/WDT I/PRP may/MD be/VB too/RB",,
sw10utt/sw_1066_2679.utt,2/sw2679,2679,82,%,A,43,2,"{C but, } -/","but/CC ,/,",,
sw10utt/sw_1066_2679.utt,2/sw2679,2679,83,b,B,44,1,No. /,No/UH ./.,,
sw10utt/sw_1066_2679.utt,2/sw2679,2679,84,x,A,45,1,<Laughter>.,,,
sw10utt/sw_1066_2679.utt,2/sw2679,2679,85,ba,B,46,1,"Sounds interesting, uh-huh. /","Sounds/VBZ interesting/JJ ,/, uh-huh/UH ./.",,
sw10utt/sw_1066_2679.utt,2/sw2679,2679,86,b,A,47,1,Yeah. /,Yeah/UH ./.,,
sw10utt/sw_1066_2679.utt,2/sw2679,2679,87,b,B,48,1,"Yeah,  /","Yeah/UH ,/,",,
sw10utt/sw_1066_2679.utt,2/sw2679,2679,88,ba,B,48,2,that's great. /,that/DT 's/BES great/JJ ./.,,
sw10utt/sw_1066_2679.utt,2/sw2679,2679,89,sv,A,49,1,"{C But } dinner parties are a lot of work, {F uh, } /","But/CC dinner/NN parties/NNS are/VBP a/DT lot/NN of/IN work/NN ,/, uh/UH ,/,",,
sw10utt/sw_1066_2679.utt,2/sw2679,2679,90,b,B,50,1,"Yeah,  /","Yeah/UH ,/,",,
sw10utt/sw_1066_2679.utt,2/sw2679,2679,91,b^r,B,50,2,yeah.  /,yeah/UH ./.,,
sw10utt/sw_1066_2679.utt,2/sw2679,2679,92,sd,B,50,3,"{C But, } {F uh, } [ that's, + that's ] why I like [ the, + the ] outdoor stuff [ a, +","But/CC ,/, uh/UH ,/, that/DT 's/BES ,/, that/DT 's/BES why/WRB I/PRP like/VBP the/DT ,/, the/DT outdoor/JJ stuff/NN a/DT ,/,",,
sw10utt/sw_1066_2679.utt,2/sw2679,2679,93,b,A,51,1,# Yeah. # /,Yeah/UH ./.,,
sw10utt/sw_1066_2679.utt,2/sw2679,2679,94,+,B,52,1,# a ] # lot better.  /,a/DT lot/NN better/RBR ./.,,
sw10utt/sw_1066_2679.utt,2/sw2679,2679,95,sd,B,52,2,"People can entertain themselves, I think, a great deal more, {F uh, } when you have a barbecue.  Especially when you have hot dogs and  hamburgers and,","People/NNS can/MD entertain/VB themselves/PRP ,/, I/PRP think/VBP ,/, a/DT great/JJ deal/NN more/JJR ,/, uh/UH ,/, when/WRB you/PRP have/VBP a/DT barbecue/NN ./. Especially/RB when/WRB you/PRP have/VBP hot/JJ dogs/NNS and/CC hamburgers/NNS and/CC ,/,",,
sw10utt/sw_1066_2679.utt,2/sw2679,2679,96,b,A,53,1,# Yeah. # /,Yeah/UH ./.,,
sw10utt/sw_1066_2679.utt,2/sw2679,2679,97,+,B,54,1,"# {F uh, } # {D you know, } nothing really fancy, like [ your, + your ] shish kabobs, where you have to do a whole bunch of work. /","uh/UH ,/, you/PRP know/VBP ,/, nothing/NN really/RB fancy/JJ ,/, like/IN your/PRP$ ,/, your/PRP$ shish/NN kabobs/NNS ,/, where/WRB you/PRP have/VBP to/TO do/VB a/DT whole/JJ bunch/NN of/IN work/NN ./.",,
sw10utt/sw_1066_2679.utt,2/sw2679,2679,98,b,A,55,1,Yeah.  /,Yeah/UH ./.,,
sw10utt/sw_1066_2679.utt,2/sw2679,2679,99,%,A,55,2,"{D Well, } [ that, + that, ] - /","Well/UH ,/, that/DT ,/, that/DT ,/,",,
sw10utt/sw_1066_2679.utt,2/sw2679,2679,100,sd,A,55,3,"shish kabob is, {F uh, } just because it only takes a few minutes to cook, {D you know, } /","shish/NN kabob/NN is/VBZ ,/, uh/UH ,/, just/RB because/IN it/PRP only/RB takes/VBZ a/DT few/JJ minutes/NNS to/TO cook/VB ,/, you/PRP know/VBP ,/,",,
sw10utt/sw_1066_2679.utt,2/sw2679,2679,101,b,B,56,1,# Uh-huh. # /,Uh-huh/UH ./.,,
sw10utt/sw_1066_2679.utt,2/sw2679,2679,102,sd,A,57,1,"# you # get it ready,  /","you/PRP get/VBP it/PRP ready/JJ ,/,",,
sw10utt/sw_1066_2679.utt,2/sw2679,2679,103,sv,A,57,2,"you have to do a lot of work beforehand, I agree, and  buy special stuff.   /","you/PRP have/VBP to/TO do/VB a/DT lot/NN of/IN work/NN beforehand/RB ,/, I/PRP agree/VBP ,/, and/CC buy/VB special/JJ stuff/NN ./.",,
sw10utt/sw_1066_2679.utt,2/sw2679,2679,104,sv,A,57,3,"{C But, } {F uh, } {C so } far as getting out there [ and, + and ] putting it on, it only takes [ a litt-, + a ] few minutes, {F uh. } /","But/CC ,/, uh/UH ,/, so/RB far/RB as/IN getting/VBG out/IN there/RB and/CC ,/, and/CC putting/VBG it/PRP on/IN ,/, it/PRP only/RB takes/VBZ a/DT litt-/XX ,/, a/DT few/JJ minutes/NNS ,/, uh/UH ./.",,
sw10utt/sw_1066_2679.utt,2/sw2679,2679,105,b,B,58,1,Right. /,Right/UH ./.,,
sw10utt/sw_1066_2679.utt,2/sw2679,2679,106,sd,A,59,1,"{C But } {D anyway, } [ I'm, + I'm ] thinking of the easy way, rather than,","But/CC anyway/UH ,/, I/PRP 'm/VBP ,/, I/PRP 'm/VBP thinking/VBG of/IN the/DT easy/JJ way/NN ,/, rather/IN than/IN ,/,",,
sw10utt/sw_1066_2679.utt,2/sw2679,2679,107,x,B,60,1,# <Laughter>.  #,,,
sw10utt/sw_1066_2679.utt,2/sw2679,2679,108,+,A,61,1,"# my # guests, I guess,  /","my/PRP$ guests/NNS ,/, I/PRP guess/VBP ,/,",,
sw10utt/sw_1066_2679.utt,2/sw2679,2679,109,%,A,61,2,"{C but, } {F uh, } -/","but/CC ,/, uh/UH ,/,",,
sw10utt/sw_1066_2679.utt,2/sw2679,2679,110,b,B,62,1,"Yeah,  /","Yeah/UH ,/,",,
sw10utt/sw_1066_2679.utt,2/sw2679,2679,111,b^r,B,62,2,yeah.  /,yeah/UH ./.,,
sw10utt/sw_1066_2679.utt,2/sw2679,2679,112,sv,B,62,3,"{D Well, } [ I, + I ] think you [ do, + do ] a lot of work.  /","Well/UH ,/, I/PRP ,/, I/PRP think/VBP you/PRP do/VBP ,/, do/VB a/DT lot/NN of/IN work/NN ./.",,
sw10utt/sw_1066_2679.utt,2/sw2679,2679,113,sv,B,62,4,"Even if people do bring over things, you still do, {F uh, } all the, {F uh, }","Even/RB if/IN people/NNS do/VBP bring/VB over/RB things/NNS ,/, you/PRP still/RB do/VBP ,/, uh/UH ,/, all/PDT the/DT ,/, uh/UH ,/,",,
sw10utt/sw_1066_2679.utt,2/sw2679,2679,114,b,A,63,1,# Right. # /,Right/UH ./.,,
sw10utt/sw_1066_2679.utt,2/sw2679,2679,115,+,B,64,1,"# housework # and get [ ev-, + everything ] prepared and utensils and [ just, + just ] everything. /","housework/NN and/CC get/VB ev-/NN ,/, everything/NN prepared/JJ and/CC utensils/NNS and/CC just/RB ,/, just/RB everything/NN ./.",,
sw10utt/sw_1066_2679.utt,2/sw2679,2679,116,b,A,65,1,Right. /,Right/UH ./.,,
sw10utt/sw_1066_2679.utt,2/sw2679,2679,117,sd,B,66,1,"{F Uh, } {D you know, } my mother used to make an Armenian rice dish. /","Uh/UH ,/, you/PRP know/VBP ,/, my/PRP$ mother/NN used/VBD to/TO make/VB an/DT Armenian/JJ rice/NN dish/NN ./.",,
sw10utt/sw_1066_2679.utt,2/sw2679,2679,118,b,A,67,1,"Uh-huh,  /","Uh-huh/UH ,/,",,
sw10utt/sw_1066_2679.utt,2/sw2679,2679,119,b,A,67,2,yeah. /,yeah/UH ./.,,
sw10utt/sw_1066_2679.utt,2/sw2679,2679,120,sd,B,68,1,"I'm thinking about, {F uh, } special dishes,  /","I/PRP 'm/VBP thinking/VBG about/IN ,/, uh/UH ,/, special/JJ dishes/NNS ,/,",,
sw10utt/sw_1066_2679.utt,2/sw2679,2679,121,%,B,68,2,"{C and, } {F uh, } yeah,  /","and/CC ,/, uh/UH ,/, yeah/UH ,/,",,
sw10utt/sw_1066_2679.utt,2/sw2679,2679,122,sd,B,68,3,"it was made out of rice and consume soup, {F uh, } and bacon and onions. /","it/PRP was/VBD made/VBN out/IN of/IN rice/NN and/CC consume/NN soup/NN ,/, uh/UH ,/, and/CC bacon/NN and/CC onions/NNS ./.",,
sw10utt/sw_1066_2679.utt,2/sw2679,2679,123,b,A,69,1,"{F Oh, } yeah. /","Oh/UH ,/, yeah/UH ./.",,
sw10utt/sw_1066_2679.utt,2/sw2679,2679,124,sd,B,70,1,{C And then } you'd simmer it {D like } all day long. /,And/CC then/RB you/PRP 'd/MD simmer/VB it/PRP like/IN all/DT day/NN long/JJ ./.,,
sw10utt/sw_1066_2679.utt,2/sw2679,2679,125,b,A,71,1,Right. /,Right/UH ./.,,
sw10utt/sw_1066_2679.utt,2/sw2679,2679,126,%,B,72,1,"{F Oh } it would, -/","Oh/UH it/PRP would/MD ,/,",,
sw10utt/sw_1066_2679.utt,2/sw2679,2679,127,^2,A,73,1,"You'd get the odor of it, yeah. /","You/PRP 'd/MD get/VB the/DT odor/NN of/IN it/PRP ,/, yeah/UH ./.",,
sw10utt/sw_1066_2679.utt,2/sw2679,2679,128,aa,B,74,1,Yeah.  /,Yeah/UH ./.,,
sw10utt/sw_1066_2679.utt,2/sw2679,2679,129,sd,B,74,2,"{C And } [  it was just, + it was just ] wonderful.  /","And/CC it/PRP was/VBD just/RB ,/, it/PRP was/VBD just/RB wonderful/JJ ./.",,
sw10utt/sw_1066_2679.utt,2/sw2679,2679,130,sd,B,74,3,"[ That's, + that's ] something that I would really like [ to, + {F uh, } to ] try and find the recipe for.  /","That/DT 's/BES ,/, that/DT 's/BES something/NN that/WDT I/PRP would/MD really/RB like/VB to/TO ,/, uh/UH ,/, to/TO try/VB and/CC find/VB the/DT recipe/NN for/IN ./.",,
sw10utt/sw_1066_2679.utt,2/sw2679,2679,131,sd,B,74,4,{C But } we used to have that at Thanksgiving time.,But/CC we/PRP used/VBD to/TO have/VB that/DT at/IN Thanksgiving/NNP time/NN ./.,,
sw10utt/sw_1066_2679.utt,2/sw2679,2679,132,b,A,75,1,"Uh-huh,  /","Uh-huh/UH ,/,",,
sw10utt/sw_1066_2679.utt,2/sw2679,2679,133,b,A,75,2,yes. /,yes/UH ./.,,
sw10utt/sw_1066_2679.utt,2/sw2679,2679,134,+,B,76,1,"Because [ you can, + you can ] put it on top of the stove, and do this,  /","Because/IN you/PRP can/MD ,/, you/PRP can/MD put/VB it/PRP on/IN top/NN of/IN the/DT stove/NN ,/, and/CC do/VB this/DT ,/,",,
sw10utt/sw_1066_2679.utt,2/sw2679,2679,135,sd,B,76,2,"[ {C and, } + {C and } ] there's so much broth and juice in there,","and/CC ,/, and/CC there/EX 's/BES so/RB much/JJ broth/NN and/CC juice/NN in/IN there/RB ,/,",,
sw10utt/sw_1066_2679.utt,2/sw2679,2679,136,ba,A,77,1,"# {F Oh, } great.  # /","Oh/UH ,/, great/UH ./.",,
sw10utt/sw_1066_2679.utt,2/sw2679,2679,137,+,B,78,1,"# that it # has to, {F uh, } soak up into the rice, all day long, in order for it [ to, + {F uh, } {F uh, } to ] come out fluffy [ and, + and ] nice.  /","that/IN it/PRP has/VBZ to/TO ,/, uh/UH ,/, soak/VB up/RP into/IN the/DT rice/NN ,/, all/DT day/NN long/JJ ,/, in/IN order/NN for/IN it/PRP to/TO ,/, uh/UH ,/, uh/UH ,/, to/TO come/VB out/RP fluffy/JJ and/CC ,/, and/CC nice/JJ ./.",,
sw10utt/sw_1066_2679.utt,2/sw2679,2679,138,sd,B,78,2,"{C And } that was, {D you know, } - /","And/CC that/DT was/VBD ,/, you/PRP know/VBP ,/,",,
sw10utt/sw_1066_2679.utt,2/sw2679,2679,139,sd,B,78,3,"when you were talking about [ the, + the ] Polish dishes, {F uh, } some goulashes and things like that.  /","when/WRB you/PRP were/VBD talking/VBG about/IN the/DT ,/, the/DT Polish/JJ dishes/NNS ,/, uh/UH ,/, some/DT goulashes/NNS and/CC things/NNS like/IN that/DT ./.",,
sw10utt/sw_1066_2679.utt,2/sw2679,2679,140,sd,B,78,4,"[  That's, + {F uh, } that's ] what I thought about, was that Armenian rice dish. /","That/DT 's/BES ,/, uh/UH ,/, that/DT 's/BES what/WP I/PRP thought/VBD about/IN ,/, was/VBD that/DT Armenian/JJ rice/NN dish/NN ./.",,
sw10utt/sw_1066_2679.utt,2/sw2679,2679,141,ba,A,79,1,"{F Oh, } yes,  /","Oh/UH ,/, yes/UH ,/,",,
sw10utt/sw_1066_2679.utt,2/sw2679,2679,142,sv,A,79,2,we probably ought to try this.  /,we/PRP probably/RB ought/MD to/TO try/VB this/DT ./.,,
sw10utt/sw_1066_2679.utt,2/sw2679,2679,143,sv,A,79,3,{C But } it probably will never taste as good as we remembered. /,But/CC it/PRP probably/RB will/MD never/RB taste/VB as/RB good/JJ as/IN we/PRP remembered/VBD ./.,,
sw10utt/sw_1066_2679.utt,2/sw2679,2679,144,x,B,80,1,<Laughter>.,,,
sw10utt/sw_1066_2679.utt,2/sw2679,2679,145,sv,A,81,1,"I guess it gets better and better as we remember it,","I/PRP guess/VBP it/PRP gets/VBZ better/JJR and/CC better/JJR as/IN we/PRP remember/VBP it/PRP ,/,",,
sw10utt/sw_1066_2679.utt,2/sw2679,2679,146,ba,B,82,1,# That's true.  # /,That/DT 's/BES true/JJ ./.,,
sw10utt/sw_1066_2679.utt,2/sw2679,2679,147,+,A,83,1,"# back,  as # we get older, {D you know. }  /","back/RB ,/, as/IN we/PRP get/VBP older/JJR ,/, you/PRP know/VBP ./.",,
sw10utt/sw_1066_2679.utt,2/sw2679,2679,148,sv,A,83,2,{C But } --,But/CC --/:,,
sw10utt/sw_1066_2679.utt,2/sw2679,2679,149,ba,B,84,1,That's true. /,That/DT 's/BES true/JJ ./.,,
sw10utt/sw_1066_2679.utt,2/sw2679,2679,150,+,A,85,1,"-- we probably should try it, {F uh, } to do that.  /","--/: we/PRP probably/RB should/MD try/VB it/PRP ,/, uh/UH ,/, to/TO do/VB that/DT ./.",,
sw10utt/sw_1066_2679.utt,2/sw2679,2679,151,sv,A,85,2,"The recipes are really  interesting, {D you know. }  /","The/DT recipes/NNS are/VBP really/RB interesting/JJ ,/, you/PRP know/VBP ./.",,
sw10utt/sw_1066_2679.utt,2/sw2679,2679,152,sv,A,85,3,We're probably going to lose them  /,We/PRP 're/VBP probably/RB going/VBG to/TO lose/VB them/PRP,,
sw10utt/sw_1066_2679.utt,2/sw2679,2679,153,sv,A,85,4,"{C and } we'll probably forget all about them, {D you know. } /","and/CC we/PRP 'll/MD probably/RB forget/VB all/RB about/IN them/PRP ,/, you/PRP know/VBP ./.",,
sw10utt/sw_1066_2679.utt,2/sw2679,2679,154,b,B,86,1,Uh-huh. /,Uh-huh/UH ./.,,
sw10utt/sw_1066_2679.utt,2/sw2679,2679,155,sv,A,87,1,"Since we're trying to make everything so sim-, - /","Since/IN we/PRP 're/VBP trying/VBG to/TO make/VB everything/NN so/RB sim/JJ ,/,",,
sw10utt/sw_1066_2679.utt,2/sw2679,2679,156,sd,A,87,2,"here I am talk about trying to make everything easy, {D you know. } /","here/RB I/PRP am/VBP talk/VB about/IN trying/VBG to/TO make/VB everything/NN easy/JJ ,/, you/PRP know/VBP ./.",,
sw10utt/sw_1066_2679.utt,2/sw2679,2679,157,b,B,88,1,"Right,  /","Right/UH ,/,",,
sw10utt/sw_1066_2679.utt,2/sw2679,2679,158,b^r,B,88,2,right. /,right/UH ./.,,
sw10utt/sw_1066_2679.utt,2/sw2679,2679,159,%,A,89,1,"I, {F uh, } - /","I/PRP ,/, uh/UH ,/,",,
sw10utt/sw_1066_2679.utt,2/sw2679,2679,160,sd,A,89,2,"you talked about Thanksgiving, there are interesting meals at different times.  /","you/PRP talked/VBD about/IN Thanksgiving/NNP ,/, there/EX are/VBP interesting/JJ meals/NNS at/IN different/JJ times/NNS ./.",,
sw10utt/sw_1066_2679.utt,2/sw2679,2679,161,%,A,89,3,"{F Uh, } something, s-, - /","Uh/UH ,/, something/NN ,/, s-/XX ,/,",,
sw10utt/sw_1066_2679.utt,2/sw2679,2679,162,sd,A,89,4,"my wife's from Texas,  /","my/PRP$ wife/NN 's/BES from/IN Texas/NNP ,/,",,
sw10utt/sw_1066_2679.utt,2/sw2679,2679,163,sd,A,89,5,"{C so, } {F uh, } I remember we were first married  /","so/RB ,/, uh/UH ,/, I/PRP remember/VBP we/PRP were/VBD first/RB married/VBN",,
sw10utt/sw_1066_2679.utt,2/sw2679,2679,164,sd,A,89,6,{C and } we were living in New Jersey.  /,and/CC we/PRP were/VBD living/VBG in/IN New/NNP Jersey/NNP ./.,,
sw10utt/sw_1066_2679.utt,2/sw2679,2679,165,sd,A,89,7,"{C And, } {F uh, } we were going over to my mother's house for Christmas, {D you know, } to have a meal. /","And/CC ,/, uh/UH ,/, we/PRP were/VBD going/VBG over/IN to/IN my/PRP$ mother/NN 's/POS house/NN for/IN Christmas/NNP ,/, you/PRP know/VBP ,/, to/TO have/VB a/DT meal/NN ./.",,
sw10utt/sw_1066_2679.utt,2/sw2679,2679,166,b,B,90,1,Uh-huh. /,Uh-huh/UH ./.,,
sw10utt/sw_1066_2679.utt,2/sw2679,2679,167,sd,A,91,1,"{C And } we were on the way over, - /","And/CC we/PRP were/VBD on/IN the/DT way/NN over/RB ,/,",,
sw10utt/sw_1066_2679.utt,2/sw2679,2679,168,sd,A,91,2,"we were just married that very year,  /","we/PRP were/VBD just/RB married/VBN that/DT very/JJ year/NN ,/,",,
sw10utt/sw_1066_2679.utt,2/sw2679,2679,169,sd,A,91,3,"{C and } she said, {F Oh, } I'm looking forward to a nice turkey.  /","and/CC she/PRP said/VBD ,/, Oh/UH ,/, I/PRP 'm/VBP looking/VBG forward/RB to/IN a/DT nice/JJ turkey/NN ./.",,
sw10utt/sw_1066_2679.utt,2/sw2679,2679,170,sd(^q),A,91,4,"I said, Turkey? /","I/PRP said/VBD ,/, Turkey/NN ?/.",,
sw10utt/sw_1066_2679.utt,2/sw2679,2679,171,x,B,92,1,<Laughter>.,,,
sw10utt/sw_1066_2679.utt,2/sw2679,2679,172,sd(^q),A,93,1,"I said, We don't have turkey at Christmas <laughter>. /","I/PRP said/VBD ,/, We/PRP do/VBP n't/RB have/VB turkey/NN at/IN Christmas/NNP ./.",,
sw10utt/sw_1066_2679.utt,2/sw2679,2679,173,b,B,94,1,Oh. /,Oh/UH ./.,,
sw10utt/sw_1066_2679.utt,2/sw2679,2679,174,sd(^q),A,95,1,"I said, We only have turkey on Thanksgiving.  /","I/PRP said/VBD ,/, We/PRP only/RB have/VBP turkey/NN on/IN Thanksgiving/NNP ./.",,
sw10utt/sw_1066_2679.utt,2/sw2679,2679,175,sd(^q),A,95,2,"I said, We're going to have a ham. /","I/PRP said/VBD ,/, We/PRP 're/VBP going/VBG to/TO have/VB a/DT ham/NN ./.",,
sw10utt/sw_1066_2679.utt,2/sw2679,2679,176,b,B,96,1,Uh-huh. /,Uh-huh/UH ./.,,
sw10utt/sw_1066_2679.utt,2/sw2679,2679,177,sd(^q),A,97,1,"She said, What? /","She/PRP said/VBD ,/, What/WP ?/.",,
sw10utt/sw_1066_2679.utt,2/sw2679,2679,178,ba,B,98,1,Yeah! /,Yeah/UH !/.,,
sw10utt/sw_1066_2679.utt,2/sw2679,2679,179,sd(^q),A,99,1,"I said, Yeah.  /","I/PRP said/VBD ,/, Yeah/UH ./.",,
sw10utt/sw_1066_2679.utt,2/sw2679,2679,180,sd(^q),A,99,2,"I said, No, turkey is only for Thanksgiving.  /","I/PRP said/VBD ,/, No/UH ,/, turkey/NN is/VBZ only/RB for/IN Thanksgiving/NNP ./.",,
sw10utt/sw_1066_2679.utt,2/sw2679,2679,181,sd,A,99,3,"{C And } {C because } she had turkey a lot, {D you know. } /","And/CC because/IN she/PRP had/VBD turkey/NN a/DT lot/NN ,/, you/PRP know/VBP ./.",,
sw10utt/sw_1066_2679.utt,2/sw2679,2679,182,b,B,100,1,Uh-huh. /,Uh-huh/UH ./.,,
sw10utt/sw_1066_2679.utt,2/sw2679,2679,183,sd,A,101,1,"{C And, } {F uh, } that was surprising [ in the, + in the ] east, {F uh, }  /","And/CC ,/, uh/UH ,/, that/DT was/VBD surprising/JJ in/IN the/DT ,/, in/IN the/DT east/NN ,/, uh/UH ,/,",,
sw10utt/sw_1066_2679.utt,2/sw2679,2679,184,sd,A,101,2,"we always had ham, {D you know. } /","we/PRP always/RB had/VBD ham/NN ,/, you/PRP know/VBP ./.",,
sw10utt/sw_1066_2679.utt,2/sw2679,2679,185,b,B,102,1,"Right,  /","Right/UH ,/,",,
sw10utt/sw_1066_2679.utt,2/sw2679,2679,186,b^r,B,102,2,right. /,right/UH ./.,,
sw10utt/sw_1066_2679.utt,2/sw2679,2679,187,%,A,103,1,"A-, - /","A-/CC ,/,",,
sw10utt/sw_1066_2679.utt,2/sw2679,2679,188,%,A,103,2,"[ {C and, } + {C and } ] that's one thing als-, - /","and/CC ,/, and/CC that/DT 's/BES one/CD thing/NN als-/CC ,/,",,
sw10utt/sw_1066_2679.utt,2/sw2679,2679,189,sd^t,A,103,3,"that's another recipe, I guess, we could talk about.  /","that/DT 's/BES another/DT recipe/NN ,/, I/PRP guess/VBP ,/, we/PRP could/MD talk/VB about/IN ./.",,
sw10utt/sw_1066_2679.utt,2/sw2679,2679,190,sv,A,103,4,"{D Now } the hams just kind of, {D you know, } go take it out of a can or, {F uh, } {F uh, } a package, sliced, {F uh, }  /","Now/UH the/DT hams/NNS just/RB kind/RB of/RB ,/, you/PRP know/VBP ,/, go/VBP take/VB it/PRP out/IN of/IN a/DT can/NN or/CC ,/, uh/UH ,/, uh/UH ,/, a/DT package/NN ,/, sliced/JJ ,/, uh/UH ,/,",,
sw10utt/sw_1066_2679.utt,2/sw2679,2679,191,sd,A,103,5,"the cans were cooked for hours and  hours  [ and, +  and ] --","the/DT cans/NNS were/VBD cooked/VBN for/IN hours/NNS and/CC hours/NNS and/CC ,/, and/CC --/:",,
sw10utt/sw_1066_2679.utt,2/sw2679,2679,192,b,B,104,1,Uh-huh. /,Uh-huh/UH ./.,,
sw10utt/sw_1066_2679.utt,2/sw2679,2679,193,+,A,105,1,"-- were just wonderful, {D you know. } /","--/: were/VBD just/RB wonderful/JJ ,/, you/PRP know/VBP ./.",,
sw10utt/sw_1066_2679.utt,2/sw2679,2679,194,b,B,106,1,Uh-huh. /,Uh-huh/UH ./.,,
sw10utt/sw_1066_2679.utt,2/sw2679,2679,195,sd,A,107,1,"[ I, + I'd ] like to try that too. /","I/PRP ,/, I/PRP 'd/MD like/VB to/TO try/VB that/DT too/RB ./.",,
sw10utt/sw_1066_2679.utt,2/sw2679,2679,196,b,B,108,1,Yeah.  /,Yeah/UH ./.,,
sw10utt/sw_1066_2679.utt,2/sw2679,2679,197,sd,B,108,2,"You know what I found was, at Sam's, {F uh, } Wholesale --","You/PRP know/VBP what/WP I/PRP found/VBD was/VBD ,/, at/IN Sam/NNP 's/POS ,/, uh/UH ,/, Wholesale/NNP --/:",,
sw10utt/sw_1066_2679.utt,2/sw2679,2679,198,b,A,109,1,Yeah. /,Yeah/UH ./.,,
sw10utt/sw_1066_2679.utt,2/sw2679,2679,199,+,B,110,1,"-- {F uh, } stores.  /","--/: uh/UH ,/, stores/NNS ./.",,
sw10utt/sw_1066_2679.utt,2/sw2679,2679,200,sd,B,110,2,"{C And, } {F uh, } what they have is this honey baked ham, /","And/CC ,/, uh/UH ,/, what/WP they/PRP have/VBP is/VBZ this/DT honey/NN baked/VBN ham/NN ,/,",,
sw10utt/sw_1066_2679.utt,2/sw2679,2679,201,b,A,111,1,"{F Oh, } yeah,  /","Oh/UH ,/, yeah/UH ,/,",,
sw10utt/sw_1066_2679.utt,2/sw2679,2679,202,sd,A,111,2,I saw them. /,I/PRP saw/VBD them/PRP ./.,,
sw10utt/sw_1066_2679.utt,2/sw2679,2679,203,%,B,112,1,"They, -/","They/PRP ,/,",,
sw10utt/sw_1066_2679.utt,2/sw2679,2679,204,ba,A,113,1,# That's good.  # /,That/DT 's/BES good/JJ ./.,,
sw10utt/sw_1066_2679.utt,2/sw2679,2679,205,qy,B,114,1,"# [ have you # seen, + have you ] had any of those? /","have/VBP you/PRP seen/VBN ,/, have/VBP you/PRP had/VBN any/DT of/IN those/DT ?/.",,
sw10utt/sw_1066_2679.utt,2/sw2679,2679,206,nn,A,115,1,"No,  /","No/UH ,/,",,
sw10utt/sw_1066_2679.utt,2/sw2679,2679,207,sd^e,A,115,2,"[ [ [ I, + I, ] + {F uh, } I've, ] + I ] know about Sam's.  /","I/PRP ,/, I/PRP ,/, uh/UH ,/, I/PRP 've/VBP ,/, I/PRP know/VBP about/IN Sam/NNP 's/POS ./.",,
sw10utt/sw_1066_2679.utt,2/sw2679,2679,208,sd,A,115,3,My wife I think goes  /,My/PRP$ wife/NN I/PRP think/VBP goes/VBZ,,
sw10utt/sw_1066_2679.utt,2/sw2679,2679,209,%,A,115,4,"{C but, } -/","but/CC ,/,",,
sw10utt/sw_1066_2679.utt,2/sw2679,2679,210,sd,B,116,1,"[ If, + if ] you ever get a chance to buy one of those, I think it was, {F uh, } twenty dollars, for, {F uh, } I don't remember how many pounds it was. /","If/IN ,/, if/IN you/PRP ever/RB get/VBP a/DT chance/NN to/TO buy/VB one/CD of/IN those/DT ,/, I/PRP think/VBP it/PRP was/VBD ,/, uh/UH ,/, twenty/CD dollars/NNS ,/, for/IN ,/, uh/UH ,/, I/PRP do/VBP n't/RB remember/VB how/WRB many/JJ pounds/NNS it/PRP was/VBD ./.",,
sw10utt/sw_1066_2679.utt,2/sw2679,2679,211,b,A,117,1,Uh-huh. /,Uh-huh/UH ./.,,
sw10utt/sw_1066_2679.utt,2/sw2679,2679,212,sd,B,118,1,{C But } you cook it in the bag that they send it in. /,But/CC you/PRP cook/VBP it/PRP in/IN the/DT bag/NN that/WDT they/PRP send/VBP it/PRP in/IN ./.,,
sw10utt/sw_1066_2679.utt,2/sw2679,2679,213,bh,A,119,1,"{F Oh, } really? /","Oh/UH ,/, really/UH ?/.",,
sw10utt/sw_1066_2679.utt,2/sw2679,2679,214,sd,B,120,1,{C And } all the juices and everything are all sealed in.  /,And/CC all/PDT the/DT juices/NNS and/CC everything/NN are/VBP all/RB sealed/VBN in/IN ./.,,
sw10utt/sw_1066_2679.utt,2/sw2679,2679,215,sd,B,120,2,"{C And, } I tell you what, [ i-, +  it's ] never failed to come out tender and juicy,","And/CC ,/, I/PRP tell/VBP you/PRP what/WP ,/, i-/PRP ,/, it/PRP 's/HVS never/RB failed/VBN to/TO come/VB out/RP tender/JJ and/CC juicy/JJ ,/,",,
sw10utt/sw_1066_2679.utt,2/sw2679,2679,216,sd,A,121,1,"# {F Oh, } I haven't heard #","Oh/UH ,/, I/PRP have/VBP n't/RB heard/VBN",,
sw10utt/sw_1066_2679.utt,2/sw2679,2679,217,+,B,122,1,-- # [ and just # + --,--/: and/CC just/RB --/:,,
sw10utt/sw_1066_2679.utt,2/sw2679,2679,218,+,A,123,1,"-- of that, yeah. /","--/: of/IN that/DT ,/, yeah/UH ./.",,
sw10utt/sw_1066_2679.utt,2/sw2679,2679,219,+,B,124,1,"-- and just ] delicious.  Because I normally don't like ham, because it's so  salty. /","--/: and/CC just/RB delicious/JJ ./. Because/IN I/PRP normally/RB do/VBP n't/RB like/VB ham/NN ,/, because/IN it/PRP 's/BES so/RB salty/JJ ./.",,
sw10utt/sw_1066_2679.utt,2/sw2679,2679,220,b,A,125,1,Yeah. /,Yeah/UH ./.,,
sw10utt/sw_1066_2679.utt,2/sw2679,2679,221,sd,B,126,1,"{C But } with this honey bake that they have, [ that, + that's ] the only one I have been able to find there at Sam's warehouse.  /","But/CC with/IN this/DT honey/NN bake/NN that/WDT they/PRP have/VBP ,/, that/DT ,/, that/DT 's/BES the/DT only/JJ one/CD I/PRP have/VBP been/VBN able/JJ to/TO find/VB there/RB at/IN Sam/NNP 's/POS warehouse/NN ./.",,
sw10utt/sw_1066_2679.utt,2/sw2679,2679,222,sv,B,126,2,It is absolutely delicious. /,It/PRP is/VBZ absolutely/RB delicious/JJ ./.,,
sw10utt/sw_1066_2679.utt,2/sw2679,2679,223,b,A,127,1,"{F Oh, } yeah.  /","Oh/UH ,/, yeah/UH ./.",,
sw10utt/sw_1066_2679.utt,2/sw2679,2679,224,sd@,A,127,2,I'll have to ask her about that.,I/PRP 'll/MD have/VB to/TO ask/VB her/PRP about/IN that/DT ./.,,
sw10utt/sw_1066_2679.utt,2/sw2679,2679,225,sd,B,128,1,{C And } it slices great.  Uh-huh. /,And/CC it/PRP slices/VBZ great/RB ./. Uh-huh/UH ./.,,
sw10utt/sw_1066_2679.utt,2/sw2679,2679,226,+@,A,129,1,"{F Uh, } because we have a delivery guy that comes around, that sells, - /","Uh/UH ,/, because/IN we/PRP have/VBP a/DT delivery/NN guy/NN that/WDT comes/VBZ around/RB ,/, that/WDT sells/VBZ ,/,",,
sw10utt/sw_1066_2679.utt,2/sw2679,2679,227,sd,A,129,2,I'm trying to think of his name of it.  /,I/PRP 'm/VBP trying/VBG to/TO think/VB of/IN his/PRP$ name/NN of/IN it/PRP ./.,,
sw10utt/sw_1066_2679.utt,2/sw2679,2679,228,sd,A,129,3,"{F Uh, } {F uh, } I don't know, {F uh. }  /","Uh/UH ,/, uh/UH ,/, I/PRP do/VBP n't/RB know/VB ,/, uh/UH ./.",,
sw10utt/sw_1066_2679.utt,2/sw2679,2679,229,sd,A,129,4,"I see a can here, [ or + ] a box here of Gourmet Choice.  /","I/PRP see/VBP a/DT can/NN here/RB ,/, or/CC a/DT box/NN here/RB of/IN Gourmet/NNP Choice/NNP ./.",,
sw10utt/sw_1066_2679.utt,2/sw2679,2679,230,sd,A,129,5,"{F Uh, } he delivers, {F uh. } - /","Uh/UH ,/, he/PRP delivers/VBZ ,/, uh/UH ./.",,
sw10utt/sw_1066_2679.utt,2/sw2679,2679,231,qw,A,129,6,What is the name of this thing?  /,What/WP is/VBZ the/DT name/NN of/IN this/DT thing/NN ?/.,,
sw10utt/sw_1066_2679.utt,2/sw2679,2679,232,sd,A,129,7,"I got a box,  ((  ))  distributor, marked on it,  /","I/PRP got/VBD a/DT box/NN ,/, MUMBLEx/XX distributor/NN ,/, marked/VBN on/IN it/PRP ,/,",,
sw10utt/sw_1066_2679.utt,2/sw2679,2679,233,sd,A,129,8,"it doesn't say, <<very faint>> Gourmet Choices.  /","it/PRP does/VBZ n't/RB say/VB ,/, Gourmet/NNP Choices/NNPS ./.",,
sw10utt/sw_1066_2679.utt,2/sw2679,2679,234,%,A,129,9,"{C But } he, - /","But/CC he/PRP ,/,",,
sw10utt/sw_1066_2679.utt,2/sw2679,2679,235,sd,A,129,10,"{C but } it's a company that has, {F uh, } {D you know, } a truck that comes around.  /","but/CC it/PRP 's/BES a/DT company/NN that/WDT has/VBZ ,/, uh/UH ,/, you/PRP know/VBP ,/, a/DT truck/NN that/WDT comes/VBZ around/RB ./.",,
sw10utt/sw_1066_2679.utt,2/sw2679,2679,236,sd,A,129,11,"[ {C And, } + {C and } ] they recently had hams.  /","And/CC ,/, and/CC they/PRP recently/RB had/VBD hams/NNS ./.",,
sw10utt/sw_1066_2679.utt,2/sw2679,2679,237,sd,A,129,12,"They have  steaks [ and, +","They/PRP have/VBP steaks/NNS and/CC ,/,",,
sw10utt/sw_1066_2679.utt,2/sw2679,2679,238,b,B,130,1,# Uh-huh. # /,Uh-huh/UH ./.,,
sw10utt/sw_1066_2679.utt,2/sw2679,2679,239,+,A,131,1,"# and, ] # {F uh, } {D actually, } pirogies and all that stuff that, {F uh, } - /","and/CC ,/, uh/UH ,/, actually/RB ,/, pirogies/NNS and/CC all/PDT that/DT stuff/NN that/WDT ,/, uh/UH ,/,",,
sw10utt/sw_1066_2679.utt,2/sw2679,2679,240,sd,A,131,2,"[  I, + I ] wish I could tell you the name of the company,  /","I/PRP ,/, I/PRP wish/VBP I/PRP could/MD tell/VB you/PRP the/DT name/NN of/IN the/DT company/NN ,/,",,
sw10utt/sw_1066_2679.utt,2/sw2679,2679,241,sd,A,131,3,{C but } I don't know what it is.  /,but/CC I/PRP do/VBP n't/RB know/VB what/WP it/PRP is/VBZ ./.,,
sw10utt/sw_1066_2679.utt,2/sw2679,2679,242,sd,A,131,4,"{C But, } {F uh, } they recently had a ham, that was supposed to be, - /","But/CC ,/, uh/UH ,/, they/PRP recently/RB had/VBD a/DT ham/NN ,/, that/WDT was/VBD supposed/VBN to/TO be/VB ,/,",,
sw10utt/sw_1066_2679.utt,2/sw2679,2679,243,sd,A,131,5,it was boneless -- /,it/PRP was/VBD boneless/JJ --/:,,
sw10utt/sw_1066_2679.utt,2/sw2679,2679,244,b,B,132,1,Yeah. /,Yeah/UH ./.,,
sw10utt/sw_1066_2679.utt,2/sw2679,2679,245,sd,A,133,1,-- {C and } we tried it.  /,--/: and/CC we/PRP tried/VBD it/PRP ./.,,
sw10utt/sw_1066_2679.utt,2/sw2679,2679,246,sd,A,133,2,"It was real nice,  /","It/PRP was/VBD real/RB nice/JJ ,/,",,
sw10utt/sw_1066_2679.utt,2/sw2679,2679,247,sd,A,133,3,{C and } it was fully cooked and  everything.  /,and/CC it/PRP was/VBD fully/RB cooked/JJ and/CC everything/NN ./.,,
sw10utt/sw_1066_2679.utt,2/sw2679,2679,248,sd,A,133,4,We had it --,We/PRP had/VBD it/PRP --/:,,
sw10utt/sw_1066_2679.utt,2/sw2679,2679,249,b,B,134,1,Uh-huh. /,Uh-huh/UH ./.,,
sw10utt/sw_1066_2679.utt,2/sw2679,2679,250,+,A,135,1,-- for breakfast a long time.  /,--/: for/IN breakfast/NN a/DT long/JJ time/NN ./.,,
sw10utt/sw_1066_2679.utt,2/sw2679,2679,251,sv,A,135,2,It was really great. /,It/PRP was/VBD really/RB great/JJ ./.,,
sw10utt/sw_1066_2679.utt,2/sw2679,2679,252,ba,B,136,1,Wow!  /,Wow/UH !/.,,
sw10utt/sw_1066_2679.utt,2/sw2679,2679,253,sv,B,136,2,"{D You know, } that sounds like it. /","You/PRP know/VBP ,/, that/DT sounds/VBZ like/IN it/PRP ./.",,
sw10utt/sw_1066_2679.utt,2/sw2679,2679,254,b,A,137,1,Yeah. /,Yeah/UH ./.,,
sw10utt/sw_1066_2679.utt,2/sw2679,2679,255,sd,B,138,1,"{C But }  [ that's, +  that's ] the only ham I have found that I thoroughly, thoroughly enjoy. /","But/CC that/DT 's/BES ,/, that/DT 's/BES the/DT only/JJ ham/NN I/PRP have/VBP found/VBN that/WDT I/PRP thoroughly/RB ,/, thoroughly/RB enjoy/VBP ./.",,
sw10utt/sw_1066_2679.utt,2/sw2679,2679,256,sd,A,139,1,"I would like to try the old recipe though, of cooking it,  /","I/PRP would/MD like/VB to/TO try/VB the/DT old/JJ recipe/NN though/RB ,/, of/IN cooking/VBG it/PRP ,/,",,
sw10utt/sw_1066_2679.utt,2/sw2679,2679,257,sd,A,139,2,"[ {C and, } + {C and } ] I keep saying this, {F uh, } [ to, + to ] do the different things that we did.  /","and/CC ,/, and/CC I/PRP keep/VBP saying/VBG this/DT ,/, uh/UH ,/, to/TO ,/, to/TO do/VB the/DT different/JJ things/NNS that/WDT we/PRP did/VBD ./.",,
sw10utt/sw_1066_2679.utt,2/sw2679,2679,258,sd,A,139,3,"{C But } I would like  to put one in the oven, {D you know, } the old fashioned way and put it in there for hours and hours, and see if, - /","But/CC I/PRP would/MD like/VB to/TO put/VB one/CD in/IN the/DT oven/NN ,/, you/PRP know/VBP ,/, the/DT old/JJ fashioned/JJ way/NN and/CC put/VB it/PRP in/IN there/RB for/IN hours/NNS and/CC hours/NNS ,/, and/CC see/VB if/IN ,/,",,
sw10utt/sw_1066_2679.utt,2/sw2679,2679,259,sd,A,139,4,"{C because } I don't think [ in, + in ] my married life, which is, {F uh, } twenty-six years now, we've never done that, {D you know. } /","because/IN I/PRP do/VBP n't/RB think/VB in/IN ,/, in/IN my/PRP$ married/JJ life/NN ,/, which/WDT is/VBZ ,/, uh/UH ,/, twenty-six/CD years/NNS now/RB ,/, we/PRP 've/VBP never/RB done/VBN that/DT ,/, you/PRP know/VBP ./.",,
sw10utt/sw_1066_2679.utt,2/sw2679,2679,260,b,B,140,1,Wow. /,Wow/UH ./.,,
sw10utt/sw_1066_2679.utt,2/sw2679,2679,261,sd,A,141,1,"{C And } I remember that when I was a kid, {F uh, }","And/CC I/PRP remember/VBP that/DT when/WRB I/PRP was/VBD a/DT kid/NN ,/, uh/UH ,/,",,
sw10utt/sw_1066_2679.utt,2/sw2679,2679,262,b,B,142,1,# Uh-huh. # /,Uh-huh/UH ./.,,
sw10utt/sw_1066_2679.utt,2/sw2679,2679,263,+,A,143,1,"# to # have the ham cooking.  {F Uh, } rather than that, we just, - /","to/TO have/VB the/DT ham/NN cooking/VBG ./. Uh/UH ,/, rather/IN than/IN that/DT ,/, we/PRP just/RB ,/,",,
sw10utt/sw_1066_2679.utt,2/sw2679,2679,264,sd,A,143,2,"ham is just something you have for breakfast occasionally, {D you know. } /","ham/NN is/VBZ just/RB something/NN you/PRP have/VBP for/IN breakfast/NN occasionally/RB ,/, you/PRP know/VBP ./.",,
sw10utt/sw_1066_2679.utt,2/sw2679,2679,265,b,B,144,1,Right <laughter>. /,Right/UH ./.,,
sw10utt/sw_1066_2679.utt,2/sw2679,2679,266,sd,A,145,1,"{C And } that's it, {D you know. } /","And/CC that/DT 's/BES it/PRP ,/, you/PRP know/VBP ./.",,
sw10utt/sw_1066_2679.utt,2/sw2679,2679,267,x,B,146,1,<Laughter>.,,,
sw10utt/sw_1066_2679.utt,2/sw2679,2679,268,sd,A,147,1,"In the old days, [ we had, + ] hams were the meal,  /","In/IN the/DT old/JJ days/NNS ,/, we/PRP had/VBD ,/, hams/NNS were/VBD the/DT meal/NN ,/,",,
sw10utt/sw_1066_2679.utt,2/sw2679,2679,269,sd,A,147,2,"{C and } [ I don't, + I don't ] think we,","and/CC I/PRP do/VBP n't/RB ,/, I/PRP do/VBP n't/RB think/VB we/PRP ,/,",,
sw10utt/sw_1066_2679.utt,2/sw2679,2679,270,b,B,148,1,# Right. # /,Right/UH ./.,,
sw10utt/sw_1066_2679.utt,2/sw2679,2679,271,+,A,149,1,# really # have it as a main meal. /,really/RB have/VBP it/PRP as/IN a/DT main/JJ meal/NN ./.,,
sw10utt/sw_1066_2679.utt,2/sw2679,2679,272,ba,B,150,1,That's true.  /,That/DT 's/BES true/JJ ./.,,
sw10utt/sw_1066_2679.utt,2/sw2679,2679,273,sv,B,150,2,"[  I, +  I ] don't think so anymore, not with more, becoming more conscious of, {F uh, } fat and cholesterol [ and, + and ] all those --","I/PRP ,/, I/PRP do/VBP n't/RB think/VB so/RB anymore/RB ,/, not/RB with/IN more/JJR ,/, becoming/VBG more/JJR conscious/JJ of/IN ,/, uh/UH ,/, fat/NN and/CC cholesterol/NN and/CC ,/, and/CC all/PDT those/DT --/:",,
sw10utt/sw_1066_2679.utt,2/sw2679,2679,274,b,A,151,1,Right. /,Right/UH ./.,,
sw10utt/sw_1066_2679.utt,2/sw2679,2679,275,+,B,152,1,-- good things. /,--/: good/JJ things/NNS ./.,,
sw10utt/sw_1066_2679.utt,2/sw2679,2679,276,sv,A,153,1,That's an interesting point.  /,That/DT 's/BES an/DT interesting/JJ point/NN ./.,,
sw10utt/sw_1066_2679.utt,2/sw2679,2679,277,qw,A,153,2,"[ How, + how ] have you changed [ your, + your ] meals now?  /","How/WRB ,/, how/WRB have/VBP you/PRP changed/VBN your/PRP$ ,/, your/PRP$ meals/NNS now/RB ?/.",,
sw10utt/sw_1066_2679.utt,2/sw2679,2679,278,%,A,153,3,"Have you, - /","Have/VBP you/PRP ,/,",,
sw10utt/sw_1066_2679.utt,2/sw2679,2679,279,%,A,153,4,"into that, {F uh, } -/","into/IN that/DT ,/, uh/UH ,/,",,
sw10utt/sw_1066_2679.utt,2/sw2679,2679,280,b,B,154,1,"# {F Oh, } yeah. # /","Oh/UH ,/, yeah/UH ./.",,
sw10utt/sw_1066_2679.utt,2/sw2679,2679,281,qy^d,A,155,1,# looking at # those things? /,looking/VBG at/IN those/DT things/NNS ?/.,,
sw10utt/sw_1066_2679.utt,2/sw2679,2679,282,na,B,156,1,"{D Well, } my parents actually started it, /","Well/UH ,/, my/PRP$ parents/NNS actually/RB started/VBD it/PRP ,/,",,
sw10utt/sw_1066_2679.utt,2/sw2679,2679,283,b,A,157,1,# Uh-huh. # /,Uh-huh/UH ./.,,
sw10utt/sw_1066_2679.utt,2/sw2679,2679,284,%,B,158,1,"# {C and, } # {F uh, } getting, -/","and/CC ,/, uh/UH ,/, getting/VBG ,/,",,
sw10utt/sw_1066_2679.utt,2/sw2679,2679,285,sv,A,159,1,"Parents, that's unusual. /","Parents/NNS ,/, that/DT 's/BES unusual/JJ ./.",,
sw10utt/sw_1066_2679.utt,2/sw2679,2679,286,sd,B,160,1,"{D Well, } [ it, + it's ] true.  /","Well/UH ,/, it/PRP ,/, it/PRP 's/BES true/JJ ./.",,
sw10utt/sw_1066_2679.utt,2/sw2679,2679,287,sd,B,160,2,"I think my parents are very unusual because, {F uh, } we grew up in the south, where, {F uh, } you have all the, {F uh, } {D you know, } biscuits and  gravy --","I/PRP think/VBP my/PRP$ parents/NNS are/VBP very/RB unusual/JJ because/IN ,/, uh/UH ,/, we/PRP grew/VBD up/RP in/IN the/DT south/NN ,/, where/WRB ,/, uh/UH ,/, you/PRP have/VBP all/PDT the/DT ,/, uh/UH ,/, you/PRP know/VBP ,/, biscuits/NNS and/CC gravy/NN --/:",,
sw10utt/sw_1066_2679.utt,2/sw2679,2679,288,b,A,161,1,"{F Oh, } yeah. /","Oh/UH ,/, yeah/UH ./.",,
sw10utt/sw_1066_2679.utt,2/sw2679,2679,289,+,B,162,1,"-- and, {F oh, } fried foods galore.  /","--/: and/CC ,/, oh/UH ,/, fried/JJ foods/NNS galore/JJ ./.",,
sw10utt/sw_1066_2679.utt,2/sw2679,2679,290,sd,B,162,2,"{C And then } gradually they started switching over to, {F uh, } plain rice, {F uh, } no gravy. /","And/CC then/RB gradually/RB they/PRP started/VBD switching/VBG over/RP to/IN ,/, uh/UH ,/, plain/JJ rice/NN ,/, uh/UH ,/, no/DT gravy/NN ./.",,
sw10utt/sw_1066_2679.utt,2/sw2679,2679,291,ba,A,163,1,That's amazing. /,That/DT 's/BES amazing/JJ ./.,,
sw10utt/sw_1066_2679.utt,2/sw2679,2679,292,sv,B,164,1,"[ It's just, + it ] really is.  /","It/PRP 's/BES just/RB ,/, it/PRP really/RB is/VBZ ./.",,
sw10utt/sw_1066_2679.utt,2/sw2679,2679,293,sd,B,164,2,"[ [  They, + {F uh, } they're  actually, + they actually, ] {F uh, } {F uh, } led us through it, versus, {F uh, } us teaching them, {D you know, } [ the, + {F uh, } the ] finer points.  /","They/PRP ,/, uh/UH ,/, they/PRP 're/VBP actually/RB ,/, they/PRP actually/RB ,/, uh/UH ,/, uh/UH ,/, led/VBD us/PRP through/IN it/PRP ,/, versus/IN ,/, uh/UH ,/, us/PRP teaching/VBG them/PRP ,/, you/PRP know/VBP ,/, the/DT ,/, uh/UH ,/, the/DT finer/JJR points/NNS ./.",,
sw10utt/sw_1066_2679.utt,2/sw2679,2679,294,sd,B,164,3,"{C But } my mother has really high cholesterol,  /","But/CC my/PRP$ mother/NN has/VBZ really/RB high/JJ cholesterol/NN ,/,",,
sw10utt/sw_1066_2679.utt,2/sw2679,2679,295,sd,B,164,4,{C so } it was --,so/RB it/PRP was/VBD --/:,,
sw10utt/sw_1066_2679.utt,2/sw2679,2679,296,b,A,165,1,Yeah. /,Yeah/UH ./.,,
sw10utt/sw_1066_2679.utt,2/sw2679,2679,297,+,B,166,1,-- one of the reasons which started them off.  /,--/: one/CD of/IN the/DT reasons/NNS which/WDT started/VBD them/PRP off/RP ./.,,
sw10utt/sw_1066_2679.utt,2/sw2679,2679,298,sd,B,166,2,"{C And } they started doing this, like [ in the early, + {E or } in about ] the middle seventies. /","And/CC they/PRP started/VBD doing/VBG this/DT ,/, like/IN in/IN the/DT early/JJ ,/, or/CC in/IN about/RB the/DT middle/JJ seventies/NNS ./.",,
sw10utt/sw_1066_2679.utt,2/sw2679,2679,299,ba,A,167,1,"{D Well, } that's amazing, /","Well/UH ,/, that/DT 's/BES amazing/JJ ,/,",,
sw10utt/sw_1066_2679.utt,2/sw2679,2679,300,b,B,168,1,"# {F Uh, } yeah. # /","Uh/UH ,/, yeah/UH ./.",,
sw10utt/sw_1066_2679.utt,2/sw2679,2679,301,%,A,169,1,"# they'd go, - /","they/PRP 'd/MD go/VB ,/,",,
sw10utt/sw_1066_2679.utt,2/sw2679,2679,302,sd,A,169,2,# that they have started. - /,that/IN they/PRP have/VBP started/VBN ./.,,
sw10utt/sw_1066_2679.utt,2/sw2679,2679,303,sd,A,169,3,Usually it's the younger people doing it.  /,Usually/RB it/PRP 's/BES the/DT younger/JJR people/NNS doing/VBG it/PRP ./.,,
sw10utt/sw_1066_2679.utt,2/sw2679,2679,304,%,A,169,4,Yeah. /,Yeah/UH ./.,,
sw10utt/sw_1066_2679.utt,2/sw2679,2679,305,ba,B,170,1,"It's true,  /","It/PRP 's/BES true/JJ ,/,",,
sw10utt/sw_1066_2679.utt,2/sw2679,2679,306,ba^r,B,170,2,it's true.  /,it/PRP 's/BES true/JJ ./.,,
sw10utt/sw_1066_2679.utt,2/sw2679,2679,307,aa,B,170,3,I agree with you. /,I/PRP agree/VBP with/IN you/PRP ./.,,
sw10utt/sw_1066_2679.utt,2/sw2679,2679,308,%,A,171,1,"I, - /","I/PRP ,/,",,
sw10utt/sw_1066_2679.utt,2/sw2679,2679,309,sd,A,171,2,"{F uh, }","uh/UH ,/,",,
sw10utt/sw_1066_2679.utt,2/sw2679,2679,310,ba,B,172,1,"# {C So, } it's really neat.  # /","So/RB ,/, it/PRP 's/BES really/RB neat/JJ ./.",,
sw10utt/sw_1066_2679.utt,2/sw2679,2679,311,+,A,173,1,"# [ my, + my ] wife's mother # is the only grandparent left,  /","my/PRP$ ,/, my/PRP$ wife/NN 's/POS mother/NN is/VBZ the/DT only/JJ grandparent/NN left/VBN ,/,",,
sw10utt/sw_1066_2679.utt,2/sw2679,2679,312,sd,A,173,2,"{C and, } {F uh, }","and/CC ,/, uh/UH ,/,",,
sw10utt/sw_1066_2679.utt,2/sw2679,2679,313,b,B,174,1,# Uh-huh. # /,Uh-huh/UH ./.,,
sw10utt/sw_1066_2679.utt,2/sw2679,2679,314,+,A,175,1,# she # has high cholesterol.  /,she/PRP has/VBZ high/JJ cholesterol/NN ./.,,
sw10utt/sw_1066_2679.utt,2/sw2679,2679,315,sd,A,175,2,"Of course, [ I ha-, + I have ] too,  but not like  hers. /","Of/IN course/NN ,/, I/PRP ha/VBP ,/, I/PRP have/VBP too/RB ,/, but/CC not/RB like/IN hers/PRP ./.",,
sw10utt/sw_1066_2679.utt,2/sw2679,2679,316,b,B,176,1,Uh-huh. /,Uh-huh/UH ./.,,
sw10utt/sw_1066_2679.utt,2/sw2679,2679,317,sd,A,177,1,{C And } I always get after her about salt and everything else.  /,And/CC I/PRP always/RB get/VBP after/RP her/PRP about/IN salt/NN and/CC everything/NN else/RB ./.,,
sw10utt/sw_1066_2679.utt,2/sw2679,2679,318,sd,A,177,2,"{C And } she just will, {E I mean, } she's going to eat the same way she ate, {D you know, }","And/CC she/PRP just/RB will/MD ,/, I/PRP mean/VBP ,/, she/PRP 's/BES going/VBG to/TO eat/VB the/DT same/JJ way/NN she/PRP ate/VBD ,/, you/PRP know/VBP ,/,",,
sw10utt/sw_1066_2679.utt,2/sw2679,2679,319,b,B,178,1,# That's right.  # /,That/DT 's/BES right/JJ ./.,,
sw10utt/sw_1066_2679.utt,2/sw2679,2679,320,+,A,179,1,# her whole # life.  /,her/PRP$ whole/JJ life/NN ./.,,
sw10utt/sw_1066_2679.utt,2/sw2679,2679,321,sd,A,179,2,"{C And } she just tells, more or less tells me to shut up, {D you know. } /","And/CC she/PRP just/RB tells/VBZ ,/, more/RBR or/CC less/RBR tells/VBZ me/PRP to/TO shut/VB up/RP ,/, you/PRP know/VBP ./.",,
sw10utt/sw_1066_2679.utt,2/sw2679,2679,322,b,B,180,1,Right <laughter>. /,Right/UH ./.,,
sw10utt/sw_1066_2679.utt,2/sw2679,2679,323,%,A,181,1,"{C And, } {F uh, } I like to, - /","And/CC ,/, uh/UH ,/, I/PRP like/VBP to/TO ,/,",,
sw10utt/sw_1066_2679.utt,2/sw2679,2679,324,sd,A,181,2,I'm trying to do something about my cholesterol in the same way. /,I/PRP 'm/VBP trying/VBG to/TO do/VB something/NN about/IN my/PRP$ cholesterol/NN in/IN the/DT same/JJ way/NN ./.,,
sw10utt/sw_1066_2679.utt,2/sw2679,2679,325,b,B,182,1,Uh-huh. /,Uh-huh/UH ./.,,
sw10utt/sw_1066_2679.utt,2/sw2679,2679,326,%,A,183,1,"{F Uh, } /","Uh/UH ,/,",,
sw10utt/sw_1066_2679.utt,2/sw2679,2679,327,b,B,184,1,# Uh-huh. # /,Uh-huh/UH ./.,,
sw10utt/sw_1066_2679.utt,2/sw2679,2679,328,%,A,185,1,"# {F uh, } # [ it's, + it's ] not the  ((  )) - /","uh/UH ,/, it/PRP 's/BES ,/, it/PRP 's/BES not/RB the/DT MUMBLEx/XX",,
sw10utt/sw_1066_2679.utt,2/sw2679,2679,329,sd,A,185,2,". I listen to, {F uh, } Larry  (( Newarth ))  on the weekend.  /","./. I/PRP listen/VBP to/IN ,/, uh/UH ,/, Larry/NNP Newarth/NNP on/IN the/DT weekend/NN ./.",,
sw10utt/sw_1066_2679.utt,2/sw2679,2679,330,sd,A,185,3,He's a fitness expert  /,He/PRP 's/BES a/DT fitness/NN expert/NN,,
sw10utt/sw_1066_2679.utt,2/sw2679,2679,331,sd,A,185,4,"{C and, } {F uh, } he talks about, {D you know, } the chicken and the rice --","and/CC ,/, uh/UH ,/, he/PRP talks/VBZ about/IN ,/, you/PRP know/VBP ,/, the/DT chicken/NN and/CC the/DT rice/NN --/:",,
sw10utt/sw_1066_2679.utt,2/sw2679,2679,332,b,B,186,1,Uh-huh. /,Uh-huh/UH ./.,,
sw10utt/sw_1066_2679.utt,2/sw2679,2679,333,+,A,187,1,-- and everything else.  /,--/: and/CC everything/NN else/RB ./.,,
sw10utt/sw_1066_2679.utt,2/sw2679,2679,334,sd,A,187,2,"[ {C And, } + {C and, } ] {F uh, } throwing away peanut butter and all [ the things + <laughter>,","And/CC ,/, and/CC ,/, uh/UH ,/, throwing/VBG away/RB peanut/NN butter/NN and/CC all/PDT the/DT things/NNS ,/,",,
sw10utt/sw_1066_2679.utt,2/sw2679,2679,335,x,B,188,1,# <Laughter>.  #,,,
sw10utt/sw_1066_2679.utt,2/sw2679,2679,336,+,A,189,1,"# {D you # know, } the things ] not to eat, {D you know, } ever.  /","you/PRP know/VBP ,/, the/DT things/NNS not/RB to/TO eat/VB ,/, you/PRP know/VBP ,/, ever/RB ./.",,
sw10utt/sw_1066_2679.utt,2/sw2679,2679,337,sd,A,189,2,I think the peanut butter and mayonnaise he would throw away for ever.  /,I/PRP think/VBP the/DT peanut/NN butter/NN and/CC mayonnaise/NN he/PRP would/MD throw/VB away/RB for/GW ever/^RB ./.,,
sw10utt/sw_1066_2679.utt,2/sw2679,2679,338,sd,A,189,3,{C And then } he's got me into making eggs without the yolk. /,And/CC then/RB he/PRP 's/HVS got/VBN me/PRP into/IN making/VBG eggs/NNS without/IN the/DT yolk/NN ./.,,
sw10utt/sw_1066_2679.utt,2/sw2679,2679,339,ba,B,190,1,Wow! /,Wow/UH !/.,,
sw10utt/sw_1066_2679.utt,2/sw2679,2679,340,ad,A,191,1,"{D You know, } try that sometime. /","You/PRP know/VBP ,/, try/VB that/DT sometime/RB ./.",,
sw10utt/sw_1066_2679.utt,2/sw2679,2679,341,b,B,192,1,Uh-huh. /,Uh-huh/UH ./.,,
sw10utt/sw_1066_2679.utt,2/sw2679,2679,342,sd,A,193,1,My wife says she can't stand it.  /,My/PRP$ wife/NN says/VBZ she/PRP ca/MD n't/RB stand/VB it/PRP ./.,,
sw10utt/sw_1066_2679.utt,2/sw2679,2679,343,sd,A,193,2,"{C But, } {F uh, } when I make scrambled eggs now, talking about a recipe, -/","But/CC ,/, uh/UH ,/, when/WRB I/PRP make/VBP scrambled/JJ eggs/NNS now/RB ,/, talking/VBG about/IN a/DT recipe/NN ,/,",,
sw10utt/sw_1066_2679.utt,2/sw2679,2679,344,b,B,194,1,# Uh-huh. # /,Uh-huh/UH ./.,,
sw10utt/sw_1066_2679.utt,2/sw2679,2679,345,%,A,195,1,"# I, - /","I/PRP ,/,",,
sw10utt/sw_1066_2679.utt,2/sw2679,2679,346,sd,A,195,2,"# {D say } if I have four eggs, [ not, + not ] for me, - /","say/UH if/IN I/PRP have/VBP four/CD eggs/NNS ,/, not/RB ,/, not/RB for/IN me/PRP ,/,",,
sw10utt/sw_1066_2679.utt,2/sw2679,2679,347,sd,A,195,3,"{C but } if I'm making four eggs, {F uh, } even for my daughter [ and + ] [ I, + I'll ] take out all the yolks but one. /","but/CC if/IN I/PRP 'm/VBP making/VBG four/CD eggs/NNS ,/, uh/UH ,/, even/RB for/IN my/PRP$ daughter/NN and/CC I/PRP ,/, I/PRP 'll/MD take/VB out/RB all/PDT the/DT yolks/NNS but/CC one/CD ./.",,
sw10utt/sw_1066_2679.utt,2/sw2679,2679,348,ba,B,196,1,Wow! /,Wow/UH !/.,,
sw10utt/sw_1066_2679.utt,2/sw2679,2679,349,sd,A,197,1,[ {C And } + {C and } ] it's fine.  /,And/CC and/CC it/PRP 's/BES fine/JJ ./.,,
sw10utt/sw_1066_2679.utt,2/sw2679,2679,350,sv,A,197,2,"[ You, + you ] don't miss it, {F uh. } /","You/PRP ,/, you/PRP do/VBP n't/RB miss/VB it/PRP ,/, uh/UH ./.",,
sw10utt/sw_1066_2679.utt,2/sw2679,2679,351,b,B,198,1,{F Huh. } /,Huh/UH ./.,,
sw10utt/sw_1066_2679.utt,2/sw2679,2679,352,sd,A,199,1,"In fact, [ when I, + when I ] make eggs for myself, [ if I, + if I ] fry them, throw them in there, I will almost hard fry them so I can [ take, + ] not eat the yolk at all. /","In/IN fact/NN ,/, when/WRB I/PRP ,/, when/WRB I/PRP make/VBP eggs/NNS for/IN myself/PRP ,/, if/IN I/PRP ,/, if/IN I/PRP fry/VBP them/PRP ,/, throw/VBP them/PRP in/IN there/EX ,/, I/PRP will/MD almost/RB hard/GW fry/^VB them/PRP so/IN I/PRP can/MD take/VB ,/, not/RB eat/VB the/DT yolk/NN at/IN all/DT ./.",,
sw10utt/sw_1066_2679.utt,2/sw2679,2679,353,b,B,200,1,"Uh-huh,  /","Uh-huh/UH ,/,",,
sw10utt/sw_1066_2679.utt,2/sw2679,2679,354,b^r,B,200,2,uh-huh. /,uh-huh/UH ./.,,
sw10utt/sw_1066_2679.utt,2/sw2679,2679,355,sv,A,201,1,{C And } you don't really miss it.  /,And/CC you/PRP do/VBP n't/RB really/RB miss/VB it/PRP ./.,,
sw10utt/sw_1066_2679.utt,2/sw2679,2679,356,sd,A,201,2,"You get the flavor of the yolk,  /","You/PRP get/VBP the/DT flavor/NN of/IN the/DT yolk/NN ,/,",,
sw10utt/sw_1066_2679.utt,2/sw2679,2679,357,sd,A,201,3,"{C but, } {F uh } you don't eat it at all, {D you know. }  /","but/CC ,/, uh/UH you/PRP do/VBP n't/RB eat/VB it/PRP at/IN all/DT ,/, you/PRP know/VBP ./.",,
sw10utt/sw_1066_2679.utt,2/sw2679,2679,358,sd,A,201,4,"You don't,  /","You/PRP do/VBP n't/RB ,/,",,
sw10utt/sw_1066_2679.utt,2/sw2679,2679,359,sd,A,201,5,they're hard.  /,they/PRP 're/VBP hard/JJ ./.,,
sw10utt/sw_1066_2679.utt,2/sw2679,2679,360,sd,A,201,6,"You get {D like, } {F uh, } a bite [ at, + at ] the [ m-, + most. ] /","You/PRP get/VBP like/IN ,/, uh/UH ,/, a/DT bite/NN at/IN ,/, at/IN the/DT m/JJS ,/, most/JJS ./.",,
sw10utt/sw_1066_2679.utt,2/sw2679,2679,361,b,B,202,1,Uh-huh. /,Uh-huh/UH ./.,,
sw10utt/sw_1066_2679.utt,2/sw2679,2679,362,sd,A,203,1,"{C And so, } {F uh, } for cholesterol, {E I mean, } I'm trying that.  /","And/CC so/RB ,/, uh/UH ,/, for/IN cholesterol/NN ,/, I/PRP mean/VBP ,/, I/PRP 'm/VBP trying/VBG that/DT ./.",,
sw10utt/sw_1066_2679.utt,2/sw2679,2679,363,sd,A,203,2,{C And } it has worked.  /,And/CC it/PRP has/VBZ worked/VBN ./.,,
sw10utt/sw_1066_2679.utt,2/sw2679,2679,364,sd,A,203,3,My cholesterol gone down twenty points.  /,My/PRP$ cholesterol/NN gone/VBN down/RP twenty/CD points/NNS ./.,,
sw10utt/sw_1066_2679.utt,2/sw2679,2679,365,%,A,203,4,"{C So, } although, -/","So/RB ,/, although/IN ,/,",,
sw10utt/sw_1066_2679.utt,2/sw2679,2679,366,ba,B,204,1,"# Wow, that's good.  # /","Wow/UH ,/, that/DT 's/BES good/JJ ./.",,
sw10utt/sw_1066_2679.utt,2/sw2679,2679,367,sd,A,205,1,"# I haven't gotten # on the, [ which, whether yu-, + ]  butter or [ cholest-, + not cholesterol, ] + ] margarine and all that.  /","I/PRP have/VBP n't/RB gotten/VBN on/IN the/DT ,/, which/WDT ,/, whether/IN yu-/XX ,/, butter/NN or/CC cholest-/NN ,/, not/RB cholesterol/NN ,/, margarine/NN and/CC all/PDT that/DT ./.",,
sw10utt/sw_1066_2679.utt,2/sw2679,2679,368,sd,A,205,2,"I don't [ know, + know, ] whether any of that  is true, {D you know } <<fade out>>.","I/PRP do/VBP n't/RB know/VB ,/, know/VB ,/, whether/IN any/DT of/IN that/DT is/VBZ true/JJ ,/, you/PRP know/VBP ./.",,
sw10utt/sw_1066_2679.utt,2/sw2679,2679,369,b,B,206,1,Uh-huh. /,Uh-huh/UH ./.,,
sw10utt/sw_1066_2679.utt,2/sw2679,2679,370,+,A,207,1,"Whether the margarines or butter, -/","Whether/IN the/DT margarines/NNS or/CC butter/NN ,/,",,
