swda_filename,ptb_basename,conversation_no,transcript_index,act_tag,caller,utterance_index,subutterance_index,text,pos,trees,ptb_treenumbers
sw10utt/sw_1063_2432.utt,2/sw2432,2432,0,o,A,1,1,Okay. /,Okay/UH ./.,,
sw10utt/sw_1063_2432.utt,2/sw2432,2432,1,sd,B,2,1,"{D Well, } I just got back from taking my little girl to her Brownie meeting,  /","Well/UH ,/, I/PRP just/RB got/VBD back/RB from/IN taking/VBG my/PRP$ little/JJ girl/NN to/IN her/PRP$ Brownie/NNP meeting/NN ,/,",,
sw10utt/sw_1063_2432.utt,2/sw2432,2432,2,sd,B,2,2,"{C and then } we had  [ this whole can, + ] {F uh, } a bag filled full of cans -- /","and/CC then/RB we/PRP had/VBD this/DT whole/JJ can/NN ,/, uh/UH ,/, a/DT bag/NN filled/VBD full/RB of/IN cans/NNS --/:",,
sw10utt/sw_1063_2432.utt,2/sw2432,2432,3,b,A,3,1,Uh-huh. /,Uh-huh/UH ./.,,
sw10utt/sw_1063_2432.utt,2/sw2432,2432,4,sd,B,4,1,-- {C and } they've been recycling at their school.  /,--/: and/CC they/PRP 've/VBP been/VBN recycling/VBG at/IN their/PRP$ school/NN ./.,,
sw10utt/sw_1063_2432.utt,2/sw2432,2432,5,sd,B,4,2,"{D Well, } she wanted me to just wait and let her dump them off tomorrow. /","Well/UH ,/, she/PRP wanted/VBD me/PRP to/TO just/RB wait/VB and/CC let/VB her/PRP$ dump/VB them/PRP off/RP tomorrow/NN ./.",,
sw10utt/sw_1063_2432.utt,2/sw2432,2432,6,b,A,5,1,Uh-huh. /,Uh-huh/UH ./.,,
sw10utt/sw_1063_2432.utt,2/sw2432,2432,7,sd,B,6,1,{C But } they were filled with beer cans <laughter>. /,But/CC they/PRP were/VBD filled/VBN with/IN beer/NN cans/NNS ./.,,
sw10utt/sw_1063_2432.utt,2/sw2432,2432,8,b,A,7,1,Hm <laughter>. /,Hm/UH ./.,,
sw10utt/sw_1063_2432.utt,2/sw2432,2432,9,sd,B,8,1,"{C and } I hated to take a big old sack,  {E I mean, } [ one time, + ] {E I mean, } like a lawn bag --","and/CC I/PRP hated/VBD to/TO take/VB a/DT big/JJ old/JJ sack/NN ,/, I/PRP mean/VBP ,/, one/CD time/NN ,/, I/PRP mean/VBP ,/, like/IN a/DT lawn/NN bag/NN --/:",,
sw10utt/sw_1063_2432.utt,2/sw2432,2432,10,b,A,9,1,Uh-huh. /,Uh-huh/UH ./.,,
sw10utt/sw_1063_2432.utt,2/sw2432,2432,11,+,B,10,1,-- full of them.  /,--/: full/JJ of/IN them/PRP ./.,,
sw10utt/sw_1063_2432.utt,2/sw2432,2432,12,%,B,10,2,"{D Like } I, - /","Like/IN I/PRP ,/,",,
sw10utt/sw_1063_2432.utt,2/sw2432,2432,13,%,B,10,3,"no,  /","no/DT ,/,",,
sw10utt/sw_1063_2432.utt,2/sw2432,2432,14,sd,B,10,4,we'll just taking them up there and put them in the bins anyway. /,we/PRP 'll/MD just/RB taking/VBG them/PRP up/IN there/RB and/CC put/VB them/PRP in/IN the/DT bins/NNS anyway/RB ./.,,
sw10utt/sw_1063_2432.utt,2/sw2432,2432,15,b,A,11,1,Uh-huh. /,Uh-huh/UH ./.,,
sw10utt/sw_1063_2432.utt,2/sw2432,2432,16,sd,B,12,1,"They had tickets at their school that they recycle {C either } newspapers {C or } cans,  /","They/PRP had/VBD tickets/NNS at/IN their/PRP$ school/NN that/IN they/PRP recycle/VBP either/DT newspapers/NNS or/CC cans/NNS ,/,",,
sw10utt/sw_1063_2432.utt,2/sw2432,2432,17,sd,B,12,2,{C and } I think that's all. /,and/CC I/PRP think/VBP that/DT 's/BES all/DT ./.,,
sw10utt/sw_1063_2432.utt,2/sw2432,2432,18,b,A,13,1,Oh. /,Oh/UH ./.,,
sw10utt/sw_1063_2432.utt,2/sw2432,2432,19,t3,B,14,1,"<Talking> <<someone speaking in the background>> Okay,  /","Okay/UH ,/,",,
sw10utt/sw_1063_2432.utt,2/sw2432,2432,20,sd,B,14,2,{C and } they're taking the money that they earn </talking> to plant trees. /,and/CC they/PRP 're/VBP taking/VBG the/DT money/NN that/WDT they/PRP earn/VBP to/TO plant/VB trees/NNS ./.,,
sw10utt/sw_1063_2432.utt,2/sw2432,2432,21,ba,A,15,1,"{F Oh, } that's a good idea. /","Oh/UH ,/, that/DT 's/BES a/DT good/JJ idea/NN ./.",,
sw10utt/sw_1063_2432.utt,2/sw2432,2432,22,b,B,16,1,"Yeah,  /","Yeah/UH ,/,",,
sw10utt/sw_1063_2432.utt,2/sw2432,2432,23,sd,B,16,2,"{C and } they've got their bins that stay there,  /","and/CC they/PRP 've/VBP got/VBN their/PRP$ bins/NNS that/WDT stay/VBP there/RB ,/,",,
sw10utt/sw_1063_2432.utt,2/sw2432,2432,24,sd,B,16,3,"{C and } they've decorated real cute,  {D you know, } with a bunch of big old flowers --","and/CC they/PRP 've/VBP decorated/VBN real/RB cute/JJ ,/, you/PRP know/VBP ,/, with/IN a/DT bunch/NN of/IN big/JJ old/JJ flowers/NNS --/:",,
sw10utt/sw_1063_2432.utt,2/sw2432,2432,25,b,A,17,1,Uh-huh. /,Uh-huh/UH ./.,,
sw10utt/sw_1063_2432.utt,2/sw2432,2432,26,+,B,18,1,-- and stuff.  /,--/: and/CC stuff/NN ./.,,
sw10utt/sw_1063_2432.utt,2/sw2432,2432,27,sd,B,18,2,{C So } they're getting into it.  /,So/RB they/PRP 're/VBP getting/VBG into/IN it/PRP ./.,,
sw10utt/sw_1063_2432.utt,2/sw2432,2432,28,sd,B,18,3,"I don't know what they get for the tickets, though.  /","I/PRP do/VBP n't/RB know/VB what/WP they/PRP get/VBP for/IN the/DT tickets/NNS ,/, though/RB ./.",,
sw10utt/sw_1063_2432.utt,2/sw2432,2432,29,t3,B,18,4,"<<talking to someone off the phone>> What do you get for the tickets, if you bring stuff?  /","What/WP do/VBP you/PRP get/VB for/IN the/DT tickets/NNS ,/, if/IN you/PRP bring/VBP stuff/NN ?/.",,
sw10utt/sw_1063_2432.utt,2/sw2432,2432,30,sd,B,18,5,"<talking> {F Oh, } the class that gets the most tickets gets a party </talking>. /","Oh/UH ,/, the/DT class/NN that/WDT gets/VBZ the/DT most/JJS tickets/NNS gets/VBZ a/DT party/NN ./.",,
sw10utt/sw_1063_2432.utt,2/sw2432,2432,31,ba,A,19,1,"{F Oh, } that's good. /","Oh/UH ,/, that/DT 's/BES good/JJ ./.",,
sw10utt/sw_1063_2432.utt,2/sw2432,2432,32,aa,B,20,1,"It's not bad, yeah. /","It/PRP 's/BES not/RB bad/JJ ,/, yeah/UH ./.",,
sw10utt/sw_1063_2432.utt,2/sw2432,2432,33,^h,A,21,1,"{F Um, } I know, - /","Um/UH ,/, I/PRP know/VBP ,/,",,
sw10utt/sw_1063_2432.utt,2/sw2432,2432,34,sd,A,21,2,"[ [ we + <<speaks to someone off phone>>  ((   ))  {F um, } we, ] + we ] are kind of getting into recycling now.  /","we/PRP MUMBLEx/XX um/UH ,/, we/PRP ,/, we/PRP are/VBP kind/RB of/RB getting/VBG into/IN recycling/NN now/RB ./.",,
sw10utt/sw_1063_2432.utt,2/sw2432,2432,35,sd,A,21,3,"I'm in college,  /","I/PRP 'm/VBP in/IN college/NN ,/,",,
sw10utt/sw_1063_2432.utt,2/sw2432,2432,36,sd,A,21,4,"{C and } I live in a dorm,  /","and/CC I/PRP live/VBP in/IN a/DT dorm/NN ,/,",,
sw10utt/sw_1063_2432.utt,2/sw2432,2432,37,sd,A,21,5,{C and } we recycle paper. /,and/CC we/PRP recycle/VBP paper/NN ./.,,
sw10utt/sw_1063_2432.utt,2/sw2432,2432,38,b,B,22,1,Uh-huh. /,Uh-huh/UH ./.,,
sw10utt/sw_1063_2432.utt,2/sw2432,2432,39,sd,A,23,1,"{C And } I know that there's a glass plant up here,  /","And/CC I/PRP know/VBP that/IN there/EX 's/BES a/DT glass/NN plant/NN up/IN here/RB ,/,",,
sw10utt/sw_1063_2432.utt,2/sw2432,2432,40,sd,A,23,2,"{C and } they recycle glass,  /","and/CC they/PRP recycle/VBP glass/NN ,/,",,
sw10utt/sw_1063_2432.utt,2/sw2432,2432,41,sd,A,23,3,"{C and, } {D you know, } we recycle old aluminum cans and all that kind of stuff. /","and/CC ,/, you/PRP know/VBP ,/, we/PRP recycle/VBP old/JJ aluminum/NN cans/NNS and/CC all/PDT that/DT kind/NN of/IN stuff/NN ./.",,
sw10utt/sw_1063_2432.utt,2/sw2432,2432,42,qy,B,24,1,{C So } in each of the dorms you have a place for that? /,So/RB in/IN each/DT of/IN the/DT dorms/NNS you/PRP have/VBP a/DT place/NN for/IN that/DT ?/.,,
sw10utt/sw_1063_2432.utt,2/sw2432,2432,43,ny,A,25,1,Uh-huh. /,Uh-huh/UH ./.,,
sw10utt/sw_1063_2432.utt,2/sw2432,2432,44,ba,B,26,1,That's really good. /,That/DT 's/BES really/RB good/JJ ./.,,
sw10utt/sw_1063_2432.utt,2/sw2432,2432,45,b,A,27,1,Uh-huh.  /,Uh-huh/UH ./.,,
sw10utt/sw_1063_2432.utt,2/sw2432,2432,46,b,A,27,2,Yeah.  /,Yeah/UH ./.,,
sw10utt/sw_1063_2432.utt,2/sw2432,2432,47,sd,A,27,3,"{C And then } when our dorm, - /","And/CC then/RB when/WRB our/PRP$ dorm/NN ,/,",,
sw10utt/sw_1063_2432.utt,2/sw2432,2432,48,sd,A,27,4,"whenever our bins are all filled up, we take them and turn them in,  /","whenever/WRB our/PRP$ bins/NNS are/VBP all/RB filled/VBN up/RP ,/, we/PRP take/VBP them/PRP and/CC turn/VBP them/PRP in/IN ,/,",,
sw10utt/sw_1063_2432.utt,2/sw2432,2432,49,sd,A,27,5,{C and then } we get money for that. /,and/CC then/RB we/PRP get/VBP money/NN for/IN that/DT ./.,,
sw10utt/sw_1063_2432.utt,2/sw2432,2432,50,qy^d,B,28,1,"For the dorm,  /","For/IN the/DT dorm/NN ,/,",,
sw10utt/sw_1063_2432.utt,2/sw2432,2432,51,qw,B,28,2,{C and } who decides what you do with it? /,and/CC who/WP decides/VBZ what/WP you/PRP do/VBP with/IN it/PRP ?/.,,
sw10utt/sw_1063_2432.utt,2/sw2432,2432,52,ny,A,29,1,"Yeah,  /","Yeah/UH ,/,",,
sw10utt/sw_1063_2432.utt,2/sw2432,2432,53,sd^e,A,29,2,"[ we just put, + {D you know, } we just  keep ] it with the dorm. /","we/PRP just/RB put/VBP ,/, you/PRP know/VBP ,/, we/PRP just/RB keep/VBP it/PRP with/IN the/DT dorm/NN ./.",,
sw10utt/sw_1063_2432.utt,2/sw2432,2432,54,qw,B,30,1,{C And } what do they do with it? /,And/CC what/WP do/VBP they/PRP do/VB with/IN it/PRP ?/.,,
sw10utt/sw_1063_2432.utt,2/sw2432,2432,55,sd,A,31,1,"{D Well, } we buy things for the dorm, whatever the dorm needs, {D you know. }  /","Well/UH ,/, we/PRP buy/VBP things/NNS for/IN the/DT dorm/NN ,/, whatever/WDT the/DT dorm/NN needs/VBZ ,/, you/PRP know/VBP ./.",,
sw10utt/sw_1063_2432.utt,2/sw2432,2432,56,sd,A,31,2,"{D Like } we have access to a microwave and an oven if we want to cook things,  /","Like/IN we/PRP have/VBP access/NN to/IN a/DT microwave/NN and/CC an/DT oven/NN if/IN we/PRP want/VBP to/TO cook/VB things/NNS ,/,",,
sw10utt/sw_1063_2432.utt,2/sw2432,2432,57,sd,A,31,3,"{C and then } we buy, like, cooking equipment and stuff. /","and/CC then/RB we/PRP buy/VBP ,/, like/IN ,/, cooking/NN equipment/NN and/CC stuff/NN ./.",,
sw10utt/sw_1063_2432.utt,2/sw2432,2432,58,b,B,32,1,Uh-huh. /,Uh-huh/UH ./.,,
sw10utt/sw_1063_2432.utt,2/sw2432,2432,59,sd,A,33,1,"{C Or } we play games, like board games.  /","Or/CC we/PRP play/VBP games/NNS ,/, like/IN board/NN games/NNS ./.",,
sw10utt/sw_1063_2432.utt,2/sw2432,2432,60,sd,A,33,2,We buy board games.  /,We/PRP buy/VBP board/NN games/NNS ./.,,
sw10utt/sw_1063_2432.utt,2/sw2432,2432,61,sd,A,33,3,"{D You know, } it's just different things, whatever, {D you know, }  /","You/PRP know/VBP ,/, it/PRP 's/BES just/RB different/JJ things/NNS ,/, whatever/WDT ,/, you/PRP know/VBP ,/,",,
sw10utt/sw_1063_2432.utt,2/sw2432,2432,62,sd,A,33,4,"we vote on it,  /","we/PRP vote/VBP on/IN it/PRP ,/,",,
sw10utt/sw_1063_2432.utt,2/sw2432,2432,63,sd,A,33,5,"{C and } whatever the dorm would want, that's what we buy. /","and/CC whatever/WDT the/DT dorm/NN would/MD want/VB ,/, that/DT 's/BES what/WP we/PRP buy/VBP ./.",,
sw10utt/sw_1063_2432.utt,2/sw2432,2432,64,sd,B,34,1,"{D Well, } I graduated from college in nineteen seventy-two, /","Well/UH ,/, I/PRP graduated/VBD from/IN college/NN in/IN nineteen/CD seventy-two/CD ,/,",,
sw10utt/sw_1063_2432.utt,2/sw2432,2432,65,b,A,35,1,Uh-huh. /,Uh-huh/UH ./.,,
sw10utt/sw_1063_2432.utt,2/sw2432,2432,66,sd,B,36,1,"{C And } we were just, {F um, } not aware that this was a problem, that we ever would need to recycle. /","And/CC we/PRP were/VBD just/RB ,/, um/UH ,/, not/RB aware/JJ that/IN this/DT was/VBD a/DT problem/NN ,/, that/IN we/PRP ever/RB would/MD need/VB to/TO recycle/VB ./.",,
sw10utt/sw_1063_2432.utt,2/sw2432,2432,67,b,A,37,1,Yeah. /,Yeah/UH ./.,,
sw10utt/sw_1063_2432.utt,2/sw2432,2432,68,sd,B,38,1,"Of course, you just threw it away. /","Of/IN course/NN ,/, you/PRP just/RB threw/VBD it/PRP away/RB ./.",,
sw10utt/sw_1063_2432.utt,2/sw2432,2432,69,b,A,39,1,Uh-huh. /,Uh-huh/UH ./.,,
sw10utt/sw_1063_2432.utt,2/sw2432,2432,70,sd,B,40,1,"{C So, } a little different.  /","So/RB ,/, a/DT little/JJ different/JJ ./.",,
sw10utt/sw_1063_2432.utt,2/sw2432,2432,71,sd,B,40,2,"{C And } I wanted to do this thing that you can get through Target, to recycle.  /","And/CC I/PRP wanted/VBD to/TO do/VB this/DT thing/NN that/WDT you/PRP can/MD get/VB through/IN Target/NNP ,/, to/TO recycle/VB ./.",,
sw10utt/sw_1063_2432.utt,2/sw2432,2432,72,sd,B,40,3,"I had my school do it,  /","I/PRP had/VBD my/PRP$ school/NN do/VB it/PRP ,/,",,
sw10utt/sw_1063_2432.utt,2/sw2432,2432,73,sd,B,40,4,"{C but } my principal said since we're doing this thing called Operation Desert Shield, we're sending letters to all these servicemen and making video tapes and all that <laughter>. /","but/CC my/PRP$ principal/NN said/VBD since/IN we/PRP 're/VBP doing/VBG this/DT thing/NN called/VBN Operation/NNP Desert/NNP Shield/NNP ,/, we/PRP 're/VBP sending/VBG letters/NNS to/IN all/PDT these/DT servicemen/NNS and/CC making/VBG video/NN tapes/NNS and/CC all/PDT that/DT ./.",,
sw10utt/sw_1063_2432.utt,2/sw2432,2432,74,b,A,41,1,Yeah. /,Yeah/UH ./.,,
sw10utt/sw_1063_2432.utt,2/sw2432,2432,75,sd,B,42,1,"The whole school, {D you know, } - /","The/DT whole/JJ school/NN ,/, you/PRP know/VBP ,/,",,
sw10utt/sw_1063_2432.utt,2/sw2432,2432,76,sd,B,42,2,"it was just this big project,  /","it/PRP was/VBD just/RB this/DT big/JJ project/NN ,/,",,
sw10utt/sw_1063_2432.utt,2/sw2432,2432,77,sd,B,42,3,she didn't want to get into that.  /,she/PRP did/VBD n't/RB want/VB to/TO get/VB into/IN that/DT ./.,,
sw10utt/sw_1063_2432.utt,2/sw2432,2432,78,sd,B,42,4,"{C And } I could do it in the center,  /","And/CC I/PRP could/MD do/VB it/PRP in/IN the/DT center/NN ,/,",,
sw10utt/sw_1063_2432.utt,2/sw2432,2432,79,sd,B,42,5,{C and } I just never got around to it. /,and/CC I/PRP just/RB never/RB got/VBD around/IN to/IN it/PRP ./.,,
sw10utt/sw_1063_2432.utt,2/sw2432,2432,80,x,A,43,1,<Laughter>.,,,
sw10utt/sw_1063_2432.utt,2/sw2432,2432,81,sd,B,44,1,"{C But, } it's like a club,  /","But/CC ,/, it/PRP 's/BES like/IN a/DT club/NN ,/,",,
sw10utt/sw_1063_2432.utt,2/sw2432,2432,82,qy,B,44,2,you know about that? /,you/PRP know/VBP about/IN that/DT ?/.,,
sw10utt/sw_1063_2432.utt,2/sw2432,2432,83,nn,A,45,1,No. /,No/UH ./.,,
sw10utt/sw_1063_2432.utt,2/sw2432,2432,84,sd,B,46,1,"A little boy that had died of leukemia, I think,  /","A/DT little/JJ boy/NN that/WDT had/VBD died/VBN of/IN leukemia/NN ,/, I/PRP think/VBP ,/,",,
sw10utt/sw_1063_2432.utt,2/sw2432,2432,85,sd,B,46,2,"{C and } he had started this, {F um, } save the environment club. /","and/CC he/PRP had/VBD started/VBN this/DT ,/, um/UH ,/, save/VB the/DT environment/NN club/NN ./.",,
sw10utt/sw_1063_2432.utt,2/sw2432,2432,86,b,A,47,1,Oh. /,Oh/UH ./.,,
sw10utt/sw_1063_2432.utt,2/sw2432,2432,87,sd,B,48,1,{C And } his mother is carrying this on.  /,And/CC his/PRP$ mother/NN is/VBZ carrying/VBG this/DT on/RP ./.,,
sw10utt/sw_1063_2432.utt,2/sw2432,2432,88,sd,B,48,2,"{C And } you can get the information to set it up, {D you know } --","And/CC you/PRP can/MD get/VB the/DT information/NN to/TO set/VB it/PRP up/RP ,/, you/PRP know/VBP --/:",,
sw10utt/sw_1063_2432.utt,2/sw2432,2432,89,b,A,49,1,Uh-huh. /,Uh-huh/UH ./.,,
sw10utt/sw_1063_2432.utt,2/sw2432,2432,90,+,B,50,1,"-- and join,  /","--/: and/CC join/VB ,/,",,
sw10utt/sw_1063_2432.utt,2/sw2432,2432,91,sd,B,50,2,"you don't have to join it as a group or anything, I don't guess. /","you/PRP do/VBP n't/RB have/VB to/TO join/VB it/PRP as/IN a/DT group/NN or/CC anything/NN ,/, I/PRP do/VBP n't/RB guess/VB ./.",,
sw10utt/sw_1063_2432.utt,2/sw2432,2432,92,%,A,51,1,"{F Oh, } that'd be go-, -/","Oh/UH ,/, that/DT 'd/MD be/VB go-/XX ,/,",,
sw10utt/sw_1063_2432.utt,2/sw2432,2432,93,sd,B,52,1,{C But } you could start your own anyway.  /,But/CC you/PRP could/MD start/VB your/PRP$ own/JJ anyway/RB ./.,,
sw10utt/sw_1063_2432.utt,2/sw2432,2432,94,sd,B,52,2,"Get a pamphlet, /","Get/VB a/DT pamphlet/NN ,/,",,
sw10utt/sw_1063_2432.utt,2/sw2432,2432,95,qy,A,53,1,"Is that what this target is,  /","Is/VBZ that/DT what/WP this/DT target/NNP is/VBZ ,/,",,
sw10utt/sw_1063_2432.utt,2/sw2432,2432,96,%,A,53,2,"what you're, -/","what/WP you/PRP 're/VBP ,/,",,
sw10utt/sw_1063_2432.utt,2/sw2432,2432,97,qy,B,54,1,Do you all have Target stores up there? /,Do/VBP you/PRP all/DT have/VB Target/NNP stores/NNS up/IN there/RB ?/.,,
sw10utt/sw_1063_2432.utt,2/sw2432,2432,98,nn,A,55,1,No. /,No/UH ./.,,
sw10utt/sw_1063_2432.utt,2/sw2432,2432,99,bk^r,B,56,1,No. /,No/UH ./.,,
sw10utt/sw_1063_2432.utt,2/sw2432,2432,100,b,A,57,1,Huh-uh. /,Huh-uh/UH ./.,,
sw10utt/sw_1063_2432.utt,2/sw2432,2432,101,sd,B,58,1,That's a department store. /,That/DT 's/BES a/DT department/NN store/NN ./.,,
sw10utt/sw_1063_2432.utt,2/sw2432,2432,102,b,A,59,1,Oh. /,Oh/UH ./.,,
sw10utt/sw_1063_2432.utt,2/sw2432,2432,103,sd,B,60,1,Kind of like K Mart --,Kind/RB of/RB like/IN K/NNP Mart/NNP --/:,,
sw10utt/sw_1063_2432.utt,2/sw2432,2432,104,b,A,61,1,Uh-huh. /,Uh-huh/UH ./.,,
sw10utt/sw_1063_2432.utt,2/sw2432,2432,105,+,B,62,1,"-- except it's a little better than what K Mart sells, I think. /","--/: except/IN it/PRP 's/BES a/DT little/RB better/JJR than/IN what/WP K/NNP Mart/NNP sells/VBZ ,/, I/PRP think/VBP ./.",,
sw10utt/sw_1063_2432.utt,2/sw2432,2432,106,b,A,63,1,Oh.  /,Oh/UH ./.,,
sw10utt/sw_1063_2432.utt,2/sw2432,2432,107,sd,A,63,2,"I would like, - /","I/PRP would/MD like/VB ,/,",,
sw10utt/sw_1063_2432.utt,2/sw2432,2432,108,sd,A,63,3,let's start up a Target.  /,let/VB 's/PRP start/VB up/RP a/DT Target/NNP ./.,,
sw10utt/sw_1063_2432.utt,2/sw2432,2432,109,%,A,63,4,No.  /,No/UH ./.,,
sw10utt/sw_1063_2432.utt,2/sw2432,2432,110,sd,A,63,5,"{F Um, } I don't really know any other recycling that they do. /","Um/UH ,/, I/PRP do/VBP n't/RB really/RB know/VB any/DT other/JJ recycling/NN that/WDT they/PRP do/VBP ./.",,
sw10utt/sw_1063_2432.utt,2/sw2432,2432,111,qy^d,B,64,1,"{C So, } [ you're not pick-, + you're not ] having it picked up --","So/RB ,/, you/PRP 're/VBP not/RB pick-/XX ,/, you/PRP 're/VBP not/RB having/VBG it/PRP picked/VBD up/RP --/:",,
sw10utt/sw_1063_2432.utt,2/sw2432,2432,112,nn,A,65,1,No. /,No/DT ./.,,
sw10utt/sw_1063_2432.utt,2/sw2432,2432,113,+,B,66,1,-- at your houses or anything. /,--/: at/IN your/PRP$ houses/NNS or/CC anything/NN ./.,,
sw10utt/sw_1063_2432.utt,2/sw2432,2432,114,nn,A,67,1,"No,  /","No/UH ,/,",,
sw10utt/sw_1063_2432.utt,2/sw2432,2432,115,nn,A,67,2,huh-uh.  /,huh-uh/UH ./.,,
sw10utt/sw_1063_2432.utt,2/sw2432,2432,116,sd,A,67,3,We have to take it to a recycling place. /,We/PRP have/VBP to/TO take/VB it/PRP to/IN a/DT recycling/NN place/NN ./.,,
sw10utt/sw_1063_2432.utt,2/sw2432,2432,117,b,B,68,1,{F Huh. }  /,Huh/UH ./.,,
sw10utt/sw_1063_2432.utt,2/sw2432,2432,118,sd,B,68,2,"Now in some of the towns around us, they're already picking up the newspapers. /","Now/UH in/IN some/DT of/IN the/DT towns/NNS around/IN us/PRP ,/, they/PRP 're/VBP already/RB picking/VBG up/RP the/DT newspapers/NNS ./.",,
sw10utt/sw_1063_2432.utt,2/sw2432,2432,119,b,A,69,1,Uh-huh. /,Uh-huh/UH ./.,,
sw10utt/sw_1063_2432.utt,2/sw2432,2432,120,sd,B,70,1,"{D Well, } they're doing that here, too, now that I think about it <talking>.  <<man's voice in background>> Once every so many weeks,  /","Well/UH ,/, they/PRP 're/VBP doing/VBG that/DT here/RB ,/, too/RB ,/, now/RB that/IN I/PRP think/VBP about/IN it/PRP ./. Once/RB every/DT so/RB many/JJ weeks/NNS ,/,",,
sw10utt/sw_1063_2432.utt,2/sw2432,2432,121,sd,B,70,2,"{C and } you have to pull out all the slicks,  /","and/CC you/PRP have/VBP to/TO pull/VB out/IN all/PDT the/DT slicks/NNS ,/,",,
sw10utt/sw_1063_2432.utt,2/sw2432,2432,122,sd,B,70,3,{C and } you have to wrap them up with string. /,and/CC you/PRP have/VBP to/TO wrap/VB them/PRP up/RP with/IN string/NN ./.,,
sw10utt/sw_1063_2432.utt,2/sw2432,2432,123,b,A,71,1,Oh. /,Oh/UH ./.,,
sw10utt/sw_1063_2432.utt,2/sw2432,2432,124,sd,B,72,1,"{C And, } I think that's all they're picking up.  /","And/CC ,/, I/PRP think/VBP that/DT 's/BES all/DT they/PRP 're/VBP picking/VBG up/RP ./.",,
sw10utt/sw_1063_2432.utt,2/sw2432,2432,125,sd,B,72,2,"{C But } {D you know, } {D like } in Minnesota, they've got their bins where you put plastics and your bottles. /","But/CC you/PRP know/VBP ,/, like/IN in/IN Minnesota/NNP ,/, they/PRP 've/VBP got/VBN their/PRP$ bins/NNS where/WRB you/PRP put/VBP plastics/NNS and/CC your/PRP$ bottles/NNS ./.",,
sw10utt/sw_1063_2432.utt,2/sw2432,2432,126,sd,A,73,1,"{F Oh, } I didn't know that. /","Oh/UH ,/, I/PRP did/VBD n't/RB know/VB that/DT ./.",,
sw10utt/sw_1063_2432.utt,2/sw2432,2432,127,b,B,74,1,"Yeah,  /","Yeah/UH ,/,",,
sw10utt/sw_1063_2432.utt,2/sw2432,2432,128,sd,B,74,2,"{C because } my brother-in-law lives in Minnesota,  /","because/IN my/PRP$ brother-in-law/NN lives/VBZ in/IN Minnesota/NNP ,/,",,
sw10utt/sw_1063_2432.utt,2/sw2432,2432,129,sd,B,74,3,"{C and } they're are just nice, plastic bins,  /","and/CC they/PRP 're/VBP are/VBP just/RB nice/JJ ,/, plastic/NN bins/NNS ,/,",,
sw10utt/sw_1063_2432.utt,2/sw2432,2432,130,sd,B,74,4,"{C and } you fill them up and put them out with your other trash,  /","and/CC you/PRP fill/VBP them/PRP up/RP and/CC put/VBP them/PRP out/IN with/IN your/PRP$ other/JJ trash/NN ,/,",,
sw10utt/sw_1063_2432.utt,2/sw2432,2432,131,sd,B,74,5,{C and } they pick them up. /,and/CC they/PRP pick/VBP them/PRP up/RP ./.,,
sw10utt/sw_1063_2432.utt,2/sw2432,2432,132,sd,A,75,1,{F Um. }  I never heard of that <talking> <<people in background>>. /,Um/UH ./. I/PRP never/RB heard/VBD of/IN that/DT ./.,,
sw10utt/sw_1063_2432.utt,2/sw2432,2432,133,qy,B,76,1,Do you all have can banks? /,Do/VBP you/PRP all/DT have/VB can/NN banks/NNS ?/.,,
sw10utt/sw_1063_2432.utt,2/sw2432,2432,134,no,A,77,1,"{F Um, } not that I know of <laughter>. /","Um/UH ,/, not/RB that/IN I/PRP know/VBP of/IN ./.",,
sw10utt/sw_1063_2432.utt,2/sw2432,2432,135,qy,B,78,1,No? /,No/UH ?/.,,
sw10utt/sw_1063_2432.utt,2/sw2432,2432,136,nn,A,79,1,No. /,No/UH ./.,,
sw10utt/sw_1063_2432.utt,2/sw2432,2432,137,%,B,80,1,"<Talking> <<people in background>> I sus-, - /","I/PRP sus-/XX ,/,",,
sw10utt/sw_1063_2432.utt,2/sw2432,2432,138,sd,B,80,2,"a big old bin,  /","a/DT big/JJ old/JJ bin/NN ,/,",,
sw10utt/sw_1063_2432.utt,2/sw2432,2432,139,sd,B,80,3,"{C and } you just feed your cans slowly into the slot,  /","and/CC you/PRP just/RB feed/VBP your/PRP$ cans/NNS slowly/RB into/IN the/DT slot/NN ,/,",,
sw10utt/sw_1063_2432.utt,2/sw2432,2432,140,sd,B,80,4,"{C and } your money comes out, {D you know, } every once in a while, for however much poundage you've got.  /","and/CC your/PRP$ money/NN comes/VBZ out/RB ,/, you/PRP know/VBP ,/, every/DT once/RB in/IN a/DT while/NN ,/, for/IN however/RB much/JJ poundage/NN you/PRP 've/VBP got/VBN ./.",,
sw10utt/sw_1063_2432.utt,2/sw2432,2432,141,sd,B,80,5,{C And } if you keep feeding it until the light goes off.,And/CC if/IN you/PRP keep/VBP feeding/VBG it/PRP until/IN the/DT light/NN goes/VBZ off/RP ./.,,
sw10utt/sw_1063_2432.utt,2/sw2432,2432,142,ba,A,81,1,{F Oh } my gosh. /,Oh/UH my/PRP$ gosh/UH ./.,,
sw10utt/sw_1063_2432.utt,2/sw2432,2432,143,+,B,82,1,[ And + ] you get instant cash.  /,And/CC you/PRP get/VBP instant/NN cash/NN ./.,,
sw10utt/sw_1063_2432.utt,2/sw2432,2432,144,sd,B,82,2,"{C But } they had one that I was putting my stuff in,  /","But/CC they/PRP had/VBD one/CD that/WDT I/PRP was/VBD putting/VBG my/PRP$ stuff/NN in/IN ,/,",,
sw10utt/sw_1063_2432.utt,2/sw2432,2432,145,sd,B,82,3,"{C and } I went to take some today,  /","and/CC I/PRP went/VBD to/TO take/VB some/DT today/NN ,/,",,
sw10utt/sw_1063_2432.utt,2/sw2432,2432,146,sd,B,82,4,{C and } it was gone. /,and/CC it/PRP was/VBD gone/VBN ./.,,
sw10utt/sw_1063_2432.utt,2/sw2432,2432,147,b,A,83,1,{F Um. } /,Um/UH ./.,,
sw10utt/sw_1063_2432.utt,2/sw2432,2432,148,b,B,84,1,I don't know.  /,I/PRP do/VBP n't/RB know/VB ./.,,
sw10utt/sw_1063_2432.utt,2/sw2432,2432,149,sd,B,84,2,{C But } I located another one today on the way to work. /,But/CC I/PRP located/VBD another/DT one/CD today/NN on/IN the/DT way/NN to/IN work/NN ./.,,
sw10utt/sw_1063_2432.utt,2/sw2432,2432,150,b,A,85,1,"Yeah,  /","Yeah/UH ,/,",,
sw10utt/sw_1063_2432.utt,2/sw2432,2432,151,sd,A,85,2,"{F uh, } we have places where we go  /","uh/UH ,/, we/PRP have/VBP places/NNS where/WRB we/PRP go/VBP",,
sw10utt/sw_1063_2432.utt,2/sw2432,2432,152,sd,A,85,3,"{C and } [ we, + what we ] do is we unload our cans.  /","and/CC we/PRP ,/, what/WP we/PRP do/VBP is/VBZ we/PRP unload/VBP our/PRP$ cans/NNS ./.",,
sw10utt/sw_1063_2432.utt,2/sw2432,2432,153,sd,A,85,4,"It's like a conveyor belt,  /","It/PRP 's/BES like/IN a/DT conveyor/NN belt/NN ,/,",,
sw10utt/sw_1063_2432.utt,2/sw2432,2432,154,sd,A,85,5,{C and } the belt separates the aluminum ones from the steel ones because it has a magnet on it.  /,and/CC the/DT belt/NN separates/VBZ the/DT aluminum/NN ones/NNS from/IN the/DT steel/NN ones/NNS because/IN it/PRP has/VBZ a/DT magnet/NN on/IN it/PRP ./.,,
sw10utt/sw_1063_2432.utt,2/sw2432,2432,155,sd,A,85,6,"{C And then } they weigh, {F uh, } your aluminum cans,  /","And/CC then/RB they/PRP weigh/VBP ,/, uh/UH ,/, your/PRP$ aluminum/NN cans/NNS ,/,",,
sw10utt/sw_1063_2432.utt,2/sw2432,2432,156,sd,A,85,7,{C and then } you get money for your aluminum cans. /,and/CC then/RB you/PRP get/VBP money/NN for/IN your/PRP$ aluminum/NN cans/NNS ./.,,
sw10utt/sw_1063_2432.utt,2/sw2432,2432,157,qy^d,B,86,1,{C But } they don't give you for the other. /,But/CC they/PRP do/VBP n't/RB give/VB you/PRP for/IN the/DT other/NN ./.,,
sw10utt/sw_1063_2432.utt,2/sw2432,2432,158,nn,A,87,1,No.  /,No/UH ./.,,
sw10utt/sw_1063_2432.utt,2/sw2432,2432,159,sd,A,87,2,"{C But } now they're going to start giving us money for the other ones, too.  /","But/CC now/RB they/PRP 're/VBP going/VBG to/TO start/VB giving/VBG us/PRP money/NN for/IN the/DT other/JJ ones/NNS ,/, too/RB ./.",,
sw10utt/sw_1063_2432.utt,2/sw2432,2432,160,sd,A,87,3,"Before, they didn't.  /","Before/IN ,/, they/PRP did/VBD n't/RB ./.",,
sw10utt/sw_1063_2432.utt,2/sw2432,2432,161,sd,A,87,4,{C But } I know they're going <talking> <<in background>> to start now. /,But/CC I/PRP know/VBP they/PRP 're/VBP going/VBG to/TO start/VB now/RB ./.,,
sw10utt/sw_1063_2432.utt,2/sw2432,2432,162,b,B,88,1,Uh-huh.  /,Uh-huh/UH ./.,,
sw10utt/sw_1063_2432.utt,2/sw2432,2432,163,sd,B,88,2,"{D Well } they're certain places, {D you know, } where down there you can take your leaded cans.  /","Well/UH they/PRP 're/VBP certain/JJ places/NNS ,/, you/PRP know/VBP ,/, where/WRB down/IN there/RB you/PRP can/MD take/VB your/PRP$ leaded/VBN cans/NNS ./.",,
sw10utt/sw_1063_2432.utt,2/sw2432,2432,164,sd,B,88,3,{C But } I don't know where they are.  /,But/CC I/PRP do/VBP n't/RB know/VB where/WRB they/PRP are/VBP ./.,,
sw10utt/sw_1063_2432.utt,2/sw2432,2432,165,sd,B,88,4,They publish it in the newspaper if you wanted to get into it. /,They/PRP publish/VBP it/PRP in/IN the/DT newspaper/NN if/IN you/PRP wanted/VBD to/TO get/VB into/IN it/PRP ./.,,
sw10utt/sw_1063_2432.utt,2/sw2432,2432,166,b,A,89,1,Uh-huh. /,Uh-huh/UH ./.,,
sw10utt/sw_1063_2432.utt,2/sw2432,2432,167,b,B,90,1,I don't know.  /,I/PRP do/VBP n't/RB know/VB ./.,,
sw10utt/sw_1063_2432.utt,2/sw2432,2432,168,sd,B,90,2,I'm trying  /,I/PRP 'm/VBP trying/VBG,,
sw10utt/sw_1063_2432.utt,2/sw2432,2432,169,sd,B,90,3,"{C but, }","but/CC ,/,",,
sw10utt/sw_1063_2432.utt,2/sw2432,2432,170,x,A,91,1,<Laughter>.,,,
sw10utt/sw_1063_2432.utt,2/sw2432,2432,171,+,B,92,1,I just can't recycle everything. /,I/PRP just/RB ca/MD n't/RB recycle/VB everything/NN ./.,,
sw10utt/sw_1063_2432.utt,2/sw2432,2432,172,b,A,93,1,"Yeah,  /","Yeah/UH ,/,",,
sw10utt/sw_1063_2432.utt,2/sw2432,2432,173,b^r,A,93,2,yeah  /,yeah/UH,,
sw10utt/sw_1063_2432.utt,2/sw2432.pos,2432,174,x,A,93,3,<laughter>.,./.
sw10utt/sw_1063_2432.utt,2/sw2432,2432,175,sd,B,94,1,I'm not that dedicated. /,I/PRP 'm/VBP not/RB that/RB dedicated/VBD ./.,,
sw10utt/sw_1063_2432.utt,2/sw2432,2432,176,b,A,95,1,Yeah. /,Yeah/UH ./.,,
sw10utt/sw_1063_2432.utt,2/sw2432,2432,177,%,B,96,1,{C But. } -/,But/CC ./.,,
sw10utt/sw_1063_2432.utt,2/sw2432,2432,178,sd,A,97,1,"{D Well, } that's all I really know about recycling. /","Well/UH ,/, that/DT 's/BES all/DT I/PRP really/RB know/VBP about/IN recycling/NN ./.",,
sw10utt/sw_1063_2432.utt,2/sw2432,2432,179,sd,B,98,1,"Me, too.  /","Me/PRP ,/, too/RB ./.",,
sw10utt/sw_1063_2432.utt,2/sw2432,2432,180,%,B,98,2,If they would. - /,If/IN they/PRP would/MD ./.,,
sw10utt/sw_1063_2432.utt,2/sw2432,2432,181,sd,B,98,3,"{F Oh, } I know, we're saving our grocery bags now. /","Oh/UH ,/, I/PRP know/VBP ,/, we/PRP 're/VBP saving/VBG our/PRP$ grocery/NN bags/NNS now/RB ./.",,
sw10utt/sw_1063_2432.utt,2/sw2432,2432,182,bh,A,99,1,{F Oh } really? /,Oh/UH really/UH ?/.,,
sw10utt/sw_1063_2432.utt,2/sw2432,2432,183,ny,B,100,1,"Yeah,  /","Yeah/UH ,/,",,
sw10utt/sw_1063_2432.utt,2/sw2432,2432,184,sd^e,B,100,2,they're taking those up.  /,they/PRP 're/VBP taking/VBG those/DT up/RP ./.,,
sw10utt/sw_1063_2432.utt,2/sw2432,2432,185,sd,B,100,3,You can take them to the stores <talking> <<in background>>.  /,You/PRP can/MD take/VB them/PRP to/IN the/DT stores/NNS ./.,,
sw10utt/sw_1063_2432.utt,2/sw2432,2432,186,sd,B,100,4,"{F Um, } {D like } Kroger's doing it.  /","Um/UH ,/, like/IN Kroger/NNP 's/BES doing/VBG it/PRP ./.",,
sw10utt/sw_1063_2432.utt,2/sw2432,2432,187,sd,B,100,5,{C And } I think Skaggs.  /,And/CC I/PRP think/VBP Skaggs/NNP ./.,,
sw10utt/sw_1063_2432.utt,2/sw2432,2432,188,qy,B,100,6,Do you have those up there? /,Do/VBP you/PRP have/VB those/DT up/IN there/RB ?/.,,
sw10utt/sw_1063_2432.utt,2/sw2432,2432,189,na,A,101,1,"We have Kroger,  but not a Skaggs. /","We/PRP have/VBP Kroger/NNP ,/, but/CC not/RB a/DT Skaggs/NNP ./.",,
sw10utt/sw_1063_2432.utt,2/sw2432,2432,190,%,B,102,1,"{C And } we, - /","And/CC we/PRP ,/,",,
sw10utt/sw_1063_2432.utt,2/sw2432,2432,191,sd,B,102,2,"they're taking our milk cartons and our plastic coke bottles there, too. /","they/PRP 're/VBP taking/VBG our/PRP$ milk/NN cartons/NNS and/CC our/PRP$ plastic/NN coke/NNP bottles/NNS there/RB ,/, too/RB ./.",,
sw10utt/sw_1063_2432.utt,2/sw2432,2432,192,b,A,103,1,Oh. /,Oh/UH ./.,,
sw10utt/sw_1063_2432.utt,2/sw2432,2432,193,%,B,104,1,{D So. } -/,So/UH ./.,,
sw10utt/sw_1063_2432.utt,2/sw2432,2432,194,%,A,105,1,{F Uh. } /,Uh/UH ./.,,
sw10utt/sw_1063_2432.utt,2/sw2432,2432,195,qy^g,B,106,1,That's pretty good isn't it. /,That/DT 's/BES pretty/RB good/JJ is/VBZ n't/RB it/PRP ./.,,
sw10utt/sw_1063_2432.utt,2/sw2432,2432,196,na,A,107,1,You guys are getting into it more than we are. /,You/PRP guys/NNS are/VBP getting/VBG into/IN it/PRP more/JJR than/IN we/PRP are/VBP ./.,,
sw10utt/sw_1063_2432.utt,2/sw2432,2432,197,sd,B,108,1,"It sounds like it,  /","It/PRP sounds/VBZ like/IN it/PRP ,/,",,
sw10utt/sw_1063_2432.utt,2/sw2432,2432,198,sv,B,108,2,you'd think you would be. /,you/PRP 'd/MD think/VB you/PRP would/MD be/VB ./.,,
sw10utt/sw_1063_2432.utt,2/sw2432,2432,199,b,A,109,1,Uh-huh.  /,Uh-huh/UH ./.,,
sw10utt/sw_1063_2432.utt,2/sw2432,2432,200,o,A,109,2,"Huh-uh,  /","Huh-uh/UH ,/,",,
sw10utt/sw_1063_2432.utt,2/sw2432,2432,201,sd,A,109,3,"I've never seen any, {D you know, } places that do.  /","I/PRP 've/VBP never/RB seen/VBN any/DT ,/, you/PRP know/VBP ,/, places/NNS that/WDT do/VBP ./.",,
sw10utt/sw_1063_2432.utt,2/sw2432,2432,202,sd,A,109,4,"I know, {F um, } we reuse our grocery bags now.  /","I/PRP know/VBP ,/, um/UH ,/, we/PRP reuse/VBP our/PRP$ grocery/NN bags/NNS now/RB ./.",,
sw10utt/sw_1063_2432.utt,2/sw2432,2432,203,sd,A,109,5,"We take them back, {D you know, } and use the ones that we have.  /","We/PRP take/VBP them/PRP back/RB ,/, you/PRP know/VBP ,/, and/CC use/VBP the/DT ones/NNS that/WDT we/PRP have/VBP ./.",,
sw10utt/sw_1063_2432.utt,2/sw2432,2432,204,sd,A,109,6,"You can like, - /","You/PRP can/MD like/IN ,/,",,
sw10utt/sw_1063_2432.utt,2/sw2432,2432,205,sd,A,109,7,if you have grocery bags you can take them and use them instead of getting new ones. /,if/IN you/PRP have/VBP grocery/NN bags/NNS you/PRP can/MD take/VB them/PRP and/CC use/VB them/PRP instead/IN of/IN getting/VBG new/JJ ones/NNS ./.,,
sw10utt/sw_1063_2432.utt,2/sw2432,2432,206,qy,B,110,1,You mean where you sack your own groceries. /,You/PRP mean/VBP where/WRB you/PRP sack/VBP your/PRP$ own/JJ groceries/NNS ./.,,
sw10utt/sw_1063_2432.utt,2/sw2432,2432,207,ny,A,111,1,Yeah.  /,Yeah/UH ./.,,
sw10utt/sw_1063_2432.utt,2/sw2432,2432,208,ny^r,A,111,2,"Yeah,  /","Yeah/UH ,/,",,
sw10utt/sw_1063_2432.utt,2/sw2432,2432,209,sd^e,A,111,3,{C but } we don't have any place that collects the grocery bags. /,but/CC we/PRP do/VBP n't/RB have/VB any/DT place/NN that/WDT collects/VBZ the/DT grocery/NN bags/NNS ./.,,
sw10utt/sw_1063_2432.utt,2/sw2432,2432,210,b,B,112,1,{F Huh. }  /,Huh/UH ./.,,
sw10utt/sw_1063_2432.utt,2/sw2432,2432,211,sd,B,112,2,"{C And } I don't want to go with those canvas bags right now, I'm sorry.  /","And/CC I/PRP do/VBP n't/RB want/VB to/TO go/VB with/IN those/DT canvas/NN bags/NNS right/RB now/RB ,/, I/PRP 'm/VBP sorry/JJ ./.",,
sw10utt/sw_1063_2432.utt,2/sw2432,2432,212,sd,B,112,3,I'm not that European <laughter>. /,I/PRP 'm/VBP not/RB that/RB European/JJ ./.,,
sw10utt/sw_1063_2432.utt,2/sw2432,2432,213,x,A,113,1,<Laughter>.,,,
sw10utt/sw_1063_2432.utt,2/sw2432,2432,214,%,B,114,1,"{C But } {D you know, } they do that like, - /","But/CC you/PRP know/VBP ,/, they/PRP do/VBP that/DT like/IN ,/,",,
sw10utt/sw_1063_2432.utt,2/sw2432,2432,215,sd,B,114,2,"I went to Europe, nineteen seventy-three. /","I/PRP went/VBD to/IN Europe/NNP ,/, nineteen/CD seventy-three/CD ./.",,
sw10utt/sw_1063_2432.utt,2/sw2432,2432,216,b,A,115,1,Uh-huh. /,Uh-huh/UH ./.,,
sw10utt/sw_1063_2432.utt,2/sw2432,2432,217,sd,B,116,1,"{C And, } {D you know, } they go all the time.  /","And/CC ,/, you/PRP know/VBP ,/, they/PRP go/VBP all/PDT the/DT time/NN ./.",,
sw10utt/sw_1063_2432.utt,2/sw2432,2432,218,sd,B,116,2,It's like they would go almost every day to the store.  /,It/PRP 's/BES like/IN they/PRP would/MD go/VB almost/RB every/DT day/NN to/IN the/DT store/NN ./.,,
sw10utt/sw_1063_2432.utt,2/sw2432,2432,219,sd,B,116,3,{C And } they had their little bags --,And/CC they/PRP had/VBD their/PRP$ little/JJ bags/NNS --/:,,
sw10utt/sw_1063_2432.utt,2/sw2432,2432,220,b,A,117,1,Uh-huh. /,Uh-huh/UH ./.,,
sw10utt/sw_1063_2432.utt,2/sw2432,2432,221,+,B,118,1,"-- way back then,  and fill it up.  /","--/: way/RB back/RB then/RB ,/, and/CC fill/VBP it/PRP up/RP ./.",,
sw10utt/sw_1063_2432.utt,2/sw2432,2432,222,sd,B,118,2,{C And } they had this little bitty old teeny refrigerators. /,And/CC they/PRP had/VBD this/DT little/JJ bitty/JJ old/JJ teeny/JJ refrigerators/NNS ./.,,
sw10utt/sw_1063_2432.utt,2/sw2432,2432,223,ba,A,119,1,"{F Oh, } my. /","Oh/UH ,/, my/UH ./.",,
sw10utt/sw_1063_2432.utt,2/sw2432,2432,224,sv,B,120,1,That's why.  /,That/DT 's/BES why/WRB ./.,,
sw10utt/sw_1063_2432.utt,2/sw2432,2432,225,sd,B,120,2,They couldn't put anything in it hardly.  /,They/PRP could/MD n't/RB put/VB anything/NN in/IN it/PRP hardly/RB ./.,,
sw10utt/sw_1063_2432.utt,2/sw2432,2432,226,%,B,120,3,"{C But, } -/","But/CC ,/,",,
sw10utt/sw_1063_2432.utt,2/sw2432,2432,227,%,A,121,1,{F Uh. } /,Uh/UH ./.,,
sw10utt/sw_1063_2432.utt,2/sw2432,2432,228,qo,B,122,1,"{D Well, } what are you going to do when you get out of college? /","Well/UH ,/, what/WP are/VBP you/PRP going/VBG to/TO do/VB when/WRB you/PRP get/VBP out/IN of/IN college/NN ?/.",,
sw10utt/sw_1063_2432.utt,2/sw2432,2432,229,sd,A,123,1,I'm a finance major. /,I/PRP 'm/VBP a/DT finance/NN major/NN ./.,,
sw10utt/sw_1063_2432.utt,2/sw2432,2432,230,sd,B,124,1,"{D Well, } that's why I did what I did.  /","Well/UH ,/, that/DT 's/BES why/WRB I/PRP did/VBD what/WP I/PRP did/VBD ./.",,
sw10utt/sw_1063_2432.utt,2/sw2432,2432,231,sd,B,124,2,I went into teaching <laughter>. /,I/PRP went/VBD into/IN teaching/NN ./.,,
sw10utt/sw_1063_2432.utt,2/sw2432,2432,232,x,A,125,1,<Laughter>.,,,
sw10utt/sw_1063_2432.utt,2/sw2432,2432,233,sd,B,126,1,Here in Texas it's a real mess right now. /,Here/RB in/IN Texas/NNP it/PRP 's/BES a/DT real/JJ mess/NN right/RB now/RB ./.,,
sw10utt/sw_1063_2432.utt,2/sw2432,2432,234,b,A,127,1,"{F Oh, } really. /","Oh/UH ,/, really/UH ./.",,
sw10utt/sw_1063_2432.utt,2/sw2432,2432,235,aa,B,128,1,{F Oh } definitely.  /,Oh/UH definitely/UH ./.,,
sw10utt/sw_1063_2432.utt,2/sw2432,2432,236,%,B,128,2,There's no. - /,There/EX 's/BES no/DT ./.,,
sw10utt/sw_1063_2432.utt,2/sw2432,2432,237,^h,B,128,3,"Let's see,  /","Let/VB 's/PRP see/VB ,/,",,
sw10utt/sw_1063_2432.utt,2/sw2432,2432,238,sd,B,128,4,"we've had the funding,  /","we/PRP 've/VBP had/VBN the/DT funding/NN ,/,",,
sw10utt/sw_1063_2432.utt,2/sw2432,2432,239,sd,B,128,5,we've run out of money.  /,we/PRP 've/VBP run/VBN out/IN of/IN money/NN ./.,,
sw10utt/sw_1063_2432.utt,2/sw2432,2432,240,sd,B,128,6,We've frozen the money.  /,We/PRP 've/VBP frozen/VBN the/DT money/NN ./.,,
sw10utt/sw_1063_2432.utt,2/sw2432,2432,241,^g,B,128,7,Right?  /,Right/UH ?/.,,
sw10utt/sw_1063_2432.utt,2/sw2432,2432,242,sd,B,128,8,"{C And } they had until the fifteenth of April to come up some formula that would be more equitable to different districts according to finances, because the poor districts were getting less money, so not as good an education. /","And/CC they/PRP had/VBD until/IN the/DT fifteenth/JJ of/IN April/NNP to/TO come/VB up/RP some/DT formula/NN that/WDT would/MD be/VB more/RBR equitable/JJ to/IN different/JJ districts/NNS according/VBG to/IN finances/NNS ,/, because/IN the/DT poor/JJ districts/NNS were/VBD getting/VBG less/JJR money/NN ,/, so/RB not/RB as/RB good/JJ an/DT education/NN ./.",,
sw10utt/sw_1063_2432.utt,2/sw2432,2432,243,b,A,129,1,Uh-huh. /,Uh-huh/UH ./.,,
sw10utt/sw_1063_2432.utt,2/sw2432,2432,244,^g,B,130,1,Right?   /,Right/UH ?/.,,
sw10utt/sw_1063_2432.utt,2/sw2432,2432,245,sd,B,130,2,"{C And } now they're trying to take some money away from the richer districts, like the one that I'm in, in Dallas, and make us pay our money to the smaller ones and make it more equitable. /","And/CC now/RB they/PRP 're/VBP trying/VBG to/TO take/VB some/DT money/NN away/RB from/IN the/DT richer/JJR districts/NNS ,/, like/IN the/DT one/CD that/WDT I/PRP 'm/VBP in/IN ,/, in/IN Dallas/NNP ,/, and/CC make/VB us/PRP pay/VB our/PRP$ money/NN to/IN the/DT smaller/JJR ones/NNS and/CC make/VB it/PRP more/RBR equitable/JJ ./.",,
sw10utt/sw_1063_2432.utt,2/sw2432,2432,246,x,A,131,1,<Laughter>.,,,
sw10utt/sw_1063_2432.utt,2/sw2432,2432,247,sd,B,132,1,"{C And } if they can't come up with something by the fifteenth, then the state's supposed to decide, the courts. /","And/CC if/IN they/PRP ca/MD n't/RB come/VB up/RP with/IN something/NN by/IN the/DT fifteenth/JJ ,/, then/RB the/DT state/NN 's/BES supposed/VBN to/TO decide/VB ,/, the/DT courts/NNS ./.",,
sw10utt/sw_1063_2432.utt,2/sw2432,2432,248,qw,A,133,1,What do you think the outcome will be? /,What/WP do/VBP you/PRP think/VB the/DT outcome/NN will/MD be/VB ?/.,,
sw10utt/sw_1063_2432.utt,2/sw2432,2432,249,sv,B,134,1,I think they're maybe going to give us a state income tax.  /,I/PRP think/VBP they/PRP 're/VBP maybe/RB going/VBG to/TO give/VB us/PRP a/DT state/NN income/NN tax/NN ./.,,
sw10utt/sw_1063_2432.utt,2/sw2432,2432,250,qy,B,134,2,Do you have one? /,Do/VBP you/PRP have/VB one/CD ?/.,,
sw10utt/sw_1063_2432.utt,2/sw2432,2432,251,ny,A,135,1,Yeah  /,Yeah/UH,,
sw10utt/sw_1063_2432.utt,2/sw2432.pos,2432,252,x,A,135,2,<laughter>.,./.
sw10utt/sw_1063_2432.utt,2/sw2432,2432,253,sd,B,136,1,"<Laughter> I'm not looking forward to it,  /","I/PRP 'm/VBP not/RB looking/VBG forward/RB to/IN it/PRP ,/,",,
sw10utt/sw_1063_2432.utt,2/sw2432,2432,254,sd,B,136,2,{C but } something's got to be done. /,but/CC something/NN 's/HVS got/VBN to/TO be/VB done/VBN ./.,,
sw10utt/sw_1063_2432.utt,2/sw2432,2432,255,b,A,137,1,Yeah.  /,Yeah/UH ./.,,
sw10utt/sw_1063_2432.utt,2/sw2432,2432,256,b,A,137,2,"{F Oh } yeah,  /","Oh/UH yeah/UH ,/,",,
sw10utt/sw_1063_2432.utt,2/sw2432,2432,257,sd,A,137,3,we've had one as long as I can remember <laughter>. /,we/PRP 've/VBP had/VBN one/CD as/RB long/RB as/IN I/PRP can/MD remember/VB ./.,,
sw10utt/sw_1063_2432.utt,2/sw2432,2432,258,sd,B,138,1,"<Laughter> {D Well, } it's going to hit us. /","Well/UH ,/, it/PRP 's/BES going/VBG to/TO hit/VB us/PRP ./.",,
sw10utt/sw_1063_2432.utt,2/sw2432,2432,259,b,A,139,1,Yeah  /,Yeah/UH,,
sw10utt/sw_1063_2432.utt,2/sw2432.pos,2432,260,x,A,139,2,<laughter>.,./.
sw10utt/sw_1063_2432.utt,2/sw2432,2432,261,h,B,140,1,"{C And } I don't know,  /","And/CC I/PRP do/VBP n't/RB know/VB ,/,",,
sw10utt/sw_1063_2432.utt,2/sw2432,2432,262,%,B,140,2,"did-, - /","did-/XX ,/,",,
sw10utt/sw_1063_2432.utt,2/sw2432,2432,263,sv,B,140,3,doesn't seem like it work to take it away when we're using it.  /,does/VBZ n't/RB seem/VB like/IN it/PRP work/VB to/TO take/VB it/PRP away/RB when/WRB we/PRP 're/VBP using/VBG it/PRP ./.,,
sw10utt/sw_1063_2432.utt,2/sw2432,2432,264,%,B,140,4,"{C But } maybe, - /","But/CC maybe/RB ,/,",,
sw10utt/sw_1063_2432.utt,2/sw2432,2432,265,sv,B,140,5,I know we're not using it so wisely. /,I/PRP know/VBP we/PRP 're/VBP not/RB using/VBG it/PRP so/RB wisely/RB ./.,,
sw10utt/sw_1063_2432.utt,2/sw2432,2432,266,b,A,141,1,Uh-huh. /,Uh-huh/UH ./.,,
sw10utt/sw_1063_2432.utt,2/sw2432,2432,267,sv,B,142,1,We have too many administrators --,We/PRP have/VBP too/RB many/JJ administrators/NNS --/:,,
sw10utt/sw_1063_2432.utt,2/sw2432,2432,268,b,A,143,1,Yeah. /,Yeah/UH ./.,,
sw10utt/sw_1063_2432.utt,2/sw2432,2432,269,+,B,144,1,-- in some of these big districts. /,--/: in/IN some/DT of/IN these/DT big/JJ districts/NNS ./.,,
sw10utt/sw_1063_2432.utt,2/sw2432,2432,270,b,A,145,1,Uh-huh. /,Uh-huh/UH ./.,,
sw10utt/sw_1063_2432.utt,2/sw2432,2432,271,qy^t,B,146,1,"{C But } other than that.  {D Well, } can you think of anything else we need to talk about. /","But/CC other/JJ than/IN that/DT ./. Well/UH ,/, can/MD you/PRP think/VB of/IN anything/NN else/RB we/PRP need/VBP to/TO talk/VB about/IN ./.",,
sw10utt/sw_1063_2432.utt,2/sw2432,2432,272,sd,A,147,1,"{F Um, } I can't think of anything on recycling. /","Um/UH ,/, I/PRP ca/MD n't/RB think/VB of/IN anything/NN on/IN recycling/NN ./.",,
sw10utt/sw_1063_2432.utt,2/sw2432,2432,273,sd,B,148,1,"Me, either.  /","Me/PRP ,/, either/RB ./.",,
sw10utt/sw_1063_2432.utt,2/sw2432,2432,274,qy,B,148,2,Anything else? /,Anything/NN else/RB ?/.,,
sw10utt/sw_1063_2432.utt,2/sw2432,2432,275,nn,A,149,1,No. /,No/UH ./.,,
sw10utt/sw_1063_2432.utt,2/sw2432,2432,276,qo,B,150,1,"What about people from, {F um, }  Pennsylvania.  /","What/WP about/IN people/NNS from/IN ,/, um/UH ,/, Pennsylvania/NNP ./.",,
sw10utt/sw_1063_2432.utt,2/sw2432,2432,277,qw,B,150,2,What do they think about Texans? /,What/WP do/VBP they/PRP think/VB about/IN Texans/NNPS ?/.,,
sw10utt/sw_1063_2432.utt,2/sw2432,2432,278,qy^r,A,151,1,What do we think about them? /,What/WP do/VBP we/PRP think/VB about/IN them/PRP ?/.,,
sw10utt/sw_1063_2432.utt,2/sw2432,2432,279,ny,B,152,1,Uh-huh. /,Uh-huh/UH ./.,,
sw10utt/sw_1063_2432.utt,2/sw2432,2432,280,h,A,153,1,"{F Oh, } I don't <laughter> know <laughter>. /","Oh/UH ,/, I/PRP do/VBP n't/RB know/VB ./.",,
sw10utt/sw_1063_2432.utt,2/sw2432,2432,281,qy,B,154,1,<Laughter> Have you thought about that? /,Have/VBP you/PRP thought/VBN about/IN that/DT ?/.,,
sw10utt/sw_1063_2432.utt,2/sw2432,2432,282,nn,A,155,1,"No,  /","No/UH ,/,",,
sw10utt/sw_1063_2432.utt,2/sw2432,2432,283,sd^e,A,155,2,I never really thought about it <laughter>. /,I/PRP never/RB really/RB thought/VBD about/IN it/PRP ./.,,
sw10utt/sw_1063_2432.utt,2/sw2432,2432,284,x,B,156,1,<Laughter>.,,,
sw10utt/sw_1063_2432.utt,2/sw2432,2432,285,qo,A,157,1,<Laughter>   ((   ))  what you think about Pennsylvanians. /,MUMBLEx/XX what/WP you/PRP think/VBP about/IN Pennsylvanians/NNPS ./.,,
sw10utt/sw_1063_2432.utt,2/sw2432,2432,286,sv,B,158,1,"Probably a lot more civilized, more, {F um, } refined than a lot of the people would be down here. /","Probably/RB a/DT lot/NN more/RBR civilized/JJ ,/, more/RBR ,/, um/UH ,/, refined/JJ than/IN a/DT lot/NN of/IN the/DT people/NNS would/MD be/VB down/IN here/RB ./.",,
sw10utt/sw_1063_2432.utt,2/sw2432,2432,287,b,A,159,1,{F Oh } really <laughter>. /,Oh/UH really/UH ./.,,
sw10utt/sw_1063_2432.utt,2/sw2432,2432,288,sd,B,160,1,"I would hope so,  /","I/PRP would/MD hope/VB so/RB ,/,",,
sw10utt/sw_1063_2432.utt,2/sw2432,2432,289,sd,B,160,2,{E I mean } you've been together a little bit longer than we have. /,I/PRP mean/VBP you/PRP 've/VBP been/VBN together/RB a/DT little/JJ bit/NN longer/RB than/IN we/PRP have/VBP ./.,,
sw10utt/sw_1063_2432.utt,2/sw2432,2432,290,x,A,161,1,<Laughter>.,,,
sw10utt/sw_1063_2432.utt,2/sw2432,2432,291,x,B,162,1,<Laughter>.,,,
sw10utt/sw_1063_2432.utt,2/sw2432,2432,292,h,A,163,1,"<Laughter> I don't know,  /","I/PRP do/VBP n't/RB know/VB ,/,",,
sw10utt/sw_1063_2432.utt,2/sw2432,2432,293,sd,A,163,2,I really don't know anyone from Texas or anything. /,I/PRP really/RB do/VBP n't/RB know/VB anyone/NN from/IN Texas/NNP or/CC anything/NN ./.,,
sw10utt/sw_1063_2432.utt,2/sw2432,2432,294,b,B,164,1,No. /,No/UH ./.,,
sw10utt/sw_1063_2432.utt,2/sw2432,2432,295,sd,A,165,1,"I've never been there, {F um. } /","I/PRP 've/VBP never/RB been/VBN there/RB ,/, um/UH ./.",,
sw10utt/sw_1063_2432.utt,2/sw2432,2432,296,sd,B,166,1,"{D Well } I've never, - /","Well/UH I/PRP 've/VBP never/RB ,/,",,
sw10utt/sw_1063_2432.utt,2/sw2432,2432,297,^h,B,166,2,"{D well } let's see,  /","well/UH let/VB 's/PRP see/VB ,/,",,
sw10utt/sw_1063_2432.utt,2/sw2432,2432,298,sd,B,166,3,I think I have too been to Pennsylvania.  /,I/PRP think/VBP I/PRP have/VBP too/RB been/VBN to/IN Pennsylvania/NNP ./.,,
sw10utt/sw_1063_2432.utt,2/sw2432,2432,299,qy,B,166,4,<child> Gettysburg? /,Gettysburg/NNP ?/.,,
sw10utt/sw_1063_2432.utt,2/sw2432,2432,300,ny,A,167,1,Yeah. /,Yeah/UH ./.,,
sw10utt/sw_1063_2432.utt,2/sw2432,2432,301,b,B,168,1,"Yeah,  /","Yeah/UH ,/,",,
sw10utt/sw_1063_2432.utt,2/sw2432,2432,302,sd,B,168,2,we went up there.   Now that I think about it.   On one of our long trips --,we/PRP went/VBD up/IN there/RB ./. Now/RB that/IN I/PRP think/VBP about/IN it/PRP ./. On/IN one/CD of/IN our/PRP$ long/JJ trips/NNS --/:,,
sw10utt/sw_1063_2432.utt,2/sw2432,2432,303,b,A,169,1,Uh-huh  /,Uh-huh/UH,,
sw10utt/sw_1063_2432.utt,2/sw2432.pos,2432,304,x,A,169,2,<child>.,./.
sw10utt/sw_1063_2432.utt,2/sw2432,2432,305,+,B,170,1,-- we take off on. /,--/: we/PRP take/VBP off/RP on/IN ./.,,
sw10utt/sw_1063_2432.utt,2/sw2432,2432,306,%,A,171,1,"{F Oh, } {D well } <child>. -/","Oh/UH ,/, well/UH ./.",,
sw10utt/sw_1063_2432.utt,2/sw2432,2432,307,o,B,172,1,Shboom.  /,Shboom/UH ./.,,
sw10utt/sw_1063_2432.utt,2/sw2432,2432,308,t3,B,172,2,"<<to child in room>> What are you saying, Holly?  /","What/WP are/VBP you/PRP saying/VBG ,/, Holly/NNP ?/.",,
sw10utt/sw_1063_2432.utt,2/sw2432,2432,309,sd,B,172,3,"<child_talking> <<resumes talking to speaker>> {F Oh, } my little girl is in the second grade, told me to tell you that Shboom means good-bye in the Israeli language. /","Oh/UH ,/, my/PRP$ little/JJ girl/NN is/VBZ in/IN the/DT second/JJ grade/NN ,/, told/VBD me/PRP to/TO tell/VB you/PRP that/IN Shboom/UH means/VBZ good-bye/UH in/IN the/DT Israeli/JJ language/NN ./.",,
sw10utt/sw_1063_2432.utt,2/sw2432,2432,310,b,A,173,1,Oh. /,Oh/UH ./.,,
sw10utt/sw_1063_2432.utt,2/sw2432,2432,311,t3,B,174,1,"<<To child in room>>  ((   ))  is what you say it is, Holly?  [  In Israel, + in Israel. ]  /","MUMBLEx/XX is/VBZ what/WP you/PRP say/VBP it/PRP is/VBZ ,/, Holly/NNP ?/. In/IN Israel/NNP ,/, in/IN Israel/NNP ./.",,
sw10utt/sw_1063_2432.utt,2/sw2432,2432,312,sd,B,174,2,<<back on phone>> {D See } she's got this little girl from Israel in her classroom that she's befriended. /,See/UH she/PRP 's/HVS got/VBN this/DT little/JJ girl/NN from/IN Israel/NNP in/IN her/PRP$ classroom/NN that/WDT she/PRP 's/HVS befriended/VBN ./.,,
sw10utt/sw_1063_2432.utt,2/sw2432,2432,313,b,A,175,1,Oh. /,Oh/UH ./.,,
sw10utt/sw_1063_2432.utt,2/sw2432,2432,314,sd,B,176,1,{C So } she's into this. /,So/RB she/PRP 's/BES into/IN this/DT ./.,,
sw10utt/sw_1063_2432.utt,2/sw2432,2432,315,qy,A,177,1,"{F Oh, } is it like a foreign exchange type student? /","Oh/UH ,/, is/VBZ it/PRP like/IN a/DT foreign/JJ exchange/NN type/NN student/NN ?/.",,
sw10utt/sw_1063_2432.utt,2/sw2432,2432,316,nn,B,178,1,Huh-uh.  /,Huh-uh/UH ./.,,
sw10utt/sw_1063_2432.utt,2/sw2432,2432,317,sd,B,178,2,You know we've had a lot of the Jewish people ... -/,You/PRP know/VBP we/PRP 've/VBP had/VBN a/DT lot/NN of/IN the/DT Jewish/JJ people/NNS .../:,,
