swda_filename,ptb_basename,conversation_no,transcript_index,act_tag,caller,utterance_index,subutterance_index,text,pos,trees,ptb_treenumbers
sw12utt/sw_1202_2151.utt,2/sw2151,2151,0,o,B,1,1,Okay. /,Okay/UH ./.,(INTJ (UH Okay) (. .) (-DFL- E_S)),1
sw12utt/sw_1202_2151.utt,2/sw2151,2151,1,b^m,A,2,1,Okay. /,Okay/UH ./.,(INTJ (UH Okay) (. .) (-DFL- E_S)),1
sw12utt/sw_1202_2151.utt,2/sw2151,2151,2,qw,B,3,1,"{D Well } what do you think about the idea of, {F uh, } kids having to do public service work for a year?  /","Well/UH what/WP do/VBP you/PRP think/VB about/IN the/DT idea/NN of/IN ,/, uh/UH ,/, kids/NNS having/VBG to/TO do/VB public/JJ service/NN work/NN for/IN a/DT year/NN ?/.","(SBARQ (INTJ (UH Well)) (WHNP-1 (WP what)) (SQ (VBP do) (NP-SBJ (PRP you)) (VP (VB think) (NP (-NONE- *T*-1)) (PP (IN about) (NP (NP (DT the) (NN idea)) (PP (IN of) (, ,) (INTJ (UH uh)) (, ,) (S-NOM (NP-SBJ-2 (NNS kids)) (VP (VBG having) (S (NP-SBJ (-NONE- *-2)) (VP (TO to) (VP (VB do) (NP (JJ public) (NN service) (NN work))))) (PP-TMP (IN for) (NP (DT a) (NN year)))))))))) (. ?) (-DFL- E_S))",5
sw12utt/sw_1202_2151.utt,2/sw2151,2151,3,qy,B,3,2,"Do you think it's a <breathing>, -/","Do/VBP you/PRP think/VB it/PRP 's/BES a/DT ,/,","(SQ (VBP Do) (NP-SBJ (PRP you)) (VP (VB think) (SBAR (-NONE- 0) (S (NP-SBJ (PRP it)) (VP (BES 's) (NP-PRD-UNF (DT a)))))) (, ,) (-DFL- N_S))",6
sw12utt/sw_1202_2151.utt,2/sw2151,2151,4,sv,A,4,1,"{D Well, } [ I, + I  ] think it's a pretty good idea.  /","Well/UH ,/, I/PRP ,/, I/PRP think/VBP it/PRP 's/BES a/DT pretty/RB good/JJ idea/NN ./.","(S (INTJ (UH Well)) (, ,) (EDITED (RM (-DFL- \[)) (NP-SBJ (PRP I)) (, ,) (IP (-DFL- \+))) (NP-SBJ (PRP I)) (RS (-DFL- \])) (VP (VBP think) (SBAR (-NONE- 0) (S (NP-SBJ (PRP it)) (VP (BES 's) (NP-PRD (DT a) (ADJP (RB pretty) (JJ good)) (NN idea)))))) (. .) (-DFL- E_S))",8
sw12utt/sw_1202_2151.utt,2/sw2151,2151,5,sv,A,4,2,"I think they should either do that, [ or, + or ] afford some time to the military, [ or, + or  ] helping elderly people. /","I/PRP think/VBP they/PRP should/MD either/CC do/VB that/DT ,/, or/CC ,/, or/CC afford/VB some/DT time/NN to/IN the/DT military/NN ,/, or/CC ,/, or/CC helping/VBG elderly/JJ people/NNS ./.","(S (NP-SBJ (PRP I)) (VP (VBP think) (SBAR (-NONE- 0) (S (NP-SBJ-1 (PRP they)) (VP (MD should) (VP (CC either) (VP (VB do) (NP (DT that))) (, ,) (EDITED (RM (-DFL- \[)) (CC or) (, ,) (IP (-DFL- \+))) (CC or) (RS (-DFL- \])) (VP (VB afford) (NP (DT some) (NN time)) (PP-DTV (IN to) (NP (NP (DT the) (NN military)) (, ,) (EDITED (RM (-DFL- \[)) (CC or) (, ,) (IP (-DFL- \+))) (CC or) (RS (-DFL- \])) (S-NOM (NP-SBJ (-NONE- *-1)) (VP (VBG helping) (NP (JJ elderly) (NNS people)))))))))))) (. .) (-DFL- E_S))",9
sw12utt/sw_1202_2151.utt,2/sw2151,2151,6,aa,B,5,1,"Yes,  /","Yes/UH ,/,","(INTJ (UH Yes) (, ,) (-DFL- E_S))",11
sw12utt/sw_1202_2151.utt,2/sw2151,2151,7,aa^r,B,5,2,"yes,  /","yes/UH ,/,","(INTJ (UH yes) (, ,) (-DFL- E_S))",12
sw12utt/sw_1202_2151.utt,2/sw2151,2151,8,%,B,5,3,"def-, -/","def-/UH ,/,","(INTJ-UNF (UH def-) (, ,) (-DFL- N_S))",13
sw12utt/sw_1202_2151.utt,2/sw2151,2151,9,sv,A,6,1,"[ [ I, + I, ] + {D you know, } I ] think that we have a bunch of elderly folks in the country that could use some help  /","I/PRP ,/, I/PRP ,/, you/PRP know/VBP ,/, I/PRP think/VBP that/IN we/PRP have/VBP a/DT bunch/NN of/IN elderly/JJ folks/NNS in/IN the/DT country/NN that/WDT could/MD use/VB some/DT help/NN","(S (EDITED (RM (-DFL- \[)) (EDITED (RM (-DFL- \[)) (NP-SBJ (PRP I)) (, ,) (IP (-DFL- \+))) (NP-SBJ (PRP I)) (, ,) (RS (-DFL- \])) (IP (-DFL- \+))) (PRN (S (NP-SBJ (PRP you)) (VP (VBP know))) (, ,)) (NP-SBJ (PRP I)) (RS (-DFL- \])) (VP (VBP think) (SBAR (IN that) (S (NP-SBJ (PRP we)) (VP (VBP have) (NP (NP (DT a) (NN bunch)) (PP (IN of) (NP (JJ elderly) (NNS folks))) (PP-LOC (IN in) (NP (DT the) (NN country))) (SBAR (WHNP-1 (WDT that)) (S (NP-SBJ (-NONE- *T*-1)) (VP (MD could) (VP (VB use) (NP (DT some) (NN help))))))))))) (-DFL- E_S))",15
sw12utt/sw_1202_2151.utt,2/sw2151,2151,10,sv,A,6,2,"{C and } I think that before we expend all our young talent overseas [ and, + and ] helping other countries we ought to perhaps give a little bit of our help to our own folks at home  /","and/CC I/PRP think/VBP that/IN before/IN we/PRP expend/VBP all/PDT our/PRP$ young/JJ talent/NN overseas/RB and/CC ,/, and/CC helping/VBG other/JJ countries/NNS we/PRP ought/MD to/TO perhaps/RB give/VB a/DT little/JJ bit/NN of/IN our/PRP$ help/NN to/IN our/PRP$ own/JJ folks/NNS at/IN home/NN","(S (CC and) (NP-SBJ (PRP I)) (VP (VBP think) (SBAR (IN that) (S (SBAR-TMP (IN before) (S (NP-SBJ-1 (PRP we)) (VP (VBP expend) (NP (PDT all) (PRP$ our) (JJ young) (NN talent)) (ADVP (ADVP-LOC (RB overseas)) (EDITED (RM (-DFL- \[)) (CC and) (, ,) (IP (-DFL- \+))) (CC and) (RS (-DFL- \])) (S-ADV (NP-SBJ (-NONE- *-1)) (VP (VBG helping) (NP (JJ other) (NNS countries)))))))) (NP-SBJ-2 (PRP we)) (VP (MD ought) (S (NP-SBJ (-NONE- *-2)) (VP (TO to) (ADVP (RB perhaps)) (VP (VB give) (NP (NP (DT a) (JJ little) (NN bit)) (PP (IN of) (NP (PRP$ our) (NN help)))) (PP-DTV (IN to) (NP (NP (PRP$ our) (JJ own) (NNS folks)) (PP-LOC (IN at) (NP (NN home)))))))))))) (-DFL- E_S))",16
sw12utt/sw_1202_2151.utt,2/sw2151,2151,11,sv,A,6,3,{C and } --,and/CC --/:,"(S (CC and) (NP-SBJ (PRP I)) (VP (VBP think) (SBAR (IN that) (S (SBAR-TMP (IN before) (S (NP-SBJ-1 (PRP we)) (VP (VBP expend) (NP (PDT all) (PRP$ our) (JJ young) (NN talent)) (ADVP (ADVP-LOC (RB overseas)) (EDITED (RM (-DFL- \[)) (CC and) (, ,) (IP (-DFL- \+))) (CC and) (RS (-DFL- \])) (S-ADV (NP-SBJ (-NONE- *-1)) (VP (VBG helping) (NP (JJ other) (NNS countries)))))))) (NP-SBJ-2 (PRP we)) (VP (MD ought) (S (NP-SBJ (-NONE- *-2)) (VP (TO to) (ADVP (RB perhaps)) (VP (VB give) (NP (NP (DT a) (JJ little) (NN bit)) (PP (IN of) (NP (PRP$ our) (NN help)))) (PP-DTV (IN to) (NP (NP (PRP$ our) (JJ own) (NNS folks)) (PP-LOC (IN at) (NP (NN home)))))))))))) (-DFL- E_S))",16
sw12utt/sw_1202_2151.utt,2/sw2151,2151,12,aa,B,7,1,That's true. /,That/DT 's/BES true/JJ ./.,(S (NP-SBJ (DT That)) (VP (BES 's) (ADJP-PRD (JJ true))) (. .) (-DFL- E_S)),19
sw12utt/sw_1202_2151.utt,2/sw2151,2151,13,+,A,8,1,-- I'm not sure that that's not a bad idea  /,--/: I/PRP 'm/VBP not/RB sure/JJ that/IN that/DT 's/BES not/RB a/DT bad/JJ idea/NN,(S (CC and) (NP-SBJ (PRP I)) (VP (VBP 'm) (RB not) (ADJP-PRD (JJ sure) (SBAR (IN that) (S (NP-SBJ (DT that)) (VP (BES 's) (RB not) (NP-PRD (DT a) (JJ bad) (NN idea))))))) (-DFL- E_S)),17
sw12utt/sw_1202_2151.utt,2/sw2151,2151,14,sv,A,8,2,"[ {C and, } + {C or }  ] the military for a year or two,","and/CC ,/, or/CC the/DT military/NN for/IN a/DT year/NN or/CC two/CD ,/,","(S (EDITED (RM (-DFL- \[)) (CC and) (, ,) (IP (-DFL- \+))) (CC or) (RS (-DFL- \])) (NP-SBJ (NP (DT the) (NN military)) (PP-TMP (IN for) (NP (DT a) (NN year) (QP (CC or) (CD two))))) (, ,) (VP (MD would) (RB n't) (VP (VB be) (ADJP-PRD (JJ bad) (PP-UNF (IN for))))) (, ,) (-DFL- N_S))",21
sw12utt/sw_1202_2151.utt,2/sw2151,2151,15,b,B,9,1,Yeah. /,Yeah/UH ./.,(INTJ (UH Yeah) (. .) (-DFL- E_S)),23
sw12utt/sw_1202_2151.utt,2/sw2151,2151,16,+,A,10,1,"wouldn't be bad for, - /","would/MD n't/RB be/VB bad/JJ for/IN ,/,","(S (EDITED (RM (-DFL- \[)) (CC and) (, ,) (IP (-DFL- \+))) (CC or) (RS (-DFL- \])) (NP-SBJ (NP (DT the) (NN military)) (PP-TMP (IN for) (NP (DT a) (NN year) (QP (CC or) (CD two))))) (, ,) (VP (MD would) (RB n't) (VP (VB be) (ADJP-PRD (JJ bad) (PP-UNF (IN for))))) (, ,) (-DFL- N_S))",21
sw12utt/sw_1202_2151.utt,2/sw2151,2151,17,sv,A,10,2,I think it teaches kids how to grow.  /,I/PRP think/VBP it/PRP teaches/VBZ kids/NNS how/WRB to/TO grow/VB ./.,(S (NP-SBJ (PRP I)) (VP (VBP think) (SBAR (-NONE- 0) (S (NP-SBJ (PRP it)) (VP (VBZ teaches) (NP (NNS kids)) (SBAR (WHADVP-1 (WRB how)) (S (NP-SBJ (-NONE- *)) (VP (TO to) (VP (VB grow) (ADVP-MNR (-NONE- *T*-1)))))))))) (. .) (-DFL- E_S)),25
sw12utt/sw_1202_2151.utt,2/sw2151,2151,18,qo,A,10,3,How about yourself? /,How/WRB about/IN yourself/PRP ?/.,(FRAG (WHADVP (WRB How)) (PP (IN about) (NP (PRP yourself))) (. ?) (-DFL- E_S)),26
sw12utt/sw_1202_2151.utt,2/sw2151,2151,19,aa,B,11,1,"{F Uh, } I agree with you.  /","Uh/UH ,/, I/PRP agree/VBP with/IN you/PRP ./.","(S (INTJ (UH Uh)) (, ,) (NP-SBJ (PRP I)) (VP (VBP agree) (PP (IN with) (NP (PRP you)))) (. .) (-DFL- E_S))",28
sw12utt/sw_1202_2151.utt,2/sw2151,2151,20,sd,B,11,2,"{F Uh, } {F uh, } what I'm thinking about is back <breathing>, {D well, } when I was a kid, and much earlier than that, kids were kind of, [ i-, + i-, ] - /","Uh/UH ,/, uh/UH ,/, what/WP I/PRP 'm/VBP thinking/VBG about/IN is/VBZ back/RB ,/, well/UH ,/, when/WRB I/PRP was/VBD a/DT kid/NN ,/, and/CC much/RB earlier/RBR than/IN that/DT ,/, kids/NNS were/VBD kind/RB of/RB ,/, i-/XX ,/, i-/XX ,/,","(S (INTJ (UH Uh)) (, ,) (INTJ (UH uh)) (, ,) (SBAR-NOM-SBJ (WHNP-1 (WP what)) (S (NP-SBJ (PRP I)) (VP (VBP 'm) (VP (VBG thinking) (PP (IN about) (NP (-NONE- *T*-1))))))) (VP (VBZ is) (SBAR-PRD (-NONE- 0) (S (ADVP-TMP (SBAR (ADVP (RB back)) (, ,) (INTJ (UH well)) (, ,) (WHADVP-2 (WRB when)) (S (NP-SBJ (PRP I)) (VP (VBD was) (NP-PRD (DT a) (NN kid)) (ADVP-TMP (-NONE- *T*-2))))) (, ,) (CC and) (ADVP (ADVP (RB much) (RBR earlier)) (PP (IN than) (NP (DT that))))) (, ,) (NP-SBJ (NNS kids)) (VP-UNF (VBD were) (ADVP (RB kind) (RB of)) (, ,) (EDITED (RM (-DFL- \[)) (X (XX i-)) (, ,) (IP (-DFL- \+))) (X (XX i-)) (, ,) (RS (-DFL- \])) (-DFL- N_S) (PRN (S (NP-SBJ (PRP you)) (VP (VBP know)))))))) (, ,))",29
sw12utt/sw_1202_2151.utt,2/sw2151,2151,21,sv,B,11,3,"{D you know, } the parents kind of pushed them to join, {D like } the Boy Scouts <children> or Girl Scouts  /","you/PRP know/VBP ,/, the/DT parents/NNS kind/RB of/RB pushed/VBD them/PRP to/TO join/VB ,/, like/UH the/DT Boy/NNP Scouts/NNPS or/CC Girl/NNP Scouts/NNPS","(S (INTJ (UH Uh)) (, ,) (INTJ (UH uh)) (, ,) (SBAR-NOM-SBJ (WHNP-1 (WP what)) (S (NP-SBJ (PRP I)) (VP (VBP 'm) (VP (VBG thinking) (PP (IN about) (NP (-NONE- *T*-1))))))) (VP (VBZ is) (SBAR-PRD (-NONE- 0) (S (ADVP-TMP (SBAR (ADVP (RB back)) (, ,) (INTJ (UH well)) (, ,) (WHADVP-2 (WRB when)) (S (NP-SBJ (PRP I)) (VP (VBD was) (NP-PRD (DT a) (NN kid)) (ADVP-TMP (-NONE- *T*-2))))) (, ,) (CC and) (ADVP (ADVP (RB much) (RBR earlier)) (PP (IN than) (NP (DT that))))) (, ,) (NP-SBJ (NNS kids)) (VP-UNF (VBD were) (ADVP (RB kind) (RB of)) (, ,) (EDITED (RM (-DFL- \[)) (X (XX i-)) (, ,) (IP (-DFL- \+))) (X (XX i-)) (, ,) (RS (-DFL- \])) (-DFL- N_S) (PRN (S (NP-SBJ (PRP you)) (VP (VBP know)))))))) (, ,))|||(S (NP-SBJ (DT the) (NNS parents)) (ADVP (RB kind) (RB of)) (VP (VBD pushed) (S (NP-SBJ (PRP them)) (VP (TO to) (VP (VB join) (, ,) (INTJ (UH like)) (NP (DT the) (NNP Boy) (NNPS Scouts) (CC or) (NNP Girl) (NNPS Scouts)))))) (-DFL- E_S))",29|||30
sw12utt/sw_1202_2151.utt,2/sw2151,2151,22,sv,B,11,4,"{C and } they did, [ [ do, + do ] + do ] a lot of public service activities,  /","and/CC they/PRP did/VBD ,/, do/VB ,/, do/VB do/VB a/DT lot/NN of/IN public/JJ service/NN activities/NNS ,/,","(S (CC and) (NP-SBJ (PRP they)) (VP (VBD did) (, ,) (EDITED (RM (-DFL- \[)) (EDITED (RM (-DFL- \[)) (VP-UNF (VB do)) (, ,) (IP (-DFL- \+))) (VP-UNF (VB do)) (RS (-DFL- \])) (IP (-DFL- \+))) (VP (VB do) (RS (-DFL- \])) (NP (NP (DT a) (NN lot)) (PP (IN of) (NP (JJ public) (NN service) (NNS activities)))))) (, ,) (-DFL- E_S))",31
sw12utt/sw_1202_2151.utt,2/sw2151,2151,23,sv,B,11,5,"{C but } these days they're not, {F uh, }  /","but/CC these/DT days/NNS they/PRP 're/VBP not/RB ,/, uh/UH ,/,","(S (CC but) (NP-TMP (DT these) (NNS days)) (NP-SBJ (PRP they)) (VP-UNF (VBP 're) (RB not) (, ,) (INTJ (UH uh))) (, ,) (-DFL- E_S))",32
sw12utt/sw_1202_2151.utt,2/sw2151,2151,24,sv,B,11,6,"[ par-, + parents ] aren't encouraging their kids to do things like that.  /","par-/NNS ,/, parents/NNS are/VBP n't/RB encouraging/VBG their/PRP$ kids/NNS to/TO do/VB things/NNS like/IN that/DT ./.","(S (EDITED (RM (-DFL- \[)) (NP-SBJ-UNF (NNS par-)) (, ,) (IP (-DFL- \+))) (NP-SBJ (NNS parents)) (RS (-DFL- \])) (VP (VBP are) (RB n't) (VP (VBG encouraging) (S (NP-SBJ (PRP$ their) (NNS kids)) (VP (TO to) (VP (VB do) (NP (NP (NNS things)) (PP (IN like) (NP (DT that))))))))) (. .) (-DFL- E_S))",33
sw12utt/sw_1202_2151.utt,2/sw2151,2151,25,sd,B,11,7,"{C Because } when I was in the Girl Scouts, we did a lot of public service things, because that's just part [ [ o-, + of, ] + of ] the scouting, and, {D you know. } -/","Because/IN when/WRB I/PRP was/VBD in/IN the/DT Girl/NNP Scouts/NNPS ,/, we/PRP did/VBD a/DT lot/NN of/IN public/JJ service/NN things/NNS ,/, because/IN that/DT 's/BES just/RB part/NN o-/IN ,/, of/IN ,/, of/IN the/DT scouting/NN ,/, and/CC ,/, you/PRP know/VBP ./.","(SBAR-PRP (IN Because) (S (SBAR-TMP (WHADVP-1 (WRB when)) (S (NP-SBJ (PRP I)) (VP (VBD was) (PP-PRD (IN in) (NP (DT the) (NNP Girl) (NNPS Scouts))) (ADVP-TMP (-NONE- *T*-1))))) (, ,) (NP-SBJ (PRP we)) (VP (VBD did) (NP (NP (DT a) (NN lot)) (PP (IN of) (NP (JJ public) (NN service) (NNS things)))) (, ,) (SBAR-PRP (IN because) (S (NP-SBJ (DT that)) (VP (BES 's) (ADVP (RB just)) (NP-PRD (NP (NN part)) (EDITED (RM (-DFL- \[)) (EDITED (RM (-DFL- \[)) (PP-UNF (IN o-)) (, ,) (IP (-DFL- \+))) (PP-UNF (IN of)) (, ,) (RS (-DFL- \])) (IP (-DFL- \+))) (PP (IN of) (RS (-DFL- \])) (NP-UNF (NP (DT the) (NN scouting)) (, ,) (CC and) (PRN (, ,) (S (NP-SBJ (PRP you)) (VP (VBP know)))))))))))) (. .) (-DFL- N_S))",34
sw12utt/sw_1202_2151.utt,2/sw2151,2151,26,b,A,12,1,"Yeah,  /","Yeah/UH ,/,","(INTJ (UH Yeah) (, ,) (-DFL- E_S))",36
sw12utt/sw_1202_2151.utt,2/sw2151,2151,27,%,A,12,2,"[ I've, + I've, ] - /","I/PRP 've/VBP ,/, I/PRP 've/VBP ,/,","(S (EDITED (RM (-DFL- \[)) (S (NP-SBJ (PRP I)) (VP-UNF (VBP 've))) (, ,) (IP (-DFL- \+))) (NP-SBJ (PRP I)) (VP-UNF (VBP 've)) (, ,) (RS (-DFL- \])) (-DFL- N_S))",37
sw12utt/sw_1202_2151.utt,2/sw2151,2151,28,sv,A,12,3,that's really great.  /,that/DT 's/BES really/RB great/JJ ./.,(S (NP-SBJ (DT that)) (VP (BES 's) (ADJP-PRD (RB really) (JJ great))) (. .) (-DFL- E_S)),38
sw12utt/sw_1202_2151.utt,2/sw2151,2151,29,sv,A,12,4,"[ I, + I  ] really think that both the Boy Scouts and Girl Scouts is [ a excellent, + two excellent  ] organizations. /","I/PRP ,/, I/PRP really/RB think/VBP that/IN both/CC  the/DT Boy/NNP Scouts/NNPS and/CC Girl/NNP Scouts/NNPS is/VBZ a/DT excellent/JJ ,/, two/CD excellent/JJ organizations/NNS ./.","(S (EDITED (RM (-DFL- \[)) (NP-SBJ (PRP I)) (, ,) (IP (-DFL- \+))) (NP-SBJ (PRP I)) (RS (-DFL- \])) (ADVP (RB really)) (VP (VBP think) (SBAR (IN that) (S (NP-SBJ (CC both) (DT the) (NNP Boy) (NNPS Scouts) (CC and) (NNP Girl) (NNPS Scouts)) (VP (VBZ is) (EDITED (RM (-DFL- \[)) (NP-PRD-UNF (DT a) (JJ excellent)) (, ,) (IP (-DFL- \+))) (NP-PRD (CD two) (JJ excellent) (RS (-DFL- \])) (NNS organizations)))))) (. .) (-DFL- E_S))",39
sw12utt/sw_1202_2151.utt,2/sw2151,2151,30,aa,B,13,1,They are  /,They/PRP are/VBP,(S (NP-SBJ (PRP They)) (VP (VBP are) (NP-PRD (-NONE- *?*))) (-DFL- E_S)),41
sw12utt/sw_1202_2151.utt,2/sw2151,2151,31,%,B,13,2,"{C but } parents, -/","but/CC parents/NNS ,/,","(S-UNF (CC but) (NP-SBJ (NNS parents)) (, ,) (-DFL- N_S))",42
sw12utt/sw_1202_2151.utt,2/sw2151,2151,32,sv,A,14,1,"{D You know, } kids seem like when they get ten or twelve years old they fall out of that, /","You/PRP know/VBP ,/, kids/NNS seem/VBP like/IN when/WRB they/PRP get/VBP ten/CD or/CC twelve/CD years/NNS old/JJ they/PRP fall/VBP out/IN of/IN that/DT ,/,","(S (PRN (S (NP-SBJ (PRP You)) (VP (VBP know))) (, ,)) (NP-SBJ (NNS kids)) (VP (VBP seem) (SBAR (IN like) (S (SBAR-TMP (WHADVP-1 (WRB when)) (S (NP-SBJ (PRP they)) (VP (VBP get) (ADJP-PRD (NP (QP (CD ten) (CC or) (CD twelve)) (NNS years)) (JJ old)) (ADVP-TMP (-NONE- *T*-1))))) (NP-SBJ (PRP they)) (VP (VBP fall) (PP (IN out) (PP (IN of) (NP (DT that)))))))) (, ,) (-DFL- E_S))",44
sw12utt/sw_1202_2151.utt,2/sw2151,2151,33,aa,B,15,1,"Yeah,  /","Yeah/UH ,/,","(INTJ (UH Yeah) (, ,) (-DFL- E_S))",36
sw12utt/sw_1202_2151.utt,2/sw2151,2151,34,aa,B,15,2,they do. /,they/PRP do/VBP ./.,(S (NP-SBJ (PRP they)) (VP (VBP do)) (. .) (-DFL- E_S)),47
sw12utt/sw_1202_2151.utt,2/sw2151,2151,35,sv,A,16,1,"{C and } they don't follow it at all, {D you know. }  /","and/CC they/PRP do/VBP n't/RB follow/VB it/PRP at/IN all/DT ,/, you/PRP know/VBP ./.","(S (CC and) (NP-SBJ (PRP they)) (VP (VBP do) (RB n't) (VP (VB follow) (NP (PRP it)) (ADVP (IN at) (DT all)) (PRN (, ,) (S (NP-SBJ (PRP you)) (VP (VBP know)))))) (. .) (-DFL- E_S))",49
sw12utt/sw_1202_2151.utt,2/sw2151,2151,36,sv,A,16,2,"There are very few Scouts go on,","There/EX are/VBP very/RB few/JJ Scouts/NNPS go/VBP on/RP ,/,","(S (NP-SBJ (EX There)) (VP (VBP are) (NP-PRD (NP (ADJP (RB very) (JJ few)) (NNPS Scouts)) (SBAR (WHNP-1 (-NONE- 0)) (S (NP-SBJ (-NONE- *T*-1)) (VP (VP (VBP go) (PRT (RP on))) (, ,) (CC and) (VP (VB become) (NP-PRD (NNP Eagle) (NNPS Scouts)))))))) (. .) (-DFL- E_S))",50
sw12utt/sw_1202_2151.utt,2/sw2151,2151,37,aa,B,17,1,"{F Oh, } no. /","Oh/UH ,/, no/UH ./.","(INTJ (INTJ (UH Oh)) (, ,) (INTJ (UH no)) (. .) (-DFL- E_S))",52
sw12utt/sw_1202_2151.utt,2/sw2151,2151,38,+,A,18,1,and become Eagle Scouts.  /,and/CC become/VB Eagle/NNP Scouts/NNPS ./.,"(S (NP-SBJ (EX There)) (VP (VBP are) (NP-PRD (NP (ADJP (RB very) (JJ few)) (NNPS Scouts)) (SBAR (WHNP-1 (-NONE- 0)) (S (NP-SBJ (-NONE- *T*-1)) (VP (VP (VBP go) (PRT (RP on))) (, ,) (CC and) (VP (VB become) (NP-PRD (NNP Eagle) (NNPS Scouts)))))))) (. .) (-DFL- E_S))",50
sw12utt/sw_1202_2151.utt,2/sw2151,2151,39,sd,A,18,2,"[ {C And, } + {C and }  ] I don't know what the high rank is for the gals  /","And/CC ,/, and/CC I/PRP do/VBP n't/RB know/VB what/WP the/DT high/JJ rank/NN is/VBZ for/IN the/DT gals/NNS","(S (EDITED (RM (-DFL- \[)) (CC And) (, ,) (IP (-DFL- \+))) (CC and) (RS (-DFL- \])) (NP-SBJ (PRP I)) (VP (VBP do) (RB n't) (VP (VB know) (SBAR (WHNP-1 (WP what)) (S (NP-SBJ (NP (DT the) (JJ high) (NN rank)) (PP (-NONE- *ICH*-2))) (VP (VBZ is) (NP-PRD (-NONE- *T*-1)) (PP-2 (IN for) (NP (DT the) (NNS gals)))))))) (-DFL- E_S))",54
sw12utt/sw_1202_2151.utt,2/sw2151,2151,40,%,A,18,3,"{C but, } -/","but/CC ,/,","(S-UNF (CC but) (, ,) (-DFL- N_S))",55
sw12utt/sw_1202_2151.utt,2/sw2151,2151,41,%,B,19,1,"[ I, +  I, ] {F uh, } - /","I/PRP ,/, I/PRP ,/, uh/UH ,/,","(S-UNF (EDITED (RM (-DFL- \[)) (NP-SBJ (PRP I)) (, ,) (IP (-DFL- \+))) (NP-SBJ (PRP I)) (, ,) (RS (-DFL- \])) (INTJ (UH uh)) (, ,) (-DFL- N_S))",57
sw12utt/sw_1202_2151.utt,2/sw2151,2151,42,sd,B,19,2,senior. /,senior/JJ ./.,(ADJP (JJ senior) (. .) (-DFL- E_S)),58
sw12utt/sw_1202_2151.utt,2/sw2151,2151,43,b,A,20,1,Oh.  /,Oh/UH ./.,(INTJ (UH Oh) (. .) (-DFL- E_S)),60
sw12utt/sw_1202_2151.utt,2/sw2151,2151,44,b^m,A,20,2,"Senior,  /","Senior/JJ ,/,","(ADJP (JJ Senior) (, ,) (-DFL- E_S))",61
sw12utt/sw_1202_2151.utt,2/sw2151,2151,45,bk,A,20,3,okay.  /,okay/UH ./.,(INTJ (UH okay) (. .) (-DFL- E_S)),62
sw12utt/sw_1202_2151.utt,2/sw2151,2151,46,%,A,20,4,"{C So, } there's not, {F uh, } -/","So/RB ,/, there/EX 's/BES not/RB ,/, uh/UH ,/,","(S (RB So) (, ,) (NP-SBJ (EX there)) (VP-UNF (BES 's) (RB not) (, ,) (INTJ (UH uh))) (, ,) (-DFL- N_S))",63
sw12utt/sw_1202_2151.utt,2/sw2151,2151,47,%,B,21,1,"{F Oh, } they're just not, - /","Oh/UH ,/, they/PRP 're/VBP just/RB not/RB ,/,","(S (INTJ (UH Oh)) (, ,) (NP-SBJ (PRP they)) (VP-UNF (VBP 're) (ADVP (RB just)) (RB not)) (, ,) (-DFL- N_S))",65
sw12utt/sw_1202_2151.utt,2/sw2151,2151,48,sv,B,21,2,"once they get into junior high it just,","once/IN they/PRP get/VBP into/IN junior/JJ high/JJ it/PRP just/RB ,/,","(S (SBAR-TMP (IN once) (S (NP-SBJ (PRP they)) (VP (VBP get) (PP (IN into) (NP (JJ junior) (JJ high)))))) (NP-SBJ-1 (PRP it)) (ADVP (RB just)) (, ,) (RB not) (VP (VBN done) (NP (-NONE- *-1)) (ADVP-TMP (RB anymore))) (. .) (-DFL- E_S))",66
sw12utt/sw_1202_2151.utt,2/sw2151,2151,49,b,A,22,1,"Yeah,  /","Yeah/UH ,/,","(INTJ (UH Yeah) (, ,) (-DFL- E_S))",36
sw12utt/sw_1202_2151.utt,2/sw2151,2151,50,sv,A,22,2,"[ they, + they  ] lose interest. /","they/PRP ,/, they/PRP lose/VBP interest/NN ./.","(S (EDITED (RM (-DFL- \[)) (NP-SBJ (PRP they)) (, ,) (IP (-DFL- \+))) (NP-SBJ (PRP they)) (RS (-DFL- \])) (VP (VBP lose) (NP (NN interest))) (. .) (-DFL- E_S))",69
sw12utt/sw_1202_2151.utt,2/sw2151,2151,51,+,B,23,1,not done anymore <children>. /,not/RB done/VBN anymore/RB ./.,"(S (SBAR-TMP (IN once) (S (NP-SBJ (PRP they)) (VP (VBP get) (PP (IN into) (NP (JJ junior) (JJ high)))))) (NP-SBJ-1 (PRP it)) (ADVP (RB just)) (, ,) (RB not) (VP (VBN done) (NP (-NONE- *-1)) (ADVP-TMP (RB anymore))) (. .) (-DFL- E_S))",66
sw12utt/sw_1202_2151.utt,2/sw2151,2151,52,sv,A,24,1,"{C and then } when they [ young, + young  ] adults,","and/CC then/RB when/WRB they/PRP young/JJ ,/, young/JJ adults/NNS ,/,","(S (CONJP (CC and) (RB then)) (SBAR-TMP (WHADVP-1 (WRB when)) (S (NP-SBJ (PRP they)) (EDITED (RM (-DFL- \[)) (NP-PRD-UNF (JJ young)) (, ,) (IP (-DFL- \+))) (NP-PRD (JJ young) (RS (-DFL- \])) (NNS adults)) (ADVP-TMP (-NONE- *T*-1)))) (, ,) (NP-SBJ (EX there)) (VP (BES 's) (NP-PRD (NP (ADJP (RB even) (JJR less)) (NN interest)) (ADVP-LOC (RB there)))) (. .) (-DFL- E_S))",72
sw12utt/sw_1202_2151.utt,2/sw2151,2151,53,b,B,25,1,Uh-huh. /,Uh-huh/UH ./.,(INTJ (UH Uh-huh) (. .) (-DFL- E_S)),74
sw12utt/sw_1202_2151.utt,2/sw2151,2151,54,+,A,26,1,there's even less interest there.  /,there/EX 's/BES even/RB less/JJR interest/NN there/RB ./.,"(S (CONJP (CC and) (RB then)) (SBAR-TMP (WHADVP-1 (WRB when)) (S (NP-SBJ (PRP they)) (EDITED (RM (-DFL- \[)) (NP-PRD-UNF (JJ young)) (, ,) (IP (-DFL- \+))) (NP-PRD (JJ young) (RS (-DFL- \])) (NNS adults)) (ADVP-TMP (-NONE- *T*-1)))) (, ,) (NP-SBJ (EX there)) (VP (BES 's) (NP-PRD (NP (ADJP (RB even) (JJR less)) (NN interest)) (ADVP-LOC (RB there)))) (. .) (-DFL- E_S))",72
sw12utt/sw_1202_2151.utt,2/sw2151,2151,55,sv,A,26,2,"They're more for, I g-, -/","They/PRP 're/VBP more/RBR for/IN ,/, I/PRP g/VBP ,/,","(S (NP-SBJ (PRP They)) (VP (VBP 're) (ADVP (RBR more)) (PP-PRD-UNF (IN for) (PRN (, ,) (S (NP-SBJ (PRP I)) (VP-UNF (VBP g-)))))) (, ,) (-DFL- N_S))",76
sw12utt/sw_1202_2151.utt,2/sw2151,2151,56,^2,B,27,1,Me <laughter>. /,Me/PRP ./.,(NP (PRP Me) (. .) (-DFL- E_S)),78
sw12utt/sw_1202_2151.utt,2/sw2151,2151,57,%,A,28,1,"[ Not, + not,  ] - /","Not/RB ,/, not/RB ,/,","(X (EDITED (RM (-DFL- \[)) (RB Not) (, ,) (IP (-DFL- \+))) (RB not) (, ,) (RS (-DFL- \])) (-DFL- N_S))",80
sw12utt/sw_1202_2151.utt,2/sw2151,2151,58,aa,A,28,2,yeah. /,yeah/UH ./.,(INTJ (UH yeah) (. .) (-DFL- E_S)),81
sw12utt/sw_1202_2151.utt,2/sw2151,2151,59,sd,B,29,1,"Grab,  /","Grab/VB ,/,","(VP (VP (VB Grab)) (, ,) (-DFL- E_S) (VP (VB grab)) (, ,) (-DFL- E_S) (VP (VB grab)) (, ,) (-DFL- E_S) (VP (VB walk) (ADVP-DIR (RB out))) (. .) (-DFL- E_S))",83
sw12utt/sw_1202_2151.utt,2/sw2151,2151,60,sd,B,29,2,"grab,  /","grab/VB ,/,","(VP (VP (VB Grab)) (, ,) (-DFL- E_S) (VP (VB grab)) (, ,) (-DFL- E_S) (VP (VB grab)) (, ,) (-DFL- E_S) (VP (VB walk) (ADVP-DIR (RB out))) (. .) (-DFL- E_S))",83
sw12utt/sw_1202_2151.utt,2/sw2151,2151,61,sd,B,29,3,"grab,  /","grab/VB ,/,","(VP (VP (VB Grab)) (, ,) (-DFL- E_S) (VP (VB grab)) (, ,) (-DFL- E_S) (VP (VB grab)) (, ,) (-DFL- E_S) (VP (VB walk) (ADVP-DIR (RB out))) (. .) (-DFL- E_S))",83
sw12utt/sw_1202_2151.utt,2/sw2151,2151,62,sd,B,29,4,walk out <laughter>. /,walk/VB out/RB ./.,"(VP (VP (VB Grab)) (, ,) (-DFL- E_S) (VP (VB grab)) (, ,) (-DFL- E_S) (VP (VB grab)) (, ,) (-DFL- E_S) (VP (VB walk) (ADVP-DIR (RB out))) (. .) (-DFL- E_S))",83
sw12utt/sw_1202_2151.utt,2/sw2151,2151,63,aa,A,30,1,"Yeah,  /","Yeah/UH ,/,","(INTJ (UH Yeah) (, ,) (-DFL- E_S))",68
sw12utt/sw_1202_2151.utt,2/sw2151,2151,64,sv,A,30,2,you're absolutely right <laughter>. /,you/PRP 're/VBP absolutely/RB right/JJ ./.,(S (NP-SBJ (PRP you)) (VP (VBP 're) (ADJP-PRD (RB absolutely) (JJ right))) (. .) (-DFL- E_S)),86
sw12utt/sw_1202_2151.utt,2/sw2151,2151,65,b,B,31,1,Yeah  /,Yeah/UH,(INTJ (UH Yeah) (-DFL- E_S)),88
sw12utt/sw_1202_2151.utt,2/sw2151.pos,2151,66,x,B,31,2,<sniffing>.,./.
sw12utt/sw_1202_2151.utt,2/sw2151,2151,67,sv,A,32,1,I think it's a really a good thing.  /,I/PRP think/VBP it/PRP 's/BES a/DT really/RB a/DT good/JJ thing/NN ./.,(S (NP-SBJ (PRP I)) (VP (VBP think) (SBAR (-NONE- 0) (S (NP-SBJ (PRP it)) (VP (BES 's) (EDITED (NP-PRD-UNF (DT a))) (ADVP (RB really)) (NP-PRD (DT a) (JJ good) (NN thing)))))) (. .) (-DFL- E_S)),90
sw12utt/sw_1202_2151.utt,2/sw2151,2151,68,sd,A,32,2,"[ I, + I ] like to see, - /","I/PRP ,/, I/PRP like/VBP to/TO see/VB ,/,","(S (EDITED (RM (-DFL- \[)) (NP-SBJ (PRP I)) (, ,) (IP (-DFL- \+))) (NP-SBJ-1 (PRP I)) (RS (-DFL- \])) (VP (VBP like) (S (NP-SBJ (-NONE- *-1)) (VP (TO to) (VP-UNF (VB see))))) (, ,) (-DFL- N_S))",91
sw12utt/sw_1202_2151.utt,2/sw2151,2151,69,sv,A,32,3,"of course, there's, {D you know, } third world countries that can use all kind of help <laughter>. /","of/IN course/NN ,/, there/EX 's/BES ,/, you/PRP know/VBP ,/, third/JJ world/NN countries/NNS that/WDT can/MD use/VB all/DT kind/NN of/IN help/NN ./.","(S (PP (IN of) (NP (NN course))) (, ,) (NP-SBJ (EX there)) (VP (BES 's) (PRN (, ,) (S (NP-SBJ (PRP you)) (VP (VBP know))) (, ,)) (NP-PRD (NP (JJ third) (NN world) (NNS countries)) (SBAR (WHNP-1 (WDT that)) (S (NP-SBJ (-NONE- *T*-1)) (VP (MD can) (VP (VB use) (NP (NP (DT all) (NN kind)) (PP (IN of) (NP (NN help)))))))))) (. .) (-DFL- E_S))",92
sw12utt/sw_1202_2151.utt,2/sw2151,2151,70,b,B,33,1,"Yeah,  /","Yeah/UH ,/,","(INTJ (UH Yeah) (, ,) (-DFL- E_S))",68
sw12utt/sw_1202_2151.utt,2/sw2151,2151,71,sv,B,33,2,"{C but } there's a lot that can be done right here in this country,","but/CC there/EX 's/BES a/DT lot/NN that/WDT can/MD be/VB done/VBN right/RB here/RB in/IN this/DT country/NN ,/,","(S (CC but) (NP-SBJ (EX there)) (VP (BES 's) (NP-PRD (NP (DT a) (NN lot)) (SBAR (WHNP-1 (WDT that)) (S (NP-SBJ-2 (-NONE- *T*-1)) (VP (MD can) (VP (VB be) (VP (VBN done) (NP (-NONE- *-2)))))))) (ADVP-LOC (RB right) (RB here) (PP (IN in) (NP (DT this) (NN country)))) (, ,) (ADVP (RB too))) (. .) (-DFL- E_S))",95
sw12utt/sw_1202_2151.utt,2/sw2151,2151,72,sv,A,34,1,"{C But } I think,","But/CC I/PRP think/VBP ,/,","(S (CC But) (NP-SBJ (PRP I)) (VP (VBP think) (, ,) (SBAR (-NONE- 0) (S (NP-SBJ-1 (PRP we)) (VP (MD ought) (S (NP-SBJ (-NONE- *-1)) (VP (TO to) (VP (VB start) (ADVP-LOC (RB right) (RB here) (PP (IN at) (NP (NN home))))))))))) (. .) (-DFL- E_S))",97
sw12utt/sw_1202_2151.utt,2/sw2151,2151,73,+,B,35,1,too. /,too/RB ./.,"(S (CC but) (NP-SBJ (EX there)) (VP (BES 's) (NP-PRD (NP (DT a) (NN lot)) (SBAR (WHNP-1 (WDT that)) (S (NP-SBJ-2 (-NONE- *T*-1)) (VP (MD can) (VP (VB be) (VP (VBN done) (NP (-NONE- *-2)))))))) (ADVP-LOC (RB right) (RB here) (PP (IN in) (NP (DT this) (NN country)))) (, ,) (ADVP (RB too))) (. .) (-DFL- E_S))",95
sw12utt/sw_1202_2151.utt,2/sw2151,2151,74,+,A,36,1,we ought to start right here at home.  /,we/PRP ought/MD to/TO start/VB right/RB here/RB at/IN home/NN ./.,"(S (CC But) (NP-SBJ (PRP I)) (VP (VBP think) (, ,) (SBAR (-NONE- 0) (S (NP-SBJ-1 (PRP we)) (VP (MD ought) (S (NP-SBJ (-NONE- *-1)) (VP (TO to) (VP (VB start) (ADVP-LOC (RB right) (RB here) (PP (IN at) (NP (NN home))))))))))) (. .) (-DFL- E_S))",97
sw12utt/sw_1202_2151.utt,2/sw2151,2151,75,%,A,36,2,"I'm, {D you know, } -/","I/PRP 'm/VBP ,/, you/PRP know/VBP ,/,","(S (NP-SBJ (PRP I)) (VP-UNF (VBP 'm) (PRN (, ,) (S (NP-SBJ (PRP you)) (VP (VBP know))))) (, ,) (-DFL- N_S))",100
sw12utt/sw_1202_2151.utt,2/sw2151,2151,76,b,B,37,1,"Yeah,  /","Yeah/UH ,/,","(INTJ (UH Yeah) (, ,) (-DFL- E_S))",85
sw12utt/sw_1202_2151.utt,2/sw2151,2151,77,sv,B,37,2,"{F uh, } [ I'm not, + I'm not  ] so sure that [ overseas  help, + helping overseas  ] would be such a hot idea [ for, + for, ] {F uh, } a lot of young [ k-, + people.  ] /","uh/UH ,/, I/PRP 'm/VBP not/RB ,/, I/PRP 'm/VBP not/RB so/RB sure/JJ that/IN overseas/JJ help/NN ,/, helping/VBG overseas/RB would/MD be/VB such/PDT a/DT hot/JJ idea/NN for/IN ,/, for/IN ,/, uh/UH ,/, a/DT lot/NN of/IN young/JJ k-/NNS ,/, people/NNS ./.","(S (INTJ (UH uh)) (, ,) (EDITED (RM (-DFL- \[)) (S (NP-SBJ (PRP I)) (VP-UNF (VBP 'm) (RB not))) (, ,) (IP (-DFL- \+))) (NP-SBJ (PRP I)) (VP (VBP 'm) (RB not) (RS (-DFL- \])) (ADJP-PRD (RB so) (JJ sure) (SBAR (IN that) (S (EDITED (RM (-DFL- \[)) (NP-SBJ (JJ overseas) (NN help)) (, ,) (IP (-DFL- \+))) (S-NOM-SBJ (NP-SBJ (-NONE- *)) (VP (VBG helping) (ADVP-LOC (RB overseas)))) (RS (-DFL- \])) (VP (MD would) (VP (VB be) (NP-PRD (PDT such) (DT a) (JJ hot) (NN idea)) (EDITED (RM (-DFL- \[)) (PP-UNF (IN for)) (, ,) (IP (-DFL- \+))) (PP (IN for) (, ,) (RS (-DFL- \])) (INTJ (UH uh)) (, ,) (NP (NP (DT a) (NN lot)) (PP (IN of) (NP (JJ young) (EDITED (RM (-DFL- \[)) (NNS k-) (, ,) (IP (-DFL- \+))) (NNS people))))))))))) (. .) (RS (-DFL- \])) (-DFL- E_S))",103
sw12utt/sw_1202_2151.utt,2/sw2151,2151,78,aa,A,38,1,"No,  /","No/UH ,/,","(INTJ (UH No) (, ,) (-DFL- E_S))",105
sw12utt/sw_1202_2151.utt,2/sw2151,2151,79,%,A,38,2,"[ it, + it,  ] -/","it/PRP ,/, it/PRP ,/,","(S-UNF (EDITED (RM (-DFL- \[)) (NP-SBJ (PRP it)) (, ,) (IP (-DFL- \+))) (NP-SBJ (PRP it)) (, ,) (RS (-DFL- \])) (-DFL- N_S))",106
sw12utt/sw_1202_2151.utt,2/sw2151,2151,80,sv,B,39,1,"{C But, } since there is much that needs to be done here. -/","But/CC ,/, since/IN there/EX is/VBZ much/JJ that/WDT needs/VBZ to/TO be/VB done/VBN here/RB ./.","(S-UNF (CC But) (, ,) (SBAR-PRP (IN since) (S (NP-SBJ (EX there)) (VP (VBZ is) (NP-PRD (NP (JJ much)) (SBAR (WHNP-1 (WDT that)) (S (NP-SBJ-2 (-NONE- *T*-1)) (VP (VBZ needs) (S (NP-SBJ-3 (-NONE- *-2)) (VP (TO to) (VP (VB be) (VP (VBN done) (NP (-NONE- *-3)))))))))) (ADVP-LOC (RB here))))) (. .) (-DFL- N_S))",108
sw12utt/sw_1202_2151.utt,2/sw2151,2151,81,sv,A,40,1,"[ I think that, + {D yeah, } I think that ] we need to really address what we've done here  /","I/PRP think/VBP that/IN ,/, yeah/UH ,/, I/PRP think/VBP that/IN we/PRP need/VBP to/TO really/RB address/VB what/WP we/PRP 've/VBP done/VBN here/RB","(S (EDITED (RM (-DFL- \[)) (S (NP-SBJ (PRP I)) (VP (VBP think) (SBAR-UNF (IN that)))) (, ,) (IP (-DFL- \+))) (INTJ (UH yeah)) (, ,) (NP-SBJ (PRP I)) (VP (VBP think) (SBAR (IN that) (RS (-DFL- \])) (S (NP-SBJ-1 (PRP we)) (VP (VBP need) (S (NP-SBJ (-NONE- *-1)) (VP (TO to) (ADVP (RB really)) (VP (VB address) (SBAR (WHNP-2 (WP what)) (S (NP-SBJ (PRP we)) (VP (VBP 've) (VP (VBN done) (NP (-NONE- *T*-2)) (ADVP-LOC (RB here))))))))))))) (-DFL- E_S))",110
sw12utt/sw_1202_2151.utt,2/sw2151,2151,82,sv,A,40,2,"[ {C and, } + {C and then } ] perhaps even a six month tour overseas that gives them much broader outlook. /","and/CC ,/, and/CC then/RB perhaps/RB even/RB a/DT six/CD month/NN tour/NN overseas/RB that/WDT gives/VBZ them/PRP much/RB broader/JJR outlook/NN ./.","(FRAG (EDITED (RM (-DFL- \[)) (CC and) (, ,) (IP (-DFL- \+))) (CONJP (CC and) (RB then)) (RS (-DFL- \])) (ADVP (RB perhaps)) (NP (NP (RB even) (DT a) (ADJP (CD six) (NN month)) (NN tour)) (ADVP-LOC (RB overseas)) (SBAR (WHNP-1 (WDT that)) (S (NP-SBJ (-NONE- *T*-1)) (VP (VBZ gives) (NP (PRP them)) (NP (ADJP (RB much) (JJR broader)) (NN outlook)))))) (. .) (-DFL- E_S))",111
sw12utt/sw_1202_2151.utt,2/sw2151,2151,83,b,B,41,1,Uh-huh. /,Uh-huh/UH ./.,(INTJ (UH Uh-huh) (. .) (-DFL- E_S)),113
sw12utt/sw_1202_2151.utt,2/sw2151,2151,84,sv,A,42,1,"{D Well, } it's been really good.  /","Well/UH ,/, it/PRP 's/HVS been/VBN really/RB good/JJ ./.","(S (INTJ (UH Well)) (, ,) (NP-SBJ (PRP it)) (VP (HVS 's) (VP (VBN been) (ADJP-PRD (RB really) (JJ good)))) (. .) (-DFL- E_S))",115
sw12utt/sw_1202_2151.utt,2/sw2151,2151,85,sd,A,42,2,"We talked about this for a few minutes,  /","We/PRP talked/VBD about/IN this/DT for/IN a/DT few/JJ minutes/NNS ,/,","(S (NP-SBJ (PRP We)) (VP (VBD talked) (PP (IN about) (NP (DT this))) (PP-TMP (IN for) (NP (DT a) (JJ few) (NNS minutes)))) (, ,) (-DFL- E_S))",116
sw12utt/sw_1202_2151.utt,2/sw2151,2151,86,sd^t,A,42,3,"{C and, } {F uh, } hopefully, we'll have other good topic maybe another call someday,  /","and/CC ,/, uh/UH ,/, hopefully/RB ,/, we/PRP 'll/MD have/VB other/JJ good/JJ topic/NN maybe/RB another/DT call/NN someday/RB ,/,","(S (CC and) (, ,) (INTJ (UH uh)) (, ,) (ADVP (RB hopefully)) (, ,) (NP-SBJ (PRP we)) (VP (MD 'll) (VP (VB have) (NP (NP (JJ other) (JJ good) (NN topic)) (ADVP (RB maybe)) (NP (DT another) (NN call))) (ADVP-TMP (RB someday)))) (, ,) (-DFL- E_S))",117
sw12utt/sw_1202_2151.utt,2/sw2151,2151,87,sd,A,42,4,"{C but } [ I, + I  ] don't really have too much more to say on this topic, I guess. /","but/CC I/PRP ,/, I/PRP do/VBP n't/RB really/RB have/VB too/RB much/RB more/JJR to/TO say/VB on/IN this/DT topic/NN ,/, I/PRP guess/VBP ./.","(S (CC but) (S-TPC-2 (EDITED (RM (-DFL- \[)) (NP-SBJ (PRP I)) (, ,) (IP (-DFL- \+))) (NP-SBJ (PRP I)) (RS (-DFL- \])) (VP (VBP do) (RB n't) (ADVP (RB really)) (VP (VB have) (NP (NP (ADJP (ADVP (RB too) (RB much)) (JJR more))) (SBAR (WHNP-1 (-NONE- 0)) (S (NP-SBJ (-NONE- *)) (VP (TO to) (VP (VB say) (NP (-NONE- *T*-1))))))) (PP (IN on) (NP (DT this) (NN topic)))))) (, ,) (NP-SBJ (PRP I)) (VP (VBP guess) (SBAR (-NONE- 0) (S (-NONE- *T*-2)))) (. .) (-DFL- E_S))",118
sw12utt/sw_1202_2151.utt,2/sw2151,2151,88,b,B,43,1,"No,  /","No/UH ,/,","(INTJ (UH No) (, ,) (-DFL- E_S))",105
sw12utt/sw_1202_2151.utt,2/sw2151,2151,89,sd,B,43,2,"[ I, + I  ] agree with you <laughter>. /","I/PRP ,/, I/PRP agree/VBP with/IN you/PRP ./.","(S (EDITED (RM (-DFL- \[)) (NP-SBJ (PRP I)) (, ,) (IP (-DFL- \+))) (NP-SBJ (PRP I)) (RS (-DFL- \])) (VP (VBP agree) (PP (IN with) (NP (PRP you)))) (. .) (-DFL- E_S))",121
sw12utt/sw_1202_2151.utt,2/sw2151,2151,90,sv,A,44,1,"[ [ It, + we, ] + I guess we ] both agree that it's a good thing,","It/PRP ,/, we/PRP ,/, I/PRP guess/VBP we/PRP both/DT agree/VBP that/IN it/PRP 's/BES a/DT good/JJ thing/NN ,/,","(S (EDITED (RM (-DFL- \[)) (EDITED (RM (-DFL- \[)) (NP-SBJ (PRP It)) (, ,) (IP (-DFL- \+))) (NP-SBJ (PRP we)) (, ,) (RS (-DFL- \])) (IP (-DFL- \+))) (NP-SBJ (PRP I)) (VP (VBP guess) (SBAR (-NONE- 0) (S (NP-SBJ (NP (PRP we)) (RS (-DFL- \])) (NP (DT both))) (VP (VBP agree) (SBAR (SBAR (IN that) (S (NP-SBJ (PRP it)) (VP (BES 's) (NP-PRD (DT a) (JJ good) (NN thing))))) (, ,) (SBAR (IN that) (S (NP-SBJ (PRP they)) (VP (MD should) (VP (VB do) (NP (TYPO (^DT^NN sometime)))))))))))) (. .) (-DFL- E_S))",123
sw12utt/sw_1202_2151.utt,2/sw2151,2151,91,b,B,45,1,Yeah. /,Yeah/UH ./.,(INTJ (UH Yeah) (. .) (-DFL- E_S)),125
sw12utt/sw_1202_2151.utt,2/sw2151,2151,92,+,A,46,1,that they should do sometime. /,that/IN they/PRP should/MD do/VB sometime/^DT^NN ./.,"(S (EDITED (RM (-DFL- \[)) (EDITED (RM (-DFL- \[)) (NP-SBJ (PRP It)) (, ,) (IP (-DFL- \+))) (NP-SBJ (PRP we)) (, ,) (RS (-DFL- \])) (IP (-DFL- \+))) (NP-SBJ (PRP I)) (VP (VBP guess) (SBAR (-NONE- 0) (S (NP-SBJ (NP (PRP we)) (RS (-DFL- \])) (NP (DT both))) (VP (VBP agree) (SBAR (SBAR (IN that) (S (NP-SBJ (PRP it)) (VP (BES 's) (NP-PRD (DT a) (JJ good) (NN thing))))) (, ,) (SBAR (IN that) (S (NP-SBJ (PRP they)) (VP (MD should) (VP (VB do) (NP (TYPO (^DT^NN sometime)))))))))))) (. .) (-DFL- E_S))",123
sw12utt/sw_1202_2151.utt,2/sw2151,2151,93,aa,B,47,1,Okay. /,Okay/UH ./.,(INTJ (UH Okay) (. .) (-DFL- E_S)),128
sw12utt/sw_1202_2151.utt,2/sw2151,2151,94,fc,A,48,1,"{D Well } you take care,  /","Well/UH you/PRP take/VB care/NN ,/,","(S-IMP (INTJ (UH Well)) (NP-SBJ (PRP you)) (VP (VB take) (NP (NN care))) (, ,) (-DFL- E_S))",130
sw12utt/sw_1202_2151.utt,2/sw2151,2151,95,fc,A,48,2,"[ {C and, } + {C and, }  ]","and/CC ,/, and/CC ,/,","(S-IMP (EDITED (RM (-DFL- \[)) (CC and) (, ,) (IP (-DFL- \+))) (CC and) (, ,) (RS (-DFL- \])) (NP-SBJ (-NONE- *)) (VP (VB enjoy) (NP (DT the) (NN day))) (. .) (-DFL- E_S))",131
sw12utt/sw_1202_2151.utt,2/sw2151,2151,96,fc,B,49,1,"You, too. /","You/PRP ,/, too/RB ./.","(FRAG (NP (PRP You)) (, ,) (ADVP (RB too)) (. .) (-DFL- E_S))",133
sw12utt/sw_1202_2151.utt,2/sw2151,2151,97,+,A,50,1,enjoy the day. /,enjoy/VB the/DT day/NN ./.,"(S-IMP (EDITED (RM (-DFL- \[)) (CC and) (, ,) (IP (-DFL- \+))) (CC and) (, ,) (RS (-DFL- \])) (NP-SBJ (-NONE- *)) (VP (VB enjoy) (NP (DT the) (NN day))) (. .) (-DFL- E_S))",131
sw12utt/sw_1202_2151.utt,2/sw2151,2151,98,fc,B,51,1,"You, too. /","You/PRP ,/, too/RB ./.","(FRAG (NP (PRP You)) (, ,) (ADVP (RB too)) (. .) (-DFL- E_S))",133
sw12utt/sw_1202_2151.utt,2/sw2151,2151,99,ft,A,52,1,"Thank you, ma'am.  /","Thank/VBP you/PRP ,/, ma'am/NN ./.","(S (NP-SBJ (-NONE- *)) (VP (VBP Thank) (NP (PRP you)) (, ,) (NP-VOC (NN ma'am))) (. .) (-DFL- E_S))",138
sw12utt/sw_1202_2151.utt,2/sw2151,2151,100,fc,A,52,2,Bye-bye. /,Bye-bye/UH ./.,(INTJ (UH Bye-bye) (. .) (-DFL- E_S)),139
sw12utt/sw_1202_2151.utt,2/sw2151,2151,101,fc,B,53,1,Bye-bye. /,Bye-bye/UH ./.,(INTJ (UH Bye-bye) (. .) (-DFL- E_S)),139
