swda_filename,ptb_basename,conversation_no,transcript_index,act_tag,caller,utterance_index,subutterance_index,text,pos,trees,ptb_treenumbers
sw12utt/sw_1208_2724.utt,2/sw2724,2724,0,qw,B,1,1,"{F Uh, } {D so } what do you do to exercise? /","Uh/UH ,/, so/RB what/WP do/VBP you/PRP do/VB to/TO exercise/VB ?/.","(SBARQ (INTJ (UH Uh)) (, ,) (INTJ (UH so)) (WHNP-2 (WP what)) (SQ (VBP do) (NP-SBJ-1 (PRP you)) (VP (VB do) (NP (-NONE- *T*-2)) (S-PRP (NP-SBJ (-NONE- *-1)) (VP (TO to) (VP (VB exercise)))))) (. ?) (-DFL- E_S))",1
sw12utt/sw_1208_2724.utt,2/sw2724,2724,1,%,A,2,1,"{F Uh, } s-, - /","Uh/UH ,/, s-/XX ,/,","(S-UNF (INTJ (UH Uh)) (, ,) (X (XX s-)) (, ,) (-DFL- N_S))",3
sw12utt/sw_1208_2724.utt,2/sw2724,2724,2,sd,A,2,2,"I, {F uh, } weight train, {F uh, } three days on and one day off. /","I/PRP ,/, uh/UH ,/, weight/NN train/VBP ,/, uh/UH ,/, three/CD days/NNS on/RB and/CC one/CD day/NN off/RB ./.","(S (NP-SBJ (PRP I)) (, ,) (INTJ (UH uh)) (, ,) (VP (NN weight) (VBP train) (, ,) (INTJ (UH uh)) (, ,) (NP-TMP (NP (NP (CD three) (NNS days)) (ADVP (RB on))) (CC and) (NP (NP (CD one) (NN day)) (ADVP (RB off))))) (. .) (-DFL- E_S))",4
sw12utt/sw_1208_2724.utt,2/sw2724,2724,3,bk,B,3,1,Uh-huh. /,Uh-huh/UH ./.,(INTJ (UH Uh-huh) (. .) (-DFL- E_S)),6
sw12utt/sw_1208_2724.utt,2/sw2724,2724,4,sd,A,4,1,"I, {F uh, } ride bicycles, <breathing>, {F uh, } fifteen, twenty miles, I don't know, maybe three times, maybe four times a week.  /","I/PRP ,/, uh/UH ,/, ride/VBP bicycles/NNS ,/, ,/, uh/UH ,/, fifteen/CD ,/, twenty/CD miles/NNS ,/, I/PRP do/VBP n't/RB know/VB ,/, maybe/RB three/CD times/NNS ,/, maybe/RB four/CD times/NNS a/DT week/NN ./.","(S (NP-SBJ (PRP I)) (, ,) (INTJ (UH uh)) (, ,) (VP (VBP ride) (NP (NNS bicycles)) (, ,) (, ,) (INTJ (UH uh)) (, ,) (NP-EXT (CD fifteen) (, ,) (CD twenty) (NNS miles)) (PRN (, ,) (S (NP-SBJ (PRP I)) (VP (VBP do) (RB n't) (VP (VB know)))) (, ,)) (NP-TMP (NP (NP (QP (RB maybe) (CD three)) (NNS times)) (, ,) (NP (QP (RB maybe) (CD four)) (NNS times))) (NP-ADV (DT a) (NN week)))) (. .) (-DFL- E_S))",8
sw12utt/sw_1208_2724.utt,2/sw2724,2724,5,sd,A,4,2,"I play basketball, {F uh, } couple times a week.  /","I/PRP play/VBP basketball/NN ,/, uh/UH ,/, couple/NN times/NNS a/DT week/NN ./.","(S (NP-SBJ (PRP I)) (VP (VBP play) (NP (NN basketball)) (, ,) (INTJ (UH uh)) (, ,) (NP-TMP (NP (NN couple) (NNS times)) (NP-ADV (DT a) (NN week)))) (. .) (-DFL- E_S))",9
sw12utt/sw_1208_2724.utt,2/sw2724,2724,6,sd,A,4,3,I play softball one night a week.   /,I/PRP play/VBP softball/NN one/CD night/NN a/DT week/NN ./.,(S (NP-SBJ (PRP I)) (VP (VBP play) (NP (NN softball)) (NP-TMP (NP (CD one) (NN night)) (NP-ADV (DT a) (NN week)))) (. .) (-DFL- E_S)),10
sw12utt/sw_1208_2724.utt,2/sw2724,2724,7,sd,A,4,4,"{F Uh, } that's what I do. /","Uh/UH ,/, that/DT 's/BES what/WP I/PRP do/VBP ./.","(S (INTJ (UH Uh)) (, ,) (NP-SBJ (DT that)) (VP (BES 's) (SBAR-NOM-PRD (WHNP-1 (WP what)) (S (NP-SBJ (PRP I)) (VP (VBP do) (NP (-NONE- *T*-1)))))) (. .) (-DFL- E_S))",11
sw12utt/sw_1208_2724.utt,2/sw2724,2724,8,%,B,5,1,{F Um. } /,Um/UH ./.,(INTJ (UH Um) (. .) (-DFL- E_S)),13
sw12utt/sw_1208_2724.utt,2/sw2724,2724,9,qo,A,6,1,What about yourself? /,What/WP about/IN yourself/PRP ?/.,(FRAG (WHNP (WP What)) (PP (IN about) (NP (PRP yourself))) (. ?) (-DFL- E_S)),15
sw12utt/sw_1208_2724.utt,2/sw2724,2724,10,sv,B,7,1,That's pretty impressive.   /,That/DT 's/BES pretty/RB impressive/JJ ./.,(S (NP-SBJ (DT That)) (VP (BES 's) (ADJP-PRD (RB pretty) (JJ impressive))) (. .) (-DFL- E_S)),17
sw12utt/sw_1208_2724.utt,2/sw2724,2724,11,sd,B,7,2,"{F Uh, } I guess I bicycle.  /","Uh/UH ,/, I/PRP guess/VBP I/PRP bicycle/VBP ./.","(S (INTJ (UH Uh)) (, ,) (NP-SBJ (PRP I)) (VP (VBP guess) (SBAR (-NONE- 0) (S (NP-SBJ (PRP I)) (VP (VBP bicycle))))) (. .) (-DFL- E_S))",18
sw12utt/sw_1208_2724.utt,2/sw2724,2724,12,sd,B,7,3,"{F Uh, } the amount varies  /","Uh/UH ,/, the/DT amount/NN varies/VBZ","(S (INTJ (UH Uh)) (, ,) (NP-SBJ (DT the) (NN amount)) (VP (VBZ varies)) (-DFL- E_S))",19
sw12utt/sw_1208_2724.utt,2/sw2724,2724,13,sd,B,7,4,as much as a hundred  and fifty miles a week. /,as/RB much/JJ as/IN a/DT hundred/CD and/CC fifty/CD miles/NNS a/DT week/NN ./.,(ADJP (ADJP (RB as) (JJ much)) (PP (IN as) (NP (NP (QP (DT a) (CD hundred) (CC and) (CD fifty)) (NNS miles)) (NP-ADV (DT a) (NN week)))) (. .) (-DFL- E_S)),20
sw12utt/sw_1208_2724.utt,2/sw2724,2724,14,bk,A,8,1,Uh-huh. /,Uh-huh/UH ./.,(INTJ (UH Uh-huh) (. .) (-DFL- E_S)),6
sw12utt/sw_1208_2724.utt,2/sw2724,2724,15,sd,B,9,1,"{F Uh, } I guess a play softball one night a week.   /","Uh/UH ,/, I/PRP guess/VBP a/^PRP play/VBP softball/NN one/CD night/NN a/DT week/NN ./.","(S (INTJ (UH Uh)) (, ,) (NP-SBJ (PRP I)) (VP (VBP guess) (SBAR (-NONE- 0) (S (NP-SBJ (TYPO (^PRP a))) (VP (VBP play) (NP (NN softball)) (NP-TMP (NP (CD one) (NN night)) (NP-ADV (DT a) (NN week))))))) (. .) (-DFL- E_S))",24
sw12utt/sw_1208_2724.utt,2/sw2724,2724,16,sd,B,9,2,{C And } I backpack a lot over the summer. /,And/CC I/PRP backpack/VBP a/DT lot/NN over/IN the/DT summer/NN ./.,(S (CC And) (NP-SBJ (PRP I)) (VP (VBP backpack) (NP-ADV (DT a) (NN lot)) (PP-TMP (IN over) (NP (DT the) (NN summer)))) (. .) (-DFL- E_S)),25
sw12utt/sw_1208_2724.utt,2/sw2724,2724,17,bh,A,10,1,"{F Oh, } really? /","Oh/UH ,/, really/UH ?/.","(INTJ (INTJ (UH Oh)) (, ,) (INTJ (UH really)) (. ?) (-DFL- E_S))",27
sw12utt/sw_1208_2724.utt,2/sw2724,2724,18,ny,B,11,1,"Yeah,  /","Yeah/UH ,/,","(INTJ (UH Yeah) (, ,) (-DFL- E_S))",29
sw12utt/sw_1208_2724.utt,2/sw2724,2724,19,sd^e,B,11,2,"[ that's, +  that's ] about the extent of it.  /","that/DT 's/BES ,/, that/DT 's/BES about/RB the/DT extent/NN of/IN it/PRP ./.","(S (EDITED (RM (-DFL- \[)) (S (NP-SBJ (DT that)) (VP-UNF (BES 's))) (, ,) (IP (-DFL- \+))) (NP-SBJ (DT that)) (VP (BES 's) (RS (-DFL- \])) (ADVP (RB about)) (NP-PRD (NP (DT the) (NN extent)) (PP (IN of) (NP (PRP it))))) (. .) (-DFL- E_S))",30
sw12utt/sw_1208_2724.utt,2/sw2724,2724,20,sd,B,11,3,"{E I mean, } I don't do any of those things particularly, {D you know, } for exercise.  /","I/PRP mean/VBP ,/, I/PRP do/VBP n't/RB do/VB any/DT of/IN those/DT things/NNS particularly/RB ,/, you/PRP know/VBP ,/, for/IN exercise/NN ./.","(S (PRN (S (NP-SBJ (PRP I)) (VP (VBP mean))) (, ,)) (NP-SBJ (PRP I)) (VP (VBP do) (RB n't) (VP (VB do) (NP (NP (DT any)) (PP (IN of) (NP (DT those) (NNS things)))) (PP-PRP (ADVP (RB particularly)) (PRN (, ,) (S (NP-SBJ (PRP you)) (VP (VBP know))) (, ,)) (IN for) (NP (NN exercise))))) (. .) (-DFL- E_S))",31
sw12utt/sw_1208_2724.utt,2/sw2724,2724,21,sd,B,11,4,"{C But, } {F uh, } I guess the bicycling is the one thing I'll sort of, {D like, } do if I feel like I need to go exercise <breathing>.  /","But/CC ,/, uh/UH ,/, I/PRP guess/VBP the/DT bicycling/NN is/VBZ the/DT one/CD thing/NN I/PRP 'll/MD sort/RB of/RB ,/, like/UH ,/, do/VB if/IN I/PRP feel/VBP like/IN I/PRP need/VBP to/TO go/VB exercise/VB ./.","(S (CC But) (, ,) (INTJ (UH uh)) (, ,) (NP-SBJ (PRP I)) (VP (VBP guess) (SBAR (-NONE- 0) (S (NP-SBJ (DT the) (NN bicycling)) (VP (VBZ is) (NP-PRD (NP (DT the) (CD one) (NN thing)) (SBAR (WHNP-1 (-NONE- 0)) (S (NP-SBJ (PRP I)) (VP (MD 'll) (ADVP (RB sort) (RB of)) (, ,) (INTJ (UH like)) (, ,) (VP (VB do) (NP (-NONE- *T*-1)) (SBAR-ADV (IN if) (S (NP-SBJ (PRP I)) (VP (VBP feel) (SBAR (IN like) (S (NP-SBJ-2 (PRP I)) (VP (VBP need) (S (NP-SBJ-3 (-NONE- *-2)) (VP (TO to) (VP (VB go) (S (NP-SBJ (-NONE- *-3)) (VP (VB exercise))))))))))))))))))))) (. .) (-DFL- E_S))",32
sw12utt/sw_1208_2724.utt,2/sw2724,2724,22,sd,B,11,5,"{F Uh, } {C but } I do it mostly for fun. /","Uh/UH ,/, but/CC I/PRP do/VBP it/PRP mostly/RB for/IN fun/NN ./.","(S (INTJ (UH Uh)) (, ,) (CC but) (NP-SBJ (PRP I)) (VP (VBP do) (NP (PRP it)) (ADVP (RB mostly)) (PP-PRP (IN for) (NP (NN fun)))) (. .) (-DFL- E_S))",33
sw12utt/sw_1208_2724.utt,2/sw2724,2724,23,b,A,12,1,"Yeah,  /","Yeah/UH ,/,","(INTJ (UH Yeah) (, ,) (-DFL- E_S))",29
sw12utt/sw_1208_2724.utt,2/sw2724,2724,24,qr,A,12,2,"{F uh, } what do you ride, {F uh, } {D like, } a bunch of hills or  pretty flat? /","uh/UH ,/, what/WP do/VBP you/PRP ride/VB ,/, uh/UH ,/, like/IN ,/, a/DT bunch/NN of/IN hills/NNS or/CC pretty/RB flat/JJ ?/.","(SBARQ (INTJ (UH uh)) (, ,) (WHNP-1 (WP what)) (SQ (VBP do) (NP-SBJ (PRP you)) (VP (VB ride) (NP (-NONE- *T*-1)) (, ,) (INTJ (UH uh)))) (, ,))|||(UCP (INTJ (UH like)) (, ,) (NP (NP (DT a) (NN bunch)) (PP (IN of) (NP (NNS hills)))) (CC or) (ADJP (RB pretty) (JJ flat)) (. ?) (-DFL- E_S))",36|||37
sw12utt/sw_1208_2724.utt,2/sw2724,2724,25,sd,B,13,1,"[ [ It, +  it, ] +  it ] varies.  /","It/PRP ,/, it/PRP ,/, it/PRP varies/VBZ ./.","(S (EDITED (RM (-DFL- \[)) (EDITED (RM (-DFL- \[)) (NP-SBJ (PRP It)) (, ,) (IP (-DFL- \+))) (NP-SBJ (PRP it)) (, ,) (RS (-DFL- \])) (IP (-DFL- \+))) (NP-SBJ (PRP it)) (RS (-DFL- \])) (VP (VBZ varies)) (. .) (-DFL- E_S))",39
sw12utt/sw_1208_2724.utt,2/sw2724,2724,26,sd,B,13,2,"{F Uh, } out near my house is pretty hilly.  /","Uh/UH ,/, out/IN near/RB my/PRP$ house/NN is/VBZ pretty/RB hilly/JJ ./.","(S (INTJ (UH Uh)) (, ,) (PP-LOC-SBJ (IN out) (ADVP (RB near) (NP (PRP$ my) (NN house)))) (VP (VBZ is) (ADJP-PRD (RB pretty) (JJ hilly))) (. .) (-DFL- E_S))",40
sw12utt/sw_1208_2724.utt,2/sw2724,2724,27,sd,B,13,3,"{F Uh, } {C but } sometimes I bike to work which is about, {F uh, } a fifteen mile trip each way.  /","Uh/UH ,/, but/CC sometimes/RB I/PRP bike/VBP to/IN work/NN which/WDT is/VBZ about/RB ,/, uh/UH ,/, a/DT fifteen/CD mile/NN trip/NN each/DT way/NN ./.","(S (INTJ (UH Uh)) (, ,) (CC but) (ADVP-TMP (RB sometimes)) (NP-SBJ (PRP I)) (VP (VP (VBP bike) (PP-DIR (IN to) (NP (NN work)))) (SBAR (WHNP-1 (WDT which)) (S (NP-SBJ (-NONE- *T*-1)) (VP (VBZ is) (ADVP (RB about)) (, ,) (INTJ (UH uh)) (, ,) (NP-PRD (DT a) (ADJP (CD fifteen) (NN mile)) (NN trip)) (NP-ADV (DT each) (NN way)))))) (. .) (-DFL- E_S))",41
sw12utt/sw_1208_2724.utt,2/sw2724,2724,28,sd,B,13,4,{C And } that's mostly flat. /,And/CC that/DT 's/BES mostly/RB flat/JJ ./.,(S (CC And) (NP-SBJ (DT that)) (VP (BES 's) (ADVP (RB mostly)) (ADJP-PRD (JJ flat))) (. .) (-DFL- E_S)),42
sw12utt/sw_1208_2724.utt,2/sw2724,2724,29,qw,A,14,1,How long does that take you to get to work? /,How/WRB long/RB does/VBZ that/DT take/VBP you/PRP to/TO get/VB to/IN work/NN ?/.,(SBARQ (WHADVP-2 (WRB How) (RB long)) (SQ (VBZ does) (NP-SBJ (DT that)) (VP (VBP take) (NP (PRP you)) (ADVP (-NONE- *T*-2)) (S-TPC (NP-SBJ (-NONE- *)) (VP (TO to) (VP (VB get) (PP-LOC (IN to) (NP (NN work)))))))) (. ?) (-DFL- E_S)),44
sw12utt/sw_1208_2724.utt,2/sw2724,2724,30,sd,B,15,1,"{F Uh, } about forty-five, fifty minutes. /","Uh/UH ,/, about/RB forty-five/CD ,/, fifty/CD minutes/NNS ./.","(FRAG (INTJ (UH Uh)) (, ,) (NP (QP (RB about) (CD forty-five) (, ,) (CD fifty)) (NNS minutes)) (. .) (-DFL- E_S))",46
sw12utt/sw_1208_2724.utt,2/sw2724,2724,31,qw,A,16,1,"[ How d-, + how does ] that [ work, + work ] out with, {F uh, } storing your bike and showering and all that? /","How/WRB d/VBZ ,/, how/WRB does/VBZ that/DT work/VB ,/, work/VB out/RP with/IN ,/, uh/UH ,/, storing/VBG your/PRP$ bike/NN and/CC showering/VBG and/CC all/PDT that/DT ?/.","(SBARQ (EDITED (RM (-DFL- \[)) (SBARQ (WHADVP (WRB How)) (SQ-UNF (VBZ d-))) (, ,) (IP (-DFL- \+))) (WHADVP-1 (WRB how)) (SQ (VBZ does) (RS (-DFL- \])) (NP-SBJ (DT that)) (EDITED (RM (-DFL- \[)) (VP-UNF (VB work)) (, ,) (IP (-DFL- \+))) (VP (VB work) (RS (-DFL- \])) (PRT (RP out)) (PP (IN with) (, ,) (INTJ (UH uh)) (, ,) (S-NOM (NP-SBJ (-NONE- *)) (VP (VP (VBG storing) (NP (PRP$ your) (NN bike))) (CC and) (VP (VBG showering)) (CC and) (NP-ETC (PDT all) (DT that))))) (ADVP-MNR (-NONE- *T*-1)))) (. ?) (-DFL- E_S))",48
sw12utt/sw_1208_2724.utt,2/sw2724,2724,32,b,B,17,1,"Yeah,  /","Yeah/UH ,/,","(INTJ (UH Yeah) (, ,) (-DFL- E_S))",29
sw12utt/sw_1208_2724.utt,2/sw2724,2724,33,sd,B,17,2,it can be a pain.  /,it/PRP can/MD be/VB a/DT pain/NN ./.,(S (NP-SBJ (PRP it)) (VP (MD can) (VP (VB be) (NP-PRD (DT a) (NN pain)))) (. .) (-DFL- E_S)),51
sw12utt/sw_1208_2724.utt,2/sw2724,2724,34,sd,B,17,3,"{F Uh, } basically, {F uh, } I work on a campus  /","Uh/UH ,/, basically/RB ,/, uh/UH ,/, I/PRP work/VBP on/IN a/DT campus/NN","(S (INTJ (UH Uh)) (, ,) (ADVP (RB basically)) (, ,) (INTJ (UH uh)) (, ,) (NP-SBJ (PRP I)) (VP (VBP work) (PP-LOC (IN on) (NP (DT a) (NN campus)))) (-DFL- E_S))",52
sw12utt/sw_1208_2724.utt,2/sw2724,2724,35,sd,B,17,4,"{C so } I can store my bike in my office and walk across the, {F uh, } campus to the, {F uh, } gym, use the shower there -- /","so/RB I/PRP can/MD store/VB my/PRP$ bike/NN in/IN my/PRP$ office/NN and/CC walk/VB across/IN the/DT ,/, uh/UH ,/, campus/NN to/IN the/DT ,/, uh/UH ,/, gym/NN ,/, use/VB the/DT shower/NN there/RB --/:","(S (RB so) (NP-SBJ (PRP I)) (VP (MD can) (VP (VP (VB store) (NP (PRP$ my) (NN bike)) (PP-LOC (IN in) (NP (PRP$ my) (NN office)))) (CC and) (VP (VB walk) (PP-DIR (IN across) (NP (DT the) (, ,) (INTJ (UH uh)) (, ,) (NN campus))) (PP-DIR (IN to) (NP (DT the) (, ,) (INTJ (UH uh)) (, ,) (NN gym)))) (, ,) (VP (VB use) (NP (DT the) (NN shower)) (ADVP-LOC (RB there))))) (-DFL- E_S))",53
sw12utt/sw_1208_2724.utt,2/sw2724,2724,36,b,A,18,1,Uh-huh. /,Uh-huh/UH ./.,(INTJ (UH Uh-huh) (. .) (-DFL- E_S)),22
sw12utt/sw_1208_2724.utt,2/sw2724,2724,37,sd,B,19,1,"-- {F uh, } {C but, } [ it's, +  it's ] enough of a pain, that I did it consistently one year,  /","--/: uh/UH ,/, but/CC ,/, it/PRP 's/BES ,/, it/PRP 's/BES enough/NN of/IN a/DT pain/NN ,/, that/IN I/PRP did/VBD it/PRP consistently/RB one/CD year/NN ,/,","(S (INTJ (UH uh)) (, ,) (CC but) (, ,) (EDITED (RM (-DFL- \[)) (S (NP-SBJ (PRP it)) (VP-UNF (BES 's))) (, ,) (IP (-DFL- \+))) (NP-SBJ (PRP it)) (VP (BES 's) (RS (-DFL- \])) (NP-PRD (NP (NN enough)) (PP (IN of) (NP (DT a) (NN pain))) (, ,) (SBAR (IN that) (S (NP-SBJ (PRP I)) (VP (VBD did) (NP (PRP it)) (ADVP-MNR (RB consistently)) (NP-TMP (CD one) (NN year))))))) (, ,) (-DFL- E_S))",57
sw12utt/sw_1208_2724.utt,2/sw2724,2724,38,sd,B,19,2,"I would commute every day, {F uh, }  /","I/PRP would/MD commute/VBP every/DT day/NN ,/, uh/UH ,/,","(S (NP-SBJ (PRP I)) (VP (MD would) (VP (VBP commute) (NP-TMP (DT every) (NN day)) (, ,) (INTJ (UH uh)))) (, ,) (-DFL- E_S))",58
sw12utt/sw_1208_2724.utt,2/sw2724,2724,39,sd,B,19,3,{C but } it just became such a pain.  /,but/CC it/PRP just/RB became/VBD such/PDT a/DT pain/NN ./.,(S (CC but) (NP-SBJ (PRP it)) (ADVP (RB just)) (VP (VBD became) (NP-PRD (PDT such) (DT a) (NN pain))) (. .) (-DFL- E_S)),59
sw12utt/sw_1208_2724.utt,2/sw2724,2724,40,sd,B,19,4,"{E I mean } we're talking, {D you know, } forty-five, fifty minutes for biking,","I/PRP mean/VBP we/PRP 're/VBP talking/VBG ,/, you/PRP know/VBP ,/, forty-five/CD ,/, fifty/CD minutes/NNS for/IN biking/NN ,/,","(S (PRN (S (NP-SBJ (PRP I)) (VP (VBP mean)))) (NP-SBJ (PRP we)) (VP (VBP 're) (VP (VP (VBG talking) (PRN (, ,) (S (NP-SBJ (PRP you)) (VP (VBP know))) (, ,)) (NP-2 (NP (QP (CD forty-five) (, ,) (CD fifty)) (NNS minutes)) (PP (IN for) (NP (NN biking))))) (, ,) (INTJ (UH uh)) (, ,) (CC and) (VP (ADVP-TMP (RB sometimes)) (ADVP=2 (RBR longer)) (SBAR-ADV (IN if) (S (NP-SBJ (PRP you)) (VP (VBD had) (NP (JJ adverse) (NN wind)))))))) (. .))",60
sw12utt/sw_1208_2724.utt,2/sw2724,2724,41,b,A,20,1,Right. /,Right/UH ./.,(INTJ (UH Right) (. .) (-DFL- E_S)),63
sw12utt/sw_1208_2724.utt,2/sw2724,2724,42,+,B,21,1,"{F uh, } and sometimes longer if you had adverse wind. And then another half an hour, {D you know } to cool down and take a shower and all this kind of stuff.   /","uh/UH ,/, and/CC sometimes/RB longer/RBR if/IN you/PRP had/VBD adverse/JJ wind/NN ./. And/CC then/RB another/DT half/PDT an/DT hour/NN ,/, you/PRP know/VBP to/TO cool/VB down/RP and/CC take/VB a/DT shower/NN and/CC all/PDT this/DT kind/NN of/IN stuff/NN ./.","(S (PRN (S (NP-SBJ (PRP I)) (VP (VBP mean)))) (NP-SBJ (PRP we)) (VP (VBP 're) (VP (VP (VBG talking) (PRN (, ,) (S (NP-SBJ (PRP you)) (VP (VBP know))) (, ,)) (NP-2 (NP (QP (CD forty-five) (, ,) (CD fifty)) (NNS minutes)) (PP (IN for) (NP (NN biking))))) (, ,) (INTJ (UH uh)) (, ,) (CC and) (VP (ADVP-TMP (RB sometimes)) (ADVP=2 (RBR longer)) (SBAR-ADV (IN if) (S (NP-SBJ (PRP you)) (VP (VBD had) (NP (JJ adverse) (NN wind)))))))) (. .))|||(FRAG (CONJP (CC And) (RB then)) (NP (NP (DT another) (PDT half) (DT an) (NN hour)) (PRN (, ,) (S (NP-SBJ (PRP you)) (VP (VBP know)))) (SBAR (WHADVP-1 (-NONE- 0)) (S (NP-SBJ (-NONE- *)) (VP (TO to) (VP (VP (VB cool) (PRT (RP down))) (CC and) (VP (VB take) (NP (DT a) (NN shower))) (CC and) (NP-ETC (NP (PDT all) (DT this) (NN kind)) (PP (IN of) (NP (NN stuff)))) (ADVP (-NONE- *T*-1))))))) (. .) (-DFL- E_S))",60|||61
sw12utt/sw_1208_2724.utt,2/sw2724,2724,43,sd,B,21,2,"It was a big [ hunk, + hunk ] of the day <breathing>.  /","It/PRP was/VBD a/DT big/JJ hunk/NN ,/, hunk/NN of/IN the/DT day/NN ./.","(S (NP-SBJ (PRP It)) (VP (VBD was) (NP-PRD (NP (DT a) (JJ big) (EDITED (RM (-DFL- \[)) (NN hunk) (, ,) (IP (-DFL- \+))) (NN hunk) (RS (-DFL- \]))) (PP (IN of) (NP (DT the) (NN day))))) (. .) (-DFL- E_S))",65
sw12utt/sw_1208_2724.utt,2/sw2724,2724,44,sd,B,21,3,"{F Uh, } {C and then } of course another hour to get back home.  /","Uh/UH ,/, and/CC then/RB of/IN course/NN another/DT hour/NN to/TO get/VB back/RB home/RB ./.","(FRAG (INTJ (UH Uh)) (, ,) (CONJP (CC and) (RB then)) (PP (IN of) (NP (NN course))) (NP (NP (DT another) (NN hour)) (SBAR (WHADVP-1 (-NONE- 0)) (S (NP-SBJ (-NONE- *)) (VP (TO to) (VP (VB get) (ADVP-LOC (RB back) (RB home)) (ADVP (-NONE- *T*-1))))))) (. .) (-DFL- E_S))",66
sw12utt/sw_1208_2724.utt,2/sw2724,2724,45,sd,B,21,4,"{F Uh, } {C so } I've been doing that less, [ and, + and ] concentrating more on, {D you know, } light biking when I get home on the evening and then, {D you know, } some more on the weekends. /","Uh/UH ,/, so/RB I/PRP 've/VBP been/VBN doing/VBG that/DT less/RBR ,/, and/CC ,/, and/CC concentrating/VBG more/RBR on/IN ,/, you/PRP know/VBP ,/, light/JJ biking/NN when/WRB I/PRP get/VBP home/RB on/IN the/DT evening/NN and/CC then/RB ,/, you/PRP know/VBP ,/, some/DT more/JJR on/IN the/DT weekends/NNS ./.","(S (INTJ (UH Uh)) (, ,) (RB so) (NP-SBJ (PRP I)) (VP (VBP 've) (VP (VBN been) (VP (VP (VBG doing) (NP (DT that)) (ADVP (RBR less))) (, ,) (EDITED (RM (-DFL- \[)) (CC and) (, ,) (IP (-DFL- \+))) (CC and) (RS (-DFL- \])) (VP (VBG concentrating) (ADVP (RBR more)) (PP (IN on) (PRN (, ,) (S (NP-SBJ (PRP you)) (VP (VBP know))) (, ,)) (NP (NP (NP (JJ light) (NN biking)) (SBAR-TMP (WHADVP-1 (WRB when)) (S (NP-SBJ (PRP I)) (VP (VBP get) (ADVP-LOC (RB home)) (PP-TMP (IN on) (NP (DT the) (NN evening))) (ADVP-TMP (-NONE- *T*-1)))))) (CONJP (CC and) (RB then)) (PRN (, ,) (S (NP-SBJ (PRP you)) (VP (VBP know))) (, ,)) (NP (NP (DT some) (JJR more)) (PP-TMP (IN on) (NP (DT the) (NNS weekends)))))))))) (. .) (-DFL- E_S))",67
sw12utt/sw_1208_2724.utt,2/sw2724,2724,46,b,A,22,1,Yeah.  /,Yeah/UH ./.,(INTJ (UH Yeah) (. .) (-DFL- E_S)),69
sw12utt/sw_1208_2724.utt,2/sw2724,2724,47,qy,A,22,2,Do you ride a lot of rallies or a lot of those around there? /,Do/VBP you/PRP ride/VB a/DT lot/NN of/IN rallies/NNS or/CC a/DT lot/NN of/IN those/DT around/IN there/RB ?/.,(SQ (VBP Do) (NP-SBJ (PRP you)) (VP (VB ride) (NP (NP (NP (DT a) (NN lot)) (PP (IN of) (NP (NNS rallies)))) (CC or) (NP (NP (DT a) (NN lot)) (PP (IN of) (NP (NP (DT those)) (PP-LOC (IN around) (ADVP (RB there)))))))) (. ?) (-DFL- E_S)),70
sw12utt/sw_1208_2724.utt,2/sw2724,2724,48,ng,B,23,1,Not so much.  /,Not/RB so/RB much/RB ./.,(ADVP (RB Not) (RB so) (RB much) (. .) (-DFL- E_S)),72
sw12utt/sw_1208_2724.utt,2/sw2724,2724,49,sd,B,23,2,"{F Uh, } I guess mostly I bike on my own.  /","Uh/UH ,/, I/PRP guess/VBP mostly/RB I/PRP bike/VBP on/IN my/PRP$ own/JJ ./.","(S (INTJ (UH Uh)) (, ,) (NP-SBJ (PRP I)) (VP (VBP guess) (SBAR (-NONE- 0) (S (ADVP (RB mostly)) (NP-SBJ (PRP I)) (VP (VBP bike) (PP (IN on) (NP (PRP$ my) (JJ own))))))) (. .) (-DFL- E_S))",73
sw12utt/sw_1208_2724.utt,2/sw2724,2724,50,sd,B,23,3,I've got a touring bike.,I/PRP 've/VBP got/VBN a/DT touring/NN bike/NN ./.,"(S (NP-SBJ (PRP I)) (VP (VBP 've) (VP (VBN got) (NP (DT a) (NN touring) (NN bike)) (. .) (INTJ (UH Uh)) (, ,) (SBAR-ADV (IN though) (S (NP-SBJ (PRP I)) (VP (VBP have) (RB n't) (VP (VBN gone) (PP (IN on) (NP (DT any) (JJ extended) (NNS trips))) (PP (IN with) (NP (PRP it))))))))) (. .) (-DFL- E_S))",74
sw12utt/sw_1208_2724.utt,2/sw2724,2724,51,b,A,24,1,Uh-huh. /,Uh-huh/UH ./.,(INTJ (UH Uh-huh) (. .) (-DFL- E_S)),55
sw12utt/sw_1208_2724.utt,2/sw2724,2724,52,+,B,25,1,"{F Uh, } though I haven't gone on any extended trips with it.  /","Uh/UH ,/, though/IN I/PRP have/VBP n't/RB gone/VBN on/IN any/DT extended/JJ trips/NNS with/IN it/PRP ./.","(S (NP-SBJ (PRP I)) (VP (VBP 've) (VP (VBN got) (NP (DT a) (NN touring) (NN bike)) (. .) (INTJ (UH Uh)) (, ,) (SBAR-ADV (IN though) (S (NP-SBJ (PRP I)) (VP (VBP have) (RB n't) (VP (VBN gone) (PP (IN on) (NP (DT any) (JJ extended) (NNS trips))) (PP (IN with) (NP (PRP it))))))))) (. .) (-DFL- E_S))",74
sw12utt/sw_1208_2724.utt,2/sw2724,2724,53,qo,B,25,2,"How about you,  /","How/WRB about/IN you/PRP ,/,","(FRAG (WHADVP (WRB How)) (PP (IN about) (NP (PRP you))) (, ,) (-DFL- E_S))",78
sw12utt/sw_1208_2724.utt,2/sw2724,2724,54,qw,B,25,3,what kind of biking do you do? /,what/WDT kind/NN of/IN biking/NN do/VBP you/PRP do/VB ?/.,(SBARQ (WHNP-1 (WHNP (WDT what) (NN kind)) (PP (IN of) (NP (NN biking)))) (SQ (VBP do) (NP-SBJ (PRP you)) (VP (VB do) (NP (-NONE- *T*-1)))) (. ?) (-DFL- E_S)),79
sw12utt/sw_1208_2724.utt,2/sw2724,2724,55,^h,A,26,1,"{F Uh, } {D well, } actually my wife just got me into it  /","Uh/UH ,/, well/UH ,/, actually/RB my/PRP$ wife/NN just/RB got/VBD me/PRP into/IN it/PRP","(S (INTJ (UH Uh)) (, ,) (INTJ (UH well)) (, ,) (ADVP (RB actually)) (NP-SBJ (PRP$ my) (NN wife)) (ADVP (RB just)) (VP (VBD got) (NP (PRP me)) (PP (IN into) (NP (PRP it)))) (-DFL- E_S))",81
sw12utt/sw_1208_2724.utt,2/sw2724,2724,56,sd,A,26,2,"{C and } I [ did an, + did an ] internship at the Institute for Aerobics Research in Dallas,","and/CC I/PRP did/VBD an/DT ,/, did/VBD an/DT internship/NN at/IN the/DT Institute/NNP for/IN Aerobics/NNP Research/NNP in/IN Dallas/NNP ,/,","(S (CC and) (NP-SBJ (PRP I)) (EDITED (RM (-DFL- \[)) (VP (VBD did) (NP-UNF (DT an))) (, ,) (IP (-DFL- \+))) (VP (VBD did) (NP (DT an) (RS (-DFL- \])) (NN internship)) (PP-LOC (IN at) (NP (NP (NP (DT the) (NNP Institute)) (PP (IN for) (NP (NNP Aerobics) (NNP Research))) (PP-LOC (IN in) (NP (NNP Dallas)))) (, ,) (NP (DT the) (NNP Cooper) (NNP Clinic))))) (, ,) (-DFL- E_S))",82
sw12utt/sw_1208_2724.utt,2/sw2724,2724,57,b,B,27,1,Uh-huh. /,Uh-huh/UH ./.,(INTJ (UH Uh-huh) (. .) (-DFL- E_S)),55
sw12utt/sw_1208_2724.utt,2/sw2724,2724,58,+,A,28,1,"the Cooper Clinic,  /","the/DT Cooper/NNP Clinic/NNP ,/,","(S (CC and) (NP-SBJ (PRP I)) (EDITED (RM (-DFL- \[)) (VP (VBD did) (NP-UNF (DT an))) (, ,) (IP (-DFL- \+))) (VP (VBD did) (NP (DT an) (RS (-DFL- \])) (NN internship)) (PP-LOC (IN at) (NP (NP (NP (DT the) (NNP Institute)) (PP (IN for) (NP (NNP Aerobics) (NNP Research))) (PP-LOC (IN in) (NP (NNP Dallas)))) (, ,) (NP (DT the) (NNP Cooper) (NNP Clinic))))) (, ,) (-DFL- E_S))",82
sw12utt/sw_1208_2724.utt,2/sw2724,2724,59,sd,A,28,2,"{C and } I learned all the health benefits of, {D you know, } - /","and/CC I/PRP learned/VBD all/PDT the/DT health/NN benefits/NNS of/IN ,/, you/PRP know/VBP ,/,","(S (CC and) (NP-SBJ (PRP I)) (VP (VBD learned) (NP (NP (PDT all) (DT the) (NN health) (NNS benefits)) (PP-UNF (IN of) (PRN (, ,) (S (NP-SBJ (PRP you)) (VP (VBP know))))))) (, ,) (-DFL- N_S))",86
sw12utt/sw_1208_2724.utt,2/sw2724,2724,60,sd,A,28,3,"I was a solid weight trainer, /","I/PRP was/VBD a/DT solid/JJ weight/NN trainer/NN ,/,","(S (NP-SBJ (PRP I)) (VP (VBD was) (NP-PRD (DT a) (JJ solid) (NN weight) (NN trainer))) (, ,) (-DFL- E_S))",87
sw12utt/sw_1208_2724.utt,2/sw2724,2724,61,b,B,29,1,Uh-huh. /,Uh-huh/UH ./.,(INTJ (UH Uh-huh) (. .) (-DFL- E_S)),55
sw12utt/sw_1208_2724.utt,2/sw2724,2724,62,sd,A,30,1,{C and } all I did was weights and aerobic exercise  /,and/CC all/DT I/PRP did/VBD was/VBD weights/NNS and/CC aerobic/JJ exercise/NN,(S (CC and) (NP-SBJ (NP (DT all)) (SBAR (WHNP-1 (-NONE- 0)) (S (NP-SBJ (PRP I)) (VP (VBD did) (NP (-NONE- *T*-1)))))) (VP (VBD was) (NP-PRD (NP (NNS weights)) (CC and) (NP (JJ aerobic) (NN exercise)))) (-DFL- E_S)),91
sw12utt/sw_1208_2724.utt,2/sw2724,2724,63,sd,A,30,2,"{C and then } my wife got me into the aerobic exercise and said you really need to do it,  /","and/CC then/RB my/PRP$ wife/NN got/VBD me/PRP into/IN the/DT aerobic/JJ exercise/NN and/CC said/VBD you/PRP really/RB need/VBP to/TO do/VB it/PRP ,/,","(S (CONJP (CC and) (RB then)) (NP-SBJ (PRP$ my) (NN wife)) (VP (VP (VBD got) (NP (PRP me)) (PP (IN into) (NP (DT the) (JJ aerobic) (NN exercise)))) (CC and) (VP (VBD said) (S-SEZ (NP-SBJ-1 (PRP you)) (ADVP (RB really)) (VP (VBP need) (S (NP-SBJ (-NONE- *-1)) (VP (TO to) (VP (VB do) (NP (PRP it))))))))) (, ,) (-DFL- E_S))",92
sw12utt/sw_1208_2724.utt,2/sw2724,2724,64,sd,A,30,3,"{C so, }","so/RB ,/,","(S (RB so) (, ,) (SBAR-TMP (IN once) (S (NP-SBJ (PRP I)) (VP (VBD got) (PP (IN into) (NP (DT this) (, ,) (INTJ (UH uh)) (, ,) (NN internship)))))) (, ,) (NP-SBJ (PRP I)) (VP (VBD learned) (NP (NP (PDT all) (DT the) (JJ physiological) (EDITED (RM (-DFL- \[)) (EDITED (RM (-DFL- \[)) (NNS ad-) (, ,) (IP (-DFL- \+))) (NNS advan-) (, ,) (RS (-DFL- \])) (IP (-DFL- \+))) (NNS advantages) (RS (-DFL- \]))) (PP (IN to) (NP (PRP it))))) (, ,) (-DFL- E_S))",93
sw12utt/sw_1208_2724.utt,2/sw2724,2724,65,b,B,31,1,Uh-huh. /,Uh-huh/UH ./.,(INTJ (UH Uh-huh) (. .) (-DFL- E_S)),76
sw12utt/sw_1208_2724.utt,2/sw2724,2724,66,+,A,32,1,"once I got into this, {F uh, } internship, I learned all the physiological [ [ ad-, + advan-, ] + advantages ] to it,  /","once/IN I/PRP got/VBD into/IN this/DT ,/, uh/UH ,/, internship/NN ,/, I/PRP learned/VBD all/PDT the/DT physiological/JJ ad-/NNS ,/, advan-/NNS ,/, advantages/NNS to/IN it/PRP ,/,","(S (RB so) (, ,) (SBAR-TMP (IN once) (S (NP-SBJ (PRP I)) (VP (VBD got) (PP (IN into) (NP (DT this) (, ,) (INTJ (UH uh)) (, ,) (NN internship)))))) (, ,) (NP-SBJ (PRP I)) (VP (VBD learned) (NP (NP (PDT all) (DT the) (JJ physiological) (EDITED (RM (-DFL- \[)) (EDITED (RM (-DFL- \[)) (NNS ad-) (, ,) (IP (-DFL- \+))) (NNS advan-) (, ,) (RS (-DFL- \])) (IP (-DFL- \+))) (NNS advantages) (RS (-DFL- \]))) (PP (IN to) (NP (PRP it))))) (, ,) (-DFL- E_S))",93
sw12utt/sw_1208_2724.utt,2/sw2724,2724,67,sd,A,32,2,"{C so } I began a program [ couple, + I don't know probably three or four ] weeks ago  /","so/RB I/PRP began/VBD a/DT program/NN couple/NN ,/, I/PRP do/VBP n't/RB know/VB probably/RB three/CD or/CC four/CD weeks/NNS ago/RB","(S (RB so) (NP-SBJ (PRP I)) (VP (VBD began) (NP (DT a) (NN program)) (ADVP-TMP (NP (EDITED (RM (-DFL- \[)) (NN couple) (, ,) (IP (-DFL- \+))) (PRN (S (NP-SBJ (PRP I)) (VP (VBP do) (RB n't) (VP (VB know))))) (QP (RB probably) (CD three) (CC or) (CD four)) (RS (-DFL- \])) (NNS weeks)) (RB ago))) (-DFL- E_S))",97
sw12utt/sw_1208_2724.utt,2/sw2724,2724,68,sd,A,32,3,{C and } I did my first bike rally this Saturday.  /,and/CC I/PRP did/VBD my/PRP$ first/JJ bike/NN rally/NN this/DT Saturday/NNP ./.,(S (CC and) (NP-SBJ (PRP I)) (VP (VBD did) (NP (PRP$ my) (JJ first) (NN bike) (NN rally)) (NP-TMP (DT this) (NNP Saturday))) (. .) (-DFL- E_S)),98
sw12utt/sw_1208_2724.utt,2/sw2724,2724,69,sd,A,32,4,"I did, {F uh, } [ forty, + forty ] miles, /","I/PRP did/VBD ,/, uh/UH ,/, forty/CD ,/, forty/CD miles/NNS ,/,","(S (NP-SBJ (PRP I)) (VP (VBD did) (, ,) (INTJ (UH uh)) (, ,) (EDITED (RM (-DFL- \[)) (NP-UNF (CD forty)) (, ,) (IP (-DFL- \+))) (NP (CD forty) (RS (-DFL- \])) (NNS miles))) (, ,) (-DFL- E_S))",99
sw12utt/sw_1208_2724.utt,2/sw2724,2724,70,%,B,33,1,{F Um. } /,Um/UH ./.,(INTJ (UH Um) (. .) (-DFL- E_S)),101
sw12utt/sw_1208_2724.utt,2/sw2724,2724,71,sd,A,34,1,"{C and, } {F uh, } that's the longest I've ever ridden so far,  /","and/CC ,/, uh/UH ,/, that/DT 's/BES the/DT longest/JJS I/PRP 've/VBP ever/RB ridden/VBN so/RB far/RB ,/,","(S (CC and) (, ,) (INTJ (UH uh)) (, ,) (NP-SBJ (DT that)) (VP (BES 's) (NP-PRD (NP (DT the) (JJS longest)) (SBAR (WHNP-1 (-NONE- 0)) (S (NP-SBJ (PRP I)) (VP (VBP 've) (ADVP-TMP (RB ever)) (VP (VBN ridden) (NP (-NONE- *T*-1))))))) (ADVP-TMP (RB so) (RB far))) (, ,) (-DFL- E_S))",103
sw12utt/sw_1208_2724.utt,2/sw2724,2724,72,sd,A,34,2,"I usually, {D you know, } fifteen or twenty. /","I/PRP usually/RB ,/, you/PRP know/VBP ,/, fifteen/CD or/CC twenty/CD ./.","(S (NP-SBJ (PRP I)) (ADVP-TMP (RB usually)) (PRN (, ,) (S (NP-SBJ (PRP you)) (VP (VBP know))) (, ,)) (X (NP (QP (CD fifteen) (CC or) (CD twenty)))) (. .) (-DFL- E_S))",104
sw12utt/sw_1208_2724.utt,2/sw2724,2724,73,b,B,35,1,Uh-huh. /,Uh-huh/UH ./.,(INTJ (UH Uh-huh) (. .) (-DFL- E_S)),76
sw12utt/sw_1208_2724.utt,2/sw2724,2724,74,sd,A,36,1,"{C And } [ it was, + it was ] kind of hilly  /","And/CC it/PRP was/VBD ,/, it/PRP was/VBD kind/RB of/RB hilly/JJ","(S (CC And) (EDITED (RM (-DFL- \[)) (S (NP-SBJ (PRP it)) (VP-UNF (VBD was))) (, ,) (IP (-DFL- \+))) (NP-SBJ (PRP it)) (VP (VBD was) (RS (-DFL- \])) (ADJP-PRD (ADVP (RB kind) (RB of)) (JJ hilly))) (-DFL- E_S))",108
sw12utt/sw_1208_2724.utt,2/sw2724,2724,75,sd,A,36,2,"{C and } it was pretty tough,  /","and/CC it/PRP was/VBD pretty/RB tough/JJ ,/,","(S (CC and) (NP-SBJ (PRP it)) (VP (VBD was) (ADJP-PRD (RB pretty) (JJ tough))) (, ,) (-DFL- E_S))",109
sw12utt/sw_1208_2724.utt,2/sw2724,2724,76,sd,A,36,3,"{C but, } {F uh, } I'm looking at, {F uh, } doing a lot more of it because, {D you know, } my wife is really into it, /","but/CC ,/, uh/UH ,/, I/PRP 'm/VBP looking/VBG at/IN ,/, uh/UH ,/, doing/VBG a/DT lot/NN more/JJR of/IN it/PRP because/IN ,/, you/PRP know/VBP ,/, my/PRP$ wife/NN is/VBZ really/RB into/IN it/PRP ,/,","(S (CC but) (, ,) (INTJ (UH uh)) (, ,) (NP-SBJ-1 (PRP I)) (VP (VBP 'm) (VP (VBG looking) (PP (IN at) (, ,) (INTJ (UH uh)) (, ,) (S-NOM (NP-SBJ (-NONE- *-1)) (VP (VBG doing) (NP (NP (ADJP (NP-ADV (DT a) (NN lot)) (JJR more))) (PP (IN of) (NP (PRP it))))))) (SBAR-PRP (IN because) (PRN (, ,) (S (NP-SBJ (PRP you)) (VP (VBP know))) (, ,)) (S (NP-SBJ (PRP$ my) (NN wife)) (VP (VBZ is) (ADVP (RB really)) (PP-PRD (IN into) (NP (PRP it)))))))) (, ,) (-DFL- E_S))",110
sw12utt/sw_1208_2724.utt,2/sw2724,2724,77,b,B,37,1,"{F Oh, } I see. /","Oh/UH ,/, I/PRP see/VBP ./.","(S (INTJ (UH Oh)) (, ,) (NP-SBJ (PRP I)) (VP (VBP see)) (. .) (-DFL- E_S))",112
sw12utt/sw_1208_2724.utt,2/sw2724,2724,78,sd,A,38,1,"{C and } [ I, + I ] kind of held her back a little bit [ this, +  this ] weekend.  /","and/CC I/PRP ,/, I/PRP kind/RB of/RB held/VBD her/PRP back/RB a/DT little/JJ bit/NN this/DT ,/, this/DT weekend/NN ./.","(S (CC and) (EDITED (RM (-DFL- \[)) (NP-SBJ (PRP I)) (, ,) (IP (-DFL- \+))) (NP-SBJ (PRP I)) (RS (-DFL- \])) (ADVP (RB kind) (RB of)) (VP (VBD held) (NP (PRP her)) (ADVP (RB back)) (NP-ADV (DT a) (JJ little) (NN bit)) (EDITED (RM (-DFL- \[)) (NP-TMP-UNF (DT this)) (, ,) (IP (-DFL- \+))) (NP-TMP (DT this) (RS (-DFL- \])) (NN weekend))) (. .) (-DFL- E_S))",114
sw12utt/sw_1208_2724.utt,2/sw2724,2724,79,sd,A,38,2,"She wanted to go, go, go,  /","She/PRP wanted/VBD to/TO go/VB ,/, go/VB ,/, go/VB ,/,","(S (NP-SBJ-1 (PRP She)) (VP (VBD wanted) (S (NP-SBJ (-NONE- *-1)) (VP (TO to) (VP (VB go) (, ,) (VB go) (, ,) (VB go))))) (, ,) (-DFL- E_S))",115
sw12utt/sw_1208_2724.utt,2/sw2724,2724,80,sd,A,38,3,"{C but, }","but/CC ,/,","(S (CC but) (, ,) (INTJ (UH uh)) (, ,) (NP-SBJ-1 (PRP I)) (VP (VBP 'm) (VP (VBG looking) (PP (IN at) (, ,) (INTJ (UH uh)) (, ,) (S-NOM (NP-SBJ (-NONE- *-1)) (VP (VBG doing) (NP (NP (ADJP (NP-ADV (DT a) (NN lot)) (JJR more))) (PP (IN of) (NP (PRP it))))))) (SBAR-PRP (IN because) (PRN (, ,) (S (NP-SBJ (PRP you)) (VP (VBP know))) (, ,)) (S (NP-SBJ (PRP$ my) (NN wife)) (VP (VBZ is) (ADVP (RB really)) (PP-PRD (IN into) (NP (PRP it)))))))) (, ,) (-DFL- E_S))",110
sw12utt/sw_1208_2724.utt,2/sw2724,2724,81,b,B,39,1,Uh-huh. /,Uh-huh/UH ./.,(INTJ (UH Uh-huh) (. .) (-DFL- E_S)),84
sw12utt/sw_1208_2724.utt,2/sw2724,2724,82,+,A,40,1,"{D you know, } she wanted to stay with me <breathing>. /","you/PRP know/VBP ,/, she/PRP wanted/VBD to/TO stay/VB with/IN me/PRP ./.","(S (CC but) (PRN (, ,) (S (NP-SBJ (PRP you)) (VP (VBP know))) (, ,)) (NP-SBJ-1 (PRP she)) (VP (VBD wanted) (S (NP-SBJ (-NONE- *-1)) (VP (TO to) (VP (VB stay) (PP (IN with) (NP (PRP me))))))) (. .) (-DFL- E_S))",116
sw12utt/sw_1208_2724.utt,2/sw2724,2724,83,sv,B,41,1,It's good to have a partner. /,It/PRP 's/BES good/JJ to/TO have/VB a/DT partner/NN ./.,(S (NP-SBJ (NP (PRP It)) (S (-NONE- *EXP*-1))) (VP (BES 's) (ADJP-PRD (JJ good)) (S-1 (NP-SBJ (-NONE- *)) (VP (TO to) (VP (VB have) (NP (DT a) (NN partner)))))) (. .) (-DFL- E_S)),121
sw12utt/sw_1208_2724.utt,2/sw2724,2724,84,aa,A,42,1,Yeah  /,Yeah/UH,(INTJ (UH Yeah) (-DFL- E_S)),123
sw12utt/sw_1208_2724.utt,2/sw2724,2724,85,aa,A,42,2,it really is. /,it/PRP really/RB is/VBZ ./.,(S (NP-SBJ (PRP it)) (ADVP (RB really)) (VP (VBZ is) (ADJP-PRD (-NONE- *?*))) (. .) (-DFL- E_S)),124
sw12utt/sw_1208_2724.utt,2/sw2724,2724,86,qy,B,43,1,"Are you think of doing any, {D like, } centuries, or ... -/","Are/VBP you/PRP think/VB of/IN doing/VBG any/DT ,/, like/UH ,/, centuries/NNS ,/, or/CC .../:","(SQ (VBP Are) (NP-SBJ-1 (PRP you)) (X (VB think) (PP (IN of) (S-NOM (NP-SBJ (-NONE- *-1)) (VP (VBG doing) (NP-UNF (NP (DT any) (, ,) (INTJ (UH like)) (, ,) (NNS centuries)) (, ,) (CC or)))))) (: ...) (-DFL- N_S))",126
sw12utt/sw_1208_2724.utt,2/sw2724,2724,87,ny,A,44,1,"Yeah,  /","Yeah/UH ,/,","(INTJ (UH Yeah) (, ,) (-DFL- E_S))",128
sw12utt/sw_1208_2724.utt,2/sw2724,2724,88,sv^e,A,44,2,"that would be cool sometime if I could, {D you know, } work up to that. /","that/DT would/MD be/VB cool/JJ sometime/RB if/IN I/PRP could/MD ,/, you/PRP know/VBP ,/, work/VB up/IN to/IN that/DT ./.","(S (NP-SBJ (DT that)) (VP (MD would) (VP (VB be) (ADJP-PRD (JJ cool)) (ADVP-TMP (RB sometime)) (SBAR-ADV (IN if) (S (NP-SBJ (PRP I)) (VP (MD could) (PRN (, ,) (S (NP-SBJ (PRP you)) (VP (VBP know))) (, ,)) (VP (VB work) (PP (IN up) (PP (IN to) (NP (DT that)))))))))) (. .) (-DFL- E_S))",129
sw12utt/sw_1208_2724.utt,2/sw2724,2724,89,b,B,45,1,Uh-huh.  /,Uh-huh/UH ./.,(INTJ (UH Uh-huh) (. .) (-DFL- E_S)),106
sw12utt/sw_1208_2724.utt,2/sw2724,2724,90,b,B,45,2,"Yeah,  /","Yeah/UH ,/,","(INTJ (UH Yeah) (, ,) (-DFL- E_S))",128
sw12utt/sw_1208_2724.utt,2/sw2724,2724,91,qr^d,B,45,3,"I just wondered if you were going to do that mostly or more like, {D you know, } {F uh, } <breathing> {F uh, } touring {D like } from Vermont or, {D you know, } that kind of,","I/PRP just/RB wondered/VBD if/IN you/PRP were/VBD going/VBG to/TO do/VB that/DT mostly/RB or/CC more/JJR like/UH ,/, you/PRP know/VBP ,/, uh/UH ,/, uh/UH ,/, touring/NN like/UH from/IN Vermont/NNP or/CC ,/, you/PRP know/VBP ,/, that/DT kind/NN of/IN ,/,","(S (NP-SBJ (PRP I)) (ADVP (RB just)) (VP (VBD wondered) (SBAR (IN if) (S (NP-SBJ-1 (PRP you)) (VP (VBD were) (VP (VBG going) (S (NP-SBJ (-NONE- *-1)) (VP (TO to) (VP (VB do) (NP (NP (DT that)) (NAC (-NONE- *ICH*-2))) (ADVP (RB mostly)) (NAC-2 (CC or) (NP (NP (JJR more) (INTJ (UH like)) (PRN (, ,) (S (NP-SBJ (PRP you)) (VP (VBP know))) (, ,)) (INTJ (UH uh)) (, ,) (INTJ (UH uh)) (, ,) (NN touring)) (INTJ (UH like)) (PP (IN from) (NP (NNP Vermont)))) (CC or) (PRN (, ,) (S (NP-SBJ (PRP you)) (VP (VBP know))) (, ,)) (NP (NP (DT that) (NN kind)) (PP (IN of) (, ,) (NP (NN thing))))))))))))) (. .) (-DFL- E_S))",133
sw12utt/sw_1208_2724.utt,2/sw2724,2724,92,b,A,46,1,Oh. /,Oh/UH ./.,(INTJ (UH Oh) (. .) (-DFL- E_S)),135
sw12utt/sw_1208_2724.utt,2/sw2724,2724,93,+,B,47,1,thing.  /,thing/NN ./.,"(S (NP-SBJ (PRP I)) (ADVP (RB just)) (VP (VBD wondered) (SBAR (IN if) (S (NP-SBJ-1 (PRP you)) (VP (VBD were) (VP (VBG going) (S (NP-SBJ (-NONE- *-1)) (VP (TO to) (VP (VB do) (NP (NP (DT that)) (NAC (-NONE- *ICH*-2))) (ADVP (RB mostly)) (NAC-2 (CC or) (NP (NP (JJR more) (INTJ (UH like)) (PRN (, ,) (S (NP-SBJ (PRP you)) (VP (VBP know))) (, ,)) (INTJ (UH uh)) (, ,) (INTJ (UH uh)) (, ,) (NN touring)) (INTJ (UH like)) (PP (IN from) (NP (NNP Vermont)))) (CC or) (PRN (, ,) (S (NP-SBJ (PRP you)) (VP (VBP know))) (, ,)) (NP (NP (DT that) (NN kind)) (PP (IN of) (, ,) (NP (NN thing))))))))))))) (. .) (-DFL- E_S))",133
sw12utt/sw_1208_2724.utt,2/sw2724,2724,94,sv,B,47,2,I mean people seem to get into different aspects.  /,I/PRP mean/VBP people/NNS seem/VBP to/TO get/VB into/IN different/JJ aspects/NNS ./.,(S (PRN (S (NP-SBJ (PRP I)) (VP (VBP mean)))) (NP-SBJ-1 (NNS people)) (VP (VBP seem) (S (NP-SBJ (-NONE- *-1)) (VP (TO to) (VP (VB get) (PP (IN into) (NP (JJ different) (NNS aspects))))))) (. .) (-DFL- E_S)),137
sw12utt/sw_1208_2724.utt,2/sw2724,2724,95,sv,B,47,3,"One is more of a distance, - /","One/CD is/VBZ more/JJR of/IN a/DT distance/NN ,/,","(S (NP-SBJ (CD One)) (VP (VBZ is) (NP-PRD (NP (JJR more)) (PP (IN of) (NP-UNF (DT a) (NN distance))))) (, ,) (-DFL- N_S))",138
sw12utt/sw_1208_2724.utt,2/sw2724,2724,96,sv,B,47,4,"{C and } one's more, just, {D you know, } - /","and/CC one/CD 's/BES more/RBR ,/, just/RB ,/, you/PRP know/VBP ,/,","(S (CC and) (NP-SBJ (CD one)) (VP-UNF (BES 's) (ADVP (RBR more)) (, ,) (ADVP (RB just)) (PRN (, ,) (S (NP-SBJ (PRP you)) (VP (VBP know))))) (, ,) (-DFL- N_S))",139
sw12utt/sw_1208_2724.utt,2/sw2724,2724,97,sv,B,47,5,they want to put some equipment on their bike and go for a tour. /,they/PRP want/VBP to/TO put/VB some/DT equipment/NN on/IN their/PRP$ bike/NN and/CC go/VB for/IN a/DT tour/NN ./.,(S (NP-SBJ-1 (PRP they)) (VP (VBP want) (S (NP-SBJ (-NONE- *-1)) (VP (TO to) (VP (VP (VB put) (NP (DT some) (NN equipment)) (PP-PUT (IN on) (NP (PRP$ their) (NN bike)))) (CC and) (VP (VB go) (PP (IN for) (NP (DT a) (NN tour)))))))) (. .) (-DFL- E_S)),140
sw12utt/sw_1208_2724.utt,2/sw2724,2724,98,sd,A,48,1,I've never really looked into that.  /,I/PRP 've/VBP never/RB really/RB looked/VBN into/IN that/DT ./.,(S (NP-SBJ (PRP I)) (VP (VBP 've) (ADVP-TMP (RB never)) (ADVP (RB really)) (VP (VBN looked) (PP (IN into) (NP (DT that))))) (. .) (-DFL- E_S)),142
sw12utt/sw_1208_2724.utt,2/sw2724,2724,99,%,A,48,2,"[ That, + {D you know, } that's, ] - /","That/DT ,/, you/PRP know/VBP ,/, that/DT 's/BES ,/,","(S (EDITED (RM (-DFL- \[)) (NP-SBJ (DT That)) (, ,) (IP (-DFL- \+))) (PRN (S (NP-SBJ (PRP you)) (VP (VBP know))) (, ,)) (NP-SBJ (DT that)) (VP-UNF (BES 's)) (, ,) (RS (-DFL- \])) (-DFL- N_S))",143
sw12utt/sw_1208_2724.utt,2/sw2724,2724,100,sd,A,48,3,my wife would just love that. /,my/PRP$ wife/NN would/MD just/RB love/VB that/DT ./.,(S (NP-SBJ (PRP$ my) (NN wife)) (VP (MD would) (ADVP (RB just)) (VP (VB love) (NP (DT that)))) (. .) (-DFL- E_S)),144
sw12utt/sw_1208_2724.utt,2/sw2724,2724,101,b,B,49,1,Uh-huh. /,Uh-huh/UH ./.,(INTJ (UH Uh-huh) (. .) (-DFL- E_S)),118
sw12utt/sw_1208_2724.utt,2/sw2724,2724,102,sd,A,50,1,{C And } I may do that sometime.  /,And/CC I/PRP may/MD do/VB that/DT sometime/RB ./.,(S (CC And) (NP-SBJ (PRP I)) (VP (MD may) (VP (VB do) (NP (DT that)) (ADVP-TMP (RB sometime)))) (. .) (-DFL- E_S)),148
sw12utt/sw_1208_2724.utt,2/sw2724,2724,103,sd,A,50,2,"There again, I'm just kind of a fledgling into this. /","There/RB again/RB ,/, I/PRP 'm/VBP just/RB kind/RB of/RB a/DT fledgling/NN into/IN this/DT ./.","(S (ADVP (RB There) (RB again)) (, ,) (NP-SBJ (PRP I)) (VP (VBP 'm) (ADVP (RB just)) (ADVP (RB kind) (RB of)) (NP-PRD (NP (DT a) (NN fledgling)) (PP (IN into) (NP (DT this))))) (. .) (-DFL- E_S))",149
sw12utt/sw_1208_2724.utt,2/sw2724,2724,104,b,B,51,1,Uh-huh. /,Uh-huh/UH ./.,(INTJ (UH Uh-huh) (. .) (-DFL- E_S)),118
sw12utt/sw_1208_2724.utt,2/sw2724,2724,105,sv,A,52,1,"[ I've, + it's ] kind of funny.  /","I/PRP 've/VBP ,/, it/PRP 's/BES kind/RB of/RB funny/JJ ./.","(S (EDITED (RM (-DFL- \[)) (S (NP-SBJ (PRP I)) (VP-UNF (VBP 've))) (, ,) (IP (-DFL- \+))) (NP-SBJ (PRP it)) (VP (BES 's) (RS (-DFL- \])) (ADJP-PRD (ADVP (RB kind) (RB of)) (JJ funny))) (. .) (-DFL- E_S))",153
sw12utt/sw_1208_2724.utt,2/sw2724,2724,106,sd,A,52,2,I called this number  /,I/PRP called/VBD this/DT number/NN,(S (NP-SBJ (PRP I)) (VP (VBD called) (NP (DT this) (NN number))) (-DFL- E_S)),154
sw12utt/sw_1208_2724.utt,2/sw2724,2724,107,sd,A,52,3,{C and } I was just reading through a bicycle magazine and going through all the different tours coming up. /,and/CC I/PRP was/VBD just/RB reading/VBG through/IN a/DT bicycle/NN magazine/NN and/CC going/VBG through/IN all/PDT the/DT different/JJ tours/NNS coming/VBG up/RP ./.,(S (CC and) (NP-SBJ (PRP I)) (VP (VBD was) (ADVP (RB just)) (VP (VP (VBG reading) (PP (IN through) (NP (DT a) (NN bicycle) (NN magazine)))) (CC and) (VP (VBG going) (PP (IN through) (NP (NP (PDT all) (DT the) (JJ different) (NNS tours)) (VP (VBG coming) (PRT (RP up)))))))) (. .) (-DFL- E_S)),155
sw12utt/sw_1208_2724.utt,2/sw2724,2724,108,b,B,53,1,"Yeah,  /","Yeah/UH ,/,","(INTJ (UH Yeah) (, ,) (-DFL- E_S))",128
sw12utt/sw_1208_2724.utt,2/sw2724,2724,109,b^r,B,53,2,yeah. /,yeah/UH ./.,(INTJ (UH yeah) (. .) (-DFL- E_S)),158
sw12utt/sw_1208_2724.utt,2/sw2724,2724,110,sd,A,54,1,"{E I mean, } around Texas, [ you, +  you ] got about five or six,  /","I/PRP mean/VBP ,/, around/IN Texas/NNP ,/, you/PRP ,/, you/PRP got/VBN about/RB five/CD or/CC six/CD ,/,","(S (PRN (S (NP-SBJ (PRP I)) (VP (VBP mean))) (, ,)) (PP-LOC (IN around) (NP (NNP Texas))) (, ,) (EDITED (RM (-DFL- \[)) (NP-SBJ (PRP you)) (, ,) (IP (-DFL- \+))) (NP-SBJ (PRP you)) (RS (-DFL- \])) (VP (VBN got) (NP (QP (RB about) (CD five) (CC or) (CD six)))) (, ,) (-DFL- E_S))",160
sw12utt/sw_1208_2724.utt,2/sw2724,2724,111,sd,A,54,2,"if you live around the Dallas area, you got five or six every weekend to choose from.","if/IN you/PRP live/VBP around/IN the/DT Dallas/NNP area/NN ,/, you/PRP got/VBN five/CD or/CC six/CD every/DT weekend/NN to/TO choose/VB from/IN ./.","(S (SBAR-ADV (IN if) (S (NP-SBJ (PRP you)) (VP (VBP live) (PP-LOC (IN around) (NP (DT the) (NNP Dallas) (NN area)))))) (, ,) (NP-SBJ (PRP you)) (VP (VBN got) (NP (NP (QP (CD five) (CC or) (CD six))) (SBAR (-NONE- *ICH*-2))) (NP-TMP (DT every) (NN weekend)) (SBAR-2 (WHNP-1 (-NONE- 0)) (S (NP-SBJ (-NONE- *)) (VP (TO to) (VP (VB choose) (PP (IN from) (NP (-NONE- *T*-1))))))) (. .) (SBAR-PRP (IN Because) (S (NP-SBJ (PRP they)) (VP (VBP 're) (ADVP (RB really)) (PP-PRD (IN into) (NP (PRP it))))))) (. .) (-DFL- E_S))",161
sw12utt/sw_1208_2724.utt,2/sw2724,2724,112,ba,B,55,1,"{F Oh, } that's nice. /","Oh/UH ,/, that/DT 's/BES nice/JJ ./.","(S (INTJ (UH Oh)) (, ,) (NP-SBJ (DT that)) (VP (BES 's) (ADJP-PRD (JJ nice))) (. .) (-DFL- E_S))",163
sw12utt/sw_1208_2724.utt,2/sw2724,2724,113,+,A,56,1,Because they're really into it. /,Because/IN they/PRP 're/VBP really/RB into/IN it/PRP ./.,"(S (SBAR-ADV (IN if) (S (NP-SBJ (PRP you)) (VP (VBP live) (PP-LOC (IN around) (NP (DT the) (NNP Dallas) (NN area)))))) (, ,) (NP-SBJ (PRP you)) (VP (VBN got) (NP (NP (QP (CD five) (CC or) (CD six))) (SBAR (-NONE- *ICH*-2))) (NP-TMP (DT every) (NN weekend)) (SBAR-2 (WHNP-1 (-NONE- 0)) (S (NP-SBJ (-NONE- *)) (VP (TO to) (VP (VB choose) (PP (IN from) (NP (-NONE- *T*-1))))))) (. .) (SBAR-PRP (IN Because) (S (NP-SBJ (PRP they)) (VP (VBP 're) (ADVP (RB really)) (PP-PRD (IN into) (NP (PRP it))))))) (. .) (-DFL- E_S))",161
sw12utt/sw_1208_2724.utt,2/sw2724,2724,114,%,B,57,1,{F Um. } /,Um/UH ./.,(INTJ (UH Um) (. .) (-DFL- E_S)),166
sw12utt/sw_1208_2724.utt,2/sw2724,2724,115,sd,A,58,1,Bicycling is really big here.  /,Bicycling/NN is/VBZ really/RB big/JJ here/RB ./.,(S (NP-SBJ (NN Bicycling)) (VP (VBZ is) (ADJP-PRD (RB really) (JJ big)) (ADVP-LOC (RB here))) (. .) (-DFL- E_S)),168
sw12utt/sw_1208_2724.utt,2/sw2724,2724,116,sd,A,58,2,"I didn't know that, [ and, + ] {D you know, } until I came down here, and,","I/PRP did/VBD n't/RB know/VB that/DT ,/, and/CC ,/, you/PRP know/VBP ,/, until/IN I/PRP came/VBD down/IN here/RB ,/, and/CC ,/,","(S (NP-SBJ (PRP I)) (VP (VBD did) (RB n't) (VP (VB know) (NP (DT that)) (, ,) (EDITED (RM (-DFL- \[)) (CC and) (, ,) (IP (-DFL- \+)) (RS (-DFL- \]))) (PRN (S (NP-SBJ (PRP you)) (VP (VBP know))) (, ,)) (SBAR-TMP (IN until) (S (NP-SBJ (PRP I)) (VP (VP (VBD came) (PP-DIR (IN down) (ADVP (RB here)))) (, ,) (CC and) (, ,) (VP (ADVP (RB kind) (RB of)) (VBD caught) (NP (DT the) (NN fever)))))))) (. .) (-DFL- E_S))",169
sw12utt/sw_1208_2724.utt,2/sw2724,2724,117,ba,B,59,1,Wow. /,Wow/UH ./.,(INTJ (UH Wow) (. .) (-DFL- E_S)),171
sw12utt/sw_1208_2724.utt,2/sw2724,2724,118,+,A,60,1,kind of caught the fever. /,kind/RB of/RB caught/VBD the/DT fever/NN ./.,"(S (NP-SBJ (PRP I)) (VP (VBD did) (RB n't) (VP (VB know) (NP (DT that)) (, ,) (EDITED (RM (-DFL- \[)) (CC and) (, ,) (IP (-DFL- \+)) (RS (-DFL- \]))) (PRN (S (NP-SBJ (PRP you)) (VP (VBP know))) (, ,)) (SBAR-TMP (IN until) (S (NP-SBJ (PRP I)) (VP (VP (VBD came) (PP-DIR (IN down) (ADVP (RB here)))) (, ,) (CC and) (, ,) (VP (ADVP (RB kind) (RB of)) (VBD caught) (NP (DT the) (NN fever)))))))) (. .) (-DFL- E_S))",169
sw12utt/sw_1208_2724.utt,2/sw2724,2724,119,b,B,61,1,Yeah. /,Yeah/UH ./.,(INTJ (UH Yeah) (. .) (-DFL- E_S)),174
sw12utt/sw_1208_2724.utt,2/sw2724,2724,120,sd,A,62,1,{C Because } I lived in Indiana all my life  /,Because/IN I/PRP lived/VBD in/IN Indiana/NNP all/PDT my/PRP$ life/NN,(SBAR-PRP (IN Because) (S (NP-SBJ (PRP I)) (VP (VBD lived) (PP-LOC (IN in) (NP (NNP Indiana))) (NP-TMP (PDT all) (PRP$ my) (NN life)))) (-DFL- E_S)),176
sw12utt/sw_1208_2724.utt,2/sw2724,2724,121,sd,A,62,2,"{C and, } {D you know, } you may say see one or two guys on a bicycle [ that, + {E or } ] above the age of fifteen or something, -- /","and/CC ,/, you/PRP know/VBP ,/, you/PRP may/MD say/UH see/VB one/CD or/CC two/CD guys/NNS on/IN a/DT bicycle/NN that/WDT ,/, or/^VBP above/IN the/DT age/NN of/IN fifteen/CD or/CC something/NN ,/, --/:","(S (CC and) (PRN (, ,) (S (NP-SBJ (PRP you)) (VP (VBP know))) (, ,)) (NP-SBJ (PRP you)) (VP (MD may) (INTJ (UH say)) (VP (VP (VB see) (NP (NP (QP (CD one) (CC or) (CD two)) (NNS guys)) (PP-LOC (IN on) (NP (DT a) (NN bicycle))) (RM (-DFL- \[)) (SBAR (WHNP-1 (WDT that)) (, ,) (IP (-DFL- \+)) (S (NP-SBJ (-NONE- *T*-1)) (VP (TYPO (^VBP or)) (RS (-DFL- \])) (PP-PRD (IN above) (NP (NP (DT the) (NN age)) (PP (IN of) (NP (CD fifteen)))))))))) (CC or) (NP-ETC (NN something)))) (, ,) (-DFL- E_S))",177
sw12utt/sw_1208_2724.utt,2/sw2724,2724,122,b,B,63,1,Uh-huh. /,Uh-huh/UH ./.,(INTJ (UH Uh-huh) (. .) (-DFL- E_S)),151
sw12utt/sw_1208_2724.utt,2/sw2724,2724,123,sd,A,64,1,"-- {C but, } other than that it's nothing up there like it is down here. /","--/: but/CC ,/, other/RB than/IN that/DT it/PRP 's/BES nothing/NN up/IN there/RB like/IN it/PRP is/VBZ down/IN here/RB ./.","(S (CC but) (, ,) (ADVP (RB other) (PP (IN than) (NP (DT that)))) (NP-SBJ (PRP it)) (VP (BES 's) (NP-ADV (NN nothing)) (PP-LOC (IN up) (ADVP (RB there))) (SBAR-PRD (IN like) (S (NP-SBJ (PRP it)) (VP (VBZ is) (ADVP-MNR-PRD (-NONE- *?*)) (PP-LOC (IN down) (ADVP (RB here))))))) (. .) (-DFL- E_S))",181
sw12utt/sw_1208_2724.utt,2/sw2724,2724,124,b,B,65,1,"Yeah,  /","Yeah/UH ,/,","(INTJ (UH Yeah) (, ,) (-DFL- E_S))",157
sw12utt/sw_1208_2724.utt,2/sw2724,2724,125,sd,B,65,2,I'm not sure why that is.  /,I/PRP 'm/VBP not/RB sure/JJ why/WRB that/DT is/VBZ ./.,(S (NP-SBJ (PRP I)) (VP (VBP 'm) (RB not) (ADJP-PRD (JJ sure) (SBAR (WHADVP-1 (WRB why)) (S (NP-SBJ (DT that)) (VP (VBZ is) (ADVP-PRP-PRD (-NONE- *T*-1))))))) (. .) (-DFL- E_S)),184
sw12utt/sw_1208_2724.utt,2/sw2724,2724,126,sv,B,65,3,"{E I mean, }  generally in the Midwest it seems to be [ less, + much less. ]  /","I/PRP mean/VBP ,/, generally/RB in/IN the/DT Midwest/NNP it/PRP seems/VBZ to/TO be/VB less/JJR ,/, much/RB less/JJR ./.","(S (PRN (S (NP-SBJ (PRP I)) (VP (VBP mean))) (, ,)) (ADVP (RB generally)) (PP-LOC (IN in) (NP (DT the) (NNP Midwest))) (NP-SBJ-1 (PRP it)) (VP (VBZ seems) (S (NP-SBJ (-NONE- *-1)) (VP (TO to) (VP (VB be) (RM (-DFL- \[)) (ADJP-PRD (ADJP (JJR less)) (, ,) (IP (-DFL- \+)) (ADJP (RB much) (JJR less))))))) (. .) (RS (-DFL- \])) (-DFL- E_S))",185
sw12utt/sw_1208_2724.utt,2/sw2724,2724,127,sv,B,65,4,"{E I mean, } maybe it's because of the winters.","I/PRP mean/VBP ,/, maybe/RB it/PRP 's/BES because/IN of/IN the/DT winters/NNS ./.","(S (PRN (S (NP-SBJ (PRP I)) (VP (VBP mean))) (, ,)) (ADVP (RB maybe)) (NP-SBJ (PRP it)) (VP (BES 's) (UCP-PRP-PRD (PP (IN because) (IN of) (NP (DT the) (NNS winters))) (. .) (INTJ (UH Uh)) (, ,) (CC or) (ADVP (RB maybe)) (ADVP (RB just)) (SBAR (IN because) (PRN (, ,) (S (NP-SBJ (PRP you)) (VP (VBP know))) (, ,)) (S (EDITED (RM (-DFL- \[)) (S (NP-SBJ (EX there)) (VP-UNF (BES 's))) (, ,) (IP (-DFL- \+))) (NP-SBJ (EX there)) (VP (BES 's) (RS (-DFL- \])) (NP-PRD (ADJP (NP-ADV (DT a) (NN lot)) (JJR more)) (JJ flat) (NNS lands)) (PRN (, ,) (S (NP-SBJ (PRP you)) (VP (VBP know))) (, ,)) (PP-LOC (IN out) (PP (IN in) (NP (DT the) (NNP West))))))))) (. .) (-DFL- E_S))",186
sw12utt/sw_1208_2724.utt,2/sw2724,2724,128,aa,A,66,1,Probably. /,Probably/UH ./.,(INTJ (UH Probably) (. .) (-DFL- E_S)),188
sw12utt/sw_1208_2724.utt,2/sw2724,2724,129,+,B,67,1,"{F Uh, } or maybe just because, {D you know, } [ there's, + there's ] a lot more flat lands, {D you know, } out in the West. /","Uh/UH ,/, or/CC maybe/RB just/RB because/IN ,/, you/PRP know/VBP ,/, there/EX 's/BES ,/, there/EX 's/BES a/DT lot/NN more/JJR flat/JJ lands/NNS ,/, you/PRP know/VBP ,/, out/IN in/IN the/DT West/NNP ./.","(S (PRN (S (NP-SBJ (PRP I)) (VP (VBP mean))) (, ,)) (ADVP (RB maybe)) (NP-SBJ (PRP it)) (VP (BES 's) (UCP-PRP-PRD (PP (IN because) (IN of) (NP (DT the) (NNS winters))) (. .) (INTJ (UH Uh)) (, ,) (CC or) (ADVP (RB maybe)) (ADVP (RB just)) (SBAR (IN because) (PRN (, ,) (S (NP-SBJ (PRP you)) (VP (VBP know))) (, ,)) (S (EDITED (RM (-DFL- \[)) (S (NP-SBJ (EX there)) (VP-UNF (BES 's))) (, ,) (IP (-DFL- \+))) (NP-SBJ (EX there)) (VP (BES 's) (RS (-DFL- \])) (NP-PRD (ADJP (NP-ADV (DT a) (NN lot)) (JJR more)) (JJ flat) (NNS lands)) (PRN (, ,) (S (NP-SBJ (PRP you)) (VP (VBP know))) (, ,)) (PP-LOC (IN out) (PP (IN in) (NP (DT the) (NNP West))))))))) (. .) (-DFL- E_S))",186
sw12utt/sw_1208_2724.utt,2/sw2724,2724,130,b,A,68,1,Yeah. /,Yeah/UH ./.,(INTJ (UH Yeah) (. .) (-DFL- E_S)),174
sw12utt/sw_1208_2724.utt,2/sw2724,2724,131,sv,B,69,1,{C So } it makes biking a better alternative for transportation. /,So/RB it/PRP makes/VBZ biking/NN a/DT better/JJR alternative/NN for/IN transportation/NN ./.,(S (RB So) (NP-SBJ (PRP it)) (VP (VBZ makes) (S (NP-SBJ (NN biking)) (NP-PRD (NP (DT a) (JJR better) (NN alternative)) (PP (IN for) (NP (NN transportation)))))) (. .) (-DFL- E_S)),193
sw12utt/sw_1208_2724.utt,2/sw2724,2724,132,b,A,70,1,Yeah.  /,Yeah/UH ./.,(INTJ (UH Yeah) (. .) (-DFL- E_S)),174
sw12utt/sw_1208_2724.utt,2/sw2724,2724,133,sd,A,70,2,"[ It, + there's ] a lot of bikers around here.  /","It/PRP ,/, there/EX 's/BES a/DT lot/NN of/IN bikers/NNS around/IN here/RB ./.","(S (EDITED (RM (-DFL- \[)) (NP-SBJ (PRP It)) (, ,) (IP (-DFL- \+))) (NP-SBJ (EX there)) (VP (BES 's) (RS (-DFL- \])) (NP-PRD (NP (DT a) (NN lot)) (PP (IN of) (NP (NNS bikers)))) (PP-LOC (IN around) (ADVP (RB here)))) (. .) (-DFL- E_S))",196
sw12utt/sw_1208_2724.utt,2/sw2724,2724,134,sv,A,70,3,"[ It's, + it's ] really neat. /","It/PRP 's/BES ,/, it/PRP 's/BES really/RB neat/JJ ./.","(S (EDITED (RM (-DFL- \[)) (S (NP-SBJ (PRP It)) (VP-UNF (BES 's))) (, ,) (IP (-DFL- \+))) (NP-SBJ (PRP it)) (VP (BES 's) (RS (-DFL- \])) (ADJP-PRD (RB really) (JJ neat))) (. .) (-DFL- E_S))",197
sw12utt/sw_1208_2724.utt,2/sw2724,2724,135,b,B,71,1,Uh-huh. /,Uh-huh/UH ./.,(INTJ (UH Uh-huh) (. .) (-DFL- E_S)),179
sw12utt/sw_1208_2724.utt,2/sw2724,2724,136,sd,A,72,1,"There are [ a lot of, + a lot of ] resources, a lot of magazines, and stuff,  /","There/EX are/VBP a/DT lot/NN of/IN ,/, a/DT lot/NN of/IN resources/NNS ,/, a/DT lot/NN of/IN magazines/NNS ,/, and/CC stuff/NN ,/,","(S (NP-SBJ (EX There)) (VP (VBP are) (EDITED (RM (-DFL- \[)) (NP-PRD (NP (DT a) (NN lot)) (PP-UNF (IN of))) (, ,) (IP (-DFL- \+))) (NP-PRD (NP (NP (DT a) (NN lot)) (PP (IN of) (RS (-DFL- \])) (NP (NNS resources)))) (, ,) (NP (NP (DT a) (NN lot)) (PP (IN of) (NP (NNS magazines) (, ,) (CC and) (NN stuff)))))) (, ,) (-DFL- E_S))",201
sw12utt/sw_1208_2724.utt,2/sw2724,2724,137,sd,A,72,2,"little TEXAS BICYCLIST, is {D like } a little newspaper that comes out every month. /","little/JJ TEXAS/NNP BICYCLIST/NNP ,/, is/VBZ like/IN a/DT little/JJ newspaper/NN that/WDT comes/VBZ out/RP every/DT month/NN ./.","(S (NP-SBJ (JJ little) (NX-TTL (NNP TEXAS) (NNP BICYCLIST))) (, ,) (VP (VBZ is) (INTJ (UH like)) (NP-PRD (NP (DT a) (JJ little) (NN newspaper)) (SBAR (WHNP-1 (WDT that)) (S (NP-SBJ (-NONE- *T*-1)) (VP (VBZ comes) (PRT (RP out)) (NP-TMP (DT every) (NN month))))))) (. .) (-DFL- E_S))",202
sw12utt/sw_1208_2724.utt,2/sw2724,2724,138,%,B,73,1,{F Um. } /,Um/UH ./.,(INTJ (UH Um) (. .) (-DFL- E_S)),204
sw12utt/sw_1208_2724.utt,2/sw2724,2724,139,sd,A,74,1,It's free  /,It/PRP 's/BES free/JJ,(S (NP-SBJ (PRP It)) (VP (BES 's) (ADJP-PRD (JJ free))) (-DFL- E_S)),206
sw12utt/sw_1208_2724.utt,2/sw2724,2724,140,ad,A,74,2,"just go to the [ bike shock, + [ bi-, + bike ] shop ] and pick it up,  /","just/RB go/VB to/IN the/DT bike/NN shock/NN ,/, bi-/NN ,/, bike/NN shop/NN and/CC pick/VB it/PRP up/RP ,/,","(S (NP-SBJ (-NONE- *)) (ADVP (RB just)) (VP (VP (VB go) (PP-DIR (IN to) (NP (DT the) (EDITED (RM (-DFL- \[)) (NN bike) (NN shock) (, ,) (IP (-DFL- \+))) (EDITED (RM (-DFL- \[)) (NN bi-) (, ,) (IP (-DFL- \+))) (NN bike) (RS (-DFL- \])) (NN shop)))) (RS (-DFL- \])) (CC and) (VP (VB pick) (NP (PRP it)) (PRT (RP up)))) (, ,) (-DFL- E_S))",207
sw12utt/sw_1208_2724.utt,2/sw2724,2724,141,sd,A,74,3,"{C and } it's got all the rides coming up,  /","and/CC it/PRP 's/HVS got/VBN all/PDT the/DT rides/NNS coming/VBG up/RP ,/,","(S (CC and) (NP-SBJ (PRP it)) (VP (HVS 's) (VP (VBN got) (NP (NP (PDT all) (DT the) (NNS rides)) (VP (VBG coming) (PRT (RP up)))))) (, ,) (-DFL- E_S))",208
sw12utt/sw_1208_2724.utt,2/sw2724,2724,142,sd,A,74,4,"{C so } I guess I'm going to be busy about every Saturday this summer,","so/RB I/PRP guess/VBP I/PRP 'm/VBP going/VBG to/TO be/VB busy/JJ about/RB every/DT Saturday/NNP this/DT summer/NN ,/,","(S (RB so) (NP-SBJ (PRP I)) (VP (VBP guess) (SBAR (-NONE- 0) (S (NP-SBJ-1 (PRP I)) (VP (VBP 'm) (VP (VBG going) (S (NP-SBJ-2 (-NONE- *-1)) (VP (TO to) (VP (VB be) (ADJP-PRD (JJ busy)) (NP-TMP (NP (RB about) (DT every) (NNP Saturday)) (NP-TMP (DT this) (NN summer))) (, ,) (S-ADV (NP-SBJ (-NONE- *-2)) (VP (VBG going) (PP (IN to) (NP (DT a) (JJ different) (NN ride))))))))))))) (. .) (-DFL- E_S))",209
sw12utt/sw_1208_2724.utt,2/sw2724,2724,143,ba,B,75,1,"{F Oh, } that's terrific. /","Oh/UH ,/, that/DT 's/BES terrific/JJ ./.","(S (INTJ (UH Oh)) (, ,) (NP-SBJ (DT that)) (VP (BES 's) (ADJP-PRD (JJ terrific))) (. .) (-DFL- E_S))",211
sw12utt/sw_1208_2724.utt,2/sw2724,2724,144,+,A,76,1,going to a different ride.  /,going/VBG to/IN a/DT different/JJ ride/NN ./.,"(S (RB so) (NP-SBJ (PRP I)) (VP (VBP guess) (SBAR (-NONE- 0) (S (NP-SBJ-1 (PRP I)) (VP (VBP 'm) (VP (VBG going) (S (NP-SBJ-2 (-NONE- *-1)) (VP (TO to) (VP (VB be) (ADJP-PRD (JJ busy)) (NP-TMP (NP (RB about) (DT every) (NNP Saturday)) (NP-TMP (DT this) (NN summer))) (, ,) (S-ADV (NP-SBJ (-NONE- *-2)) (VP (VBG going) (PP (IN to) (NP (DT a) (JJ different) (NN ride))))))))))))) (. .) (-DFL- E_S))",209
sw12utt/sw_1208_2724.utt,2/sw2724,2724,145,%,A,76,2,"Yeah,  /","Yeah/UH ,/,","(INTJ (UH Yeah) (, ,) (-DFL- E_S))",183
sw12utt/sw_1208_2724.utt,2/sw2724,2724,146,sd,A,76,3,see a little bit of Texas I've never seen before. /,see/VB a/DT little/JJ bit/NN of/IN Texas/NNP I/PRP 've/VBP never/RB seen/VBN before/RB ./.,(VP (VB see) (NP (NP (DT a) (JJ little) (NN bit)) (PP (IN of) (NP (NNP Texas))) (SBAR (WHNP-1 (-NONE- 0)) (S (NP-SBJ (PRP I)) (VP (VBP 've) (ADVP-TMP (RB never)) (VP (VBN seen) (NP (-NONE- *T*-1)) (ADVP-TMP (RB before))))))) (. .) (-DFL- E_S)),214
sw12utt/sw_1208_2724.utt,2/sw2724,2724,147,b,B,77,1,Uh-huh. /,Uh-huh/UH ./.,(INTJ (UH Uh-huh) (. .) (-DFL- E_S)),199
sw12utt/sw_1208_2724.utt,2/sw2724,2724,148,qw,A,78,1,"{C So, } {F uh, } how long have you been biking? /","So/RB ,/, uh/UH ,/, how/WRB long/RB have/VBP you/PRP been/VBN biking/VBG ?/.","(SBARQ (RB So) (, ,) (INTJ (UH uh)) (, ,) (WHADVP-1 (WRB how) (RB long)) (SQ (VBP have) (NP-SBJ (PRP you)) (VP (VBN been) (VP (VBG biking) (ADVP-TMP (-NONE- *T*-1))))) (. ?) (-DFL- E_S))",218
sw12utt/sw_1208_2724.utt,2/sw2724,2724,149,sd,B,79,1,"{F Oh, } I guess as an adult for just about the past, {F uh, } three years or so <breathing>.  /","Oh/UH ,/, I/PRP guess/VBP as/IN an/DT adult/NN for/IN just/RB about/RB the/DT past/JJ ,/, uh/UH ,/, three/CD years/NNS or/CC so/RB ./.","(S (INTJ (UH Oh)) (, ,) (NP-SBJ (PRP I)) (VP (VBP guess) (FRAG (PP (IN as) (NP (DT an) (NN adult))) (PP-TMP (IN for) (NP (RB just) (RB about) (DT the) (JJ past) (, ,) (INTJ (UH uh)) (, ,) (CD three) (NNS years) (QP (CC or) (RB so)))))) (. .) (-DFL- E_S))",220
sw12utt/sw_1208_2724.utt,2/sw2724,2724,150,sd,B,79,2,"{F Uh, } {D you know, } I guess last time I did it before that was college, which was about ten years ago. /","Uh/UH ,/, you/PRP know/VBP ,/, I/PRP guess/VBP last/JJ time/NN I/PRP did/VBD it/PRP before/IN that/DT was/VBD college/NN ,/, which/WDT was/VBD about/RB ten/CD years/NNS ago/RB ./.","(S (INTJ (UH Uh)) (PRN (, ,) (S (NP-SBJ (PRP you)) (VP (VBP know))) (, ,)) (NP-SBJ (PRP I)) (VP (VBP guess) (SBAR (-NONE- 0) (S (NP-SBJ (NP (JJ last) (NN time)) (SBAR (WHADVP-1 (-NONE- 0)) (S (NP-SBJ (PRP I)) (VP (VBD did) (NP (PRP it)) (ADVP-TMP (-NONE- *T*-1))))) (PP-TMP (IN before) (NP (DT that)))) (VP (VBD was) (NP-PRD (NP (NN college)) (, ,) (SBAR (WHNP-2 (WDT which)) (S (NP-SBJ (-NONE- *T*-2)) (VP (VBD was) (ADVP-TMP-PRD (NP (QP (RB about) (CD ten)) (NNS years)) (RB ago)))))))))) (. .) (-DFL- E_S))",221
sw12utt/sw_1208_2724.utt,2/sw2724,2724,151,bk,A,80,1,Yeah. /,Yeah/UH ./.,(INTJ (UH Yeah) (. .) (-DFL- E_S)),191
sw12utt/sw_1208_2724.utt,2/sw2724,2724,152,b,B,81,1,"{C And, } {F uh, } yeah,  /","And/CC ,/, uh/UH ,/, yeah/UH ,/,","(FRAG (CC And) (, ,) (INTJ (UH uh)) (, ,) (INTJ (UH yeah)) (, ,) (-DFL- E_S))",225
sw12utt/sw_1208_2724.utt,2/sw2724,2724,153,sd,B,81,2,"I guess I just never really thought about it much for a while, {F uh, } until I suddenly discovered all my friends were basically biking a lot.  /","I/PRP guess/VBP I/PRP just/RB never/RB really/RB thought/VBD about/IN it/PRP much/RB for/IN a/DT while/NN ,/, uh/UH ,/, until/IN I/PRP suddenly/RB discovered/VBD all/PDT my/PRP$ friends/NNS were/VBD basically/RB biking/VBG a/DT lot/NN ./.","(S (NP-SBJ (PRP I)) (VP (VBP guess) (SBAR (-NONE- 0) (S (NP-SBJ (PRP I)) (ADVP (RB just)) (ADVP-TMP (RB never)) (ADVP (RB really)) (VP (VBD thought) (PP (IN about) (NP (PRP it))) (ADVP (RB much)) (PP-TMP (IN for) (NP (DT a) (NN while))) (, ,) (INTJ (UH uh)) (, ,) (SBAR-TMP (IN until) (S (NP-SBJ (PRP I)) (ADVP (RB suddenly)) (VP (VBD discovered) (SBAR (-NONE- 0) (S (NP-SBJ (PDT all) (PRP$ my) (NNS friends)) (VP (VBD were) (ADVP (RB basically)) (VP (VBG biking) (NP-ADV (DT a) (NN lot))))))))))))) (. .) (-DFL- E_S))",226
sw12utt/sw_1208_2724.utt,2/sw2724,2724,154,sd,B,81,3,"{C And so } I thought I'd try it, too. /","And/CC so/RB I/PRP thought/VBD I/PRP 'd/MD try/VB it/PRP ,/, too/RB ./.","(S (CONJP (CC And) (RB so)) (NP-SBJ (PRP I)) (VP (VBD thought) (SBAR (-NONE- 0) (S (NP-SBJ (PRP I)) (VP (MD 'd) (VP (VB try) (NP (PRP it)) (, ,) (ADVP (RB too))))))) (. .) (-DFL- E_S))",227
sw12utt/sw_1208_2724.utt,2/sw2724,2724,155,qy,A,82,1,"Have [ you ever had a, + {F uh, } {A it's kind of slightly off the subject, but } you ever had [ a, + {F uh, } a ] ] blood workup done recently or since you've been biking,","Have/VBP you/PRP ever/RB had/VBN a/DT ,/, uh/UH ,/, it/PRP 's/BES kind/RB of/RB slightly/RB off/IN the/DT subject/NN ,/, but/CC you/PRP ever/RB had/VBN a/DT ,/, uh/UH ,/, a/DT blood/NN workup/NN done/VBN recently/RB or/CC since/IN you/PRP 've/VBP been/VBN biking/VBG ,/,","(SQ (VBP Have) (EDITED (RM (-DFL- \[)) (SQ (NP-SBJ (PRP you)) (ADVP-TMP (RB ever)) (VP (VBN had) (NP-UNF (DT a)))) (, ,) (IP (-DFL- \+))) (INTJ (UH uh)) (PRN (, ,) (S (NP-SBJ (PRP it)) (VP (BES 's) (ADVP (RB kind) (RB of)) (PP-PRD (ADVP (RB slightly)) (IN off) (NP (DT the) (NN subject))))) (, ,) (CC but)) (NP-SBJ (PRP you)) (ADVP-TMP (RB ever)) (VP (VBN had) (S (EDITED (RM (-DFL- \[)) (NP-SBJ-UNF (DT a)) (, ,) (IP (-DFL- \+))) (INTJ (UH uh)) (, ,) (NP-SBJ-1 (DT a) (RS (-DFL- \])) (RS (-DFL- \])) (NN blood) (NN workup)) (VP (VBN done) (NP (-NONE- *-1)) (UCP-TMP (ADVP (RB recently)) (CC or) (SBAR (IN since) (S (NP-SBJ (PRP you)) (VP (VBP 've) (VP (VBN been) (VP (VBG biking))))))) (, ,) (S-PRP (NP-SBJ (-NONE- *)) (VP (TO to) (VP (VB see) (SBAR (IN if) (S-UNF (NP-SBJ (PRP it)))))))))) (, ,) (-DFL- N_S))",229
sw12utt/sw_1208_2724.utt,2/sw2724,2724,156,nn,B,83,1,"No,  /","No/UH ,/,","(INTJ (UH No) (, ,) (-DFL- E_S))",231
sw12utt/sw_1208_2724.utt,2/sw2724,2724,157,sd^e,B,83,2,"I haven't,  /","I/PRP have/VBP n't/RB ,/,","(S (NP-SBJ (PRP I)) (VP (VBP have) (RB n't) (VP (-NONE- *?*))) (, ,) (-DFL- E_S))",232
sw12utt/sw_1208_2724.utt,2/sw2724,2724,158,nn,B,83,3,no. /,no/UH ./.,(INTJ (UH no) (. .) (-DFL- E_S)),233
sw12utt/sw_1208_2724.utt,2/sw2724,2724,159,+,A,84,1,"to see if it, - /","to/TO see/VB if/IN it/PRP ,/,","(SQ (VBP Have) (EDITED (RM (-DFL- \[)) (SQ (NP-SBJ (PRP you)) (ADVP-TMP (RB ever)) (VP (VBN had) (NP-UNF (DT a)))) (, ,) (IP (-DFL- \+))) (INTJ (UH uh)) (PRN (, ,) (S (NP-SBJ (PRP it)) (VP (BES 's) (ADVP (RB kind) (RB of)) (PP-PRD (ADVP (RB slightly)) (IN off) (NP (DT the) (NN subject))))) (, ,) (CC but)) (NP-SBJ (PRP you)) (ADVP-TMP (RB ever)) (VP (VBN had) (S (EDITED (RM (-DFL- \[)) (NP-SBJ-UNF (DT a)) (, ,) (IP (-DFL- \+))) (INTJ (UH uh)) (, ,) (NP-SBJ-1 (DT a) (RS (-DFL- \])) (RS (-DFL- \])) (NN blood) (NN workup)) (VP (VBN done) (NP (-NONE- *-1)) (UCP-TMP (ADVP (RB recently)) (CC or) (SBAR (IN since) (S (NP-SBJ (PRP you)) (VP (VBP 've) (VP (VBN been) (VP (VBG biking))))))) (, ,) (S-PRP (NP-SBJ (-NONE- *)) (VP (TO to) (VP (VB see) (SBAR (IN if) (S-UNF (NP-SBJ (PRP it)))))))))) (, ,) (-DFL- N_S))",229
sw12utt/sw_1208_2724.utt,2/sw2724,2724,160,sv,A,84,2,"{C because } [ it really, + from what I understand, it really ] improves your, {F uh, } cholesterol -- /","because/IN it/PRP really/RB ,/, from/IN what/WP I/PRP understand/VBP ,/, it/PRP really/RB improves/VBZ your/PRP$ ,/, uh/UH ,/, cholesterol/NN --/:","(SBAR-PRP (IN because) (S (EDITED (RM (-DFL- \[)) (S-UNF (NP-SBJ (PRP it)) (ADVP (RB really))) (, ,) (IP (-DFL- \+))) (PP (IN from) (SBAR-NOM (WHNP-1 (WP what)) (S (NP-SBJ (PRP I)) (VP (VBP understand) (NP (-NONE- *T*-1)))))) (, ,) (NP-SBJ (PRP it)) (ADVP (RB really)) (RS (-DFL- \])) (VP (VBZ improves) (NP (PRP$ your) (, ,) (INTJ (UH uh)) (, ,) (NN cholesterol)))) (-DFL- E_S))",235
sw12utt/sw_1208_2724.utt,2/sw2724,2724,161,%,B,85,1,{F Um. } /,Um/UH ./.,(INTJ (UH Um) (. .) (-DFL- E_S)),204
sw12utt/sw_1208_2724.utt,2/sw2724,2724,162,sd,A,86,1,"-- {C and, } {D you know, } [ it, + {F uh, } <breathing> it ] kind of knocks down two of the big risk categories for coronary artery disease which is, {F uh, } {F uh, } low cardiovascular fitness, and also, {F uh, } {D you know, } the cholesterol. /","--/: and/CC ,/, you/PRP know/VBP ,/, it/PRP ,/, uh/UH ,/, it/PRP kind/RB of/RB knocks/VBZ down/RP two/CD of/IN the/DT big/JJ risk/NN categories/NNS for/IN coronary/JJ artery/NN disease/NN which/WDT is/VBZ ,/, uh/UH ,/, uh/UH ,/, low/JJ cardiovascular/JJ fitness/NN ,/, and/CC also/RB ,/, uh/UH ,/, you/PRP know/VBP ,/, the/DT cholesterol/NN ./.","(S (CC and) (PRN (, ,) (S (NP-SBJ (PRP you)) (VP (VBP know))) (, ,)) (EDITED (RM (-DFL- \[)) (NP-SBJ (PRP it)) (, ,) (IP (-DFL- \+))) (INTJ (UH uh)) (, ,) (NP-SBJ (PRP it)) (RS (-DFL- \])) (ADVP (RB kind) (RB of)) (VP (VBZ knocks) (PRT (RP down)) (NP (NP (CD two)) (PP (IN of) (NP (NP (DT the) (JJ big) (NN risk) (NNS categories)) (PP (IN for) (NP (JJ coronary) (NN artery) (NN disease))) (SBAR (WHNP-1 (WDT which)) (S (NP-SBJ (-NONE- *T*-1)) (VP (VBZ is) (, ,) (INTJ (UH uh)) (, ,) (INTJ (UH uh)) (, ,) (NP-PRD (NP (JJ low) (JJ cardiovascular) (NN fitness)) (, ,) (CC and) (ADVP (RB also)) (, ,) (INTJ (UH uh)) (PRN (, ,) (S (NP-SBJ (PRP you)) (VP (VBP know))) (, ,)) (NP (DT the) (NN cholesterol)))))))))) (. .) (-DFL- E_S))",239
sw12utt/sw_1208_2724.utt,2/sw2724,2724,163,b,B,87,1,Uh-huh. /,Uh-huh/UH ./.,(INTJ (UH Uh-huh) (. .) (-DFL- E_S)),216
sw12utt/sw_1208_2724.utt,2/sw2724,2724,164,sd,A,88,1,It gives you increased H D Ls and decreases your L D Ls. /,It/PRP gives/VBZ you/PRP increased/JJ H/NNP D/NNP Ls/NNPS and/CC decreases/VBZ your/PRP$ L/NNP D/NNP Ls/NNPS ./.,(S (NP-SBJ (PRP It)) (VP (VP (VBZ gives) (NP (PRP you)) (NP (JJ increased) (NNP H) (NNP D) (NNPS Ls))) (CC and) (VP (VBZ decreases) (NP (PRP$ your) (NNP L) (NNP D) (NNPS Ls)))) (. .) (-DFL- E_S)),243
sw12utt/sw_1208_2724.utt,2/sw2724,2724,165,ba,B,89,1,"{F Oh, } that's great. /","Oh/UH ,/, that/DT 's/BES great/JJ ./.","(S (INTJ (UH Oh)) (, ,) (NP-SBJ (DT that)) (VP (BES 's) (ADJP-PRD (JJ great))) (. .) (-DFL- E_S))",245
sw12utt/sw_1208_2724.utt,2/sw2724,2724,166,b,A,90,1,"Yeah,  /","Yeah/UH ,/,","(INTJ (UH Yeah) (, ,) (-DFL- E_S))",247
sw12utt/sw_1208_2724.utt,2/sw2724,2724,167,%,A,90,2,{C so } ... -/,so/RB .../:,(S-UNF (RB so) (: ...) (-DFL- N_S)),248
sw12utt/sw_1208_2724.utt,2/sw2724,2724,168,b,B,91,1,"Yeah,  /","Yeah/UH ,/,","(INTJ (UH Yeah) (, ,) (-DFL- E_S))",247
sw12utt/sw_1208_2724.utt,2/sw2724,2724,169,sd,B,91,2,"[ I've, +  I've ] definitely noticed it's had a good effect on [ my pulse rate, +  my resting pulse. ] /","I/PRP 've/VBP ,/, I/PRP 've/VBP definitely/RB noticed/VBN it/PRP 's/HVS had/VBN a/DT good/JJ effect/NN on/IN my/PRP$ pulse/NN rate/NN ,/, my/PRP$ resting/JJ pulse/NN ./.","(S (EDITED (RM (-DFL- \[)) (S (NP-SBJ (PRP I)) (VP-UNF (VBP 've))) (, ,) (IP (-DFL- \+))) (NP-SBJ (PRP I)) (VP (VBP 've) (RS (-DFL- \])) (ADVP (RB definitely)) (VP (VBN noticed) (SBAR (-NONE- 0) (S (NP-SBJ (PRP it)) (VP (HVS 's) (VP (VBN had) (NP (DT a) (JJ good) (NN effect)) (PP (IN on) (NP (RM (-DFL- \[)) (NP (PRP$ my) (NN pulse) (NN rate)) (, ,) (IP (-DFL- \+)) (NP (PRP$ my) (JJ resting) (NN pulse)))))))))) (. .) (RS (-DFL- \])) (-DFL- E_S))",251
sw12utt/sw_1208_2724.utt,2/sw2724,2724,170,b,A,92,1,Yeah. /,Yeah/UH ./.,(INTJ (UH Yeah) (. .) (-DFL- E_S)),223
sw12utt/sw_1208_2724.utt,2/sw2724,2724,171,sd,B,93,1,"{D You know, } it gets it down to about forty. /","You/PRP know/VBP ,/, it/PRP gets/VBZ it/PRP down/IN to/IN about/RB forty/CD ./.","(S (PRN (S (NP-SBJ (PRP You)) (VP (VBP know))) (, ,)) (NP-SBJ (PRP it)) (VP (VBZ gets) (NP (PRP it)) (PP (IN down) (PP (IN to) (NP (QP (RB about) (CD forty)))))) (. .) (-DFL- E_S))",255
sw12utt/sw_1208_2724.utt,2/sw2724,2724,172,bh,A,94,1,Really? /,Really/UH ?/.,(INTJ (UH Really) (. ?) (-DFL- E_S)),257
sw12utt/sw_1208_2724.utt,2/sw2724,2724,173,ny,B,95,1,Yeah. /,Yeah/UH ./.,(INTJ (UH Yeah) (. .) (-DFL- E_S)),253
sw12utt/sw_1208_2724.utt,2/sw2724,2724,174,ba,A,96,1,That's good. /,That/DT 's/BES good/JJ ./.,(S (NP-SBJ (DT That)) (VP (BES 's) (ADJP-PRD (JJ good))) (. .) (-DFL- E_S)),261
sw12utt/sw_1208_2724.utt,2/sw2724,2724,175,b,B,97,1,Yeah. /,Yeah/UH ./.,(INTJ (UH Yeah) (. .) (-DFL- E_S)),253
sw12utt/sw_1208_2724.utt,2/sw2724,2724,176,qy^d,A,98,1,"You say you ride about a hundred, hundred fifty miles a week? /","You/PRP say/VBP you/PRP ride/VBP about/RB a/DT hundred/CD ,/, hundred/CD fifty/CD miles/NNS a/DT week/NN ?/.","(S (NP-SBJ (PRP You)) (VP (VBP say) (SBAR (-NONE- 0) (S (NP-SBJ (PRP you)) (VP (VBP ride) (NP (NP (QP (RB about) (DT a) (CD hundred) (, ,) (CD hundred) (CD fifty)) (NNS miles)) (NP-ADV (DT a) (NN week))))))) (. ?) (-DFL- E_S))",265
sw12utt/sw_1208_2724.utt,2/sw2724,2724,177,ny,B,99,1,Yeah. /,Yeah/UH ./.,(INTJ (UH Yeah) (. .) (-DFL- E_S)),253
sw12utt/sw_1208_2724.utt,2/sw2724,2724,178,ba,A,100,1,Man.  /,Man/UH ./.,(INTJ (UH Man) (. .) (-DFL- E_S)),269
sw12utt/sw_1208_2724.utt,2/sw2724,2724,179,sv,A,100,2,"[ That's, +  that's ] hard-core. /","That/DT 's/BES ,/, that/DT 's/BES hard-core/JJ ./.","(S (EDITED (RM (-DFL- \[)) (S (NP-SBJ (DT That)) (VP-UNF (BES 's))) (, ,) (IP (-DFL- \+))) (NP-SBJ (DT that)) (VP (BES 's) (RS (-DFL- \])) (ADJP-PRD (JJ hard-core))) (. .) (-DFL- E_S))",270
sw12utt/sw_1208_2724.utt,2/sw2724,2724,180,sd,B,101,1,"On average,  /","On/IN average/NN ,/,","(PP (IN On) (NP (NN average)) (, ,) (-DFL- E_S))",272
sw12utt/sw_1208_2724.utt,2/sw2724,2724,181,%,B,101,2,yeah. /,yeah/UH ./.,(INTJ (UH yeah) (. .) (-DFL- E_S)),273
sw12utt/sw_1208_2724.utt,2/sw2724,2724,182,qw,A,102,1,When do you get to begin with the winters and all that?  /,When/WRB do/VBP you/PRP get/VB to/TO begin/VB with/IN the/DT winters/NNS and/CC all/PDT that/DT ?/.,(SBARQ (WHADVP-2 (WRB When)) (SQ (VBP do) (NP-SBJ-1 (PRP you)) (VP (VB get) (S (NP-SBJ (-NONE- *-1)) (VP (TO to) (VP (VB begin)))) (PP (IN with) (NP (NP (DT the) (NNS winters)) (CC and) (NP (PDT all) (DT that)))) (ADVP-TMP (-NONE- *T*-2)))) (. ?) (-DFL- E_S)),275
sw12utt/sw_1208_2724.utt,2/sw2724,2724,183,qw,A,102,2,"What time of the year do you usually embark on your, - /","What/WDT time/NN of/IN the/DT year/NN do/VBP you/PRP usually/RB embark/VB on/IN your/PRP$ ,/,","(SBARQ (WHNP (WHNP (WDT What) (NN time)) (PP (IN of) (NP (DT the) (NN year)))) (SQ (VBP do) (NP-SBJ (PRP you)) (ADVP-TMP (RB usually)) (VP (VB embark) (PP (IN on) (NP-UNF (PRP$ your))))) (, ,) (-DFL- N_S))",276
sw12utt/sw_1208_2724.utt,2/sw2724,2724,184,qy,A,102,3,do you ride inside if you can't ride outside? /,do/VBP you/PRP ride/VB inside/RB if/IN you/PRP ca/MD n't/RB ride/VB outside/RB ?/.,(SQ (VBP do) (NP-SBJ (PRP you)) (VP (VB ride) (ADVP-LOC (RB inside)) (SBAR-ADV (IN if) (S (NP-SBJ (PRP you)) (VP (MD ca) (RB n't) (VP (VB ride) (ADVP-LOC (RB outside))))))) (. ?) (-DFL- E_S)),277
sw12utt/sw_1208_2724.utt,2/sw2724,2724,185,nn,B,103,1,"No,  /","No/UH ,/,","(INTJ (UH No) (, ,) (-DFL- E_S))",279
sw12utt/sw_1208_2724.utt,2/sw2724,2724,186,sd^e,B,103,2,I'm not that hard-core.  /,I/PRP 'm/VBP not/RB that/RB hard-core/JJ ./.,(S (NP-SBJ (PRP I)) (VP (VBP 'm) (RB not) (ADJP-PRD (RB that) (JJ hard-core))) (. .) (-DFL- E_S)),280
sw12utt/sw_1208_2724.utt,2/sw2724,2724,187,sv,B,103,3,"{E I mean } there are some people, - /","I/PRP mean/VBP there/EX are/VBP some/DT people/NNS ,/,","(S (PRN (S (NP-SBJ (PRP I)) (VP (VBP mean)))) (NP-SBJ (EX there)) (VP (VBP are) (NP-PRD-UNF (DT some) (NNS people))) (, ,) (-DFL- N_S))",281
sw12utt/sw_1208_2724.utt,2/sw2724,2724,188,sd,B,103,4,in fact a lot of people will ride outside in the snow.  /,in/IN fact/NN a/DT lot/NN of/IN people/NNS will/MD ride/VB outside/RB in/IN the/DT snow/NN ./.,(S (PP (IN in) (NP (NN fact))) (NP-SBJ (NP (DT a) (NN lot)) (PP (IN of) (NP (NNS people)))) (VP (MD will) (VP (VB ride) (ADVP-LOC (RB outside)) (PP (IN in) (NP (DT the) (NN snow))))) (. .) (-DFL- E_S)),282
sw12utt/sw_1208_2724.utt,2/sw2724,2724,189,sd,B,103,5,"They've got a, {F uh, } mountain bike,","They/PRP 've/VBP got/VBN a/DT ,/, uh/UH ,/, mountain/NN bike/NN ,/,","(S (NP-SBJ (PRP They)) (VP (VBP 've) (VP (VBN got) (NP (NP (DT a) (, ,) (INTJ (UH uh)) (, ,) (NN mountain) (NN bike)) (PRN (, ,) (S (NP-SBJ (PRP you)) (VP (VBP know))) (, ,)) (PP (IN with) (NP (DT the) (JJ big) (JJ knobby) (NNS tires)))))) (. .) (-DFL- E_S))",283
sw12utt/sw_1208_2724.utt,2/sw2724,2724,190,x,A,104,1,<laughter>.,,(INTJ (UH Yeah) (. .) (-DFL- E_S)),253
sw12utt/sw_1208_2724.utt,2/sw2724,2724,191,+,B,105,1,"{D you know, } with the big knobby tires. /","you/PRP know/VBP ,/, with/IN the/DT big/JJ knobby/JJ tires/NNS ./.","(S (NP-SBJ (PRP They)) (VP (VBP 've) (VP (VBN got) (NP (NP (DT a) (, ,) (INTJ (UH uh)) (, ,) (NN mountain) (NN bike)) (PRN (, ,) (S (NP-SBJ (PRP you)) (VP (VBP know))) (, ,)) (PP (IN with) (NP (DT the) (JJ big) (JJ knobby) (NNS tires)))))) (. .) (-DFL- E_S))",283
sw12utt/sw_1208_2724.utt,2/sw2724,2724,192,b,A,106,1,Yeah. /,Yeah/UH ./.,(INTJ (UH Yeah) (. .) (-DFL- E_S)),259
sw12utt/sw_1208_2724.utt,2/sw2724,2724,193,sd,B,107,1,"{C And, } I don't do that.  /","And/CC ,/, I/PRP do/VBP n't/RB do/VB that/DT ./.","(S (CC And) (, ,) (NP-SBJ (PRP I)) (VP (VBP do) (RB n't) (VP (VB do) (NP (DT that)))) (. .) (-DFL- E_S))",289
sw12utt/sw_1208_2724.utt,2/sw2724,2724,194,sd,B,107,2,"[ I basically, + [ I, + I ] pretty much ] lay off for the winter.  /","I/PRP basically/RB ,/, I/PRP ,/, I/PRP pretty/RB much/RB lay/VBP off/RP for/IN the/DT winter/NN ./.","(S (EDITED (RM (-DFL- \[)) (S-UNF (NP-SBJ (PRP I)) (ADVP (RB basically))) (, ,) (IP (-DFL- \+))) (EDITED (RM (-DFL- \[)) (NP-SBJ (PRP I)) (, ,) (IP (-DFL- \+))) (NP-SBJ (PRP I)) (RS (-DFL- \])) (ADVP (RB pretty) (RB much)) (RS (-DFL- \])) (VP (VBP lay) (PRT (RP off)) (PP-TMP (IN for) (NP (DT the) (NN winter)))) (. .) (-DFL- E_S))",290
sw12utt/sw_1208_2724.utt,2/sw2724,2724,195,sd,B,107,3,"{F Uh, } I was thinking of getting rollers for the last winter, {D you know, } because it will help your balance when you're indoor training. /","Uh/UH ,/, I/PRP was/VBD thinking/VBG of/IN getting/VBG rollers/NNS for/IN the/DT last/JJ winter/NN ,/, you/PRP know/VBP ,/, because/IN it/PRP will/MD help/VB your/PRP$ balance/NN when/WRB you/PRP 're/VBP indoor/JJ training/VBG ./.","(S (INTJ (UH Uh)) (, ,) (NP-SBJ-1 (PRP I)) (VP (VBD was) (VP (VBG thinking) (PP (IN of) (S-NOM (NP-SBJ (-NONE- *-1)) (VP (VBG getting) (NP (NNS rollers)) (PP (IN for) (NP (DT the) (JJ last) (NN winter)))))) (PRN (, ,) (S (NP-SBJ (PRP you)) (VP (VBP know))) (, ,)) (SBAR-PRP (IN because) (S (NP-SBJ (PRP it)) (VP (MD will) (VP (VB help) (NP (PRP$ your) (NN balance)) (SBAR-TMP (WHADVP-2 (WRB when)) (S (NP-SBJ (PRP you)) (VP (VBP 're) (VP (JJ indoor) (VBG training) (ADVP-TMP (-NONE- *T*-2)))))))))))) (. .) (-DFL- E_S))",291
sw12utt/sw_1208_2724.utt,2/sw2724,2724,196,%,A,108,1,{F Um. } /,Um/UH ./.,(INTJ (UH Um) (. .) (-DFL- E_S)),293
sw12utt/sw_1208_2724.utt,2/sw2724,2724,197,sd,B,109,1,"{F Uh, } {C but } I just, {D you know, } more or less stocked, {D like } an exercise bike and that kind of thing.  <breathing>, {F uh, }  /","Uh/UH ,/, but/CC I/PRP just/RB ,/, you/PRP know/VBP ,/, more/RBR or/CC less/RBR stocked/VBD ,/, like/IN an/DT exercise/NN bike/NN and/CC that/DT kind/NN of/IN thing/NN ./. ,/, uh/UH ,/,","(S (INTJ (UH Uh)) (, ,) (CC but) (NP-SBJ (PRP I)) (ADVP (RB just)) (PRN (, ,) (S (NP-SBJ (PRP you)) (VP (VBP know))) (, ,)) (ADVP (RBR more) (CC or) (RBR less)) (VP (VBD stocked) (, ,) (INTJ (UH like)) (NP (NP (DT an) (NN exercise) (NN bike)) (CC and) (NP (NP (DT that) (NN kind)) (PP (IN of) (NP (NN thing))))) (. .) (, ,) (INTJ (UH uh))) (, ,) (-DFL- E_S))",295
sw12utt/sw_1208_2724.utt,2/sw2724,2724,198,%,B,109,2,"{C but, } yeah,  /","but/CC ,/, yeah/UH ,/,","(FRAG (CC but) (, ,) (INTJ (UH yeah)) (, ,) (-DFL- E_S))",296
sw12utt/sw_1208_2724.utt,2/sw2724,2724,199,sv,B,109,3,{E I mean } winters are kind of a problem  /,I/PRP mean/VBP winters/NNS are/VBP kind/RB of/RB a/DT problem/NN,(S (PRN (S (NP-SBJ (PRP I)) (VP (VBP mean)))) (NP-SBJ (NNS winters)) (VP (VBP are) (ADVP (RB kind) (RB of)) (NP-PRD (DT a) (NN problem))) (-DFL- E_S)),297
sw12utt/sw_1208_2724.utt,2/sw2724,2724,200,sd,B,109,4,"{C so, } I'm more or less out of shape now that I've been biking, I guess, this year for just a couple of weeks.  /","so/RB ,/, I/PRP 'm/VBP more/RBR or/CC less/RBR out/IN of/IN shape/NN now/RB that/IN I/PRP 've/VBP been/VBN biking/VBG ,/, I/PRP guess/VBP ,/, this/DT year/NN for/IN just/RB a/DT couple/NN of/IN weeks/NNS ./.","(S (RB so) (, ,) (NP-SBJ (PRP I)) (VP (VBP 'm) (ADVP (RBR more) (CC or) (RBR less)) (PP-PRD (IN out) (PP (IN of) (NP (NN shape)))) (ADVP-TMP (RB now) (SBAR (IN that) (S (NP-SBJ (PRP I)) (VP (VBP 've) (VP (VBN been) (VP (VBG biking) (PRN (, ,) (S (NP-SBJ (PRP I)) (VP (VBP guess))) (, ,)) (NP-TMP (DT this) (NN year)) (PP-TMP (IN for) (NP (NP (QP (RB just) (DT a) (NN couple))) (PP (IN of) (NP (NNS weeks)))))))))))) (. .) (-DFL- E_S))",298
sw12utt/sw_1208_2724.utt,2/sw2724,2724,201,b,A,110,1,Uh-huh. /,Uh-huh/UH ./.,(INTJ (UH Uh-huh) (. .) (-DFL- E_S)),300
sw12utt/sw_1208_2724.utt,2/sw2724,2724,202,sd,B,111,1,"{F Uh, } {C but, } {D you know, } up here <laughter>, it's only stopped snowing since then. /","Uh/UH ,/, but/CC ,/, you/PRP know/VBP ,/, up/IN here/RB ,/, it/PRP 's/HVS only/RB stopped/VBN snowing/VBG since/IN then/RB ./.","(S (INTJ (UH Uh)) (, ,) (CC but) (PRN (, ,) (S (NP-SBJ (PRP you)) (VP (VBP know))) (, ,)) (PP-LOC (IN up) (ADVP (RB here))) (, ,) (NP-SBJ-1 (PRP it)) (VP (HVS 's) (ADVP (RB only)) (VP (VBN stopped) (S (NP-SBJ (-NONE- *-1)) (VP (VBG snowing))) (PP-TMP (IN since) (ADVP (RB then))))) (. .) (-DFL- E_S))",302
sw12utt/sw_1208_2724.utt,2/sw2724,2724,203,b,A,112,1,Yeah. /,Yeah/UH ./.,(INTJ (UH Yeah) (. .) (-DFL- E_S)),287
sw12utt/sw_1208_2724.utt,2/sw2724,2724,204,%,B,113,1,"{F Uh, } <lipsmack>, {C but, } yeah,  /","Uh/UH ,/, ,/, but/CC ,/, yeah/UH ,/,","(FRAG (INTJ (UH Uh)) (, ,) (, ,) (CC but) (, ,) (INTJ (UH yeah)) (, ,) (-DFL- E_S))",306
sw12utt/sw_1208_2724.utt,2/sw2724,2724,205,sv,B,113,2,"[ [ [ it's, + it's, ] + it's, ] + it's ] pretty good.  /","it/PRP 's/BES ,/, it/PRP 's/BES ,/, it/PRP 's/BES ,/, it/PRP 's/BES pretty/RB good/JJ ./.","(S (EDITED (RM (-DFL- \[)) (EDITED (RM (-DFL- \[)) (EDITED (RM (-DFL- \[)) (S (NP-SBJ (PRP it)) (VP-UNF (BES 's))) (, ,) (IP (-DFL- \+))) (S (NP-SBJ (PRP it)) (VP-UNF (BES 's))) (, ,) (RS (-DFL- \])) (IP (-DFL- \+))) (S (NP-SBJ (PRP it)) (VP-UNF (BES 's))) (, ,) (RS (-DFL- \])) (IP (-DFL- \+))) (NP-SBJ (PRP it)) (VP (BES 's) (RS (-DFL- \])) (ADJP-PRD (RB pretty) (JJ good))) (. .) (-DFL- E_S))",307
sw12utt/sw_1208_2724.utt,2/sw2724,2724,206,%,B,113,3,"It's, {F uh, } - /","It/PRP 's/BES ,/, uh/UH ,/,","(S (NP-SBJ (PRP It)) (VP-UNF (BES 's) (, ,) (INTJ (UH uh))) (, ,) (-DFL- N_S))",308
sw12utt/sw_1208_2724.utt,2/sw2724,2724,207,sd,B,113,4,"[ the main, + the main ] thing, I guess, for me is just to enjoy it because once it starts seeming like, {D you know, } exercise and a chore <laughter>, I'll lay off it more. /","the/DT main/JJ ,/, the/DT main/JJ thing/NN ,/, I/PRP guess/VBP ,/, for/IN me/PRP is/VBZ just/RB to/TO enjoy/VB it/PRP because/IN once/IN it/PRP starts/VBZ seeming/VBG like/IN ,/, you/PRP know/VBP ,/, exercise/NN and/CC a/DT chore/NN ,/, I/PRP 'll/MD lay/VB off/RP it/PRP more/RBR ./.","(S (EDITED (RM (-DFL- \[)) (NP-SBJ-UNF (DT the) (JJ main)) (, ,) (IP (-DFL- \+))) (NP-SBJ (NP (DT the) (JJ main) (RS (-DFL- \])) (NN thing)) (PRN (, ,) (S (NP-SBJ (PRP I)) (VP (VBP guess))) (, ,)) (PP (IN for) (NP (PRP me)))) (VP (VBZ is) (S-PRD (NP-SBJ (-NONE- *)) (ADVP (RB just)) (VP (TO to) (VP (VB enjoy) (NP (PRP it)) (SBAR-PRP (IN because) (S (SBAR-TMP (IN once) (S (NP-SBJ-1 (PRP it)) (VP (VBZ starts) (S (NP-SBJ (-NONE- *-1)) (VP (VBG seeming) (PP (IN like) (PRN (, ,) (S (NP-SBJ (PRP you)) (VP (VBP know))) (, ,)) (NP (NP (NN exercise)) (CC and) (NP (DT a) (NN chore))))))))) (, ,) (NP-SBJ (PRP I)) (VP (MD 'll) (VP (VB lay) (PRT (RP off)) (NP (PRP it)) (ADVP (RBR more)))))))))) (. .) (-DFL- E_S))",309
sw12utt/sw_1208_2724.utt,2/sw2724,2724,208,b,A,114,1,Right.  /,Right/UH ./.,(INTJ (UH Right) (. .) (-DFL- E_S)),311
sw12utt/sw_1208_2724.utt,2/sw2724,2724,209,bf,A,114,2,"{C So } you, {F uh, } change up your routes a lot, and keep a ... -/","So/RB you/PRP ,/, uh/UH ,/, change/VBP up/RP your/PRP$ routes/NNS a/DT lot/NN ,/, and/CC keep/VBP a/DT .../:","(S (RB So) (NP-SBJ (PRP you)) (, ,) (INTJ (UH uh)) (, ,) (VP (VP (VBP change) (PRT (RP up)) (NP (PRP$ your) (NNS routes)) (NP-ADV (DT a) (NN lot))) (, ,) (CC and) (VP (VBP keep) (NP-UNF (DT a)))) (: ...) (-DFL- N_S))",312
sw12utt/sw_1208_2724.utt,2/sw2724,2724,210,aa,B,115,1,"{F Oh, } yeah,  /","Oh/UH ,/, yeah/UH ,/,","(INTJ (INTJ (UH Oh)) (, ,) (INTJ (UH yeah)) (, ,) (-DFL- E_S))",314
sw12utt/sw_1208_2724.utt,2/sw2724,2724,211,aa^r,B,115,2,yeah.  /,yeah/UH ./.,(INTJ (UH yeah) (. .) (-DFL- E_S)),315
sw12utt/sw_1208_2724.utt,2/sw2724,2724,212,sd,B,115,3,"I try to go someplace pretty different, {D you know, } every week.  /","I/PRP try/VBP to/TO go/VB someplace/NN pretty/RB different/JJ ,/, you/PRP know/VBP ,/, every/DT week/NN ./.","(S (NP-SBJ-1 (PRP I)) (VP (VBP try) (S (NP-SBJ (-NONE- *-1)) (VP (TO to) (VP (VB go) (NP-DIR (NP (NN someplace)) (ADJP (RB pretty) (JJ different))) (PRN (, ,) (S (NP-SBJ (PRP you)) (VP (VBP know))) (, ,)) (NP-TMP (DT every) (NN week)))))) (. .) (-DFL- E_S))",316
sw12utt/sw_1208_2724.utt,2/sw2724,2724,213,sd,B,115,4,"I rotate around, {F uh, } about four different routes, {F uh, } from my house  /","I/PRP rotate/VBP around/IN ,/, uh/UH ,/, about/RB four/CD different/JJ routes/NNS ,/, uh/UH ,/, from/IN my/PRP$ house/NN","(S (NP-SBJ (PRP I)) (VP (VBP rotate) (PP (IN around) (, ,) (INTJ (UH uh)) (, ,) (NP (NP (QP (RB about) (CD four)) (JJ different) (NNS routes)) (, ,) (INTJ (UH uh)) (, ,) (PP (IN from) (NP (PRP$ my) (NN house)))))) (-DFL- E_S))",317
sw12utt/sw_1208_2724.utt,2/sw2724,2724,214,sd,B,115,5,{C or } I'll sometimes come in the school.  /,or/CC I/PRP 'll/MD sometimes/RB come/VB in/IN the/DT school/NN ./.,(S (CC or) (NP-SBJ (PRP I)) (VP (MD 'll) (ADVP-TMP (RB sometimes)) (VP (VB come) (PP-DIR (IN in) (NP (DT the) (NN school))))) (. .) (-DFL- E_S)),318
sw12utt/sw_1208_2724.utt,2/sw2724,2724,215,sd,B,115,6,"It's nice coming,  /","It/PRP 's/BES nice/JJ coming/VBG ,/,","(S (EDITED (S (NP-SBJ (PRP It)) (VP (BES 's) (ADJP-PRD (JJ nice)) (S (NP-SBJ (-NONE- *)) (VP-UNF (VBG coming))))) (, ,) (-DFL- E_S) (EDITED (RM (-DFL- \[)) (S (NP-SBJ (PRP it)) (VP-UNF (BES 's))) (, ,) (IP (-DFL- \+)))) (NP-SBJ (NP (PRP it)) (S (-NONE- *EXP*-1))) (VP (BES 's) (RS (-DFL- \])) (ADJP-PRD (JJ nice)) (S-1 (NP-SBJ (-NONE- *)) (VP (VBG riding) (PP-DIR (IN to) (NP (NN school))))) (SBAR-PRP (IN because) (S (NP-SBJ (PRP it)) (VP (BES 's) (RB all) (PP-DIR-PRD (IN along) (NP (DT a) (NN canal) (NN path)))))) (, ,) (INTJ (UH uh))) (, ,) (-DFL- E_S))",319
sw12utt/sw_1208_2724.utt,2/sw2724,2724,216,sd,B,115,7,"[ it's, + it's ] nice riding to school because it's all along a canal path <breathing>, {F uh, }  /","it/PRP 's/BES ,/, it/PRP 's/BES nice/JJ riding/VBG to/IN school/NN because/IN it/PRP 's/BES all/RB along/IN a/DT canal/NN path/NN ,/, uh/UH ,/,","(S (EDITED (S (NP-SBJ (PRP It)) (VP (BES 's) (ADJP-PRD (JJ nice)) (S (NP-SBJ (-NONE- *)) (VP-UNF (VBG coming))))) (, ,) (-DFL- E_S) (EDITED (RM (-DFL- \[)) (S (NP-SBJ (PRP it)) (VP-UNF (BES 's))) (, ,) (IP (-DFL- \+)))) (NP-SBJ (NP (PRP it)) (S (-NONE- *EXP*-1))) (VP (BES 's) (RS (-DFL- \])) (ADJP-PRD (JJ nice)) (S-1 (NP-SBJ (-NONE- *)) (VP (VBG riding) (PP-DIR (IN to) (NP (NN school))))) (SBAR-PRP (IN because) (S (NP-SBJ (PRP it)) (VP (BES 's) (RB all) (PP-DIR-PRD (IN along) (NP (DT a) (NN canal) (NN path)))))) (, ,) (INTJ (UH uh))) (, ,) (-DFL- E_S))",319
sw12utt/sw_1208_2724.utt,2/sw2724,2724,217,sd,B,115,8,"{C because } [ it's just, + it's ] along the Erie Canal up here. /","because/IN it/PRP 's/BES just/RB ,/, it/PRP 's/BES along/IN the/DT Erie/NNP Canal/NNP up/IN here/RB ./.","(SBAR-PRP (IN because) (S (EDITED (RM (-DFL- \[)) (S (NP-SBJ (PRP it)) (VP-UNF (BES 's) (ADVP (RB just)))) (, ,) (IP (-DFL- \+))) (NP-SBJ (PRP it)) (VP (BES 's) (RS (-DFL- \])) (PP-DIR-PRD (IN along) (NP (DT the) (NNP Erie) (NNP Canal))) (PP-LOC (IN up) (ADVP (RB here))))) (. .) (-DFL- E_S))",320
sw12utt/sw_1208_2724.utt,2/sw2724,2724,218,qw,A,116,1,"{D So, } what school is it? /","So/UH ,/, what/WDT school/NN is/VBZ it/PRP ?/.","(SBARQ (INTJ (UH So)) (, ,) (WHNP-1 (WDT what) (NN school)) (SQ (VBZ is) (NP-SBJ (PRP it)) (NP-PRD (-NONE- *T*-1))) (. ?) (-DFL- E_S))",322
sw12utt/sw_1208_2724.utt,2/sw2724,2724,219,sd,B,117,1,"{F Uh, } University of Rochester. /","Uh/UH ,/, University/NNP of/IN Rochester/NNP ./.","(FRAG (INTJ (UH Uh)) (, ,) (NP (NP (NNP University)) (PP (IN of) (NP (NNP Rochester)))) (. .) (-DFL- E_S))",324
sw12utt/sw_1208_2724.utt,2/sw2724,2724,220,bk,A,118,1,"{F Oh, } okay.  /","Oh/UH ,/, okay/UH ./.","(INTJ (INTJ (UH Oh)) (, ,) (INTJ (UH okay)) (. .) (-DFL- E_S))",326
sw12utt/sw_1208_2724.utt,2/sw2724,2724,221,b,A,118,2,Yeah. /,Yeah/UH ./.,(INTJ (UH Yeah) (. .) (-DFL- E_S)),287
sw12utt/sw_1208_2724.utt,2/sw2724,2724,222,sv,B,119,1,{C So } it's fairly picturesque. /,So/RB it/PRP 's/BES fairly/RB picturesque/JJ ./.,(S (RB So) (NP-SBJ (PRP it)) (VP (BES 's) (ADJP-PRD (RB fairly) (JJ picturesque))) (. .) (-DFL- E_S)),329
sw12utt/sw_1208_2724.utt,2/sw2724,2724,223,b,A,120,1,Yeah. /,Yeah/UH ./.,(INTJ (UH Yeah) (. .) (-DFL- E_S)),304
sw12utt/sw_1208_2724.utt,2/sw2724,2724,224,sd,B,121,1,"[ {C And, } + {F uh, } {C so } ] [ [ it's, + it's, ] + it's ] a good ride  /","And/CC ,/, uh/UH ,/, so/RB it/PRP 's/BES ,/, it/PRP 's/BES ,/, it/PRP 's/BES a/DT good/JJ ride/NN","(S (EDITED (RM (-DFL- \[)) (CC And) (, ,) (IP (-DFL- \+))) (INTJ (UH uh)) (, ,) (RB so) (RS (-DFL- \])) (EDITED (RM (-DFL- \[)) (EDITED (RM (-DFL- \[)) (S (NP-SBJ (PRP it)) (VP-UNF (BES 's))) (, ,) (IP (-DFL- \+))) (S (NP-SBJ (PRP it)) (VP-UNF (BES 's))) (, ,) (RS (-DFL- \])) (IP (-DFL- \+))) (NP-SBJ (PRP it)) (VP (BES 's) (RS (-DFL- \])) (NP-PRD (DT a) (JJ good) (NN ride))) (-DFL- E_S))",333
sw12utt/sw_1208_2724.utt,2/sw2724,2724,225,sv,B,121,2,"as long as you're not doing it every day, it's a good ride <laughter>. /","as/RB long/RB as/IN you/PRP 're/VBP not/RB doing/VBG it/PRP every/DT day/NN ,/, it/PRP 's/BES a/DT good/JJ ride/NN ./.","(S (ADVP-TMP (ADVP (RB as) (RB long)) (SBAR (IN as) (S (NP-SBJ (PRP you)) (VP (VBP 're) (RB not) (VP (VBG doing) (NP (PRP it)) (NP-TMP (DT every) (NN day))))))) (, ,) (NP-SBJ (PRP it)) (VP (BES 's) (NP-PRD (DT a) (JJ good) (NN ride))) (. .) (-DFL- E_S))",334
sw12utt/sw_1208_2724.utt,2/sw2724,2724,226,aa,A,122,1,Yeah.  /,Yeah/UH ./.,(INTJ (UH Yeah) (. .) (-DFL- E_S)),304
sw12utt/sw_1208_2724.utt,2/sw2724,2724,227,aa,A,122,2,That's true.  /,That/DT 's/BES true/JJ ./.,(S (NP-SBJ (DT That)) (VP (BES 's) (ADJP-PRD (JJ true))) (. .) (-DFL- E_S)),337
sw12utt/sw_1208_2724.utt,2/sw2724,2724,228,ba,A,122,3,Sounds neat. /,Sounds/VBZ neat/JJ ./.,(S (NP-SBJ (-NONE- *)) (VP (VBZ Sounds) (ADJP-PRD (JJ neat))) (. .) (-DFL- E_S)),338
sw12utt/sw_1208_2724.utt,2/sw2724,2724,229,b,B,123,1,Yeah. /,Yeah/UH ./.,(INTJ (UH Yeah) (. .) (-DFL- E_S)),304
sw12utt/sw_1208_2724.utt,2/sw2724,2724,230,%,A,124,1,"It's kind of, - /","It/PRP 's/BES kind/RB of/RB ,/,","(S (NP-SBJ (PRP It)) (VP-UNF (BES 's) (ADVP (RB kind) (RB of))) (, ,) (-DFL- N_S))",342
sw12utt/sw_1208_2724.utt,2/sw2724,2724,231,sd,A,124,2,"I was wondering if I was going to talk with someone that never has exercised before and doesn't want to and  everything else,  /","I/PRP was/VBD wondering/VBG if/IN I/PRP was/VBD going/VBG to/TO talk/VB with/IN someone/NN that/WDT never/RB has/VBZ exercised/VBN before/RB and/CC does/VBZ n't/RB want/VB to/TO and/CC everything/NN else/RB ,/,","(S (NP-SBJ (PRP I)) (VP (VBD was) (VP (VBG wondering) (SBAR (IN if) (S (NP-SBJ-1 (PRP I)) (VP (VBD was) (VP (VBG going) (S (NP-SBJ (-NONE- *-1)) (VP (TO to) (VP (VB talk) (PP (IN with) (NP (NP (NN someone)) (SBAR (WHNP-2 (WDT that)) (S (NP-SBJ-3 (-NONE- *T*-2)) (VP (VP (ADVP-TMP (RB never)) (VBZ has) (VP (VBN exercised) (ADVP-TMP (RB before)))) (CC and) (VP (VBZ does) (RB n't) (VP (VB want) (S (NP-SBJ (-NONE- *-3)) (VP (TO to) (VP (-NONE- *?*)))))) (CC and) (NP-ETC (NP (NN everything)) (ADVP (RB else))))))))))))))))) (, ,) (-DFL- E_S))",343
sw12utt/sw_1208_2724.utt,2/sw2724,2724,232,sd,A,124,3,{C but } got a guy that rides a hundred and fifty miles a week.  /,but/CC got/VBD a/DT guy/NN that/WDT rides/VBZ a/DT hundred/CD and/CC fifty/CD miles/NNS a/DT week/NN ./.,(S (CC but) (NP-SBJ (-NONE- *)) (VP (VBD got) (NP (NP (DT a) (NN guy)) (SBAR (WHNP-1 (WDT that)) (S (NP-SBJ (-NONE- *T*-1)) (VP (VBZ rides) (NP-EXT (NP (QP (DT a) (CD hundred) (CC and) (CD fifty)) (NNS miles)) (NP-ADV (DT a) (NN week)))))))) (. .) (-DFL- E_S)),344
sw12utt/sw_1208_2724.utt,2/sw2724,2724,233,sv,A,124,4,"That's, {F uh, } motivating. /","That/DT 's/BES ,/, uh/UH ,/, motivating/JJ ./.","(S (NP-SBJ (DT That)) (VP (BES 's) (, ,) (INTJ (UH uh)) (, ,) (ADJP-PRD (JJ motivating))) (. .) (-DFL- E_S))",345
sw12utt/sw_1208_2724.utt,2/sw2724,2724,234,b,B,125,1,Yeah. /,Yeah/UH ./.,(INTJ (UH Yeah) (. .) (-DFL- E_S)),327
sw12utt/sw_1208_2724.utt,2/sw2724,2724,235,sv,A,126,1,That's really good.  /,That/DT 's/BES really/RB good/JJ ./.,(S (NP-SBJ (DT That)) (VP (BES 's) (ADJP-PRD (RB really) (JJ good))) (. .) (-DFL- E_S)),349
sw12utt/sw_1208_2724.utt,2/sw2724,2724,236,fc,A,126,2,{D Well } --,Well/UH --/:,(FRAG (INTJ (UH Well)) (ADJP-PRD (JJ good)) (S (NP-SBJ (-NONE- *)) (VP (VBG talking) (PP (IN to) (NP (PRP you))))) (-DFL- E_S)),350
sw12utt/sw_1208_2724.utt,2/sw2724,2724,237,fc,B,127,1,"{F Oh, } it was good talking to you. /","Oh/UH ,/, it/PRP was/VBD good/JJ talking/VBG to/IN you/PRP ./.","(S (INTJ (UH Oh)) (, ,) (NP-SBJ (NP (PRP it)) (S (-NONE- *EXP*-1))) (VP (VBD was) (ADJP-PRD (JJ good)) (S-1 (NP-SBJ (-NONE- *)) (VP (VBG talking) (PP (IN to) (NP (PRP you)))))) (. .) (-DFL- E_S))",352
sw12utt/sw_1208_2724.utt,2/sw2724,2724,238,+,A,128,1,-- good talking to you  /,--/: good/JJ talking/VBG to/IN you/PRP,(FRAG (INTJ (UH Well)) (ADJP-PRD (JJ good)) (S (NP-SBJ (-NONE- *)) (VP (VBG talking) (PP (IN to) (NP (PRP you))))) (-DFL- E_S)),350
sw12utt/sw_1208_2724.utt,2/sw2724,2724,239,fc,A,128,2,{C and } keep up the good work. /,and/CC keep/VB up/RP the/DT good/JJ work/NN ./.,(S-IMP (CC and) (NP-SBJ (-NONE- *)) (VP (VB keep) (PRT (RP up)) (NP (DT the) (JJ good) (NN work))) (. .) (-DFL- E_S)),354
sw12utt/sw_1208_2724.utt,2/sw2724,2724,240,fc,B,129,1,"Okay,  /","Okay/UH ,/,","(INTJ (UH Okay) (, ,) (-DFL- E_S))",356
sw12utt/sw_1208_2724.utt,2/sw2724,2724,241,fc,B,129,2,"you, too. /","you/PRP ,/, too/RB ./.","(FRAG (NP (PRP you)) (, ,) (ADVP (RB too)) (. .) (-DFL- E_S))",357
sw12utt/sw_1208_2724.utt,2/sw2724,2724,242,fc,A,130,1,All right.  /,All/RB right/JJ ./.,(INTJ (RB All) (JJ right) (. .) (-DFL- E_S)),359
sw12utt/sw_1208_2724.utt,2/sw2724,2724,243,fc,A,130,2,Take care. /,Take/VB care/NN ./.,(S-IMP (NP-SBJ (-NONE- *)) (VP (VB Take) (NP (NN care))) (. .) (-DFL- E_S)),360
sw12utt/sw_1208_2724.utt,2/sw2724,2724,244,fc,B,131,1,Bye. /,Bye/UH ./.,(INTJ (UH Bye) (. .) (-DFL- E_S)),362
sw12utt/sw_1208_2724.utt,2/sw2724,2724,245,fc,A,132,1,Bye. /,Bye/UH ./.,(INTJ (UH Bye) (. .) (-DFL- E_S)),362
